snp_index,position_bp,snp_index_qc
0,528.0,0
1,819.0,1
2,1356.0,2
3,1404.0,3
4,1698.0,4
5,1782.0,5
6,1952.0,6
7,2117.0,7
8,2292.0,8
9,3106.0,9
10,3917.0,10
11,4039.0,11
12,4136.0,12
13,4164.0,13
15,5150.0,14
16,5681.0,15
18,7130.0,16
20,8313.0,17
21,8455.0,18
22,8482.0,19
23,8852.0,20
24,9951.0,21
26,11756.0,22
27,11848.0,23
28,11899.0,24
30,12618.0,25
31,12663.0,26
32,12856.0,27
33,13077.0,28
34,13131.0,29
35,13305.0,30
36,13514.0,31
37,14941.0,32
38,15398.0,33
39,15526.0,34
40,16379.0,35
41,16488.0,36
42,17464.0,37
43,17487.0,38
44,17606.0,39
45,18291.0,40
46,18366.0,41
48,18936.0,42
49,19178.0,43
50,19714.0,44
51,19975.0,45
52,20026.0,46
53,20341.0,47
54,20365.0,48
55,20821.0,49
56,21351.0,50
57,21504.0,51
58,21711.0,52
59,21869.0,53
60,22256.0,54
61,22937.0,55
62,23442.0,56
63,23502.0,57
64,23737.0,58
65,23887.0,59
66,24016.0,60
67,24049.0,61
68,24399.0,62
69,24562.0,63
70,24676.0,64
71,24884.0,65
72,24899.0,66
74,25011.0,67
75,25044.0,68
76,25071.0,69
77,25241.0,70
78,25890.0,71
79,26294.0,72
80,27065.0,73
82,27897.0,74
83,27953.0,75
84,29323.0,76
85,30372.0,77
86,30720.0,78
87,30877.0,79
88,31345.0,80
89,31595.0,81
90,31921.0,82
91,32505.0,83
92,33331.0,84
93,34526.0,85
94,35512.0,86
95,36034.0,87
96,37277.0,88
97,38900.0,89
98,39059.0,90
99,39620.0,91
100,40447.0,92
101,40597.0,93
102,40824.0,94
103,41337.0,95
104,41717.0,96
105,41796.0,97
107,43223.0,98
108,44603.0,99
109,45090.0,100
110,45514.0,101
111,46382.0,102
112,46450.0,103
113,46691.0,104
114,46697.0,105
115,46790.0,106
116,46799.0,107
117,46901.0,108
118,47178.0,109
119,47194.0,110
120,47363.0,111
121,47903.0,112
122,48380.0,113
123,48566.0,114
124,48753.0,115
125,49179.0,116
127,50230.0,117
128,50393.0,118
129,50483.0,119
130,50655.0,120
131,50863.0,121
132,50970.0,122
133,51166.0,123
134,51217.0,124
135,52096.0,125
137,52913.0,126
138,52952.0,127
139,53275.0,128
140,53454.0,129
141,53589.0,130
142,53736.0,131
143,54512.0,132
144,54541.0,133
145,54892.0,134
147,55215.0,135
148,55287.0,136
149,55459.0,137
151,55735.0,138
152,55960.0,139
154,56440.0,140
156,56665.0,141
157,56854.0,142
158,58142.0,143
160,59645.0,144
161,59689.0,145
162,59765.0,146
163,60165.0,147
165,60594.0,148
166,60602.0,149
167,61431.0,150
168,61846.0,151
169,62661.0,152
170,63157.0,153
171,64945.0,154
172,64949.0,155
174,65207.0,156
175,65510.0,157
177,65901.0,158
178,66115.0,159
179,66727.0,160
180,66747.0,161
182,67247.0,162
183,67817.0,163
184,68297.0,164
185,68573.0,165
186,69137.0,166
187,69227.0,167
188,69851.0,168
189,70380.0,169
190,70525.0,170
191,70874.0,171
192,71218.0,172
193,72035.0,173
194,72057.0,174
195,72684.0,175
196,72917.0,176
197,73966.0,177
198,74242.0,178
199,74260.0,179
200,74366.0,180
201,75144.0,181
202,75197.0,182
203,75291.0,183
204,75316.0,184
207,76942.0,185
208,77611.0,186
209,77624.0,187
210,77901.0,188
211,78222.0,189
212,78291.0,190
213,78422.0,191
214,82053.0,192
215,82129.0,193
216,82637.0,194
217,83021.0,195
219,83595.0,196
220,83651.0,197
222,84812.0,198
223,85171.0,199
224,85523.0,200
225,86722.0,201
226,87900.0,202
227,88105.0,203
228,88188.0,204
229,88663.0,205
230,89066.0,206
231,89108.0,207
232,89400.0,208
233,89896.0,209
234,90285.0,210
236,90453.0,211
237,90497.0,212
239,90956.0,213
242,92295.0,214
243,92413.0,215
244,92975.0,216
245,93094.0,217
246,93876.0,218
247,95035.0,219
248,96238.0,220
249,96562.0,221
250,97210.0,222
251,97938.0,223
252,98191.0,224
253,101167.0,225
254,101242.0,226
255,101252.0,227
256,101557.0,228
258,101953.0,229
259,101995.0,230
260,103677.0,231
262,104134.0,232
263,104289.0,233
265,104529.0,234
266,105765.0,235
267,106192.0,236
268,106208.0,237
269,106376.0,238
270,107598.0,239
271,107784.0,240
272,108080.0,241
273,108614.0,242
274,108683.0,243
275,108922.0,244
276,109728.0,245
277,109966.0,246
278,110286.0,247
279,110639.0,248
280,111324.0,249
281,111395.0,250
282,112708.0,251
283,113465.0,252
285,114159.0,253
286,114416.0,254
287,114772.0,255
288,115403.0,256
289,115602.0,257
291,116612.0,258
292,116878.0,259
293,116891.0,260
294,117726.0,261
295,117876.0,262
296,118049.0,263
297,118550.0,264
298,119179.0,265
300,121701.0,266
301,122308.0,267
302,122418.0,268
303,122721.0,269
304,123204.0,270
306,123678.0,271
307,124011.0,272
309,124653.0,273
310,125203.0,274
312,126193.0,275
313,126397.0,276
314,126671.0,277
316,127246.0,278
318,127978.0,279
319,128152.0,280
320,128308.0,281
321,128427.0,282
322,128683.0,283
323,129174.0,284
327,130408.0,285
329,132049.0,286
330,132777.0,287
331,132878.0,288
332,133190.0,289
333,133746.0,290
335,133985.0,291
336,134424.0,292
337,134731.0,293
338,134936.0,294
340,135046.0,295
342,135346.0,296
343,135697.0,297
344,135769.0,298
346,136863.0,299
347,136896.0,300
348,137253.0,301
349,138052.0,302
350,138140.0,303
351,138277.0,304
352,138284.0,305
353,138346.0,306
354,138837.0,307
355,140095.0,308
356,140098.0,309
357,140107.0,310
358,140321.0,311
359,140637.0,312
361,141270.0,313
362,141498.0,314
363,141815.0,315
364,142254.0,316
365,142768.0,317
366,142926.0,318
367,143255.0,319
368,143331.0,320
369,143337.0,321
370,143450.0,322
371,143591.0,323
372,143697.0,324
374,144058.0,325
375,144298.0,326
376,144518.0,327
377,145041.0,328
378,145557.0,329
379,146289.0,330
381,147813.0,331
383,148479.0,332
384,149237.0,333
386,149935.0,334
387,150302.0,335
388,150551.0,336
389,151064.0,337
390,151542.0,338
391,151862.0,339
392,152916.0,340
393,153135.0,341
394,153259.0,342
396,154581.0,343
397,155082.0,344
398,156679.0,345
399,156768.0,346
400,159221.0,347
401,160404.0,348
403,160934.0,349
404,162374.0,350
406,163894.0,351
407,164170.0,352
408,164780.0,353
410,165276.0,354
411,165313.0,355
414,166350.0,356
415,166639.0,357
417,167540.0,358
418,167630.0,359
419,167731.0,360
420,167872.0,361
423,169063.0,362
424,169693.0,363
425,169868.0,364
427,170627.0,365
429,170798.0,366
430,172109.0,367
431,172164.0,368
432,172227.0,369
433,172246.0,370
435,173550.0,371
436,173604.0,372
437,173774.0,373
438,174596.0,374
439,174687.0,375
440,174878.0,376
441,176237.0,377
442,176357.0,378
443,176610.0,379
444,176671.0,380
445,177197.0,381
446,177240.0,382
447,178236.0,383
448,178574.0,384
449,179138.0,385
451,180820.0,386
452,181558.0,387
453,181754.0,388
454,181789.0,389
455,181790.0,390
456,182603.0,391
457,182721.0,392
459,183478.0,393
460,183540.0,394
462,183828.0,395
463,183890.0,396
464,183897.0,397
465,184033.0,398
466,184078.0,399
468,184958.0,400
469,185046.0,401
471,186189.0,402
472,186980.0,403
473,187357.0,404
474,188142.0,405
475,188413.0,406
477,189382.0,407
478,189573.0,408
479,190005.0,409
480,190128.0,410
481,191696.0,411
482,191705.0,412
483,192341.0,413
484,192664.0,414
485,192679.0,415
486,193130.0,416
487,193245.0,417
488,193320.0,418
490,194550.0,419
491,195134.0,420
492,195234.0,421
493,196566.0,422
494,196695.0,423
495,197177.0,424
496,197210.0,425
497,197343.0,426
498,197500.0,427
499,198391.0,428
500,198812.0,429
501,199213.0,430
502,199710.0,431
503,199807.0,432
504,200009.0,433
505,200055.0,434
506,200184.0,435
507,200436.0,436
509,202057.0,437
510,202389.0,438
511,202434.0,439
512,202591.0,440
513,202879.0,441
514,203404.0,442
515,203421.0,443
516,203499.0,444
517,203757.0,445
518,203857.0,446
519,203936.0,447
521,204440.0,448
522,204642.0,449
523,205080.0,450
524,205137.0,451
525,205551.0,452
526,205739.0,453
527,205816.0,454
528,205822.0,455
529,206224.0,456
530,206358.0,457
531,206850.0,458
532,207032.0,459
533,207274.0,460
536,207655.0,461
537,207877.0,462
538,208583.0,463
539,208950.0,464
540,209012.0,465
541,209491.0,466
542,209852.0,467
543,209892.0,468
544,209939.0,469
545,210384.0,470
546,210668.0,471
547,210717.0,472
549,211321.0,473
550,212316.0,474
551,212543.0,475
552,212817.0,476
553,213082.0,477
555,213677.0,478
556,214144.0,479
557,215506.0,480
558,216034.0,481
559,216293.0,482
560,216336.0,483
561,216360.0,484
562,216793.0,485
563,217344.0,486
564,217345.0,487
565,217460.0,488
566,217604.0,489
567,218662.0,490
568,218880.0,491
569,218956.0,492
570,218979.0,493
571,219177.0,494
572,219492.0,495
573,219625.0,496
575,220096.0,497
576,221572.0,498
577,221673.0,499
578,222287.0,500
579,222455.0,501
581,222624.0,502
582,223074.0,503
583,223129.0,504
584,223288.0,505
585,223498.0,506
586,223887.0,507
587,224021.0,508
588,224065.0,509
589,224556.0,510
590,224835.0,511
592,225522.0,512
593,225572.0,513
594,225664.0,514
596,226368.0,515
597,226887.0,516
598,227065.0,517
599,227265.0,518
600,227621.0,519
601,228687.0,520
602,228722.0,521
603,228780.0,522
606,229753.0,523
607,229971.0,524
608,230252.0,525
609,230904.0,526
610,231179.0,527
611,231265.0,528
612,231349.0,529
614,232408.0,530
615,233241.0,531
616,233907.0,532
617,234126.0,533
618,234457.0,534
619,234638.0,535
622,236952.0,536
623,239189.0,537
624,239211.0,538
625,239262.0,539
626,239320.0,540
628,239395.0,541
629,240593.0,542
630,241065.0,543
631,241151.0,544
633,241699.0,545
634,241747.0,546
636,243084.0,547
637,243446.0,548
638,243611.0,549
639,243774.0,550
640,243926.0,551
641,243999.0,552
643,244933.0,553
644,246267.0,554
645,246380.0,555
647,246408.0,556
648,246489.0,557
649,247046.0,558
650,247176.0,559
651,247250.0,560
652,248177.0,561
653,248234.0,562
654,248577.0,563
655,248777.0,564
656,249087.0,565
657,249445.0,566
658,249575.0,567
659,249954.0,568
660,250333.0,569
661,250766.0,570
662,251319.0,571
663,251390.0,572
664,251891.0,573
665,252577.0,574
666,252707.0,575
667,253006.0,576
668,255195.0,577
669,256161.0,578
670,256188.0,579
672,256910.0,580
673,256985.0,581
674,257102.0,582
675,257182.0,583
676,257862.0,584
677,257943.0,585
682,259403.0,586
685,260588.0,587
686,260732.0,588
687,261024.0,589
688,261350.0,590
689,262071.0,591
690,262290.0,592
692,262914.0,593
693,263149.0,594
694,265229.0,595
695,265696.0,596
696,265735.0,597
697,266136.0,598
698,266337.0,599
699,266764.0,600
701,266850.0,601
702,267060.0,602
703,268151.0,603
704,268268.0,604
705,268548.0,605
706,268620.0,606
707,268826.0,607
708,269253.0,608
709,269272.0,609
710,269422.0,610
711,269555.0,611
713,270724.0,612
714,270859.0,613
715,270991.0,614
716,271232.0,615
718,271909.0,616
719,272386.0,617
721,273794.0,618
724,274737.0,619
725,274772.0,620
726,274860.0,621
728,275863.0,622
729,276794.0,623
731,277115.0,624
732,277302.0,625
733,278352.0,626
734,278767.0,627
735,279307.0,628
736,279638.0,629
738,280239.0,630
739,280336.0,631
740,280494.0,632
742,281976.0,633
743,282526.0,634
745,283609.0,635
746,284870.0,636
748,286594.0,637
750,287429.0,638
751,287719.0,639
752,287921.0,640
753,288468.0,641
754,288861.0,642
755,289999.0,643
756,290311.0,644
757,290335.0,645
759,291020.0,646
760,291263.0,647
761,291450.0,648
763,292712.0,649
764,293469.0,650
765,293613.0,651
766,293763.0,652
767,294344.0,653
768,294386.0,654
769,294434.0,655
770,294834.0,656
771,294883.0,657
773,296150.0,658
774,296698.0,659
776,298157.0,660
777,299344.0,661
778,299447.0,662
779,299628.0,663
780,299872.0,664
781,299998.0,665
782,300291.0,666
784,301800.0,667
785,301871.0,668
786,301984.0,669
787,302226.0,670
789,302336.0,671
790,302874.0,672
791,303218.0,673
792,303315.0,674
793,303659.0,675
794,303708.0,676
795,304517.0,677
796,305194.0,678
797,306606.0,679
798,306705.0,680
799,307292.0,681
800,307694.0,682
801,307819.0,683
802,308395.0,684
803,308598.0,685
804,309651.0,686
805,309652.0,687
807,310513.0,688
808,310747.0,689
809,310832.0,690
810,311346.0,691
811,311498.0,692
812,311703.0,693
813,312287.0,694
814,312445.0,695
816,312834.0,696
817,313159.0,697
818,313477.0,698
819,314673.0,699
820,315332.0,700
821,315600.0,701
822,316385.0,702
823,316974.0,703
825,317630.0,704
826,317850.0,705
827,318058.0,706
828,318170.0,707
829,318339.0,708
830,318615.0,709
833,320877.0,710
837,323928.0,711
838,325121.0,712
839,325428.0,713
840,325661.0,714
841,326263.0,715
843,326705.0,716
844,326755.0,717
845,326949.0,718
847,327654.0,719
850,328908.0,720
851,328997.0,721
852,329822.0,722
853,330863.0,723
855,331335.0,724
856,331796.0,725
857,331959.0,726
858,332205.0,727
860,332672.0,728
861,333374.0,729
862,333528.0,730
863,333662.0,731
864,333878.0,732
865,334225.0,733
866,334255.0,734
867,335552.0,735
868,335683.0,736
869,335716.0,737
871,336112.0,738
872,336454.0,739
873,336728.0,740
874,336775.0,741
875,336888.0,742
876,337312.0,743
877,337437.0,744
878,337713.0,745
879,337778.0,746
880,337842.0,747
881,338179.0,748
882,339269.0,749
883,339759.0,750
885,340704.0,751
887,341192.0,752
888,341198.0,753
890,341416.0,754
891,342155.0,755
892,342424.0,756
893,342680.0,757
894,342818.0,758
896,343690.0,759
897,344311.0,760
898,345183.0,761
899,345400.0,762
900,345448.0,763
902,345834.0,764
903,346683.0,765
904,346794.0,766
905,347035.0,767
906,347044.0,768
907,347620.0,769
908,347967.0,770
909,348003.0,771
910,348541.0,772
911,348809.0,773
912,349060.0,774
913,349193.0,775
914,349201.0,776
915,350139.0,777
916,350959.0,778
917,352040.0,779
919,352813.0,780
920,353115.0,781
921,353521.0,782
922,353934.0,783
925,356595.0,784
926,356639.0,785
927,357173.0,786
928,357371.0,787
930,358042.0,788
932,358551.0,789
935,359474.0,790
936,359554.0,791
937,359762.0,792
938,359988.0,793
939,360022.0,794
940,360147.0,795
941,360471.0,796
942,360652.0,797
943,360945.0,798
944,361217.0,799
945,361390.0,800
946,361748.0,801
947,362239.0,802
948,362323.0,803
949,362997.0,804
950,363093.0,805
951,363102.0,806
952,363311.0,807
954,364436.0,808
955,364712.0,809
956,365331.0,810
957,365366.0,811
958,366332.0,812
960,366637.0,813
961,366745.0,814
962,367084.0,815
964,368425.0,816
965,369295.0,817
966,369553.0,818
968,370611.0,819
969,370637.0,820
970,370647.0,821
971,370824.0,822
972,371234.0,823
973,371282.0,824
974,371425.0,825
975,371533.0,826
976,371763.0,827
977,372706.0,828
978,372759.0,829
979,372764.0,830
980,373021.0,831
982,373526.0,832
983,373578.0,833
984,373702.0,834
985,373943.0,835
986,374214.0,836
987,374246.0,837
988,374422.0,838
989,374613.0,839
990,374775.0,840
991,374829.0,841
992,375047.0,842
993,375118.0,843
994,376123.0,844
995,376610.0,845
996,376736.0,846
997,376765.0,847
999,378717.0,848
1001,379030.0,849
1003,379347.0,850
1005,380201.0,851
1007,383656.0,852
1008,384068.0,853
1009,384230.0,854
1010,384684.0,855
1011,385389.0,856
1012,385757.0,857
1013,385834.0,858
1014,385863.0,859
1015,386332.0,860
1017,386814.0,861
1018,387270.0,862
1019,387916.0,863
1021,388415.0,864
1022,389376.0,865
1023,389529.0,866
1025,390606.0,867
1026,390670.0,868
1028,391430.0,869
1029,392901.0,870
1031,393915.0,871
1032,394294.0,872
1033,394555.0,873
1034,394789.0,874
1035,394935.0,875
1036,396334.0,876
1037,396879.0,877
1038,397027.0,878
1039,397303.0,879
1041,397656.0,880
1042,398183.0,881
1043,399399.0,882
1044,400153.0,883
1045,401467.0,884
1046,402514.0,885
1047,403354.0,886
1048,404012.0,887
1049,404216.0,888
1050,405849.0,889
1053,407383.0,890
1054,407432.0,891
1055,407437.0,892
1056,407485.0,893
1057,407855.0,894
1059,409213.0,895
1060,411202.0,896
1061,411339.0,897
1062,412895.0,898
1063,413284.0,899
1064,413387.0,900
1065,413727.0,901
1066,414054.0,902
1067,414348.0,903
1068,414387.0,904
1069,414502.0,905
1070,414622.0,906
1071,415018.0,907
1072,415031.0,908
1073,416573.0,909
1074,417825.0,910
1075,418147.0,911
1076,418964.0,912
1078,419854.0,913
1079,420185.0,914
1080,420196.0,915
1081,421194.0,916
1083,422784.0,917
1085,423967.0,918
1086,425479.0,919
1088,426559.0,920
1089,428627.0,921
1091,428974.0,922
1092,429088.0,923
1093,429736.0,924
1094,430318.0,925
1095,430380.0,926
1096,430654.0,927
1097,430815.0,928
1098,430923.0,929
1099,431285.0,930
1100,431323.0,931
1101,431925.0,932
1102,432377.0,933
1104,433533.0,934
1107,435098.0,935
1108,435764.0,936
1109,436064.0,937
1110,436120.0,938
1111,436176.0,939
1112,437087.0,940
1113,437934.0,941
1114,439219.0,942
1116,440290.0,943
1118,442161.0,944
1120,443191.0,945
1121,443695.0,946
1122,443779.0,947
1123,444387.0,948
1124,444713.0,949
1125,444773.0,950
1126,446208.0,951
1128,446773.0,952
1130,447880.0,953
1131,448614.0,954
1132,448623.0,955
1133,448630.0,956
1134,449207.0,957
1135,449801.0,958
1137,450127.0,959
1138,450397.0,960
1139,451377.0,961
1140,451779.0,962
1142,453235.0,963
1143,454113.0,964
1144,455622.0,965
1145,456756.0,966
1146,457062.0,967
1147,457405.0,968
1148,458721.0,969
1151,459483.0,970
1152,459853.0,971
1153,461742.0,972
1155,463312.0,973
1156,463558.0,974
1157,464326.0,975
1158,464688.0,976
1160,466800.0,977
1161,467087.0,978
1162,467401.0,979
1163,468646.0,980
1164,468915.0,981
1167,469842.0,982
1168,469879.0,983
1169,470369.0,984
1170,471344.0,985
1171,472002.0,986
1172,472260.0,987
1173,474233.0,988
1174,474307.0,989
1176,474521.0,990
1177,474610.0,991
1178,474985.0,992
1179,476084.0,993
1180,476161.0,994
1181,477034.0,995
1182,477639.0,996
1184,478040.0,997
1185,479011.0,998
1186,479305.0,999
1187,479419.0,1000
1188,479490.0,1001
1189,479623.0,1002
1191,481659.0,1003
1192,481744.0,1004
1193,482163.0,1005
1194,483468.0,1006
1196,483809.0,1007
1197,484682.0,1008
1200,486078.0,1009
1201,486300.0,1010
1202,487103.0,1011
1203,487689.0,1012
1204,487841.0,1013
1205,488406.0,1014
1206,488732.0,1015
1207,489164.0,1016
1208,489293.0,1017
1209,489804.0,1018
1210,490204.0,1019
1211,490669.0,1020
1212,491025.0,1021
1213,491649.0,1022
1214,491801.0,1023
1216,494396.0,1024
1217,494565.0,1025
1218,494923.0,1026
1219,496128.0,1027
1220,496360.0,1028
1221,497274.0,1029
1222,498431.0,1030
1224,499281.0,1031
1225,499907.0,1032
1226,501770.0,1033
1227,502526.0,1034
1228,503694.0,1035
1229,503715.0,1036
1230,504074.0,1037
1231,504440.0,1038
1234,506840.0,1039
1235,507236.0,1040
1236,507425.0,1041
1238,508111.0,1042
1239,508226.0,1043
1241,509486.0,1044
1242,509627.0,1045
1243,509903.0,1046
1244,510486.0,1047
1245,511080.0,1048
1246,511116.0,1049
1247,511153.0,1050
1248,511526.0,1051
1249,512572.0,1052
1250,512888.0,1053
1251,513052.0,1054
1252,513338.0,1055
1253,514054.0,1056
1254,514346.0,1057
1255,514797.0,1058
1256,515076.0,1059
1257,515331.0,1060
1258,515395.0,1061
1259,515676.0,1062
1260,515949.0,1063
1261,516020.0,1064
1262,516376.0,1065
1263,517489.0,1066
1264,517621.0,1067
1266,517934.0,1068
1267,518431.0,1069
1269,518826.0,1070
1270,519515.0,1071
1271,519982.0,1072
1272,520270.0,1073
1273,520276.0,1074
1274,520502.0,1075
1275,520726.0,1076
1276,521810.0,1077
1278,522270.0,1078
1280,522922.0,1079
1281,523064.0,1080
1282,523174.0,1081
1283,523668.0,1082
1284,523816.0,1083
1285,523889.0,1084
1286,523896.0,1085
1287,524032.0,1086
1288,524213.0,1087
1290,524645.0,1088
1291,524912.0,1089
1292,525163.0,1090
1293,525489.0,1091
1294,526067.0,1092
1295,526183.0,1093
1296,527884.0,1094
1297,527885.0,1095
1298,529162.0,1096
1299,529593.0,1097
1300,529683.0,1098
1301,529702.0,1099
1302,529907.0,1100
1304,534164.0,1101
1305,534269.0,1102
1306,534396.0,1103
1307,534569.0,1104
1308,535638.0,1105
1309,536271.0,1106
1310,536282.0,1107
1311,536335.0,1108
1312,536472.0,1109
1313,537056.0,1110
1315,539339.0,1111
1317,539789.0,1112
1318,539820.0,1113
1319,540611.0,1114
1320,540794.0,1115
1321,541219.0,1116
1322,541399.0,1117
1323,541973.0,1118
1324,542340.0,1119
1325,543254.0,1120
1326,543497.0,1121
1327,543596.0,1122
1328,543657.0,1123
1329,543819.0,1124
1330,544125.0,1125
1331,544890.0,1126
1332,544991.0,1127
1333,545485.0,1128
1334,545791.0,1129
1335,546211.0,1130
1336,546416.0,1131
1337,546592.0,1132
1338,547068.0,1133
1339,547205.0,1134
1340,547219.0,1135
1341,547625.0,1136
1342,548052.0,1137
1343,548414.0,1138
1344,548551.0,1139
1345,548628.0,1140
1346,548742.0,1141
1347,549032.0,1142
1348,549300.0,1143
1349,549382.0,1144
1350,549977.0,1145
1352,551012.0,1146
1353,551386.0,1147
1354,551471.0,1148
1355,551545.0,1149
1356,552065.0,1150
1357,552396.0,1151
1358,552727.0,1152
1359,552919.0,1153
1360,553035.0,1154
1361,553048.0,1155
1363,554883.0,1156
1364,555241.0,1157
1365,555590.0,1158
1367,556433.0,1159
1368,556454.0,1160
1369,556467.0,1161
1371,557453.0,1162
1372,558358.0,1163
1373,559119.0,1164
1374,559392.0,1165
1375,559709.0,1166
1376,560374.0,1167
1377,560693.0,1168
1378,560890.0,1169
1379,560963.0,1170
1380,561384.0,1171
1381,561490.0,1172
1382,561579.0,1173
1383,562232.0,1174
1384,562464.0,1175
1385,562661.0,1176
1386,563058.0,1177
1387,563118.0,1178
1388,563259.0,1179
1389,564114.0,1180
1390,564344.0,1181
1391,565370.0,1182
1392,565574.0,1183
1393,565993.0,1184
1394,566149.0,1185
1395,566610.0,1186
1396,566681.0,1187
1397,567605.0,1188
1398,568277.0,1189
1399,568332.0,1190
1400,568464.0,1191
1401,568541.0,1192
1402,568683.0,1193
1403,568942.0,1194
1404,569583.0,1195
1405,570697.0,1196
1406,571018.0,1197
1407,571208.0,1198
1408,571373.0,1199
1409,572244.0,1200
1410,572347.0,1201
1411,572757.0,1202
1412,573232.0,1203
1413,573547.0,1204
1414,574676.0,1205
1416,576296.0,1206
1418,577735.0,1207
1420,579478.0,1208
1421,579908.0,1209
1422,579914.0,1210
1423,580387.0,1211
1424,580845.0,1212
1425,581020.0,1213
1426,581298.0,1214
1427,581942.0,1215
1428,582107.0,1216
1430,583059.0,1217
1431,583593.0,1218
1432,583864.0,1219
1433,584993.0,1220
1434,585286.0,1221
1436,585438.0,1222
1437,585450.0,1223
1438,585532.0,1224
1439,586828.0,1225
1440,587457.0,1226
1441,587704.0,1227
1442,588471.0,1228
1443,588586.0,1229
1444,588912.0,1230
1445,589106.0,1231
1446,589406.0,1232
1448,590788.0,1233
1449,590877.0,1234
1450,590895.0,1235
1451,591123.0,1236
1453,591634.0,1237
1454,591917.0,1238
1455,592171.0,1239
1456,592337.0,1240
1457,592631.0,1241
1458,592948.0,1242
1459,593102.0,1243
1460,593309.0,1244
1461,593851.0,1245
1462,594230.0,1246
1465,595150.0,1247
1466,595727.0,1248
1467,596041.0,1249
1468,596066.0,1250
1469,596306.0,1251
1472,597652.0,1252
1473,597984.0,1253
1474,598170.0,1254
1475,598175.0,1255
1476,598336.0,1256
1477,598393.0,1257
1478,598417.0,1258
1479,598449.0,1259
1480,600498.0,1260
1481,600716.0,1261
1482,600758.0,1262
1483,602283.0,1263
1484,604687.0,1264
1485,605755.0,1265
1486,605915.0,1266
1490,607180.0,1267
1491,608186.0,1268
1492,608213.0,1269
1493,608339.0,1270
1494,608981.0,1271
1495,609748.0,1272
1496,610036.0,1273
1497,610216.0,1274
1498,610617.0,1275
1499,610760.0,1276
1501,611305.0,1277
1502,611428.0,1278
1504,612261.0,1279
1506,613658.0,1280
1507,614296.0,1281
1508,614312.0,1282
1509,614846.0,1283
1510,615466.0,1284
1511,617650.0,1285
1512,617766.0,1286
1513,618058.0,1287
1514,618174.0,1288
1517,618660.0,1289
1519,618961.0,1290
1520,619278.0,1291
1521,619731.0,1292
1522,619944.0,1293
1523,620125.0,1294
1524,620388.0,1295
1525,620752.0,1296
1526,620831.0,1297
1527,620908.0,1298
1528,621467.0,1299
1529,622946.0,1300
1530,624581.0,1301
1531,624686.0,1302
1532,624687.0,1303
1533,625027.0,1304
1534,625045.0,1305
1535,625062.0,1306
1536,625142.0,1307
1537,625729.0,1308
1538,625733.0,1309
1539,625848.0,1310
1540,625953.0,1311
1541,626585.0,1312
1542,626927.0,1313
1544,627103.0,1314
1545,627833.0,1315
1546,628497.0,1316
1547,628680.0,1317
1548,628895.0,1318
1549,628971.0,1319
1550,628995.0,1320
1551,629119.0,1321
1552,629740.0,1322
1553,630185.0,1323
1555,631198.0,1324
1556,631765.0,1325
1557,631979.0,1326
1558,632040.0,1327
1559,632372.0,1328
1560,633425.0,1329
1561,634328.0,1330
1562,634565.0,1331
1563,634611.0,1332
1564,634659.0,1333
1565,634818.0,1334
1566,634986.0,1335
1567,635492.0,1336
1568,635783.0,1337
1569,636066.0,1338
1570,636378.0,1339
1571,636436.0,1340
1572,636507.0,1341
1573,636518.0,1342
1575,638145.0,1343
1576,638268.0,1344
1577,638727.0,1345
1578,639042.0,1346
1580,640878.0,1347
1581,640923.0,1348
1582,641393.0,1349
1583,641765.0,1350
1584,641961.0,1351
1585,642201.0,1352
1586,642787.0,1353
1587,643099.0,1354
1588,643477.0,1355
1589,644004.0,1356
1590,644805.0,1357
1591,644822.0,1358
1592,645078.0,1359
1594,645515.0,1360
1595,645844.0,1361
1596,647116.0,1362
1597,647624.0,1363
1598,647854.0,1364
1599,648383.0,1365
1601,651081.0,1366
1602,651468.0,1367
1603,651711.0,1368
1604,651967.0,1369
1605,652047.0,1370
1606,652154.0,1371
1608,652565.0,1372
1609,653375.0,1373
1610,653726.0,1374
1611,653790.0,1375
1612,653843.0,1376
1613,653926.0,1377
1614,654174.0,1378
1616,654990.0,1379
1617,655072.0,1380
1618,655338.0,1381
1619,655653.0,1382
1620,655714.0,1383
1621,656228.0,1384
1622,656621.0,1385
1624,657055.0,1386
1625,657271.0,1387
1626,657952.0,1388
1627,658414.0,1389
1628,658870.0,1390
1629,658874.0,1391
1630,659880.0,1392
1631,659910.0,1393
1632,660098.0,1394
1633,660169.0,1395
1634,660235.0,1396
1635,660352.0,1397
1636,660469.0,1398
1637,660583.0,1399
1638,660783.0,1400
1639,661327.0,1401
1640,661399.0,1402
1641,662129.0,1403
1643,662818.0,1404
1644,663271.0,1405
1645,663380.0,1406
1646,664432.0,1407
1647,666478.0,1408
1648,666499.0,1409
1649,666574.0,1410
1650,666604.0,1411
1651,666888.0,1412
1652,667313.0,1413
1653,667744.0,1414
1656,668533.0,1415
1659,671441.0,1416
1660,671521.0,1417
1661,671833.0,1418
1663,673033.0,1419
1664,673114.0,1420
1665,674922.0,1421
1667,676051.0,1422
1668,676228.0,1423
1670,677140.0,1424
1671,677446.0,1425
1672,677708.0,1426
1673,677741.0,1427
1675,678414.0,1428
1676,678479.0,1429
1677,678673.0,1430
1678,678853.0,1431
1679,678907.0,1432
1680,679279.0,1433
1681,679339.0,1434
1682,679641.0,1435
1683,679913.0,1436
1684,680186.0,1437
1685,680374.0,1438
1686,680530.0,1439
1687,681237.0,1440
1689,682511.0,1441
1690,682873.0,1442
1691,683380.0,1443
1692,683981.0,1444
1693,685018.0,1445
1694,685120.0,1446
1695,685998.0,1447
1696,686263.0,1448
1697,686401.0,1449
1698,686668.0,1450
1699,687019.0,1451
1700,687041.0,1452
1701,687077.0,1453
1702,688195.0,1454
1703,688264.0,1455
1704,688497.0,1456
1705,688700.0,1457
1706,688871.0,1458
1708,690139.0,1459
1709,690385.0,1460
1710,691097.0,1461
1711,691919.0,1462
1712,692180.0,1463
1714,693277.0,1464
1715,693696.0,1465
1716,694053.0,1466
1717,694602.0,1467
1718,695636.0,1468
1719,695800.0,1469
1720,696024.0,1470
1722,696336.0,1471
1724,696615.0,1472
1725,696760.0,1473
1726,697091.0,1474
1727,697156.0,1475
1728,697163.0,1476
1729,698235.0,1477
1730,699295.0,1478
1731,700089.0,1479
1732,700416.0,1480
1733,701223.0,1481
1734,702111.0,1482
1735,703408.0,1483
1738,703962.0,1484
1739,704019.0,1485
1740,704099.0,1486
1741,704478.0,1487
1742,704754.0,1488
1743,705936.0,1489
1744,705945.0,1490
1745,706379.0,1491
1746,706414.0,1492
1748,706720.0,1493
1750,707385.0,1494
1751,708218.0,1495
1752,708300.0,1496
1753,708796.0,1497
1754,708914.0,1498
1755,709175.0,1499
1756,709839.0,1500
1757,709928.0,1501
1758,710076.0,1502
1759,710382.0,1503
1760,710410.0,1504
1761,710774.0,1505
1763,711677.0,1506
1766,713535.0,1507
1767,713592.0,1508
1768,713896.0,1509
1769,714266.0,1510
1774,716359.0,1511
1777,717267.0,1512
1778,717423.0,1513
1779,718024.0,1514
1780,718460.0,1515
1782,719860.0,1516
1783,720042.0,1517
1784,720165.0,1518
1786,720828.0,1519
1787,720973.0,1520
1788,721021.0,1521
1789,721331.0,1522
1790,721348.0,1523
1792,721737.0,1524
1793,721747.0,1525
1794,721799.0,1526
1795,721899.0,1527
1796,721927.0,1528
1797,722004.0,1529
1798,722067.0,1530
1799,722155.0,1531
1800,722385.0,1532
1801,722447.0,1533
1802,722666.0,1534
1803,722759.0,1535
1804,722766.0,1536
1805,722834.0,1537
1806,722881.0,1538
1807,723406.0,1539
1809,723883.0,1540
1810,723934.0,1541
1812,724526.0,1542
1813,725255.0,1543
1814,725268.0,1544
1815,725383.0,1545
1816,725432.0,1546
1817,725564.0,1547
1818,725885.0,1548
1819,727835.0,1549
1820,727932.0,1550
1821,727941.0,1551
1822,729004.0,1552
1823,729007.0,1553
1824,729142.0,1554
1825,730287.0,1555
1826,730692.0,1556
1828,731338.0,1557
1829,732515.0,1558
1830,732856.0,1559
1831,732947.0,1560
1832,733780.0,1561
1833,734779.0,1562
1834,735004.0,1563
1835,735712.0,1564
1836,735988.0,1565
1837,737026.0,1566
1838,738005.0,1567
1839,738159.0,1568
1840,738166.0,1569
1841,738921.0,1570
1842,739653.0,1571
1843,739891.0,1572
1844,740412.0,1573
1845,741124.0,1574
1848,741996.0,1575
1849,743620.0,1576
1850,744027.0,1577
1851,744165.0,1578
1853,745029.0,1579
1854,745481.0,1580
1855,745963.0,1581
1856,748339.0,1582
1857,748410.0,1583
1858,748427.0,1584
1860,748766.0,1585
1862,749487.0,1586
1863,749491.0,1587
1864,750005.0,1588
1865,750044.0,1589
1866,750153.0,1590
1867,750555.0,1591
1868,750804.0,1592
1869,751036.0,1593
1870,752148.0,1594
1871,752467.0,1595
1872,753718.0,1596
1873,754721.0,1597
1874,754824.0,1598
1875,755013.0,1599
1876,755298.0,1600
1879,756557.0,1601
1881,757503.0,1602
1882,758152.0,1603
1883,758244.0,1604
1884,758672.0,1605
1885,759685.0,1606
1886,759694.0,1607
1887,760250.0,1608
1890,763438.0,1609
1891,763795.0,1610
1894,765864.0,1611
1895,766452.0,1612
1896,766801.0,1613
1897,767377.0,1614
1898,767558.0,1615
1899,767594.0,1616
1900,767829.0,1617
1901,769920.0,1618
1902,770911.0,1619
1903,771206.0,1620
1904,771598.0,1621
1906,772302.0,1622
1907,772909.0,1623
1908,773010.0,1624
1909,773146.0,1625
1910,773869.0,1626
1911,775254.0,1627
1912,775602.0,1628
1913,775635.0,1629
1914,775840.0,1630
1915,776098.0,1631
1916,777061.0,1632
1917,777379.0,1633
1918,777856.0,1634
1919,778046.0,1635
1921,778230.0,1636
1922,778352.0,1637
1923,779351.0,1638
1924,779823.0,1639
1925,780071.0,1640
1930,780605.0,1641
1932,781797.0,1642
1933,781918.0,1643
1934,782189.0,1644
1935,782238.0,1645
1936,782505.0,1646
1938,783426.0,1647
1939,783604.0,1648
1940,783652.0,1649
1942,785069.0,1650
1943,785075.0,1651
1944,785132.0,1652
1945,785162.0,1653
1946,785726.0,1654
1947,785970.0,1655
1948,786198.0,1656
1949,786605.0,1657
1952,787341.0,1658
1953,787715.0,1659
1954,790554.0,1660
1955,791596.0,1661
1956,791783.0,1662
1957,792353.0,1663
1958,792448.0,1664
1959,792576.0,1665
1961,794999.0,1666
1962,795131.0,1667
1963,795151.0,1668
1964,795213.0,1669
1965,795368.0,1670
1966,796161.0,1671
1967,796284.0,1672
1970,796633.0,1673
1971,797259.0,1674
1972,797777.0,1675
1973,798703.0,1676
1974,799904.0,1677
1975,800354.0,1678
1977,801621.0,1679
1978,801672.0,1680
1982,802371.0,1681
1983,802561.0,1682
1986,803271.0,1683
1987,803330.0,1684
1988,803845.0,1685
1989,804376.0,1686
1990,805083.0,1687
1991,805547.0,1688
1992,807306.0,1689
1993,807699.0,1690
1994,807830.0,1691
1995,808937.0,1692
1997,809814.0,1693
1999,811757.0,1694
2000,813270.0,1695
2001,813724.0,1696
2002,814368.0,1697
2003,814389.0,1698
2004,814426.0,1699
2005,815822.0,1700
2007,816564.0,1701
2009,818271.0,1702
2011,818721.0,1703
2012,819202.0,1704
2013,819785.0,1705
2014,820063.0,1706
2015,820777.0,1707
2016,821688.0,1708
2018,822191.0,1709
2019,822385.0,1710
2020,822514.0,1711
2021,822643.0,1712
2022,822703.0,1713
2023,822781.0,1714
2024,823789.0,1715
2026,824070.0,1716
2027,825001.0,1717
2028,825672.0,1718
2029,825818.0,1719
2031,826112.0,1720
2032,826271.0,1721
2033,827124.0,1722
2034,828085.0,1723
2035,828206.0,1724
2036,828867.0,1725
2037,829031.0,1726
2038,829211.0,1727
2039,829604.0,1728
2041,830931.0,1729
2042,831197.0,1730
2044,831779.0,1731
2045,831812.0,1732
2046,832689.0,1733
2047,832785.0,1734
2048,832828.0,1735
2049,833101.0,1736
2050,834463.0,1737
2051,834508.0,1738
2052,834521.0,1739
2053,834626.0,1740
2054,835575.0,1741
2055,835692.0,1742
2056,835904.0,1743
2057,836321.0,1744
2059,836824.0,1745
2060,836940.0,1746
2061,837031.0,1747
2062,837396.0,1748
2063,837594.0,1749
2064,837998.0,1750
2065,838434.0,1751
2066,839140.0,1752
2067,840006.0,1753
2068,840258.0,1754
2071,842103.0,1755
2072,842199.0,1756
2073,842358.0,1757
2074,842616.0,1758
2075,842630.0,1759
2076,842689.0,1760
2077,842748.0,1761
2078,843071.0,1762
2079,843151.0,1763
2080,843642.0,1764
2081,843713.0,1765
2082,844533.0,1766
2084,845025.0,1767
2085,845134.0,1768
2086,845271.0,1769
2087,845375.0,1770
2088,845416.0,1771
2089,845743.0,1772
2090,846917.0,1773
2091,848664.0,1774
2092,848978.0,1775
2093,849744.0,1776
2094,850323.0,1777
2095,850752.0,1778
2096,851185.0,1779
2097,852375.0,1780
2098,852383.0,1781
2099,853568.0,1782
2100,854769.0,1783
2101,854827.0,1784
2102,854829.0,1785
2104,856112.0,1786
2105,856425.0,1787
2106,856541.0,1788
2107,856794.0,1789
2108,857096.0,1790
2109,857135.0,1791
2110,857198.0,1792
2111,857217.0,1793
2112,857429.0,1794
2113,857462.0,1795
2114,857590.0,1796
2115,857612.0,1797
2116,857805.0,1798
2118,858362.0,1799
2119,858538.0,1800
2120,858654.0,1801
2121,858761.0,1802
2122,859371.0,1803
2123,859697.0,1804
2124,859876.0,1805
2125,860038.0,1806
2126,860276.0,1807
2127,861451.0,1808
2128,862117.0,1809
2129,862554.0,1810
2130,862986.0,1811
2131,863243.0,1812
2132,863292.0,1813
2134,863461.0,1814
2135,863542.0,1815
2136,863579.0,1816
2137,863611.0,1817
2138,863950.0,1818
2139,864241.0,1819
2140,864448.0,1820
2142,865094.0,1821
2143,865295.0,1822
2144,865311.0,1823
2146,866194.0,1824
2147,866513.0,1825
2148,867656.0,1826
2149,867697.0,1827
2150,868642.0,1828
2151,869452.0,1829
2152,870006.0,1830
2153,870165.0,1831
2154,870220.0,1832
2155,870292.0,1833
2156,870298.0,1834
2157,870301.0,1835
2158,870346.0,1836
2159,871393.0,1837
2160,871862.0,1838
2162,872595.0,1839
2163,872597.0,1840
2164,873444.0,1841
2165,874833.0,1842
2166,874883.0,1843
2167,875179.0,1844
2168,875495.0,1845
2169,875573.0,1846
2170,875953.0,1847
2172,878453.0,1848
2174,881354.0,1849
2175,881376.0,1850
2176,881879.0,1851
2177,882046.0,1852
2179,883250.0,1853
2180,883267.0,1854
2181,883333.0,1855
2182,883695.0,1856
2183,884683.0,1857
2184,884981.0,1858
2187,886630.0,1859
2188,888073.0,1860
2189,888694.0,1861
2190,889620.0,1862
2191,889662.0,1863
2192,890267.0,1864
2193,890462.0,1865
2195,891495.0,1866
2196,892041.0,1867
2197,892042.0,1868
2198,892462.0,1869
2199,892510.0,1870
2200,893271.0,1871
2201,894027.0,1872
2202,894083.0,1873
2203,894442.0,1874
2204,894840.0,1875
2205,894860.0,1876
2206,895793.0,1877
2207,895904.0,1878
2208,897001.0,1879
2209,897314.0,1880
2210,897460.0,1881
2211,897544.0,1882
2212,898159.0,1883
2213,898318.0,1884
2214,898481.0,1885
2216,899884.0,1886
2217,899891.0,1887
2219,900256.0,1888
2220,900579.0,1889
2221,900954.0,1890
2222,901053.0,1891
2223,902240.0,1892
2225,902782.0,1893
2226,903137.0,1894
2228,904457.0,1895
2229,905827.0,1896
2230,907021.0,1897
2232,908730.0,1898
2233,909266.0,1899
2234,909500.0,1900
2235,909657.0,1901
2236,910273.0,1902
2237,910293.0,1903
2238,910797.0,1904
2239,910997.0,1905
2241,911310.0,1906
2243,911801.0,1907
2244,911989.0,1908
2245,912490.0,1909
2246,912618.0,1910
2248,912859.0,1911
2249,913042.0,1912
2250,913301.0,1913
2251,914994.0,1914
2252,916040.0,1915
2253,916043.0,1916
2254,916257.0,1917
2255,916394.0,1918
2256,917525.0,1919
2257,917615.0,1920
2258,917620.0,1921
2259,918383.0,1922
2260,918504.0,1923
2261,918533.0,1924
2262,918779.0,1925
2263,918878.0,1926
2264,919238.0,1927
2265,919335.0,1928
2266,919371.0,1929
2267,919775.0,1930
2268,920399.0,1931
2269,920747.0,1932
2270,920932.0,1933
2272,921048.0,1934
2273,921176.0,1935
2275,921552.0,1936
2276,921557.0,1937
2278,922308.0,1938
2279,922481.0,1939
2280,922573.0,1940
2281,922662.0,1941
2283,922948.0,1942
2285,923296.0,1943
2286,923513.0,1944
2287,924036.0,1945
2288,924477.0,1946
2290,924565.0,1947
2292,924983.0,1948
2293,925699.0,1949
2294,925754.0,1950
2295,925774.0,1951
2297,926762.0,1952
2298,926995.0,1953
2299,927539.0,1954
2300,927574.0,1955
2301,927974.0,1956
2302,928070.0,1957
2303,928159.0,1958
2305,928855.0,1959
2306,928992.0,1960
2308,929863.0,1961
2309,930224.0,1962
2310,931394.0,1963
2311,931911.0,1964
2313,932160.0,1965
2314,933285.0,1966
2315,933299.0,1967
2316,933450.0,1968
2317,933525.0,1969
2318,933766.0,1970
2319,934572.0,1971
2320,934661.0,1972
2321,934926.0,1973
2322,935088.0,1974
2323,935158.0,1975
2324,935335.0,1976
2325,936094.0,1977
2326,936300.0,1978
2327,936784.0,1979
2328,936790.0,1980
2329,937088.0,1981
2330,937397.0,1982
2331,937987.0,1983
2332,938441.0,1984
2333,938952.0,1985
2334,939458.0,1986
2335,939838.0,1987
2336,940350.0,1988
2338,940508.0,1989
2339,941457.0,1990
2340,941695.0,1991
2341,941882.0,1992
2342,942221.0,1993
2343,942388.0,1994
2344,942792.0,1995
2345,942894.0,1996
2346,943193.0,1997
2347,943257.0,1998
2348,943530.0,1999
2349,943729.0,2000
2350,943767.0,2001
2351,943777.0,2002
2354,944041.0,2003
2355,944126.0,2004
2356,944400.0,2005
2358,946052.0,2006
2361,947597.0,2007
2362,947729.0,2008
2363,948203.0,2009
2364,948513.0,2010
2365,948831.0,2011
2366,949090.0,2012
2367,949779.0,2013
2368,950333.0,2014
2369,950544.0,2015
2370,950791.0,2016
2371,951653.0,2017
2372,951853.0,2018
2373,952067.0,2019
2374,952089.0,2020
2375,953421.0,2021
2377,955110.0,2022
2378,957485.0,2023
2379,957599.0,2024
2380,958178.0,2025
2382,958947.0,2026
2383,959565.0,2027
2384,959630.0,2028
2385,959933.0,2029
2387,960340.0,2030
2388,960412.0,2031
2389,960526.0,2032
2391,961787.0,2033
2392,962857.0,2034
2393,962910.0,2035
2394,963075.0,2036
2395,964218.0,2037
2396,964903.0,2038
2398,965319.0,2039
2400,966208.0,2040
2401,966234.0,2041
2402,966969.0,2042
2403,967403.0,2043
2404,967441.0,2044
2405,967541.0,2045
2407,968112.0,2046
2408,968411.0,2047
2409,968417.0,2048
2411,969080.0,2049
2412,970202.0,2050
2413,970204.0,2051
2415,971173.0,2052
2416,972172.0,2053
2418,973133.0,2054
2419,973424.0,2055
2420,973713.0,2056
2421,973996.0,2057
2422,974378.0,2058
2423,974703.0,2059
2424,974868.0,2060
2425,975790.0,2061
2426,976082.0,2062
2427,976412.0,2063
2428,976980.0,2064
2429,977022.0,2065
2430,977448.0,2066
2431,978382.0,2067
2432,978502.0,2068
2433,979062.0,2069
2434,979457.0,2070
2435,980111.0,2071
2436,980594.0,2072
2437,981355.0,2073
2438,982106.0,2074
2439,982152.0,2075
2440,982410.0,2076
2442,982874.0,2077
2443,983498.0,2078
2444,983521.0,2079
2445,983525.0,2080
2446,983659.0,2081
2447,983760.0,2082
2448,987150.0,2083
2449,987225.0,2084
2450,987723.0,2085
2451,987761.0,2086
2452,988395.0,2087
2453,988411.0,2088
2454,989115.0,2089
2455,989184.0,2090
2456,990715.0,2091
2457,990832.0,2092
2458,990879.0,2093
2459,990963.0,2094
2461,992257.0,2095
2462,992652.0,2096
2463,992924.0,2097
2466,994015.0,2098
2467,994018.0,2099
2468,994132.0,2100
2469,994285.0,2101
2470,994777.0,2102
2471,994788.0,2103
2472,994885.0,2104
2473,995401.0,2105
2474,995802.0,2106
2475,996233.0,2107
2476,996359.0,2108
2477,996581.0,2109
2478,997015.0,2110
2479,997034.0,2111
2480,997043.0,2112
2481,997185.0,2113
2482,997543.0,2114
2483,997856.0,2115
2486,998212.0,2116
2487,998328.0,2117
2488,998661.0,2118
2489,998765.0,2119
2490,999158.0,2120
2491,1000280.0,2121
2492,1000365.0,2122
2494,1001139.0,2123
2495,1001836.0,2124
2496,1001996.0,2125
2498,1002127.0,2126
2499,1002828.0,2127
2500,1002882.0,2128
2501,1003053.0,2129
2502,1004231.0,2130
2503,1005454.0,2131
2504,1005704.0,2132
2505,1005927.0,2133
2506,1006090.0,2134
2507,1006155.0,2135
2508,1006708.0,2136
2509,1007139.0,2137
2510,1007329.0,2138
2511,1007421.0,2139
2512,1008141.0,2140
2513,1008221.0,2141
2515,1008773.0,2142
2516,1009198.0,2143
2517,1009206.0,2144
2518,1009454.0,2145
2519,1009809.0,2146
2520,1009981.0,2147
2522,1010339.0,2148
2523,1010733.0,2149
2524,1011965.0,2150
2525,1012330.0,2151
2526,1012724.0,2152
2527,1012795.0,2153
2528,1013332.0,2154
2529,1013455.0,2155
2530,1013852.0,2156
2531,1013921.0,2157
2532,1014915.0,2158
2533,1014958.0,2159
2534,1016239.0,2160
2535,1016861.0,2161
2536,1017204.0,2162
2537,1017223.0,2163
2538,1017967.0,2164
2539,1019199.0,2165
2540,1019250.0,2166
2542,1019991.0,2167
2543,1020368.0,2168
2544,1020396.0,2169
2545,1020397.0,2170
2546,1020536.0,2171
2547,1020863.0,2172
2548,1021107.0,2173
2549,1021257.0,2174
2550,1021338.0,2175
2551,1021450.0,2176
2552,1021537.0,2177
2553,1021993.0,2178
2554,1022057.0,2179
2555,1022076.0,2180
2556,1022492.0,2181
2557,1022750.0,2182
2558,1023274.0,2183
2559,1023331.0,2184
2560,1023492.0,2185
2561,1023635.0,2186
2562,1023935.0,2187
2563,1024031.0,2188
2565,1024499.0,2189
2566,1024735.0,2190
2567,1026225.0,2191
2568,1026712.0,2192
2569,1026757.0,2193
2571,1031077.0,2194
2572,1031329.0,2195
2573,1031584.0,2196
2574,1031791.0,2197
2575,1031975.0,2198
2576,1032873.0,2199
2577,1033433.0,2200
2578,1033438.0,2201
2579,1034079.0,2202
2581,1034732.0,2203
2582,1034917.0,2204
2583,1035167.0,2205
2584,1035760.0,2206
2585,1036174.0,2207
2587,1037303.0,2208
2588,1037395.0,2209
2589,1038073.0,2210
2590,1038147.0,2211
2591,1038305.0,2212
2592,1039921.0,2213
2593,1040478.0,2214
2594,1040628.0,2215
2595,1040900.0,2216
2596,1041998.0,2217
2597,1042103.0,2218
2598,1042251.0,2219
2599,1042414.0,2220
2600,1042572.0,2221
2601,1042763.0,2222
2602,1042772.0,2223
2603,1042978.0,2224
2605,1044564.0,2225
2606,1044629.0,2226
2607,1044876.0,2227
2608,1045045.0,2228
2609,1045850.0,2229
2610,1046006.0,2230
2611,1047133.0,2231
2613,1047890.0,2232
2614,1047901.0,2233
2615,1047960.0,2234
2617,1048243.0,2235
2618,1048819.0,2236
2619,1048992.0,2237
2620,1049535.0,2238
2621,1049642.0,2239
2622,1049788.0,2240
2624,1050545.0,2241
2625,1050767.0,2242
2626,1050804.0,2243
2627,1050923.0,2244
2628,1051398.0,2245
2629,1051618.0,2246
2630,1051697.0,2247
2631,1051733.0,2248
2632,1052496.0,2249
2633,1053314.0,2250
2634,1053408.0,2251
2635,1053486.0,2252
2636,1053598.0,2253
2637,1054026.0,2254
2638,1054321.0,2255
2639,1054349.0,2256
2640,1054427.0,2257
2641,1054502.0,2258
2642,1054713.0,2259
2643,1055351.0,2260
2644,1055718.0,2261
2645,1055833.0,2262
2646,1056427.0,2263
2647,1056945.0,2264
2649,1058414.0,2265
2650,1058502.0,2266
2651,1058536.0,2267
2652,1058588.0,2268
2653,1059107.0,2269
2654,1059495.0,2270
2655,1059651.0,2271
2656,1059767.0,2272
2657,1059808.0,2273
2658,1059938.0,2274
2659,1060135.0,2275
2660,1060814.0,2276
2661,1061539.0,2277
2662,1061747.0,2278
2663,1062419.0,2279
2664,1062678.0,2280
2665,1062948.0,2281
2666,1062994.0,2282
2667,1063739.0,2283
2668,1063849.0,2284
2669,1063926.0,2285
2670,1064218.0,2286
2671,1064443.0,2287
2672,1065529.0,2288
2673,1066202.0,2289
2674,1066203.0,2290
2675,1066389.0,2291
2678,1067111.0,2292
2679,1068861.0,2293
2680,1068961.0,2294
2682,1070043.0,2295
2683,1070644.0,2296
2685,1071686.0,2297
2686,1071923.0,2298
2687,1071969.0,2299
2688,1072471.0,2300
2689,1072550.0,2301
2690,1072838.0,2302
2691,1073732.0,2303
2692,1073863.0,2304
2693,1075043.0,2305
2694,1075309.0,2306
2696,1075799.0,2307
2697,1075892.0,2308
2698,1075927.0,2309
2699,1075939.0,2310
2700,1075970.0,2311
2701,1076345.0,2312
2702,1076415.0,2313
2703,1076509.0,2314
2704,1077429.0,2315
2705,1077815.0,2316
2707,1078107.0,2317
2708,1078573.0,2318
2709,1079179.0,2319
2710,1079745.0,2320
2711,1080337.0,2321
2712,1080459.0,2322
2713,1080525.0,2323
2714,1081136.0,2324
2716,1081849.0,2325
2717,1082696.0,2326
2718,1082795.0,2327
2719,1083149.0,2328
2720,1084324.0,2329
2721,1084552.0,2330
2722,1084909.0,2331
2723,1085073.0,2332
2724,1085116.0,2333
2726,1085224.0,2334
2727,1085780.0,2335
2728,1085979.0,2336
2729,1086084.0,2337
2731,1086091.0,2338
2732,1086124.0,2339
2733,1087319.0,2340
2734,1087691.0,2341
2735,1087715.0,2342
2736,1087848.0,2343
2737,1088090.0,2344
2738,1090240.0,2345
2739,1090729.0,2346
2741,1091563.0,2347
2742,1091701.0,2348
2744,1093039.0,2349
2745,1093254.0,2350
2747,1093893.0,2351
2748,1094056.0,2352
2749,1094323.0,2353
2750,1094391.0,2354
2752,1095125.0,2355
2754,1095574.0,2356
2755,1095602.0,2357
2756,1096110.0,2358
2757,1096635.0,2359
2758,1097155.0,2360
2760,1097251.0,2361
2761,1097583.0,2362
2762,1097623.0,2363
2763,1097877.0,2364
2764,1098011.0,2365
2765,1098034.0,2366
2766,1098367.0,2367
2767,1098510.0,2368
2768,1099391.0,2369
2769,1100177.0,2370
2770,1100413.0,2371
2771,1100432.0,2372
2772,1100446.0,2373
2773,1100452.0,2374
2774,1101292.0,2375
2775,1101332.0,2376
2776,1101372.0,2377
2778,1102698.0,2378
2779,1102854.0,2379
2780,1102957.0,2380
2781,1103398.0,2381
2782,1104072.0,2382
2783,1104536.0,2383
2784,1105088.0,2384
2786,1105454.0,2385
2787,1105677.0,2386
2789,1105952.0,2387
2790,1106262.0,2388
2791,1106274.0,2389
2792,1106287.0,2390
2793,1106555.0,2391
2794,1106733.0,2392
2795,1106752.0,2393
2797,1108199.0,2394
2798,1108340.0,2395
2799,1108752.0,2396
2802,1109712.0,2397
2804,1110018.0,2398
2805,1110174.0,2399
2806,1110458.0,2400
2807,1110771.0,2401
2808,1110794.0,2402
2809,1111620.0,2403
2810,1111953.0,2404
2811,1112368.0,2405
2812,1112775.0,2406
2813,1112917.0,2407
2814,1113566.0,2408
2815,1113841.0,2409
2816,1114895.0,2410
2818,1115129.0,2411
2819,1115926.0,2412
2820,1116159.0,2413
2821,1116367.0,2414
2822,1116811.0,2415
2823,1116854.0,2416
2824,1117037.0,2417
2826,1117289.0,2418
2827,1117393.0,2419
2828,1117411.0,2420
2829,1117553.0,2421
2831,1118646.0,2422
2832,1118726.0,2423
2836,1119882.0,2424
2837,1119970.0,2425
2838,1120646.0,2426
2839,1120833.0,2427
2840,1120871.0,2428
2841,1121398.0,2429
2843,1121822.0,2430
2844,1121894.0,2431
2845,1122511.0,2432
2846,1123120.0,2433
2847,1123154.0,2434
2848,1123423.0,2435
2849,1123670.0,2436
2850,1124001.0,2437
2851,1124410.0,2438
2853,1125180.0,2439
2854,1125237.0,2440
2855,1125877.0,2441
2856,1126137.0,2442
2857,1126171.0,2443
2858,1126461.0,2444
2859,1126610.0,2445
2860,1126622.0,2446
2861,1126644.0,2447
2863,1127104.0,2448
2864,1127518.0,2449
2865,1127870.0,2450
2866,1127995.0,2451
2867,1128021.0,2452
2868,1128959.0,2453
2869,1129133.0,2454
2870,1129213.0,2455
2871,1129267.0,2456
2872,1129315.0,2457
2873,1129444.0,2458
2874,1129614.0,2459
2875,1130000.0,2460
2876,1130551.0,2461
2877,1130820.0,2462
2878,1131122.0,2463
2879,1131128.0,2464
2880,1131167.0,2465
2883,1132049.0,2466
2884,1132059.0,2467
2885,1132104.0,2468
2887,1132324.0,2469
2888,1132545.0,2470
2889,1132925.0,2471
2890,1133283.0,2472
2891,1133549.0,2473
2892,1133868.0,2474
2893,1134068.0,2475
2894,1134360.0,2476
2895,1134492.0,2477
2897,1135105.0,2478
2898,1135614.0,2479
2899,1136236.0,2480
2900,1136487.0,2481
2901,1137065.0,2482
2902,1137350.0,2483
2903,1137495.0,2484
2904,1138135.0,2485
2905,1138864.0,2486
2906,1138898.0,2487
2907,1138937.0,2488
2908,1139123.0,2489
2909,1139133.0,2490
2911,1139205.0,2491
2912,1140379.0,2492
2913,1140548.0,2493
2914,1141937.0,2494
2915,1141951.0,2495
2916,1143583.0,2496
2917,1144683.0,2497
2918,1144684.0,2498
2919,1145040.0,2499
2920,1145311.0,2500
2921,1145367.0,2501
2922,1145383.0,2502
2923,1145390.0,2503
2924,1145693.0,2504
2925,1146214.0,2505
2926,1146820.0,2506
2927,1147565.0,2507
2928,1148273.0,2508
2929,1148276.0,2509
2930,1148623.0,2510
2931,1148778.0,2511
2932,1148979.0,2512
2934,1149570.0,2513
2935,1149571.0,2514
2937,1150249.0,2515
2938,1150533.0,2516
2939,1150640.0,2517
2940,1150829.0,2518
2942,1151107.0,2519
2943,1151130.0,2520
2944,1151373.0,2521
2945,1151467.0,2522
2946,1151587.0,2523
2947,1151612.0,2524
2948,1152453.0,2525
2949,1153066.0,2526
2950,1153265.0,2527
2951,1153348.0,2528
2952,1153548.0,2529
2953,1153594.0,2530
2955,1153821.0,2531
2956,1153961.0,2532
2957,1154273.0,2533
2958,1154517.0,2534
2959,1154538.0,2535
2960,1154860.0,2536
2961,1155744.0,2537
2963,1157744.0,2538
2965,1158342.0,2539
2966,1158435.0,2540
2967,1158792.0,2541
2970,1160543.0,2542
2971,1160552.0,2543
2972,1160560.0,2544
2973,1160841.0,2545
2974,1160894.0,2546
2975,1162309.0,2547
2976,1162513.0,2548
2978,1163155.0,2549
2979,1164203.0,2550
2980,1164631.0,2551
2981,1165058.0,2552
2982,1165857.0,2553
2983,1165871.0,2554
2984,1166638.0,2555
2985,1167099.0,2556
2986,1167334.0,2557
2987,1167370.0,2558
2988,1168642.0,2559
2989,1169106.0,2560
2990,1169451.0,2561
2991,1169619.0,2562
2992,1169626.0,2563
2993,1170071.0,2564
2995,1171004.0,2565
2996,1171376.0,2566
2997,1172368.0,2567
2998,1172526.0,2568
3000,1173386.0,2569
3001,1173825.0,2570
3002,1174146.0,2571
3003,1174608.0,2572
3004,1174629.0,2573
3005,1175289.0,2574
3007,1176524.0,2575
3009,1178413.0,2576
3011,1179367.0,2577
3012,1180852.0,2578
3013,1181477.0,2579
3014,1181534.0,2580
3015,1181724.0,2581
3016,1181943.0,2582
3017,1182635.0,2583
3018,1183075.0,2584
3019,1183232.0,2585
3020,1183583.0,2586
3021,1183594.0,2587
3022,1183756.0,2588
3023,1184043.0,2589
3024,1185518.0,2590
3025,1185616.0,2591
3026,1185776.0,2592
3027,1186513.0,2593
3028,1188709.0,2594
3030,1188925.0,2595
3031,1189389.0,2596
3033,1190154.0,2597
3034,1190240.0,2598
3035,1190393.0,2599
3036,1190517.0,2600
3037,1190574.0,2601
3038,1190944.0,2602
3039,1191294.0,2603
3040,1191395.0,2604
3041,1191872.0,2605
3042,1192468.0,2606
3044,1192992.0,2607
3045,1193272.0,2608
3046,1193685.0,2609
3047,1193983.0,2610
3048,1194488.0,2611
3049,1195127.0,2612
3050,1195225.0,2613
3051,1196950.0,2614
3052,1198378.0,2615
3053,1198803.0,2616
3054,1199316.0,2617
3055,1200802.0,2618
3056,1201095.0,2619
3057,1201101.0,2620
3058,1201265.0,2621
3059,1201565.0,2622
3060,1201801.0,2623
3061,1202527.0,2624
3063,1203083.0,2625
3064,1203172.0,2626
3065,1204348.0,2627
3066,1204406.0,2628
3067,1204497.0,2629
3068,1204710.0,2630
3069,1205261.0,2631
3070,1205913.0,2632
3071,1206616.0,2633
3072,1206649.0,2634
3073,1207173.0,2635
3074,1207177.0,2636
3076,1207447.0,2637
3077,1207948.0,2638
3078,1208701.0,2639
3079,1208744.0,2640
3080,1209028.0,2641
3081,1209657.0,2642
3082,1209713.0,2643
3083,1209855.0,2644
3084,1209936.0,2645
3085,1210190.0,2646
3087,1210885.0,2647
3088,1211130.0,2648
3089,1211640.0,2649
3090,1212063.0,2650
3091,1212722.0,2651
3092,1212807.0,2652
3093,1212912.0,2653
3094,1213053.0,2654
3095,1213159.0,2655
3096,1213249.0,2656
3097,1213514.0,2657
3098,1213806.0,2658
3100,1214428.0,2659
3102,1214839.0,2660
3103,1215579.0,2661
3104,1215869.0,2662
3105,1216690.0,2663
3106,1216787.0,2664
3107,1217023.0,2665
3108,1217769.0,2666
3109,1218677.0,2667
3110,1219190.0,2668
3111,1219372.0,2669
3112,1219521.0,2670
3113,1219872.0,2671
3114,1220022.0,2672
3116,1220669.0,2673
3118,1221141.0,2674
3119,1221582.0,2675
3120,1221668.0,2676
3121,1222576.0,2677
3122,1222658.0,2678
3123,1222901.0,2679
3124,1223507.0,2680
3125,1223665.0,2681
3126,1224268.0,2682
3127,1225161.0,2683
3129,1225454.0,2684
3130,1225647.0,2685
3132,1226222.0,2686
3133,1226889.0,2687
3134,1227387.0,2688
3135,1228564.0,2689
3136,1228814.0,2690
3137,1229275.0,2691
3138,1229992.0,2692
3139,1230221.0,2693
3140,1231348.0,2694
3141,1231451.0,2695
3142,1231473.0,2696
3143,1232035.0,2697
3144,1232218.0,2698
3145,1232228.0,2699
3146,1232485.0,2700
3147,1232939.0,2701
3148,1235178.0,2702
3149,1235651.0,2703
3150,1236023.0,2704
3151,1237975.0,2705
3152,1238181.0,2706
3153,1238938.0,2707
3154,1239403.0,2708
3156,1239469.0,2709
3157,1239692.0,2710
3158,1240589.0,2711
3159,1240684.0,2712
3160,1241097.0,2713
3161,1241744.0,2714
3162,1242105.0,2715
3165,1242590.0,2716
3166,1243187.0,2717
3167,1243354.0,2718
3168,1243411.0,2719
3169,1243630.0,2720
3170,1244437.0,2721
3171,1245097.0,2722
3173,1245189.0,2723
3174,1245218.0,2724
3175,1245434.0,2725
3176,1245526.0,2726
3177,1245660.0,2727
3178,1246089.0,2728
3179,1246130.0,2729
3180,1246180.0,2730
3181,1246248.0,2731
3182,1247422.0,2732
3183,1248002.0,2733
3184,1248031.0,2734
3185,1248287.0,2735
3186,1248633.0,2736
3187,1248809.0,2737
3188,1248854.0,2738
3189,1248926.0,2739
3190,1249079.0,2740
3191,1249087.0,2741
3192,1249459.0,2742
3193,1250005.0,2743
3194,1250058.0,2744
3195,1250077.0,2745
3196,1251178.0,2746
3197,1251317.0,2747
3198,1251506.0,2748
3201,1251969.0,2749
3202,1252293.0,2750
3203,1252431.0,2751
3204,1253109.0,2752
3206,1253930.0,2753
3207,1254469.0,2754
3208,1254738.0,2755
3209,1255026.0,2756
3210,1255205.0,2757
3212,1255499.0,2758
3213,1256558.0,2759
3214,1257563.0,2760
3215,1257825.0,2761
3216,1257955.0,2762
3217,1258820.0,2763
3218,1259512.0,2764
3220,1260068.0,2765
3221,1260189.0,2766
3222,1260476.0,2767
3223,1262566.0,2768
3224,1263826.0,2769
3226,1264453.0,2770
3227,1264583.0,2771
3228,1264785.0,2772
3229,1264806.0,2773
3230,1264941.0,2774
3231,1265349.0,2775
3232,1265839.0,2776
3233,1265940.0,2777
3235,1266271.0,2778
3236,1266975.0,2779
3237,1267054.0,2780
3239,1267817.0,2781
3240,1267924.0,2782
3242,1269416.0,2783
3243,1270398.0,2784
3244,1270835.0,2785
3245,1271102.0,2786
3246,1271404.0,2787
3248,1272064.0,2788
3249,1272102.0,2789
3250,1273296.0,2790
3251,1273416.0,2791
3252,1273469.0,2792
3253,1273781.0,2793
3254,1275721.0,2794
3255,1275938.0,2795
3256,1276392.0,2796
3257,1276852.0,2797
3259,1276965.0,2798
3260,1277013.0,2799
3261,1277330.0,2800
3262,1277394.0,2801
3263,1277612.0,2802
3264,1277689.0,2803
3265,1277720.0,2804
3266,1278512.0,2805
3267,1278902.0,2806
3268,1279189.0,2807
3269,1280632.0,2808
3270,1280733.0,2809
3271,1281239.0,2810
3272,1281796.0,2811
3273,1282203.0,2812
3274,1282891.0,2813
3275,1283089.0,2814
3277,1283390.0,2815
3278,1283827.0,2816
3279,1284536.0,2817
3280,1284593.0,2818
3281,1284919.0,2819
3282,1285023.0,2820
3283,1286227.0,2821
3284,1286605.0,2822
3285,1286945.0,2823
3286,1287285.0,2824
3288,1287776.0,2825
3289,1287814.0,2826
3290,1288309.0,2827
3291,1289775.0,2828
3292,1290467.0,2829
3294,1291152.0,2830
3295,1291160.0,2831
3296,1291606.0,2832
3297,1292041.0,2833
3298,1292695.0,2834
3299,1292823.0,2835
3300,1292829.0,2836
3301,1292851.0,2837
3303,1293191.0,2838
3304,1293990.0,2839
3305,1294204.0,2840
3306,1294217.0,2841
3308,1294863.0,2842
3309,1295128.0,2843
3310,1295406.0,2844
3312,1295826.0,2845
3313,1296138.0,2846
3314,1296239.0,2847
3315,1296473.0,2848
3316,1296935.0,2849
3317,1296949.0,2850
3318,1297032.0,2851
3319,1297176.0,2852
3320,1297595.0,2853
3321,1297896.0,2854
3322,1298083.0,2855
3323,1298279.0,2856
3324,1298741.0,2857
3325,1298859.0,2858
3326,1299051.0,2859
3327,1299949.0,2860
3328,1300104.0,2861
3329,1300431.0,2862
3330,1300678.0,2863
3332,1301306.0,2864
3333,1301943.0,2865
3334,1302445.0,2866
3335,1302648.0,2867
3336,1302827.0,2868
3337,1303866.0,2869
3338,1304076.0,2870
3339,1304128.0,2871
3340,1304512.0,2872
3341,1304663.0,2873
3342,1304833.0,2874
3343,1305021.0,2875
3344,1305661.0,2876
3345,1305987.0,2877
3346,1306246.0,2878
3347,1306448.0,2879
3348,1306501.0,2880
3349,1306861.0,2881
3351,1310075.0,2882
3352,1311274.0,2883
3353,1312036.0,2884
3354,1312869.0,2885
3355,1313213.0,2886
3356,1314273.0,2887
3357,1314285.0,2888
3358,1314547.0,2889
3359,1315183.0,2890
3360,1315232.0,2891
3361,1317097.0,2892
3362,1318113.0,2893
3363,1318462.0,2894
3365,1319657.0,2895
3366,1320154.0,2896
3368,1320630.0,2897
3369,1321339.0,2898
3372,1322496.0,2899
3373,1322561.0,2900
3374,1322833.0,2901
3375,1323388.0,2902
3376,1323674.0,2903
3377,1324613.0,2904
3378,1325966.0,2905
3380,1326290.0,2906
3382,1326970.0,2907
3383,1327243.0,2908
3384,1327500.0,2909
3386,1329903.0,2910
3388,1330184.0,2911
3389,1332057.0,2912
3390,1333073.0,2913
3391,1333798.0,2914
3392,1334324.0,2915
3393,1334881.0,2916
3395,1335167.0,2917
3396,1335370.0,2918
3397,1335444.0,2919
3398,1336540.0,2920
3399,1336568.0,2921
3400,1337579.0,2922
3401,1337602.0,2923
3402,1337735.0,2924
3403,1337936.0,2925
3404,1338837.0,2926
3405,1338892.0,2927
3406,1338973.0,2928
3407,1338986.0,2929
3408,1339088.0,2930
3409,1339852.0,2931
3410,1339865.0,2932
3411,1339943.0,2933
3412,1340071.0,2934
3413,1340700.0,2935
3414,1340929.0,2936
3415,1340945.0,2937
3416,1340973.0,2938
3417,1341185.0,2939
3418,1342502.0,2940
3419,1343246.0,2941
3420,1343343.0,2942
3421,1344009.0,2943
3423,1344590.0,2944
3424,1344849.0,2945
3425,1344966.0,2946
3426,1344972.0,2947
3428,1345365.0,2948
3429,1345371.0,2949
3430,1345702.0,2950
3431,1345977.0,2951
3432,1346024.0,2952
3433,1346062.0,2953
3434,1346757.0,2954
3435,1346838.0,2955
3437,1348144.0,2956
3439,1348925.0,2957
3440,1349671.0,2958
3441,1349769.0,2959
3442,1350519.0,2960
3443,1350970.0,2961
3444,1351285.0,2962
3445,1352054.0,2963
3446,1352772.0,2964
3447,1352878.0,2965
3448,1353085.0,2966
3451,1354187.0,2967
3452,1354216.0,2968
3453,1354583.0,2969
3454,1354697.0,2970
3455,1354869.0,2971
3456,1354965.0,2972
3457,1355139.0,2973
3458,1355626.0,2974
3459,1355760.0,2975
3460,1356314.0,2976
3461,1356396.0,2977
3462,1357687.0,2978
3463,1357808.0,2979
3464,1358039.0,2980
3465,1358373.0,2981
3466,1358401.0,2982
3467,1358438.0,2983
3468,1358489.0,2984
3470,1359085.0,2985
3471,1359240.0,2986
3472,1359553.0,2987
3473,1359617.0,2988
3474,1359705.0,2989
3475,1360479.0,2990
3476,1360484.0,2991
3479,1361611.0,2992
3480,1361986.0,2993
3481,1362027.0,2994
3482,1362051.0,2995
3483,1362251.0,2996
3484,1362424.0,2997
3485,1362436.0,2998
3486,1362572.0,2999
3487,1362586.0,3000
3488,1363179.0,3001
3489,1363987.0,3002
3490,1364756.0,3003
3491,1364909.0,3004
3492,1365071.0,3005
3493,1365517.0,3006
3494,1365541.0,3007
3497,1366521.0,3008
3498,1367350.0,3009
3499,1367656.0,3010
3501,1368611.0,3011
3502,1369519.0,3012
3503,1369761.0,3013
3504,1370045.0,3014
3505,1370689.0,3015
3506,1370809.0,3016
3509,1371847.0,3017
3510,1372597.0,3018
3511,1372778.0,3019
3512,1372873.0,3020
3514,1374221.0,3021
3515,1374484.0,3022
3516,1374533.0,3023
3517,1375568.0,3024
3518,1376037.0,3025
3519,1376959.0,3026
3521,1377329.0,3027
3523,1378983.0,3028
3524,1380022.0,3029
3526,1380963.0,3030
3527,1381221.0,3031
3529,1382327.0,3032
3530,1382388.0,3033
3531,1382401.0,3034
3532,1382559.0,3035
3533,1383467.0,3036
3534,1383936.0,3037
3537,1385669.0,3038
3538,1385853.0,3039
3539,1385909.0,3040
3540,1386988.0,3041
3541,1387399.0,3042
3542,1387788.0,3043
3543,1388262.0,3044
3544,1388392.0,3045
3545,1388676.0,3046
3546,1388849.0,3047
3547,1389048.0,3048
3548,1389150.0,3049
3549,1389194.0,3050
3551,1389446.0,3051
3552,1389834.0,3052
3553,1391037.0,3053
3554,1391045.0,3054
3555,1391050.0,3055
3556,1391545.0,3056
3557,1391919.0,3057
3558,1391978.0,3058
3559,1393679.0,3059
3560,1393795.0,3060
3561,1395576.0,3061
3562,1395628.0,3062
3563,1396557.0,3063
3564,1396706.0,3064
3565,1396870.0,3065
3566,1397480.0,3066
3567,1397655.0,3067
3569,1398770.0,3068
3570,1398831.0,3069
3571,1399145.0,3070
3572,1399476.0,3071
3573,1399970.0,3072
3574,1399981.0,3073
3575,1400020.0,3074
3576,1400102.0,3075
3579,1400773.0,3076
3581,1400954.0,3077
3582,1401294.0,3078
3583,1401296.0,3079
3585,1401402.0,3080
3586,1401505.0,3081
3587,1402183.0,3082
3588,1402371.0,3083
3589,1402413.0,3084
3590,1402425.0,3085
3593,1403377.0,3086
3594,1403495.0,3087
3595,1403636.0,3088
3596,1404447.0,3089
3597,1404546.0,3090
3598,1405062.0,3091
3599,1405130.0,3092
3600,1405174.0,3093
3602,1405653.0,3094
3603,1405678.0,3095
3604,1405855.0,3096
3605,1406312.0,3097
3606,1406806.0,3098
3607,1406855.0,3099
3608,1406919.0,3100
3609,1407217.0,3101
3610,1407350.0,3102
3611,1407504.0,3103
3612,1407876.0,3104
3613,1408298.0,3105
3614,1408378.0,3106
3615,1408394.0,3107
3616,1408577.0,3108
3617,1408632.0,3109
3618,1408796.0,3110
3619,1409206.0,3111
3620,1409209.0,3112
3621,1409329.0,3113
3622,1409343.0,3114
3623,1409384.0,3115
3624,1409794.0,3116
3625,1409844.0,3117
3626,1409904.0,3118
3627,1410114.0,3119
3628,1410430.0,3120
3629,1410520.0,3121
3630,1410883.0,3122
3631,1410999.0,3123
3632,1411234.0,3124
3633,1411368.0,3125
3634,1412160.0,3126
3635,1413646.0,3127
3636,1413852.0,3128
3638,1414936.0,3129
3639,1415059.0,3130
3640,1415078.0,3131
3641,1415384.0,3132
3642,1416411.0,3133
3643,1417286.0,3134
3644,1417325.0,3135
3645,1417522.0,3136
3646,1417996.0,3137
3647,1418265.0,3138
3648,1418525.0,3139
3649,1418659.0,3140
3650,1419498.0,3141
3651,1420205.0,3142
3652,1420755.0,3143
3653,1420883.0,3144
3654,1420996.0,3145
3655,1422082.0,3146
3656,1422737.0,3147
3657,1422752.0,3148
3658,1423824.0,3149
3659,1423880.0,3150
3660,1425270.0,3151
3661,1425556.0,3152
3662,1426758.0,3153
3663,1427370.0,3154
3664,1428618.0,3155
3665,1428972.0,3156
3666,1429418.0,3157
3667,1429837.0,3158
3668,1430202.0,3159
3669,1430808.0,3160
3670,1430901.0,3161
3671,1431094.0,3162
3672,1431369.0,3163
3673,1431652.0,3164
3674,1432140.0,3165
3675,1432789.0,3166
3676,1433192.0,3167
3677,1433220.0,3168
3678,1433662.0,3169
3680,1434273.0,3170
3681,1434403.0,3171
3682,1434524.0,3172
3683,1434868.0,3173
3684,1436768.0,3174
3685,1437212.0,3175
3686,1437375.0,3176
3687,1438170.0,3177
3688,1438438.0,3178
3689,1439572.0,3179
3690,1439698.0,3180
3691,1439708.0,3181
3692,1439756.0,3182
3693,1439937.0,3183
3694,1440032.0,3184
3695,1440112.0,3185
3696,1440254.0,3186
3697,1440426.0,3187
3698,1441384.0,3188
3699,1441615.0,3189
3700,1442244.0,3190
3701,1442656.0,3191
3702,1442714.0,3192
3703,1442933.0,3193
3704,1443144.0,3194
3705,1443590.0,3195
3706,1443709.0,3196
3707,1444695.0,3197
3708,1444931.0,3198
3709,1445456.0,3199
3710,1445994.0,3200
3711,1446482.0,3201
3712,1446993.0,3202
3713,1447393.0,3203
3714,1447711.0,3204
3715,1448527.0,3205
3716,1449015.0,3206
3717,1450525.0,3207
3718,1450802.0,3208
3719,1450957.0,3209
3720,1451241.0,3210
3721,1451387.0,3211
3722,1452077.0,3212
3723,1452413.0,3213
3724,1452867.0,3214
3725,1453972.0,3215
3726,1454355.0,3216
3727,1455051.0,3217
3728,1455268.0,3218
3729,1455307.0,3219
3730,1455929.0,3220
3731,1456531.0,3221
3732,1456799.0,3222
3733,1456943.0,3223
3734,1457126.0,3224
3736,1457509.0,3225
3737,1458136.0,3226
3738,1458399.0,3227
3740,1459067.0,3228
3741,1459147.0,3229
3742,1459171.0,3230
3743,1459381.0,3231
3744,1459972.0,3232
3747,1460861.0,3233
3748,1462281.0,3234
3749,1462777.0,3235
3751,1463109.0,3236
3752,1464026.0,3237
3753,1464134.0,3238
3754,1464303.0,3239
3755,1464788.0,3240
3756,1465011.0,3241
3757,1465291.0,3242
3758,1465564.0,3243
3759,1466180.0,3244
3760,1466872.0,3245
3762,1467922.0,3246
3767,1469350.0,3247
3768,1469859.0,3248
3771,1471479.0,3249
3772,1474635.0,3250
3773,1475768.0,3251
3774,1476439.0,3252
3775,1476591.0,3253
3776,1476768.0,3254
3777,1477059.0,3255
3778,1477348.0,3256
3780,1477947.0,3257
3781,1477998.0,3258
3783,1478477.0,3259
3784,1478947.0,3260
3785,1479334.0,3261
3786,1479465.0,3262
3787,1479488.0,3263
3788,1479592.0,3264
3789,1481726.0,3265
3790,1482607.0,3266
3791,1482931.0,3267
3792,1484434.0,3268
3793,1485334.0,3269
3794,1485530.0,3270
3795,1485533.0,3271
3797,1486759.0,3272
3798,1486896.0,3273
3799,1488681.0,3274
3800,1488765.0,3275
3801,1489493.0,3276
3803,1491447.0,3277
3804,1492473.0,3278
3805,1493324.0,3279
3806,1493526.0,3280
3807,1494119.0,3281
3808,1494779.0,3282
3809,1494935.0,3283
3810,1495034.0,3284
3811,1495188.0,3285
3812,1495660.0,3286
3813,1496343.0,3287
3814,1496634.0,3288
3816,1496889.0,3289
3817,1497049.0,3290
3818,1497298.0,3291
3819,1497562.0,3292
3821,1498713.0,3293
3822,1498954.0,3294
3823,1499321.0,3295
3824,1499641.0,3296
3825,1500046.0,3297
3826,1500159.0,3298
3827,1500535.0,3299
3829,1501708.0,3300
3830,1501856.0,3301
3831,1501891.0,3302
3832,1502170.0,3303
3833,1502223.0,3304
3834,1502477.0,3305
3835,1503702.0,3306
3836,1503726.0,3307
3837,1503911.0,3308
3838,1504400.0,3309
3839,1504450.0,3310
3840,1504554.0,3311
3841,1505345.0,3312
3842,1505470.0,3313
3843,1505683.0,3314
3844,1505854.0,3315
3845,1506438.0,3316
3846,1506729.0,3317
3847,1509006.0,3318
3848,1509656.0,3319
3849,1509660.0,3320
3851,1510259.0,3321
3853,1512705.0,3322
3854,1512922.0,3323
3855,1512936.0,3324
3856,1513623.0,3325
3857,1514035.0,3326
3858,1514183.0,3327
3859,1514625.0,3328
3860,1515040.0,3329
3861,1516292.0,3330
3862,1516534.0,3331
3863,1516901.0,3332
3864,1517184.0,3333
3865,1517213.0,3334
3866,1518134.0,3335
3867,1518312.0,3336
3868,1518846.0,3337
3869,1518894.0,3338
3870,1519220.0,3339
3871,1520422.0,3340
3872,1520832.0,3341
3873,1520857.0,3342
3874,1520879.0,3343
3875,1520956.0,3344
3876,1521257.0,3345
3878,1521397.0,3346
3879,1521480.0,3347
3880,1521561.0,3348
3881,1522335.0,3349
3882,1522695.0,3350
3883,1522721.0,3351
3884,1522807.0,3352
3885,1522870.0,3353
3886,1525089.0,3354
3887,1525586.0,3355
3889,1525701.0,3356
3890,1526059.0,3357
3891,1527306.0,3358
3892,1527763.0,3359
3893,1528161.0,3360
3894,1528478.0,3361
3895,1528678.0,3362
3896,1529051.0,3363
3897,1529681.0,3364
3898,1529765.0,3365
3899,1529772.0,3366
3900,1530024.0,3367
3901,1530158.0,3368
3902,1530185.0,3369
3903,1530690.0,3370
3904,1532934.0,3371
3905,1533610.0,3372
3907,1534726.0,3373
3908,1535312.0,3374
3909,1535410.0,3375
3910,1535498.0,3376
3911,1535509.0,3377
3912,1535602.0,3378
3913,1535729.0,3379
3914,1536403.0,3380
3915,1537102.0,3381
3916,1538109.0,3382
3917,1538194.0,3383
3918,1538309.0,3384
3919,1538386.0,3385
3920,1538469.0,3386
3921,1539419.0,3387
3922,1539688.0,3388
3923,1539742.0,3389
3924,1540323.0,3390
3925,1540462.0,3391
3926,1540677.0,3392
3927,1540888.0,3393
3928,1541188.0,3394
3929,1541779.0,3395
3930,1541995.0,3396
3931,1543261.0,3397
3933,1543646.0,3398
3934,1544118.0,3399
3935,1545537.0,3400
3936,1546118.0,3401
3937,1546126.0,3402
3939,1546419.0,3403
3941,1546578.0,3404
3942,1546593.0,3405
3944,1547283.0,3406
3946,1547532.0,3407
3947,1548239.0,3408
3949,1548426.0,3409
3950,1548831.0,3410
3951,1548975.0,3411
3952,1549084.0,3412
3954,1549587.0,3413
3955,1550146.0,3414
3956,1550479.0,3415
3957,1550683.0,3416
3959,1551619.0,3417
3960,1552325.0,3418
3962,1552999.0,3419
3963,1553114.0,3420
3964,1553246.0,3421
3966,1553929.0,3422
3967,1554011.0,3423
3969,1555697.0,3424
3971,1558713.0,3425
3973,1559570.0,3426
3974,1560115.0,3427
3975,1562814.0,3428
3976,1563754.0,3429
3977,1564081.0,3430
3978,1564507.0,3431
3980,1565855.0,3432
3982,1567112.0,3433
3983,1568263.0,3434
3984,1569051.0,3435
3986,1569769.0,3436
3987,1571466.0,3437
3988,1571494.0,3438
3989,1572075.0,3439
3990,1572234.0,3440
3991,1572344.0,3441
3992,1573886.0,3442
3993,1573963.0,3443
3995,1574126.0,3444
3996,1574433.0,3445
3997,1574705.0,3446
3998,1574815.0,3447
3999,1574858.0,3448
4000,1575993.0,3449
4001,1576057.0,3450
4002,1576619.0,3451
4003,1577212.0,3452
4004,1578743.0,3453
4005,1579735.0,3454
4006,1579826.0,3455
4007,1580330.0,3456
4008,1580889.0,3457
4009,1580905.0,3458
4011,1581486.0,3459
4013,1582000.0,3460
4014,1582279.0,3461
4015,1582438.0,3462
4016,1582595.0,3463
4017,1583072.0,3464
4018,1583435.0,3465
4019,1584033.0,3466
4020,1584417.0,3467
4021,1584877.0,3468
4022,1585103.0,3469
4023,1585120.0,3470
4024,1585654.0,3471
4025,1586362.0,3472
4026,1586382.0,3473
4028,1586485.0,3474
4029,1587145.0,3475
4031,1587420.0,3476
4032,1587837.0,3477
4033,1588229.0,3478
4034,1588297.0,3479
4035,1588655.0,3480
4037,1590428.0,3481
4038,1590816.0,3482
4039,1590869.0,3483
4040,1590907.0,3484
4041,1591050.0,3485
4042,1591405.0,3486
4043,1591470.0,3487
4044,1591777.0,3488
4045,1592570.0,3489
4046,1592734.0,3490
4047,1593793.0,3491
4048,1594016.0,3492
4052,1595910.0,3493
4053,1597959.0,3494
4054,1598005.0,3495
4055,1598102.0,3496
4056,1598580.0,3497
4057,1599949.0,3498
4058,1600804.0,3499
4059,1601361.0,3500
4060,1601487.0,3501
4061,1602197.0,3502
4062,1602334.0,3503
4063,1602381.0,3504
4064,1602560.0,3505
4066,1603455.0,3506
4067,1603561.0,3507
4068,1603617.0,3508
4069,1603973.0,3509
4071,1604703.0,3510
4072,1605371.0,3511
4074,1607251.0,3512
4075,1608023.0,3513
4076,1608143.0,3514
4077,1608608.0,3515
4078,1608620.0,3516
4079,1609087.0,3517
4080,1609287.0,3518
4082,1611623.0,3519
4083,1611754.0,3520
4084,1612064.0,3521
4085,1612068.0,3522
4086,1612372.0,3523
4087,1612680.0,3524
4088,1613565.0,3525
4089,1613737.0,3526
4092,1615164.0,3527
4093,1615888.0,3528
4094,1616168.0,3529
4095,1616242.0,3530
4096,1616594.0,3531
4097,1617472.0,3532
4099,1617972.0,3533
4100,1618056.0,3534
4101,1619117.0,3535
4103,1620105.0,3536
4104,1623345.0,3537
4105,1623352.0,3538
4106,1623639.0,3539
4107,1624697.0,3540
4109,1625751.0,3541
4110,1626081.0,3542
4112,1629100.0,3543
4113,1629697.0,3544
4114,1630064.0,3545
4116,1631493.0,3546
4117,1631628.0,3547
4118,1632374.0,3548
4119,1632633.0,3549
4122,1634035.0,3550
4123,1634435.0,3551
4124,1634623.0,3552
4125,1635275.0,3553
4126,1636906.0,3554
4128,1637604.0,3555
4133,1638801.0,3556
4136,1640342.0,3557
4137,1640509.0,3558
4138,1640643.0,3559
4140,1641503.0,3560
4141,1642578.0,3561
4142,1643042.0,3562
4143,1644384.0,3563
4144,1645662.0,3564
4146,1647460.0,3565
4147,1648207.0,3566
4149,1649120.0,3567
4151,1651132.0,3568
4152,1652004.0,3569
4153,1652399.0,3570
4154,1653020.0,3571
4156,1653525.0,3572
4157,1653694.0,3573
4158,1655296.0,3574
4159,1655304.0,3575
4161,1656004.0,3576
4162,1656141.0,3577
4163,1656336.0,3578
4164,1656634.0,3579
4165,1656728.0,3580
4166,1656751.0,3581
4167,1656758.0,3582
4168,1657680.0,3583
4169,1657767.0,3584
4170,1658314.0,3585
4171,1658431.0,3586
4172,1658685.0,3587
4173,1659167.0,3588
4174,1659435.0,3589
4175,1659519.0,3590
4176,1660046.0,3591
4177,1660708.0,3592
4179,1661109.0,3593
4180,1663260.0,3594
4181,1663379.0,3595
4182,1663426.0,3596
4184,1664122.0,3597
4185,1664606.0,3598
4186,1665788.0,3599
4187,1666064.0,3600
4188,1666223.0,3601
4189,1667210.0,3602
4191,1668472.0,3603
4192,1668729.0,3604
4193,1668946.0,3605
4194,1668969.0,3606
4195,1670954.0,3607
4196,1671212.0,3608
4197,1671378.0,3609
4198,1671585.0,3610
4199,1671863.0,3611
4201,1672587.0,3612
4202,1674067.0,3613
4203,1674881.0,3614
4205,1675487.0,3615
4206,1675922.0,3616
4207,1675927.0,3617
4208,1676263.0,3618
4209,1677197.0,3619
4211,1677593.0,3620
4212,1677615.0,3621
4213,1677802.0,3622
4215,1678456.0,3623
4216,1679055.0,3624
4218,1679501.0,3625
4219,1680262.0,3626
4220,1681211.0,3627
4222,1682979.0,3628
4223,1683448.0,3629
4224,1684160.0,3630
4226,1684933.0,3631
4227,1685036.0,3632
4228,1685162.0,3633
4230,1685442.0,3634
4231,1685789.0,3635
4232,1685875.0,3636
4235,1686635.0,3637
4236,1686899.0,3638
4237,1687182.0,3639
4238,1687857.0,3640
4239,1688641.0,3641
4241,1689917.0,3642
4243,1691714.0,3643
4244,1692040.0,3644
4245,1692243.0,3645
4246,1692665.0,3646
4247,1692751.0,3647
4248,1692826.0,3648
4251,1693774.0,3649
4252,1695617.0,3650
4253,1695778.0,3651
4254,1695981.0,3652
4257,1697541.0,3653
4258,1697726.0,3654
4259,1697830.0,3655
4261,1698143.0,3656
4262,1699359.0,3657
4263,1699447.0,3658
4264,1700343.0,3659
4265,1700672.0,3660
4266,1701078.0,3661
4267,1701314.0,3662
4268,1702019.0,3663
4269,1703676.0,3664
4270,1703800.0,3665
4271,1704457.0,3666
4273,1705037.0,3667
4275,1705473.0,3668
4276,1705494.0,3669
4278,1705643.0,3670
4279,1705770.0,3671
4280,1706475.0,3672
4281,1706524.0,3673
4282,1706906.0,3674
4283,1707270.0,3675
4284,1707334.0,3676
4285,1707339.0,3677
4286,1707371.0,3678
4287,1707992.0,3679
4289,1709215.0,3680
4290,1710377.0,3681
4291,1711187.0,3682
4293,1712078.0,3683
4294,1712399.0,3684
4295,1712935.0,3685
4296,1713062.0,3686
4298,1713291.0,3687
4299,1714826.0,3688
4300,1714920.0,3689
4302,1715328.0,3690
4303,1716989.0,3691
4305,1717523.0,3692
4306,1719057.0,3693
4307,1719075.0,3694
4308,1719464.0,3695
4310,1719896.0,3696
4311,1720293.0,3697
4312,1720328.0,3698
4313,1720687.0,3699
4314,1720757.0,3700
4316,1721434.0,3701
4317,1722378.0,3702
4318,1722662.0,3703
4319,1722755.0,3704
4320,1722854.0,3705
4321,1723512.0,3706
4323,1724457.0,3707
4324,1724711.0,3708
4325,1724790.0,3709
4326,1724928.0,3710
4327,1725822.0,3711
4328,1726194.0,3712
4329,1726406.0,3713
4331,1727654.0,3714
4332,1727855.0,3715
4333,1728818.0,3716
4334,1729103.0,3717
4335,1729449.0,3718
4336,1729586.0,3719
4337,1729821.0,3720
4340,1730396.0,3721
4343,1731999.0,3722
4344,1732241.0,3723
4345,1732491.0,3724
4346,1732935.0,3725
4349,1733101.0,3726
4350,1733156.0,3727
4351,1733349.0,3728
4352,1733987.0,3729
4353,1734246.0,3730
4354,1734370.0,3731
4355,1735301.0,3732
4356,1736411.0,3733
4358,1737295.0,3734
4360,1737606.0,3735
4361,1738033.0,3736
4362,1738483.0,3737
4363,1738565.0,3738
4364,1738714.0,3739
4365,1739041.0,3740
4366,1739224.0,3741
4367,1739283.0,3742
4368,1739546.0,3743
4370,1739811.0,3744
4371,1739814.0,3745
4372,1739844.0,3746
4373,1739895.0,3747
4375,1740783.0,3748
4377,1741603.0,3749
4378,1741986.0,3750
4379,1742048.0,3751
4380,1742246.0,3752
4381,1742328.0,3753
4382,1742513.0,3754
4383,1743398.0,3755
4384,1743709.0,3756
4385,1744039.0,3757
4386,1744184.0,3758
4387,1746376.0,3759
4388,1746443.0,3760
4389,1746541.0,3761
4390,1747233.0,3762
4391,1747763.0,3763
4392,1748152.0,3764
4393,1748807.0,3765
4394,1749427.0,3766
4395,1749429.0,3767
4396,1749791.0,3768
4397,1749987.0,3769
4398,1750516.0,3770
4399,1751312.0,3771
4400,1751788.0,3772
4401,1752197.0,3773
4402,1753012.0,3774
4403,1753447.0,3775
4404,1753746.0,3776
4405,1754146.0,3777
4407,1755381.0,3778
4408,1755411.0,3779
4409,1755571.0,3780
4410,1755576.0,3781
4411,1755744.0,3782
4412,1755877.0,3783
4413,1756150.0,3784
4414,1756257.0,3785
4415,1757585.0,3786
4417,1758309.0,3787
4418,1758400.0,3788
4419,1758528.0,3789
4420,1759731.0,3790
4421,1759843.0,3791
4422,1760004.0,3792
4423,1760135.0,3793
4424,1760833.0,3794
4425,1760904.0,3795
4426,1761082.0,3796
4428,1761860.0,3797
4429,1762374.0,3798
4431,1762705.0,3799
4432,1763040.0,3800
4433,1763326.0,3801
4434,1763832.0,3802
4435,1764213.0,3803
4438,1765039.0,3804
4439,1765393.0,3805
4440,1765409.0,3806
4441,1765683.0,3807
4442,1765790.0,3808
4443,1765968.0,3809
4444,1766283.0,3810
4445,1766388.0,3811
4446,1766412.0,3812
4447,1766642.0,3813
4448,1766648.0,3814
4449,1767392.0,3815
4450,1767848.0,3816
4451,1767900.0,3817
4452,1767986.0,3818
4453,1768204.0,3819
4455,1768744.0,3820
4456,1768841.0,3821
4457,1769014.0,3822
4458,1769045.0,3823
4459,1769229.0,3824
4460,1769236.0,3825
4461,1769311.0,3826
4463,1770120.0,3827
4464,1770278.0,3828
4465,1770455.0,3829
4466,1770456.0,3830
4467,1770550.0,3831
4468,1770639.0,3832
4469,1770773.0,3833
4470,1771167.0,3834
4471,1771573.0,3835
4472,1772240.0,3836
4473,1772243.0,3837
4476,1773843.0,3838
4477,1773988.0,3839
4478,1774430.0,3840
4479,1774661.0,3841
4480,1775208.0,3842
4481,1775939.0,3843
4482,1776271.0,3844
4483,1776415.0,3845
4484,1776503.0,3846
4485,1777143.0,3847
4487,1778527.0,3848
4488,1779378.0,3849
4490,1779571.0,3850
4491,1780187.0,3851
4492,1780521.0,3852
4493,1781024.0,3853
4494,1781455.0,3854
4495,1781868.0,3855
4496,1781967.0,3856
4497,1782455.0,3857
4500,1783629.0,3858
4501,1783893.0,3859
4503,1784513.0,3860
4504,1784854.0,3861
4505,1784901.0,3862
4506,1785025.0,3863
4507,1785281.0,3864
4508,1785742.0,3865
4509,1785870.0,3866
4510,1786690.0,3867
4511,1787340.0,3868
4512,1787482.0,3869
4513,1788033.0,3870
4514,1788123.0,3871
4515,1788622.0,3872
4516,1788838.0,3873
4517,1789380.0,3874
4518,1790046.0,3875
4519,1790211.0,3876
4520,1790431.0,3877
4521,1790655.0,3878
4523,1791094.0,3879
4524,1791794.0,3880
4526,1792344.0,3881
4527,1792493.0,3882
4528,1792590.0,3883
4529,1792596.0,3884
4530,1792815.0,3885
4532,1792979.0,3886
4534,1793472.0,3887
4535,1793649.0,3888
4536,1794083.0,3889
4537,1794436.0,3890
4538,1795383.0,3891
4540,1795674.0,3892
4541,1795874.0,3893
4542,1795885.0,3894
4543,1795955.0,3895
4545,1796831.0,3896
4546,1796963.0,3897
4547,1798013.0,3898
4548,1799451.0,3899
4549,1801056.0,3900
4550,1801454.0,3901
4552,1802306.0,3902
4553,1803193.0,3903
4554,1803238.0,3904
4555,1804157.0,3905
4556,1804323.0,3906
4557,1805796.0,3907
4558,1806287.0,3908
4559,1806781.0,3909
4561,1807635.0,3910
4563,1808441.0,3911
4564,1808973.0,3912
4565,1809944.0,3913
4566,1810414.0,3914
4567,1811954.0,3915
4568,1812148.0,3916
4570,1812760.0,3917
4571,1812941.0,3918
4572,1813065.0,3919
4573,1813128.0,3920
4574,1814243.0,3921
4575,1814858.0,3922
4576,1815307.0,3923
4577,1815675.0,3924
4578,1816055.0,3925
4579,1816265.0,3926
4580,1817932.0,3927
4581,1818692.0,3928
4583,1818824.0,3929
4584,1819009.0,3930
4585,1819549.0,3931
4588,1820611.0,3932
4589,1820908.0,3933
4590,1821106.0,3934
4591,1821151.0,3935
4592,1821252.0,3936
4593,1821845.0,3937
4594,1822023.0,3938
4595,1822489.0,3939
4596,1822668.0,3940
4597,1822989.0,3941
4598,1823094.0,3942
4599,1823272.0,3943
4600,1824382.0,3944
4601,1824802.0,3945
4602,1824986.0,3946
4603,1825409.0,3947
4604,1825527.0,3948
4605,1825558.0,3949
4606,1826079.0,3950
4607,1826182.0,3951
4608,1826197.0,3952
4611,1827658.0,3953
4612,1827799.0,3954
4613,1829119.0,3955
4614,1829434.0,3956
4615,1829490.0,3957
4616,1829555.0,3958
4617,1829705.0,3959
4619,1830426.0,3960
4620,1831011.0,3961
4621,1831097.0,3962
4622,1831141.0,3963
4623,1831841.0,3964
4624,1831980.0,3965
4625,1832116.0,3966
4627,1832291.0,3967
4628,1832416.0,3968
4629,1832430.0,3969
4630,1832928.0,3970
4631,1833034.0,3971
4632,1834491.0,3972
4633,1834501.0,3973
4634,1834636.0,3974
4635,1834918.0,3975
4636,1835334.0,3976
4637,1835513.0,3977
4639,1836180.0,3978
4640,1836305.0,3979
4641,1836335.0,3980
4642,1836739.0,3981
4643,1836988.0,3982
4644,1837006.0,3983
4645,1837093.0,3984
4646,1838183.0,3985
4647,1838318.0,3986
4648,1838552.0,3987
4649,1838746.0,3988
4650,1839156.0,3989
4651,1839647.0,3990
4652,1839674.0,3991
4653,1840012.0,3992
4654,1840016.0,3993
4655,1840102.0,3994
4656,1840319.0,3995
4657,1840872.0,3996
4658,1841051.0,3997
4659,1841309.0,3998
4660,1841654.0,3999
4661,1842136.0,4000
4662,1843162.0,4001
4663,1843170.0,4002
4664,1844054.0,4003
4665,1844658.0,4004
4666,1844823.0,4005
4667,1844932.0,4006
4668,1844965.0,4007
4669,1845047.0,4008
4670,1845223.0,4009
4671,1845896.0,4010
4672,1845933.0,4011
4673,1845940.0,4012
4674,1846108.0,4013
4676,1846892.0,4014
4677,1847024.0,4015
4678,1847140.0,4016
4679,1847233.0,4017
4680,1847442.0,4018
4681,1847669.0,4019
4682,1848063.0,4020
4683,1848554.0,4021
4684,1848901.0,4022
4685,1848937.0,4023
4686,1848959.0,4024
4687,1849160.0,4025
4688,1849329.0,4026
4689,1849387.0,4027
4690,1849748.0,4028
4691,1849827.0,4029
4692,1849861.0,4030
4693,1850910.0,4031
4694,1851107.0,4032
4695,1851297.0,4033
4697,1851400.0,4034
4698,1852463.0,4035
4699,1852573.0,4036
4700,1852683.0,4037
4701,1852766.0,4038
4702,1853146.0,4039
4703,1854008.0,4040
4704,1854376.0,4041
4705,1854431.0,4042
4706,1854452.0,4043
4707,1854483.0,4044
4708,1854590.0,4045
4710,1854848.0,4046
4711,1855010.0,4047
4712,1855187.0,4048
4714,1856273.0,4049
4715,1856775.0,4050
4716,1856916.0,4051
4717,1857055.0,4052
4718,1858014.0,4053
4719,1859593.0,4054
4720,1859653.0,4055
4721,1859822.0,4056
4723,1860054.0,4057
4725,1862341.0,4058
4726,1862631.0,4059
4727,1863049.0,4060
4728,1863051.0,4061
4729,1863700.0,4062
4730,1864635.0,4063
4731,1864896.0,4064
4732,1865317.0,4065
4733,1865561.0,4066
4734,1865933.0,4067
4735,1866035.0,4068
4736,1866610.0,4069
4737,1866803.0,4070
4738,1866815.0,4071
4739,1867339.0,4072
4740,1867501.0,4073
4741,1868137.0,4074
4742,1868508.0,4075
4744,1869364.0,4076
4745,1870046.0,4077
4746,1870494.0,4078
4747,1870572.0,4079
4748,1870719.0,4080
4750,1872029.0,4081
4751,1872287.0,4082
4752,1872400.0,4083
4753,1872916.0,4084
4754,1873077.0,4085
4755,1873415.0,4086
4756,1873709.0,4087
4757,1874147.0,4088
4758,1874601.0,4089
4760,1875006.0,4090
4761,1875098.0,4091
4763,1875869.0,4092
4765,1876394.0,4093
4767,1878357.0,4094
4768,1878959.0,4095
4769,1878990.0,4096
4770,1879326.0,4097
4771,1879372.0,4098
4772,1879409.0,4099
4773,1879699.0,4100
4774,1879877.0,4101
4775,1879942.0,4102
4776,1880683.0,4103
4777,1881138.0,4104
4778,1881178.0,4105
4779,1881440.0,4106
4780,1881588.0,4107
4781,1882425.0,4108
4782,1883147.0,4109
4783,1885379.0,4110
4784,1885928.0,4111
4785,1887877.0,4112
4786,1888007.0,4113
4787,1888244.0,4114
4788,1888282.0,4115
4789,1888545.0,4116
4790,1889423.0,4117
4791,1890585.0,4118
4792,1891169.0,4119
4793,1892618.0,4120
4795,1894207.0,4121
4796,1894490.0,4122
4797,1894614.0,4123
4799,1894968.0,4124
4800,1895655.0,4125
4801,1895925.0,4126
4802,1897075.0,4127
4803,1897353.0,4128
4804,1897370.0,4129
4806,1897772.0,4130
4807,1897790.0,4131
4808,1897877.0,4132
4809,1898196.0,4133
4810,1899021.0,4134
4811,1899324.0,4135
4812,1900396.0,4136
4814,1901506.0,4137
4815,1901700.0,4138
4816,1901959.0,4139
4817,1903648.0,4140
4818,1903768.0,4141
4820,1904054.0,4142
4821,1904345.0,4143
4822,1904532.0,4144
4823,1905648.0,4145
4825,1906788.0,4146
4826,1907546.0,4147
4827,1908247.0,4148
4828,1908252.0,4149
4829,1908405.0,4150
4830,1908527.0,4151
4831,1908626.0,4152
4832,1908854.0,4153
4833,1909143.0,4154
4834,1909724.0,4155
4835,1910200.0,4156
4836,1911801.0,4157
4837,1912246.0,4158
4838,1912763.0,4159
4839,1913681.0,4160
4840,1915776.0,4161
4841,1916061.0,4162
4842,1916761.0,4163
4843,1916865.0,4164
4845,1917514.0,4165
4846,1917791.0,4166
4847,1917945.0,4167
4848,1917965.0,4168
4849,1918161.0,4169
4850,1918550.0,4170
4851,1918948.0,4171
4852,1919461.0,4172
4853,1920483.0,4173
4854,1920484.0,4174
4858,1921679.0,4175
4859,1921763.0,4176
4860,1921839.0,4177
4861,1922226.0,4178
4864,1922580.0,4179
4865,1922855.0,4180
4866,1923685.0,4181
4867,1924265.0,4182
4868,1924619.0,4183
4869,1924726.0,4184
4870,1924795.0,4185
4871,1926181.0,4186
4872,1926187.0,4187
4873,1926315.0,4188
4874,1926464.0,4189
4875,1926890.0,4190
4877,1927256.0,4191
4878,1927852.0,4192
4879,1928062.0,4193
4880,1928123.0,4194
4881,1928889.0,4195
4882,1929004.0,4196
4883,1929421.0,4197
4884,1930791.0,4198
4886,1931622.0,4199
4887,1931626.0,4200
4889,1932060.0,4201
4890,1932181.0,4202
4891,1932601.0,4203
4893,1933249.0,4204
4894,1933879.0,4205
4895,1934354.0,4206
4896,1935272.0,4207
4897,1935875.0,4208
4899,1936080.0,4209
4900,1936814.0,4210
4902,1937178.0,4211
4903,1937523.0,4212
4904,1937716.0,4213
4905,1937835.0,4214
4906,1938133.0,4215
4907,1938182.0,4216
4908,1938226.0,4217
4909,1938680.0,4218
4910,1938729.0,4219
4911,1939371.0,4220
4912,1939817.0,4221
4913,1939837.0,4222
4914,1940320.0,4223
4915,1940621.0,4224
4916,1940681.0,4225
4917,1941089.0,4226
4918,1941580.0,4227
4919,1941835.0,4228
4920,1941918.0,4229
4921,1941969.0,4230
4922,1942071.0,4231
4923,1942246.0,4232
4924,1942432.0,4233
4925,1942673.0,4234
4926,1942963.0,4235
4927,1944073.0,4236
4928,1944917.0,4237
4929,1944944.0,4238
4930,1945183.0,4239
4931,1945458.0,4240
4932,1945729.0,4241
4933,1945773.0,4242
4934,1946033.0,4243
4935,1946065.0,4244
4936,1946791.0,4245
4937,1946807.0,4246
4939,1947175.0,4247
4940,1947397.0,4248
4942,1947626.0,4249
4943,1948556.0,4250
4944,1948590.0,4251
4945,1949407.0,4252
4949,1951931.0,4253
4950,1952139.0,4254
4952,1953246.0,4255
4953,1953290.0,4256
4954,1953423.0,4257
4956,1954423.0,4258
4957,1955759.0,4259
4958,1956367.0,4260
4959,1956616.0,4261
4960,1956623.0,4262
4961,1956907.0,4263
4962,1956917.0,4264
4964,1957283.0,4265
4966,1957666.0,4266
4967,1957692.0,4267
4968,1958347.0,4268
4971,1959399.0,4269
4972,1959523.0,4270
4974,1960501.0,4271
4976,1961187.0,4272
4977,1961321.0,4273
4981,1962264.0,4274
4982,1962524.0,4275
4984,1963356.0,4276
4986,1963991.0,4277
4987,1964410.0,4278
4988,1965876.0,4279
4990,1966363.0,4280
4991,1966388.0,4281
4992,1967115.0,4282
4993,1967929.0,4283
4994,1967973.0,4284
4995,1968482.0,4285
4996,1968667.0,4286
4997,1968797.0,4287
4998,1969421.0,4288
4999,1970547.0,4289
5000,1970866.0,4290
5001,1970924.0,4291
5002,1971354.0,4292
5003,1971444.0,4293
5004,1972205.0,4294
5005,1972401.0,4295
5006,1972932.0,4296
5008,1973462.0,4297
5009,1974296.0,4298
5011,1975022.0,4299
5012,1975045.0,4300
5013,1975130.0,4301
5014,1975235.0,4302
5015,1975850.0,4303
5016,1975907.0,4304
5017,1976755.0,4305
5018,1976809.0,4306
5019,1977231.0,4307
5020,1977505.0,4308
5021,1977868.0,4309
5022,1978307.0,4310
5023,1978336.0,4311
5025,1979983.0,4312
5028,1981152.0,4313
5029,1981195.0,4314
5030,1981344.0,4315
5031,1981409.0,4316
5032,1982736.0,4317
5033,1982833.0,4318
5034,1982920.0,4319
5035,1982924.0,4320
5036,1983012.0,4321
5038,1983274.0,4322
5039,1983530.0,4323
5040,1983696.0,4324
5042,1984022.0,4325
5043,1984266.0,4326
5044,1984297.0,4327
5045,1984792.0,4328
5046,1985650.0,4329
5047,1985711.0,4330
5048,1986390.0,4331
5050,1986767.0,4332
5051,1987329.0,4333
5052,1987668.0,4334
5053,1987704.0,4335
5054,1987844.0,4336
5055,1988401.0,4337
5056,1988662.0,4338
5057,1989122.0,4339
5059,1989249.0,4340
5060,1989508.0,4341
5062,1989847.0,4342
5063,1990358.0,4343
5064,1990840.0,4344
5065,1991446.0,4345
5066,1992242.0,4346
5067,1992427.0,4347
5068,1992890.0,4348
5069,1992900.0,4349
5070,1993675.0,4350
5071,1994573.0,4351
5072,1995676.0,4352
5073,1995747.0,4353
5074,1995800.0,4354
5075,1995914.0,4355
5076,1995958.0,4356
5077,1996809.0,4357
5078,1997352.0,4358
5079,1997359.0,4359
5080,1998320.0,4360
5081,1998637.0,4361
5082,1998797.0,4362
5084,1998913.0,4363
5085,1999441.0,4364
5086,1999457.0,4365
5087,1999574.0,4366
5088,1999907.0,4367
5089,2000262.0,4368
5090,2000342.0,4369
5091,2000481.0,4370
5092,2000631.0,4371
5093,2000763.0,4372
5094,2001916.0,4373
5095,2002238.0,4374
5096,2002256.0,4375
5097,2003519.0,4376
5098,2004531.0,4377
5100,2005331.0,4378
5101,2005378.0,4379
5102,2006085.0,4380
5103,2006125.0,4381
5104,2006335.0,4382
5106,2007053.0,4383
5109,2008333.0,4384
5110,2008956.0,4385
5111,2008983.0,4386
5112,2009042.0,4387
5115,2010419.0,4388
5116,2011252.0,4389
5117,2012151.0,4390
5119,2012459.0,4391
5120,2012679.0,4392
5121,2012774.0,4393
5122,2013098.0,4394
5123,2013152.0,4395
5125,2014610.0,4396
5126,2014697.0,4397
5127,2015301.0,4398
5128,2015446.0,4399
5130,2016590.0,4400
5131,2016688.0,4401
5132,2016939.0,4402
5133,2016941.0,4403
5134,2017379.0,4404
5135,2017912.0,4405
5136,2017990.0,4406
5137,2018540.0,4407
5138,2018585.0,4408
5139,2018904.0,4409
5140,2019594.0,4410
5141,2020100.0,4411
5142,2020352.0,4412
5144,2021215.0,4413
5145,2021345.0,4414
5147,2021838.0,4415
5148,2022340.0,4416
5149,2022691.0,4417
5150,2024319.0,4418
5152,2025185.0,4419
5153,2025231.0,4420
5154,2025513.0,4421
5155,2025872.0,4422
5156,2026631.0,4423
5157,2027544.0,4424
5159,2028550.0,4425
5160,2029024.0,4426
5161,2029927.0,4427
5165,2031445.0,4428
5166,2031920.0,4429
5167,2032148.0,4430
5168,2033147.0,4431
5170,2033623.0,4432
5172,2035631.0,4433
5174,2035725.0,4434
5175,2036785.0,4435
5176,2037381.0,4436
5177,2037590.0,4437
5178,2037796.0,4438
5179,2038246.0,4439
5180,2039258.0,4440
5181,2039436.0,4441
5182,2039660.0,4442
5183,2040272.0,4443
5184,2040643.0,4444
5185,2041501.0,4445
5186,2042514.0,4446
5187,2042739.0,4447
5188,2043028.0,4448
5189,2043746.0,4449
5190,2044283.0,4450
5191,2044427.0,4451
5192,2044669.0,4452
5193,2045514.0,4453
5194,2045986.0,4454
5195,2046095.0,4455
5198,2048230.0,4456
5200,2048862.0,4457
5201,2048883.0,4458
5202,2049469.0,4459
5203,2049604.0,4460
5205,2050264.0,4461
5206,2050652.0,4462
5207,2050782.0,4463
5209,2051229.0,4464
5210,2051734.0,4465
5211,2051850.0,4466
5213,2053042.0,4467
5214,2053335.0,4468
5215,2053568.0,4469
5216,2053870.0,4470
5217,2054128.0,4471
5218,2054671.0,4472
5219,2054852.0,4473
5220,2055456.0,4474
5222,2055885.0,4475
5223,2056666.0,4476
5224,2057409.0,4477
5225,2058200.0,4478
5226,2058271.0,4479
5227,2058293.0,4480
5228,2058354.0,4481
5229,2058526.0,4482
5230,2058901.0,4483
5232,2060719.0,4484
5233,2060738.0,4485
5234,2060772.0,4486
5235,2061431.0,4487
5236,2062276.0,4488
5237,2062316.0,4489
5238,2063430.0,4490
5239,2063648.0,4491
5240,2063663.0,4492
5241,2064245.0,4493
5242,2064404.0,4494
5243,2064470.0,4495
5244,2065057.0,4496
5245,2065171.0,4497
5246,2065691.0,4498
5247,2066114.0,4499
5248,2066355.0,4500
5249,2067562.0,4501
5250,2068326.0,4502
5251,2069068.0,4503
5252,2069208.0,4504
5253,2069454.0,4505
5254,2069526.0,4506
5255,2069612.0,4507
5256,2070569.0,4508
5257,2070574.0,4509
5258,2071032.0,4510
5259,2071997.0,4511
5260,2072917.0,4512
5261,2073060.0,4513
5262,2074006.0,4514
5263,2074059.0,4515
5264,2074124.0,4516
5265,2074170.0,4517
5266,2074372.0,4518
5267,2074800.0,4519
5268,2074866.0,4520
5269,2075575.0,4521
5270,2075583.0,4522
5271,2076213.0,4523
5272,2076217.0,4524
5273,2076230.0,4525
5274,2076245.0,4526
5275,2076444.0,4527
5276,2076520.0,4528
5277,2076574.0,4529
5278,2076656.0,4530
5279,2076882.0,4531
5280,2076994.0,4532
5281,2076998.0,4533
5283,2077181.0,4534
5284,2078029.0,4535
5285,2078301.0,4536
5286,2078346.0,4537
5287,2078782.0,4538
5288,2078795.0,4539
5289,2078844.0,4540
5290,2079148.0,4541
5291,2079177.0,4542
5292,2079430.0,4543
5294,2079777.0,4544
5295,2080060.0,4545
5296,2080601.0,4546
5297,2080809.0,4547
5298,2080840.0,4548
5299,2080994.0,4549
5300,2081371.0,4550
5301,2082428.0,4551
5302,2082632.0,4552
5303,2082673.0,4553
5304,2083018.0,4554
5305,2083739.0,4555
5307,2085001.0,4556
5309,2085329.0,4557
5310,2086335.0,4558
5311,2086610.0,4559
5312,2086922.0,4560
5313,2087658.0,4561
5314,2087923.0,4562
5315,2088915.0,4563
5316,2089118.0,4564
5317,2089365.0,4565
5318,2089731.0,4566
5319,2090829.0,4567
5320,2091284.0,4568
5321,2092193.0,4569
5322,2092379.0,4570
5324,2093219.0,4571
5326,2094128.0,4572
5327,2094164.0,4573
5328,2095015.0,4574
5329,2095302.0,4575
5330,2095577.0,4576
5331,2095681.0,4577
5332,2096791.0,4578
5333,2096981.0,4579
5334,2097185.0,4580
5335,2097506.0,4581
5336,2097643.0,4582
5337,2097922.0,4583
5338,2098917.0,4584
5339,2099224.0,4585
5340,2100378.0,4586
5342,2100670.0,4587
5343,2100731.0,4588
5344,2100827.0,4589
5345,2101421.0,4590
5346,2101813.0,4591
5347,2102632.0,4592
5348,2102929.0,4593
5349,2104043.0,4594
5350,2104201.0,4595
5351,2104911.0,4596
5352,2105074.0,4597
5353,2105149.0,4598
5354,2105280.0,4599
5355,2105425.0,4600
5356,2105433.0,4601
5357,2106175.0,4602
5358,2106453.0,4603
5359,2106837.0,4604
5360,2108419.0,4605
5361,2110234.0,4606
5362,2110330.0,4607
5363,2110628.0,4608
5364,2111536.0,4609
5365,2111867.0,4610
5368,2113161.0,4611
5369,2114245.0,4612
5370,2114339.0,4613
5371,2114398.0,4614
5372,2114772.0,4615
5373,2115812.0,4616
5374,2116781.0,4617
5375,2117773.0,4618
5376,2118443.0,4619
5377,2119113.0,4620
5378,2119441.0,4621
5379,2121354.0,4622
5380,2121445.0,4623
5381,2121582.0,4624
5382,2121825.0,4625
5383,2121883.0,4626
5384,2121908.0,4627
5385,2122238.0,4628
5386,2122911.0,4629
5387,2123385.0,4630
5388,2123746.0,4631
5389,2124401.0,4632
5390,2124605.0,4633
5391,2124969.0,4634
5394,2126814.0,4635
5395,2127518.0,4636
5396,2127574.0,4637
5397,2128581.0,4638
5398,2128807.0,4639
5399,2129171.0,4640
5400,2129515.0,4641
5401,2129525.0,4642
5402,2129945.0,4643
5403,2129949.0,4644
5404,2130465.0,4645
5405,2130503.0,4646
5406,2130565.0,4647
5407,2130630.0,4648
5408,2130873.0,4649
5409,2130891.0,4650
5410,2130984.0,4651
5412,2131319.0,4652
5413,2131477.0,4653
5414,2131762.0,4654
5415,2131856.0,4655
5416,2132137.0,4656
5417,2132264.0,4657
5418,2132680.0,4658
5419,2132890.0,4659
5420,2133361.0,4660
5421,2134752.0,4661
5422,2135546.0,4662
5423,2136053.0,4663
5424,2136584.0,4664
5425,2136874.0,4665
5427,2137628.0,4666
5428,2137688.0,4667
5431,2138387.0,4668
5432,2138935.0,4669
5433,2139279.0,4670
5434,2139598.0,4671
5435,2139751.0,4672
5436,2140288.0,4673
5437,2140710.0,4674
5438,2140791.0,4675
5439,2141023.0,4676
5440,2141228.0,4677
5441,2141506.0,4678
5442,2142212.0,4679
5443,2142881.0,4680
5444,2142886.0,4681
5445,2146410.0,4682
5446,2148728.0,4683
5447,2148861.0,4684
5449,2149673.0,4685
5450,2150350.0,4686
5451,2150610.0,4687
5452,2150825.0,4688
5453,2151018.0,4689
5454,2151575.0,4690
5455,2151664.0,4691
5456,2151736.0,4692
5457,2152455.0,4693
5458,2152943.0,4694
5459,2153330.0,4695
5460,2153493.0,4696
5461,2153967.0,4697
5462,2154310.0,4698
5463,2155372.0,4699
5464,2156196.0,4700
5465,2157632.0,4701
5466,2158135.0,4702
5467,2158423.0,4703
5469,2158666.0,4704
5470,2159205.0,4705
5471,2159430.0,4706
5472,2159494.0,4707
5473,2160279.0,4708
5474,2161207.0,4709
5475,2161297.0,4710
5476,2161670.0,4711
5477,2161760.0,4712
5478,2161802.0,4713
5479,2161808.0,4714
5480,2161892.0,4715
5481,2162007.0,4716
5482,2162103.0,4717
5483,2162534.0,4718
5484,2162841.0,4719
5485,2163599.0,4720
5486,2163626.0,4721
5487,2163808.0,4722
5488,2164147.0,4723
5489,2164258.0,4724
5490,2164433.0,4725
5491,2164440.0,4726
5492,2164668.0,4727
5493,2164773.0,4728
5494,2165006.0,4729
5495,2165145.0,4730
5496,2165223.0,4731
5497,2165734.0,4732
5498,2166036.0,4733
5499,2166615.0,4734
5500,2167276.0,4735
5501,2167775.0,4736
5502,2167900.0,4737
5503,2168070.0,4738
5504,2168239.0,4739
5505,2168474.0,4740
5506,2168736.0,4741
5509,2170634.0,4742
5510,2171123.0,4743
5511,2171588.0,4744
5512,2171879.0,4745
5513,2172090.0,4746
5514,2172726.0,4747
5515,2173361.0,4748
5516,2174210.0,4749
5517,2174376.0,4750
5518,2174495.0,4751
5519,2175253.0,4752
5521,2176069.0,4753
5522,2176219.0,4754
5523,2176638.0,4755
5524,2177285.0,4756
5525,2178433.0,4757
5526,2178638.0,4758
5527,2179644.0,4759
5528,2179740.0,4760
5529,2180370.0,4761
5530,2180777.0,4762
5531,2181780.0,4763
5532,2181984.0,4764
5533,2182254.0,4765
5534,2182295.0,4766
5535,2182641.0,4767
5536,2183174.0,4768
5538,2184646.0,4769
5539,2184946.0,4770
5540,2185275.0,4771
5541,2185345.0,4772
5542,2185557.0,4773
5543,2185597.0,4774
5544,2186180.0,4775
5546,2186429.0,4776
5547,2186635.0,4777
5548,2186833.0,4778
5549,2187198.0,4779
5550,2187282.0,4780
5552,2187360.0,4781
5553,2187408.0,4782
5554,2187441.0,4783
5555,2187636.0,4784
5556,2187894.0,4785
5557,2188158.0,4786
5558,2188278.0,4787
5559,2188555.0,4788
5560,2188768.0,4789
5561,2189692.0,4790
5562,2190417.0,4791
5563,2191207.0,4792
5565,2191816.0,4793
5566,2193011.0,4794
5567,2193070.0,4795
5568,2193435.0,4796
5569,2193519.0,4797
5570,2194319.0,4798
5571,2194463.0,4799
5572,2194792.0,4800
5573,2194945.0,4801
5574,2195051.0,4802
5576,2195825.0,4803
5577,2196117.0,4804
5578,2196503.0,4805
5579,2196735.0,4806
5580,2196759.0,4807
5581,2196793.0,4808
5582,2197008.0,4809
5583,2197254.0,4810
5584,2197348.0,4811
5585,2197361.0,4812
5586,2197363.0,4813
5587,2197534.0,4814
5588,2197582.0,4815
5589,2197951.0,4816
5590,2198985.0,4817
5591,2199153.0,4818
5592,2199311.0,4819
5593,2199488.0,4820
5594,2199994.0,4821
5595,2200043.0,4822
5596,2200810.0,4823
5597,2201080.0,4824
5598,2201346.0,4825
5599,2201639.0,4826
5601,2202067.0,4827
5602,2202154.0,4828
5603,2202609.0,4829
5604,2205198.0,4830
5605,2205361.0,4831
5606,2206354.0,4832
5607,2206539.0,4833
5608,2207072.0,4834
5610,2207910.0,4835
5611,2207918.0,4836
5612,2207956.0,4837
5617,2209804.0,4838
5618,2210037.0,4839
5619,2210846.0,4840
5620,2211127.0,4841
5621,2211865.0,4842
5622,2212358.0,4843
5623,2212551.0,4844
5624,2212584.0,4845
5625,2212594.0,4846
5626,2212716.0,4847
5627,2213493.0,4848
5628,2213564.0,4849
5629,2213617.0,4850
5630,2213989.0,4851
5631,2214238.0,4852
5632,2214313.0,4853
5633,2214865.0,4854
5634,2215149.0,4855
5635,2215233.0,4856
5636,2215574.0,4857
5637,2215817.0,4858
5638,2216000.0,4859
5639,2216108.0,4860
5640,2216264.0,4861
5641,2217039.0,4862
5642,2217342.0,4863
5644,2217771.0,4864
5645,2218421.0,4865
5646,2219833.0,4866
5647,2220253.0,4867
5648,2220666.0,4868
5649,2222010.0,4869
5650,2222617.0,4870
5651,2222700.0,4871
5652,2223132.0,4872
5653,2223340.0,4873
5654,2223933.0,4874
5655,2224186.0,4875
5656,2224430.0,4876
5657,2224917.0,4877
5658,2225004.0,4878
5659,2225321.0,4879
5660,2225503.0,4880
5662,2225890.0,4881
5663,2225964.0,4882
5664,2226308.0,4883
5665,2226468.0,4884
5666,2226618.0,4885
5667,2227238.0,4886
5668,2227835.0,4887
5669,2229654.0,4888
5670,2229944.0,4889
5671,2229967.0,4890
5672,2230434.0,4891
5673,2230595.0,4892
5674,2231677.0,4893
5675,2231993.0,4894
5676,2232042.0,4895
5677,2232487.0,4896
5678,2232704.0,4897
5679,2232805.0,4898
5680,2232992.0,4899
5681,2233023.0,4900
5682,2233053.0,4901
5683,2233131.0,4902
5684,2233437.0,4903
5685,2233995.0,4904
5686,2234204.0,4905
5687,2234521.0,4906
5688,2234569.0,4907
5689,2234609.0,4908
5690,2234629.0,4909
5692,2235314.0,4910
5693,2237193.0,4911
5694,2237740.0,4912
5695,2238753.0,4913
5696,2238758.0,4914
5697,2239099.0,4915
5698,2239120.0,4916
5699,2239654.0,4917
5700,2241466.0,4918
5701,2241857.0,4919
5702,2242394.0,4920
5703,2242641.0,4921
5704,2242709.0,4922
5705,2242979.0,4923
5706,2243038.0,4924
5707,2243389.0,4925
5708,2243909.0,4926
5709,2244677.0,4927
5710,2244711.0,4928
5711,2245921.0,4929
5712,2247195.0,4930
5714,2247312.0,4931
5715,2247692.0,4932
5716,2248990.0,4933
5717,2249531.0,4934
5718,2249642.0,4935
5719,2249661.0,4936
5720,2250070.0,4937
5722,2250562.0,4938
5723,2250625.0,4939
5724,2251171.0,4940
5725,2251642.0,4941
5726,2251728.0,4942
5727,2251886.0,4943
5728,2251948.0,4944
5729,2251950.0,4945
5731,2253158.0,4946
5732,2253331.0,4947
5733,2253363.0,4948
5734,2254232.0,4949
5736,2255374.0,4950
5737,2255639.0,4951
5738,2255914.0,4952
5739,2256104.0,4953
5740,2256595.0,4954
5741,2256957.0,4955
5742,2257219.0,4956
5743,2257308.0,4957
5744,2258060.0,4958
5745,2258137.0,4959
5746,2258314.0,4960
5747,2259611.0,4961
5748,2259863.0,4962
5749,2260516.0,4963
5750,2260694.0,4964
5751,2260956.0,4965
5752,2261061.0,4966
5753,2261265.0,4967
5755,2261451.0,4968
5756,2262507.0,4969
5757,2262591.0,4970
5758,2262639.0,4971
5760,2264517.0,4972
5761,2264802.0,4973
5762,2264809.0,4974
5763,2264847.0,4975
5764,2265085.0,4976
5765,2265477.0,4977
5766,2265928.0,4978
5767,2266310.0,4979
5768,2266724.0,4980
5769,2267198.0,4981
5771,2267528.0,4982
5772,2268414.0,4983
5773,2269671.0,4984
5774,2269786.0,4985
5775,2269822.0,4986
5776,2269969.0,4987
5777,2270356.0,4988
5778,2270377.0,4989
5779,2270860.0,4990
5780,2270961.0,4991
5783,2272888.0,4992
5784,2273435.0,4993
5785,2273745.0,4994
5786,2274192.0,4995
5787,2275305.0,4996
5788,2275307.0,4997
5789,2275629.0,4998
5790,2276241.0,4999
5791,2277473.0,5000
5792,2277724.0,5001
5797,2279707.0,5002
5798,2280135.0,5003
5799,2280303.0,5004
5800,2280506.0,5005
5801,2280607.0,5006
5802,2280693.0,5007
5803,2280783.0,5008
5805,2281731.0,5009
5806,2282360.0,5010
5807,2283058.0,5011
5809,2283840.0,5012
5811,2284382.0,5013
5812,2284536.0,5014
5813,2284858.0,5015
5814,2285294.0,5016
5815,2285931.0,5017
5816,2286872.0,5018
5817,2288086.0,5019
5818,2288218.0,5020
5819,2288560.0,5021
5820,2289220.0,5022
5821,2289468.0,5023
5822,2289484.0,5024
5823,2289864.0,5025
5824,2290508.0,5026
5825,2290736.0,5027
5826,2290956.0,5028
5827,2291064.0,5029
5828,2291197.0,5030
5829,2291542.0,5031
5830,2291987.0,5032
5831,2292100.0,5033
5832,2292155.0,5034
5833,2292920.0,5035
5834,2293549.0,5036
5835,2293555.0,5037
5836,2294906.0,5038
5839,2295295.0,5039
5840,2295476.0,5040
5841,2295950.0,5041
5842,2296912.0,5042
5843,2297178.0,5043
5845,2297615.0,5044
5846,2297635.0,5045
5847,2297960.0,5046
5848,2298318.0,5047
5849,2298469.0,5048
5850,2298634.0,5049
5851,2298895.0,5050
5852,2299159.0,5051
5853,2299478.0,5052
5854,2299482.0,5053
5855,2299646.0,5054
5857,2300417.0,5055
5858,2300750.0,5056
5859,2301022.0,5057
5860,2301086.0,5058
5861,2301300.0,5059
5862,2301899.0,5060
5863,2301965.0,5061
5864,2302135.0,5062
5865,2304067.0,5063
5867,2304223.0,5064
5868,2304424.0,5065
5869,2305726.0,5066
5870,2306195.0,5067
5872,2308473.0,5068
5873,2309292.0,5069
5874,2310965.0,5070
5876,2310974.0,5071
5877,2311610.0,5072
5878,2313055.0,5073
5880,2314079.0,5074
5881,2314122.0,5075
5882,2315293.0,5076
5884,2315727.0,5077
5885,2316473.0,5078
5886,2316755.0,5079
5887,2317834.0,5080
5888,2317851.0,5081
5889,2318344.0,5082
5890,2318496.0,5083
5891,2319082.0,5084
5892,2319193.0,5085
5893,2319275.0,5086
5894,2319426.0,5087
5896,2320465.0,5088
5897,2320854.0,5089
5898,2321441.0,5090
5899,2322205.0,5091
5900,2322720.0,5092
5901,2322805.0,5093
5902,2323783.0,5094
5903,2323838.0,5095
5905,2323956.0,5096
5906,2324338.0,5097
5908,2324570.0,5098
5909,2324664.0,5099
5910,2324911.0,5100
5911,2325239.0,5101
5912,2325270.0,5102
5913,2325275.0,5103
5914,2325373.0,5104
5915,2325844.0,5105
5916,2326201.0,5106
5917,2326220.0,5107
5918,2326350.0,5108
5919,2327969.0,5109
5920,2328045.0,5110
5921,2328074.0,5111
5922,2328107.0,5112
5923,2328230.0,5113
5924,2328470.0,5114
5925,2330080.0,5115
5926,2330309.0,5116
5927,2330474.0,5117
5928,2330640.0,5118
5930,2331864.0,5119
5931,2331936.0,5120
5932,2332468.0,5121
5933,2332527.0,5122
5934,2332574.0,5123
5935,2332892.0,5124
5936,2332953.0,5125
5937,2333203.0,5126
5939,2333838.0,5127
5940,2334027.0,5128
5941,2334316.0,5129
5942,2334861.0,5130
5943,2334904.0,5131
5944,2335404.0,5132
5945,2335732.0,5133
5946,2335977.0,5134
5947,2336116.0,5135
5948,2336159.0,5136
5949,2337232.0,5137
5951,2338795.0,5138
5952,2338934.0,5139
5953,2338947.0,5140
5954,2339195.0,5141
5955,2339236.0,5142
5957,2339653.0,5143
5958,2339799.0,5144
5959,2340120.0,5145
5961,2342019.0,5146
5962,2342508.0,5147
5963,2343498.0,5148
5964,2344246.0,5149
5965,2344667.0,5150
5966,2344864.0,5151
5967,2345140.0,5152
5968,2345176.0,5153
5969,2345730.0,5154
5970,2347086.0,5155
5971,2347213.0,5156
5972,2348273.0,5157
5973,2348874.0,5158
5974,2349004.0,5159
5975,2349078.0,5160
5976,2349807.0,5161
5977,2350447.0,5162
5978,2351817.0,5163
5979,2352290.0,5164
5980,2352520.0,5165
5981,2353542.0,5166
5982,2354008.0,5167
5983,2354973.0,5168
5984,2356453.0,5169
5986,2356934.0,5170
5987,2357245.0,5171
5988,2357396.0,5172
5989,2357406.0,5173
5991,2358205.0,5174
5993,2358756.0,5175
5994,2358879.0,5176
5995,2359686.0,5177
5996,2360118.0,5178
5997,2360914.0,5179
5998,2361262.0,5180
5999,2361502.0,5181
6000,2361634.0,5182
6002,2362734.0,5183
6003,2363143.0,5184
6004,2363151.0,5185
6005,2363171.0,5186
6006,2363318.0,5187
6007,2363343.0,5188
6008,2363487.0,5189
6009,2364527.0,5190
6010,2365647.0,5191
6011,2367399.0,5192
6012,2367943.0,5193
6013,2369658.0,5194
6015,2371424.0,5195
6016,2371587.0,5196
6017,2371686.0,5197
6018,2372310.0,5198
6019,2372323.0,5199
6020,2372354.0,5200
6021,2372598.0,5201
6022,2372736.0,5202
6023,2373321.0,5203
6024,2373436.0,5204
6025,2374662.0,5205
6026,2375594.0,5206
6027,2375623.0,5207
6028,2375689.0,5208
6029,2375984.0,5209
6030,2376092.0,5210
6031,2376240.0,5211
6032,2376920.0,5212
6033,2377150.0,5213
6034,2378994.0,5214
6036,2379904.0,5215
6037,2380051.0,5216
6038,2380112.0,5217
6040,2382547.0,5218
6041,2382805.0,5219
6042,2383388.0,5220
6043,2383402.0,5221
6044,2383440.0,5222
6045,2383870.0,5223
6047,2384475.0,5224
6048,2384716.0,5225
6049,2385108.0,5226
6050,2385577.0,5227
6051,2385859.0,5228
6052,2386141.0,5229
6053,2386685.0,5230
6054,2386819.0,5231
6056,2387409.0,5232
6057,2387767.0,5233
6058,2388159.0,5234
6059,2388549.0,5235
6060,2389213.0,5236
6061,2389217.0,5237
6062,2389258.0,5238
6063,2389730.0,5239
6064,2389827.0,5240
6065,2389909.0,5241
6066,2390495.0,5242
6067,2390571.0,5243
6069,2391204.0,5244
6070,2391331.0,5245
6071,2392361.0,5246
6072,2393058.0,5247
6073,2393130.0,5248
6074,2394867.0,5249
6075,2395239.0,5250
6076,2395249.0,5251
6077,2395511.0,5252
6078,2395666.0,5253
6079,2396003.0,5254
6080,2396168.0,5255
6081,2396547.0,5256
6082,2397537.0,5257
6083,2397678.0,5258
6084,2397772.0,5259
6085,2397995.0,5260
6087,2400026.0,5261
6088,2400321.0,5262
6089,2400767.0,5263
6090,2401108.0,5264
6091,2401549.0,5265
6093,2402284.0,5266
6094,2402594.0,5267
6095,2402741.0,5268
6096,2403087.0,5269
6097,2403159.0,5270
6098,2403581.0,5271
6099,2404238.0,5272
6100,2404689.0,5273
6101,2404933.0,5274
6102,2405037.0,5275
6103,2405202.0,5276
6104,2405304.0,5277
6105,2405715.0,5278
6106,2406394.0,5279
6109,2407938.0,5280
6110,2407969.0,5281
6111,2408206.0,5282
6113,2408514.0,5283
6114,2409012.0,5284
6115,2409515.0,5285
6116,2409994.0,5286
6117,2410141.0,5287
6118,2410340.0,5288
6119,2410369.0,5289
6120,2410835.0,5290
6121,2410925.0,5291
6122,2411016.0,5292
6123,2411204.0,5293
6124,2411354.0,5294
6126,2411894.0,5295
6127,2412026.0,5296
6128,2413448.0,5297
6129,2415068.0,5298
6131,2415659.0,5299
6132,2415860.0,5300
6133,2416565.0,5301
6135,2418109.0,5302
6136,2418701.0,5303
6137,2419435.0,5304
6138,2419471.0,5305
6139,2420342.0,5306
6140,2421536.0,5307
6143,2422312.0,5308
6145,2422774.0,5309
6146,2422795.0,5310
6147,2422986.0,5311
6148,2423446.0,5312
6150,2424635.0,5313
6151,2424760.0,5314
6152,2424813.0,5315
6153,2424921.0,5316
6154,2425146.0,5317
6155,2425410.0,5318
6156,2425534.0,5319
6157,2425699.0,5320
6158,2425867.0,5321
6159,2426193.0,5322
6162,2428939.0,5323
6163,2429087.0,5324
6164,2429479.0,5325
6165,2429546.0,5326
6166,2429716.0,5327
6167,2429961.0,5328
6168,2430480.0,5329
6169,2430824.0,5330
6170,2432207.0,5331
6171,2433379.0,5332
6172,2433768.0,5333
6174,2433955.0,5334
6175,2434504.0,5335
6176,2434755.0,5336
6177,2434815.0,5337
6178,2435853.0,5338
6179,2436256.0,5339
6180,2436674.0,5340
6183,2437576.0,5341
6184,2438447.0,5342
6185,2438559.0,5343
6186,2438747.0,5344
6187,2438939.0,5345
6188,2442013.0,5346
6189,2442307.0,5347
6190,2442366.0,5348
6191,2443190.0,5349
6193,2444006.0,5350
6194,2444380.0,5351
6195,2444704.0,5352
6197,2445717.0,5353
6198,2446674.0,5354
6199,2446744.0,5355
6200,2446840.0,5356
6201,2447022.0,5357
6202,2447395.0,5358
6203,2447459.0,5359
6204,2447773.0,5360
6205,2447792.0,5361
6206,2448297.0,5362
6207,2449290.0,5363
6208,2449367.0,5364
6210,2449464.0,5365
6211,2449681.0,5366
6212,2449735.0,5367
6213,2449912.0,5368
6214,2450144.0,5369
6215,2450200.0,5370
6216,2450204.0,5371
6217,2450230.0,5372
6218,2453176.0,5373
6219,2453518.0,5374
6220,2453571.0,5375
6221,2453657.0,5376
6223,2453800.0,5377
6224,2453837.0,5378
6225,2454019.0,5379
6226,2454050.0,5380
6227,2454125.0,5381
6228,2454817.0,5382
6229,2454871.0,5383
6230,2454887.0,5384
6231,2455235.0,5385
6232,2455347.0,5386
6233,2455648.0,5387
6234,2455699.0,5388
6235,2455795.0,5389
6236,2455844.0,5390
6237,2456014.0,5391
6238,2456081.0,5392
6240,2456487.0,5393
6241,2456614.0,5394
6242,2456745.0,5395
6243,2456861.0,5396
6244,2456878.0,5397
6245,2457033.0,5398
6246,2457052.0,5399
6247,2457215.0,5400
6248,2457439.0,5401
6249,2457650.0,5402
6250,2458555.0,5403
6251,2459861.0,5404
6252,2460257.0,5405
6253,2460711.0,5406
6254,2460947.0,5407
6255,2461105.0,5408
6256,2461147.0,5409
6257,2461350.0,5410
6258,2461424.0,5411
6259,2461901.0,5412
6261,2462414.0,5413
6262,2463004.0,5414
6263,2463355.0,5415
6264,2463642.0,5416
6265,2463932.0,5417
6266,2464005.0,5418
6267,2466035.0,5419
6268,2466137.0,5420
6269,2466881.0,5421
6270,2466932.0,5422
6271,2467058.0,5423
6272,2467163.0,5424
6273,2467177.0,5425
6275,2467778.0,5426
6276,2468630.0,5427
6277,2468765.0,5428
6278,2469093.0,5429
6279,2469147.0,5430
6280,2469463.0,5431
6281,2469466.0,5432
6282,2469577.0,5433
6284,2469999.0,5434
6285,2470440.0,5435
6286,2470570.0,5436
6287,2470695.0,5437
6288,2470873.0,5438
6289,2471516.0,5439
6290,2471931.0,5440
6291,2472140.0,5441
6292,2472439.0,5442
6293,2472713.0,5443
6294,2472734.0,5444
6296,2474479.0,5445
6297,2474530.0,5446
6298,2474678.0,5447
6299,2474804.0,5448
6300,2474889.0,5449
6301,2474966.0,5450
6302,2475360.0,5451
6303,2475401.0,5452
6304,2475762.0,5453
6305,2475938.0,5454
6306,2475960.0,5455
6307,2476152.0,5456
6308,2476468.0,5457
6309,2476490.0,5458
6310,2477510.0,5459
6312,2478691.0,5460
6313,2479322.0,5461
6314,2479483.0,5462
6315,2480058.0,5463
6316,2480232.0,5464
6317,2480440.0,5465
6318,2480583.0,5466
6319,2481952.0,5467
6320,2482665.0,5468
6321,2482770.0,5469
6322,2483101.0,5470
6323,2483158.0,5471
6324,2484236.0,5472
6326,2485473.0,5473
6327,2485762.0,5474
6328,2486953.0,5475
6329,2487247.0,5476
6330,2487480.0,5477
6332,2488418.0,5478
6333,2488550.0,5479
6334,2488686.0,5480
6335,2488887.0,5481
6336,2489097.0,5482
6337,2489368.0,5483
6338,2489470.0,5484
6339,2490555.0,5485
6340,2490647.0,5486
6341,2491293.0,5487
6342,2491401.0,5488
6343,2491913.0,5489
6344,2493408.0,5490
6345,2494428.0,5491
6346,2495308.0,5492
6348,2496495.0,5493
6349,2496983.0,5494
6350,2497648.0,5495
6351,2497984.0,5496
6352,2498945.0,5497
6353,2499074.0,5498
6355,2500429.0,5499
6356,2501228.0,5500
6357,2501292.0,5501
6358,2502309.0,5502
6360,2503360.0,5503
6361,2503432.0,5504
6362,2503471.0,5505
6363,2503715.0,5506
6364,2504155.0,5507
6365,2505012.0,5508
6366,2505323.0,5509
6368,2507507.0,5510
6369,2507681.0,5511
6370,2507713.0,5512
6371,2507958.0,5513
6372,2508857.0,5514
6373,2508909.0,5515
6374,2509558.0,5516
6375,2509627.0,5517
6376,2510393.0,5518
6377,2510742.0,5519
6378,2510773.0,5520
6380,2511847.0,5521
6381,2511945.0,5522
6382,2512607.0,5523
6383,2512928.0,5524
6384,2513274.0,5525
6385,2513774.0,5526
6386,2513948.0,5527
6387,2514340.0,5528
6388,2514635.0,5529
6389,2514858.0,5530
6390,2515409.0,5531
6391,2516469.0,5532
6392,2517189.0,5533
6393,2517318.0,5534
6395,2518573.0,5535
6396,2518773.0,5536
6397,2518811.0,5537
6398,2519147.0,5538
6399,2519847.0,5539
6401,2520014.0,5540
6402,2520272.0,5541
6404,2520540.0,5542
6406,2521248.0,5543
6407,2521320.0,5544
6408,2521921.0,5545
6410,2522758.0,5546
6411,2522870.0,5547
6412,2523017.0,5548
6414,2524539.0,5549
6415,2524695.0,5550
6416,2525104.0,5551
6417,2525510.0,5552
6418,2525618.0,5553
6419,2525875.0,5554
6420,2526140.0,5555
6421,2526149.0,5556
6422,2526187.0,5557
6423,2526315.0,5558
6424,2526467.0,5559
6425,2526592.0,5560
6427,2528105.0,5561
6428,2529199.0,5562
6429,2531515.0,5563
6430,2532526.0,5564
6431,2532669.0,5565
6432,2532889.0,5566
6433,2533254.0,5567
6434,2534667.0,5568
6435,2534814.0,5569
6436,2534968.0,5570
6437,2535041.0,5571
6438,2535199.0,5572
6439,2535653.0,5573
6440,2535797.0,5574
6441,2535799.0,5575
6442,2535899.0,5576
6443,2536275.0,5577
6444,2536305.0,5578
6445,2537947.0,5579
6447,2539315.0,5580
6448,2539942.0,5581
6449,2540455.0,5582
6450,2540673.0,5583
6452,2541277.0,5584
6453,2541651.0,5585
6454,2541722.0,5586
6455,2542142.0,5587
6456,2542707.0,5588
6457,2543112.0,5589
6458,2543357.0,5590
6459,2543488.0,5591
6460,2544846.0,5592
6461,2545115.0,5593
6464,2545719.0,5594
6465,2545895.0,5595
6466,2546582.0,5596
6467,2546617.0,5597
6468,2547355.0,5598
6470,2547606.0,5599
6471,2547631.0,5600
6472,2549460.0,5601
6473,2549733.0,5602
6474,2550464.0,5603
6475,2550649.0,5604
6476,2551101.0,5605
6478,2551889.0,5606
6479,2552228.0,5607
6480,2552267.0,5608
6481,2552446.0,5609
6482,2552548.0,5610
6483,2552721.0,5611
6484,2552744.0,5612
6485,2553036.0,5613
6486,2553166.0,5614
6487,2554581.0,5615
6488,2554750.0,5616
6489,2554847.0,5617
6490,2555084.0,5618
6491,2555365.0,5619
6492,2556475.0,5620
6493,2557038.0,5621
6494,2557123.0,5622
6495,2558158.0,5623
6496,2558273.0,5624
6497,2558491.0,5625
6498,2558507.0,5626
6499,2558580.0,5627
6502,2559402.0,5628
6503,2560236.0,5629
6504,2560510.0,5630
6505,2561696.0,5631
6506,2562203.0,5632
6507,2562466.0,5633
6508,2562471.0,5634
6509,2562482.0,5635
6512,2565049.0,5636
6513,2565916.0,5637
6514,2566419.0,5638
6515,2566916.0,5639
6516,2567423.0,5640
6517,2567531.0,5641
6518,2568297.0,5642
6519,2568768.0,5643
6520,2568829.0,5644
6521,2569007.0,5645
6522,2569133.0,5646
6524,2569260.0,5647
6525,2569581.0,5648
6526,2569632.0,5649
6527,2570061.0,5650
6528,2570126.0,5651
6529,2570161.0,5652
6530,2570201.0,5653
6531,2570601.0,5654
6532,2570648.0,5655
6533,2570731.0,5656
6534,2572178.0,5657
6535,2572221.0,5658
6536,2572885.0,5659
6537,2572989.0,5660
6539,2573516.0,5661
6540,2573944.0,5662
6542,2574620.0,5663
6543,2574851.0,5664
6544,2575700.0,5665
6545,2575809.0,5666
6546,2575948.0,5667
6548,2576096.0,5668
6549,2576522.0,5669
6550,2576615.0,5670
6551,2576982.0,5671
6552,2577938.0,5672
6553,2578727.0,5673
6555,2579011.0,5674
6556,2579401.0,5675
6557,2580107.0,5676
6558,2580352.0,5677
6559,2580406.0,5678
6560,2580889.0,5679
6562,2582308.0,5680
6563,2582612.0,5681
6564,2583201.0,5682
6565,2583430.0,5683
6566,2583690.0,5684
6567,2584008.0,5685
6568,2584096.0,5686
6569,2584459.0,5687
6570,2585255.0,5688
6571,2585999.0,5689
6572,2586538.0,5690
6573,2586998.0,5691
6574,2587432.0,5692
6575,2587497.0,5693
6576,2588719.0,5694
6578,2589144.0,5695
6579,2589366.0,5696
6580,2590133.0,5697
6581,2590940.0,5698
6583,2593007.0,5699
6584,2593775.0,5700
6586,2595870.0,5701
6588,2597411.0,5702
6589,2597649.0,5703
6590,2598154.0,5704
6591,2598366.0,5705
6592,2599016.0,5706
6593,2600799.0,5707
6595,2602001.0,5708
6596,2602158.0,5709
6597,2603490.0,5710
6598,2603623.0,5711
6599,2604221.0,5712
6600,2604590.0,5713
6601,2604668.0,5714
6602,2604704.0,5715
6604,2605814.0,5716
6605,2605910.0,5717
6607,2606571.0,5718
6608,2606986.0,5719
6609,2607692.0,5720
6610,2607993.0,5721
6611,2608812.0,5722
6612,2609355.0,5723
6613,2609512.0,5724
6614,2609565.0,5725
6615,2609584.0,5726
6616,2610094.0,5727
6617,2610179.0,5728
6618,2611079.0,5729
6620,2612211.0,5730
6622,2612594.0,5731
6623,2612813.0,5732
6624,2612906.0,5733
6625,2613125.0,5734
6626,2613170.0,5735
6627,2613565.0,5736
6628,2614023.0,5737
6629,2615013.0,5738
6630,2615110.0,5739
6631,2615942.0,5740
6632,2616819.0,5741
6633,2617222.0,5742
6634,2617239.0,5743
6635,2617331.0,5744
6636,2617891.0,5745
6638,2618426.0,5746
6639,2618962.0,5747
6641,2619482.0,5748
6642,2619595.0,5749
6643,2619895.0,5750
6645,2620810.0,5751
6646,2621208.0,5752
6648,2621634.0,5753
6649,2621673.0,5754
6650,2621830.0,5755
6651,2622639.0,5756
6652,2622816.0,5757
6655,2623412.0,5758
6656,2623522.0,5759
6657,2623757.0,5760
6658,2623869.0,5761
6659,2623911.0,5762
6660,2624119.0,5763
6661,2624150.0,5764
6662,2624303.0,5765
6663,2624629.0,5766
6664,2624815.0,5767
6665,2624821.0,5768
6666,2625022.0,5769
6667,2625168.0,5770
6668,2625415.0,5771
6669,2625499.0,5772
6670,2625816.0,5773
6671,2625919.0,5774
6672,2626125.0,5775
6673,2626242.0,5776
6674,2626420.0,5777
6675,2626545.0,5778
6676,2627169.0,5779
6677,2627368.0,5780
6678,2628012.0,5781
6679,2628052.0,5782
6680,2628400.0,5783
6682,2629307.0,5784
6683,2629974.0,5785
6684,2630121.0,5786
6685,2630166.0,5787
6686,2630353.0,5788
6688,2630483.0,5789
6689,2632751.0,5790
6690,2632761.0,5791
6691,2633053.0,5792
6692,2633157.0,5793
6693,2633590.0,5794
6694,2633611.0,5795
6696,2633756.0,5796
6697,2634025.0,5797
6699,2634076.0,5798
6700,2634157.0,5799
6701,2634228.0,5800
6702,2634789.0,5801
6703,2634971.0,5802
6704,2635098.0,5803
6705,2635107.0,5804
6706,2636683.0,5805
6707,2636875.0,5806
6708,2636889.0,5807
6709,2637543.0,5808
6710,2638028.0,5809
6711,2638486.0,5810
6713,2639701.0,5811
6714,2640821.0,5812
6715,2640888.0,5813
6716,2641029.0,5814
6717,2641224.0,5815
6718,2641346.0,5816
6719,2641944.0,5817
6720,2642037.0,5818
6722,2643422.0,5819
6723,2643504.0,5820
6724,2646802.0,5821
6725,2646953.0,5822
6726,2647226.0,5823
6727,2647248.0,5824
6728,2647481.0,5825
6729,2648880.0,5826
6730,2648918.0,5827
6732,2649730.0,5828
6733,2650300.0,5829
6734,2650363.0,5830
6735,2651883.0,5831
6738,2654311.0,5832
6740,2654943.0,5833
6741,2655045.0,5834
6742,2655366.0,5835
6743,2656746.0,5836
6745,2658251.0,5837
6746,2659456.0,5838
6747,2659585.0,5839
6748,2660052.0,5840
6749,2660599.0,5841
6750,2661803.0,5842
6752,2663678.0,5843
6753,2664364.0,5844
6754,2665040.0,5845
6755,2665755.0,5846
6756,2666045.0,5847
6757,2666063.0,5848
6758,2666424.0,5849
6759,2667250.0,5850
6760,2667667.0,5851
6761,2668121.0,5852
6762,2668411.0,5853
6763,2668812.0,5854
6764,2668847.0,5855
6765,2668854.0,5856
6766,2669002.0,5857
6767,2669033.0,5858
6768,2669092.0,5859
6769,2669700.0,5860
6770,2670664.0,5861
6772,2671416.0,5862
6773,2671655.0,5863
6774,2672186.0,5864
6775,2673071.0,5865
6776,2673844.0,5866
6777,2674427.0,5867
6778,2674993.0,5868
6779,2675230.0,5869
6780,2675685.0,5870
6781,2676008.0,5871
6782,2676062.0,5872
6783,2676163.0,5873
6784,2676478.0,5874
6785,2676773.0,5875
6786,2677128.0,5876
6787,2677929.0,5877
6788,2678049.0,5878
6789,2678050.0,5879
6790,2678472.0,5880
6791,2678602.0,5881
6792,2678708.0,5882
6794,2679512.0,5883
6795,2679666.0,5884
6796,2679691.0,5885
6797,2679711.0,5886
6798,2679859.0,5887
6799,2680432.0,5888
6800,2680892.0,5889
6801,2680922.0,5890
6802,2680923.0,5891
6803,2681122.0,5892
6804,2681547.0,5893
6805,2682296.0,5894
6806,2682660.0,5895
6807,2682735.0,5896
6808,2683410.0,5897
6809,2684198.0,5898
6810,2684327.0,5899
6811,2684398.0,5900
6813,2684673.0,5901
6814,2685124.0,5902
6815,2685647.0,5903
6816,2685664.0,5904
6817,2685972.0,5905
6818,2686100.0,5906
6819,2686267.0,5907
6820,2686549.0,5908
6821,2686681.0,5909
6822,2686833.0,5910
6823,2687218.0,5911
6824,2687374.0,5912
6825,2688221.0,5913
6826,2688307.0,5914
6827,2688372.0,5915
6828,2688786.0,5916
6829,2688808.0,5917
6830,2689032.0,5918
6831,2689113.0,5919
6832,2689158.0,5920
6833,2689211.0,5921
6834,2689773.0,5922
6835,2690396.0,5923
6836,2690908.0,5924
6839,2691490.0,5925
6840,2691857.0,5926
6841,2692424.0,5927
6842,2692642.0,5928
6843,2692931.0,5929
6844,2693683.0,5930
6845,2694014.0,5931
6846,2694135.0,5932
6847,2694792.0,5933
6848,2694879.0,5934
6849,2695483.0,5935
6851,2695715.0,5936
6852,2695731.0,5937
6853,2696093.0,5938
6855,2697017.0,5939
6856,2697270.0,5940
6857,2697570.0,5941
6858,2698633.0,5942
6859,2699368.0,5943
6860,2699740.0,5944
6861,2699875.0,5945
6865,2701338.0,5946
6866,2702354.0,5947
6867,2704186.0,5948
6868,2705394.0,5949
6870,2705836.0,5950
6871,2705986.0,5951
6872,2706202.0,5952
6873,2706809.0,5953
6874,2707099.0,5954
6875,2709440.0,5955
6876,2709766.0,5956
6877,2709791.0,5957
6878,2709834.0,5958
6879,2709986.0,5959
6881,2711016.0,5960
6882,2711314.0,5961
6883,2712140.0,5962
6884,2712185.0,5963
6886,2713291.0,5964
6887,2713564.0,5965
6888,2713761.0,5966
6890,2714145.0,5967
6891,2714510.0,5968
6892,2715726.0,5969
6893,2715747.0,5970
6894,2716760.0,5971
6895,2717247.0,5972
6896,2717561.0,5973
6898,2718503.0,5974
6899,2719195.0,5975
6900,2719383.0,5976
6901,2719465.0,5977
6902,2719754.0,5978
6903,2722103.0,5979
6904,2722131.0,5980
6905,2723177.0,5981
6907,2724002.0,5982
6908,2724759.0,5983
6909,2725211.0,5984
6911,2725518.0,5985
6912,2727604.0,5986
6913,2728169.0,5987
6915,2729414.0,5988
6916,2729779.0,5989
6917,2730055.0,5990
6918,2730269.0,5991
6919,2730296.0,5992
6920,2730992.0,5993
6922,2731497.0,5994
6923,2731875.0,5995
6924,2732178.0,5996
6925,2732501.0,5997
6926,2733706.0,5998
6929,2734571.0,5999
6930,2735289.0,6000
6931,2735908.0,6001
6932,2736658.0,6002
6933,2736875.0,6003
6934,2737514.0,6004
6935,2737611.0,6005
6936,2737710.0,6006
6937,2737879.0,6007
6938,2737924.0,6008
6939,2738052.0,6009
6940,2739346.0,6010
6941,2739841.0,6011
6942,2739850.0,6012
6943,2740509.0,6013
6944,2740841.0,6014
6945,2741060.0,6015
6946,2741232.0,6016
6949,2742351.0,6017
6951,2742772.0,6018
6952,2742926.0,6019
6953,2743214.0,6020
6955,2744282.0,6021
6956,2744419.0,6022
6958,2745245.0,6023
6959,2746107.0,6024
6960,2746292.0,6025
6961,2746677.0,6026
6962,2746903.0,6027
6963,2746978.0,6028
6964,2746983.0,6029
6965,2747027.0,6030
6966,2747458.0,6031
6967,2747717.0,6032
6968,2748077.0,6033
6969,2748330.0,6034
6970,2748804.0,6035
6971,2749487.0,6036
6972,2749536.0,6037
6976,2749772.0,6038
6978,2750728.0,6039
6979,2751733.0,6040
6980,2751949.0,6041
6981,2752545.0,6042
6982,2752710.0,6043
6983,2755022.0,6044
6984,2755282.0,6045
6986,2755982.0,6046
6987,2756502.0,6047
6988,2756607.0,6048
6989,2757291.0,6049
6990,2757922.0,6050
6991,2758043.0,6051
6992,2758166.0,6052
6993,2758507.0,6053
6995,2759384.0,6054
6996,2759739.0,6055
6997,2759815.0,6056
6998,2760668.0,6057
7000,2761256.0,6058
7001,2761312.0,6059
7002,2762110.0,6060
7004,2762255.0,6061
7005,2762637.0,6062
7006,2763150.0,6063
7008,2763707.0,6064
7009,2764121.0,6065
7010,2764140.0,6066
7011,2764208.0,6067
7013,2765413.0,6068
7014,2766276.0,6069
7015,2766617.0,6070
7016,2767111.0,6071
7017,2767132.0,6072
7018,2767283.0,6073
7019,2767528.0,6074
7020,2767901.0,6075
7022,2769426.0,6076
7023,2769665.0,6077
7024,2770022.0,6078
7025,2771155.0,6079
7027,2771362.0,6080
7028,2771381.0,6081
7029,2771786.0,6082
7030,2772680.0,6083
7031,2773292.0,6084
7032,2773327.0,6085
7033,2773552.0,6086
7034,2773847.0,6087
7035,2773911.0,6088
7036,2774231.0,6089
7037,2774673.0,6090
7039,2775025.0,6091
7040,2775044.0,6092
7041,2775414.0,6093
7043,2776391.0,6094
7044,2776854.0,6095
7045,2777013.0,6096
7046,2777380.0,6097
7047,2777416.0,6098
7048,2777755.0,6099
7049,2777870.0,6100
7050,2777984.0,6101
7052,2778588.0,6102
7053,2779352.0,6103
7054,2780974.0,6104
7056,2781585.0,6105
7057,2781610.0,6106
7058,2782289.0,6107
7059,2782561.0,6108
7061,2782764.0,6109
7062,2783012.0,6110
7063,2783442.0,6111
7064,2784298.0,6112
7065,2784542.0,6113
7066,2785635.0,6114
7067,2785941.0,6115
7069,2786427.0,6116
7070,2786857.0,6117
7071,2786942.0,6118
7072,2787461.0,6119
7073,2787776.0,6120
7074,2787844.0,6121
7075,2788077.0,6122
7077,2788820.0,6123
7078,2789918.0,6124
7079,2790135.0,6125
7080,2790273.0,6126
7081,2790645.0,6127
7082,2790828.0,6128
7084,2791969.0,6129
7085,2792338.0,6130
7087,2793935.0,6131
7088,2795125.0,6132
7090,2796268.0,6133
7092,2797836.0,6134
7094,2798915.0,6135
7095,2799416.0,6136
7096,2799423.0,6137
7097,2799439.0,6138
7098,2799882.0,6139
7100,2801011.0,6140
7101,2801153.0,6141
7102,2801355.0,6142
7103,2802917.0,6143
7104,2803032.0,6144
7105,2803675.0,6145
7106,2804080.0,6146
7107,2804111.0,6147
7108,2804394.0,6148
7109,2806059.0,6149
7110,2806974.0,6150
7111,2807302.0,6151
7112,2808179.0,6152
7114,2809302.0,6153
7115,2810472.0,6154
7116,2811129.0,6155
7118,2813025.0,6156
7119,2813848.0,6157
7120,2815284.0,6158
7121,2815566.0,6159
7123,2816732.0,6160
7124,2816776.0,6161
7125,2817287.0,6162
7126,2817918.0,6163
7127,2817986.0,6164
7128,2818811.0,6165
7129,2818845.0,6166
7130,2819214.0,6167
7131,2819246.0,6168
7134,2820358.0,6169
7135,2820538.0,6170
7136,2820610.0,6171
7137,2821335.0,6172
7138,2821445.0,6173
7139,2821465.0,6174
7140,2821795.0,6175
7141,2821930.0,6176
7142,2823802.0,6177
7143,2824637.0,6178
7144,2824909.0,6179
7146,2825330.0,6180
7148,2825669.0,6181
7150,2825729.0,6182
7152,2826171.0,6183
7153,2826990.0,6184
7154,2827722.0,6185
7155,2829356.0,6186
7156,2829727.0,6187
7157,2829831.0,6188
7158,2831286.0,6189
7159,2831770.0,6190
7160,2832191.0,6191
7161,2832627.0,6192
7162,2833130.0,6193
7163,2833419.0,6194
7164,2834328.0,6195
7166,2834797.0,6196
7167,2836488.0,6197
7168,2837631.0,6198
7169,2838076.0,6199
7170,2839125.0,6200
7171,2839147.0,6201
7172,2839481.0,6202
7173,2839593.0,6203
7174,2840215.0,6204
7175,2840943.0,6205
7176,2841615.0,6206
7177,2841853.0,6207
7178,2841946.0,6208
7179,2842654.0,6209
7181,2843877.0,6210
7182,2844567.0,6211
7183,2845664.0,6212
7185,2845774.0,6213
7186,2846068.0,6214
7187,2846189.0,6215
7188,2846242.0,6216
7190,2847289.0,6217
7192,2847909.0,6218
7193,2847929.0,6219
7194,2848042.0,6220
7195,2848565.0,6221
7196,2848668.0,6222
7197,2848722.0,6223
7198,2848759.0,6224
7199,2848875.0,6225
7200,2848890.0,6226
7203,2849238.0,6227
7204,2849572.0,6228
7206,2850321.0,6229
7207,2850464.0,6230
7208,2851140.0,6231
7209,2851172.0,6232
7210,2851299.0,6233
7211,2851720.0,6234
7212,2851776.0,6235
7213,2852645.0,6236
7214,2852993.0,6237
7215,2853206.0,6238
7216,2853467.0,6239
7217,2853484.0,6240
7218,2853974.0,6241
7219,2853996.0,6242
7220,2854255.0,6243
7221,2854342.0,6244
7222,2854401.0,6245
7223,2856045.0,6246
7225,2857258.0,6247
7226,2857274.0,6248
7228,2857819.0,6249
7230,2859018.0,6250
7231,2859613.0,6251
7232,2859618.0,6252
7233,2859762.0,6253
7235,2860736.0,6254
7236,2860969.0,6255
7237,2861011.0,6256
7238,2861061.0,6257
7240,2862638.0,6258
7241,2862648.0,6259
7243,2864177.0,6260
7244,2864751.0,6261
7245,2864846.0,6262
7247,2866158.0,6263
7248,2866406.0,6264
7249,2867100.0,6265
7250,2867731.0,6266
7251,2867947.0,6267
7252,2868338.0,6268
7253,2868357.0,6269
7254,2868370.0,6270
7255,2869582.0,6271
7256,2869910.0,6272
7257,2869941.0,6273
7258,2870314.0,6274
7259,2870725.0,6275
7260,2871027.0,6276
7261,2871296.0,6277
7262,2871520.0,6278
7263,2871874.0,6279
7264,2871979.0,6280
7265,2872094.0,6281
7266,2872262.0,6282
7267,2872862.0,6283
7268,2872978.0,6284
7269,2873096.0,6285
7270,2873960.0,6286
7271,2874918.0,6287
7272,2875677.0,6288
7273,2876037.0,6289
7275,2876354.0,6290
7276,2876402.0,6291
7277,2876643.0,6292
7278,2877304.0,6293
7279,2878245.0,6294
7281,2879721.0,6295
7282,2879941.0,6296
7283,2880764.0,6297
7284,2880980.0,6298
7285,2882298.0,6299
7286,2882376.0,6300
7287,2883218.0,6301
7288,2884031.0,6302
7289,2884071.0,6303
7290,2884283.0,6304
7292,2884507.0,6305
7293,2885244.0,6306
7294,2885475.0,6307
7295,2886546.0,6308
7296,2886623.0,6309
7297,2886729.0,6310
7299,2887321.0,6311
7300,2887648.0,6312
7301,2887848.0,6313
7302,2888515.0,6314
7304,2890888.0,6315
7305,2891342.0,6316
7306,2891522.0,6317
7307,2891958.0,6318
7308,2892041.0,6319
7309,2892314.0,6320
7310,2892472.0,6321
7311,2892531.0,6322
7312,2893933.0,6323
7313,2894353.0,6324
7314,2894392.0,6325
7315,2894492.0,6326
7316,2894614.0,6327
7317,2894989.0,6328
7318,2895034.0,6329
7319,2895625.0,6330
7320,2895747.0,6331
7321,2895950.0,6332
7322,2896461.0,6333
7325,2897277.0,6334
7326,2897358.0,6335
7327,2897813.0,6336
7329,2898071.0,6337
7330,2898165.0,6338
7331,2898269.0,6339
7332,2898639.0,6340
7333,2899756.0,6341
7335,2900015.0,6342
7336,2900027.0,6343
7337,2900568.0,6344
7338,2901275.0,6345
7339,2901441.0,6346
7341,2901694.0,6347
7342,2901985.0,6348
7343,2902126.0,6349
7346,2902746.0,6350
7347,2902764.0,6351
7348,2903901.0,6352
7349,2903920.0,6353
7350,2903959.0,6354
7351,2905332.0,6355
7353,2905848.0,6356
7354,2905893.0,6357
7355,2906247.0,6358
7356,2906267.0,6359
7358,2906643.0,6360
7359,2907091.0,6361
7360,2907163.0,6362
7361,2907184.0,6363
7363,2907386.0,6364
7365,2907977.0,6365
7366,2908514.0,6366
7367,2908926.0,6367
7368,2909072.0,6368
7369,2909285.0,6369
7370,2909895.0,6370
7371,2910442.0,6371
7372,2911143.0,6372
7373,2911926.0,6373
7374,2912642.0,6374
7375,2912943.0,6375
7377,2915791.0,6376
7379,2916624.0,6377
7380,2916685.0,6378
7381,2916757.0,6379
7382,2917306.0,6380
7383,2918252.0,6381
7384,2918676.0,6382
7385,2919044.0,6383
7386,2919245.0,6384
7388,2920321.0,6385
7389,2920674.0,6386
7390,2920854.0,6387
7391,2921083.0,6388
7392,2921970.0,6389
7393,2922553.0,6390
7394,2922571.0,6391
7395,2923015.0,6392
7396,2923548.0,6393
7397,2923637.0,6394
7398,2923661.0,6395
7399,2924182.0,6396
7400,2924272.0,6397
7402,2924589.0,6398
7403,2926320.0,6399
7404,2926684.0,6400
7405,2928198.0,6401
7406,2928596.0,6402
7407,2928747.0,6403
7408,2929674.0,6404
7409,2930940.0,6405
7410,2930968.0,6406
7411,2932542.0,6407
7412,2932796.0,6408
7413,2932987.0,6409
7414,2933210.0,6410
7415,2933278.0,6411
7416,2933550.0,6412
7417,2933996.0,6413
7418,2934765.0,6414
7419,2934874.0,6415
7420,2935028.0,6416
7421,2936046.0,6417
7422,2936876.0,6418
7423,2937534.0,6419
7424,2937631.0,6420
7425,2938088.0,6421
7426,2938243.0,6422
7427,2938862.0,6423
7428,2939259.0,6424
7430,2940253.0,6425
7431,2940770.0,6426
7432,2940820.0,6427
7433,2940892.0,6428
7434,2941290.0,6429
7435,2941445.0,6430
7436,2942752.0,6431
7437,2943075.0,6432
7438,2943982.0,6433
7439,2944042.0,6434
7440,2944076.0,6435
7441,2944987.0,6436
7442,2945001.0,6437
7444,2946188.0,6438
7445,2946542.0,6439
7446,2946713.0,6440
7447,2946726.0,6441
7448,2947376.0,6442
7449,2947633.0,6443
7450,2947851.0,6444
7452,2948095.0,6445
7453,2949047.0,6446
7454,2949064.0,6447
7456,2949269.0,6448
7457,2949684.0,6449
7458,2949727.0,6450
7459,2949797.0,6451
7460,2950288.0,6452
7461,2950926.0,6453
7462,2951084.0,6454
7463,2951366.0,6455
7464,2951458.0,6456
7465,2951574.0,6457
7466,2953401.0,6458
7467,2954511.0,6459
7468,2954946.0,6460
7469,2955045.0,6461
7471,2955402.0,6462
7472,2955747.0,6463
7473,2956301.0,6464
7474,2956406.0,6465
7475,2957126.0,6466
7476,2957212.0,6467
7477,2957992.0,6468
7478,2958078.0,6469
7479,2958172.0,6470
7480,2958232.0,6471
7481,2958267.0,6472
7482,2958641.0,6473
7483,2958672.0,6474
7485,2960401.0,6475
7486,2960699.0,6476
7487,2960842.0,6477
7488,2960885.0,6478
7489,2961253.0,6479
7490,2961270.0,6480
7491,2961695.0,6481
7492,2961802.0,6482
7493,2962904.0,6483
7494,2963065.0,6484
7495,2963319.0,6485
7496,2964021.0,6486
7497,2964202.0,6487
7498,2964734.0,6488
7499,2965034.0,6489
7500,2965531.0,6490
7501,2967034.0,6491
7502,2967353.0,6492
7503,2967763.0,6493
7504,2968043.0,6494
7505,2968829.0,6495
7506,2969255.0,6496
7507,2969267.0,6497
7508,2969711.0,6498
7509,2969834.0,6499
7510,2969930.0,6500
7511,2970626.0,6501
7514,2972468.0,6502
7515,2972752.0,6503
7516,2972897.0,6504
7517,2973098.0,6505
7518,2973563.0,6506
7520,2973934.0,6507
7522,2975408.0,6508
7523,2975920.0,6509
7524,2976392.0,6510
7525,2977309.0,6511
7527,2977765.0,6512
7528,2977847.0,6513
7529,2978084.0,6514
7530,2978595.0,6515
7531,2979009.0,6516
7532,2979219.0,6517
7533,2979478.0,6518
7534,2979789.0,6519
7535,2980041.0,6520
7536,2981113.0,6521
7538,2982133.0,6522
7540,2982637.0,6523
7543,2983034.0,6524
7544,2983339.0,6525
7545,2983500.0,6526
7546,2983657.0,6527
7547,2983707.0,6528
7548,2983900.0,6529
7549,2984086.0,6530
7551,2984557.0,6531
7552,2984808.0,6532
7553,2985122.0,6533
7554,2985574.0,6534
7555,2986809.0,6535
7557,2987145.0,6536
7558,2987238.0,6537
7559,2988618.0,6538
7560,2988826.0,6539
7561,2989574.0,6540
7562,2990019.0,6541
7563,2990411.0,6542
7564,2991118.0,6543
7565,2991603.0,6544
7566,2992412.0,6545
7567,2992650.0,6546
7568,2992683.0,6547
7569,2992770.0,6548
7570,2993203.0,6549
7571,2993454.0,6550
7572,2993641.0,6551
7574,2994778.0,6552
7575,2995342.0,6553
7576,2995683.0,6554
7577,2996766.0,6555
7578,2998031.0,6556
7580,2998327.0,6557
7581,2998518.0,6558
7582,2998787.0,6559
7583,2999033.0,6560
7585,2999842.0,6561
7587,3000329.0,6562
7590,3001050.0,6563
7591,3001262.0,6564
7592,3002199.0,6565
7593,3002386.0,6566
7594,3002403.0,6567
7595,3002441.0,6568
7596,3002479.0,6569
7597,3003212.0,6570
7598,3004764.0,6571
7599,3004918.0,6572
7601,3005893.0,6573
7602,3005919.0,6574
7603,3006063.0,6575
7604,3006271.0,6576
7605,3006393.0,6577
7606,3006424.0,6578
7607,3007003.0,6579
7608,3007726.0,6580
7609,3007775.0,6581
7610,3007884.0,6582
7611,3008400.0,6583
7612,3008427.0,6584
7613,3009078.0,6585
7614,3009220.0,6586
7615,3009401.0,6587
7616,3010149.0,6588
7617,3010588.0,6589
7618,3010858.0,6590
7619,3012418.0,6591
7620,3012618.0,6592
7621,3013026.0,6593
7623,3014558.0,6594
7624,3014766.0,6595
7625,3015182.0,6596
7626,3015208.0,6597
7628,3015638.0,6598
7629,3015953.0,6599
7630,3017082.0,6600
7632,3017200.0,6601
7633,3017747.0,6602
7634,3017801.0,6603
7635,3019384.0,6604
7636,3020085.0,6605
7637,3020741.0,6606
7638,3020890.0,6607
7640,3021931.0,6608
7641,3022319.0,6609
7643,3022590.0,6610
7644,3022928.0,6611
7645,3023023.0,6612
7646,3023087.0,6613
7647,3023164.0,6614
7648,3023188.0,6615
7649,3023624.0,6616
7650,3024056.0,6617
7652,3025397.0,6618
7653,3025549.0,6619
7654,3025633.0,6620
7655,3025676.0,6621
7656,3025987.0,6622
7657,3026101.0,6623
7659,3026619.0,6624
7660,3027424.0,6625
7661,3027569.0,6626
7662,3028043.0,6627
7663,3028044.0,6628
7664,3028176.0,6629
7665,3028743.0,6630
7666,3028842.0,6631
7667,3029104.0,6632
7668,3029298.0,6633
7671,3030525.0,6634
7672,3030533.0,6635
7673,3031125.0,6636
7674,3033534.0,6637
7675,3033589.0,6638
7676,3033696.0,6639
7677,3033728.0,6640
7678,3034595.0,6641
7679,3035105.0,6642
7680,3035442.0,6643
7682,3035884.0,6644
7683,3035935.0,6645
7684,3036092.0,6646
7685,3036111.0,6647
7686,3036315.0,6648
7687,3036737.0,6649
7688,3036846.0,6650
7689,3036888.0,6651
7691,3037584.0,6652
7692,3037693.0,6653
7693,3037977.0,6654
7694,3038612.0,6655
7695,3038687.0,6656
7696,3038731.0,6657
7697,3039625.0,6658
7698,3039725.0,6659
7699,3039842.0,6660
7700,3040159.0,6661
7701,3040273.0,6662
7702,3040703.0,6663
7703,3041135.0,6664
7704,3042093.0,6665
7706,3042997.0,6666
7707,3043383.0,6667
7708,3043444.0,6668
7709,3043535.0,6669
7710,3044341.0,6670
7711,3044383.0,6671
7712,3044585.0,6672
7713,3044661.0,6673
7714,3044723.0,6674
7715,3045037.0,6675
7716,3046633.0,6676
7717,3046777.0,6677
7718,3047636.0,6678
7719,3047843.0,6679
7720,3048461.0,6680
7721,3048622.0,6681
7722,3048959.0,6682
7723,3049009.0,6683
7724,3049365.0,6684
7725,3049828.0,6685
7726,3049899.0,6686
7727,3050739.0,6687
7728,3051534.0,6688
7729,3051646.0,6689
7730,3051911.0,6690
7731,3052601.0,6691
7732,3053581.0,6692
7733,3054175.0,6693
7735,3054406.0,6694
7736,3054422.0,6695
7737,3054861.0,6696
7738,3054956.0,6697
7739,3055080.0,6698
7740,3055263.0,6699
7741,3055330.0,6700
7742,3055832.0,6701
7743,3055999.0,6702
7744,3056142.0,6703
7745,3056688.0,6704
7747,3057119.0,6705
7748,3057549.0,6706
7749,3058924.0,6707
7750,3059080.0,6708
7751,3059245.0,6709
7752,3059555.0,6710
7753,3059940.0,6711
7754,3060213.0,6712
7755,3060618.0,6713
7756,3061580.0,6714
7757,3061770.0,6715
7758,3061876.0,6716
7759,3062192.0,6717
7760,3062336.0,6718
7761,3062437.0,6719
7762,3062461.0,6720
7763,3063887.0,6721
7764,3064035.0,6722
7766,3064330.0,6723
7767,3064749.0,6724
7768,3065434.0,6725
7769,3065656.0,6726
7770,3065769.0,6727
7771,3066433.0,6728
7772,3066440.0,6729
7773,3066656.0,6730
7774,3066878.0,6731
7775,3067568.0,6732
7776,3068044.0,6733
7777,3068310.0,6734
7778,3068427.0,6735
7779,3069753.0,6736
7781,3070200.0,6737
7782,3070314.0,6738
7783,3071202.0,6739
7784,3072075.0,6740
7785,3072102.0,6741
7788,3072999.0,6742
7789,3073433.0,6743
7790,3073436.0,6744
7791,3074897.0,6745
7792,3075703.0,6746
7793,3076818.0,6747
7794,3077061.0,6748
7795,3077353.0,6749
7796,3079273.0,6750
7797,3079535.0,6751
7798,3079682.0,6752
7800,3080896.0,6753
7801,3081391.0,6754
7802,3082140.0,6755
7803,3082291.0,6756
7804,3082961.0,6757
7805,3083447.0,6758
7807,3084210.0,6759
7808,3084245.0,6760
7809,3084373.0,6761
7810,3084760.0,6762
7811,3085400.0,6763
7812,3085838.0,6764
7813,3086021.0,6765
7814,3086159.0,6766
7815,3086899.0,6767
7816,3087148.0,6768
7817,3087554.0,6769
7818,3087589.0,6770
7819,3087780.0,6771
7820,3087938.0,6772
7821,3088098.0,6773
7823,3088766.0,6774
7824,3089272.0,6775
7825,3089624.0,6776
7826,3089706.0,6777
7827,3089840.0,6778
7828,3090171.0,6779
7829,3090835.0,6780
7830,3091085.0,6781
7831,3091205.0,6782
7834,3092034.0,6783
7836,3092672.0,6784
7837,3093334.0,6785
7838,3093608.0,6786
7839,3093636.0,6787
7840,3093711.0,6788
7841,3094451.0,6789
7842,3094839.0,6790
7843,3094936.0,6791
7844,3095089.0,6792
7845,3095478.0,6793
7847,3095871.0,6794
7848,3096147.0,6795
7850,3097019.0,6796
7851,3097454.0,6797
7852,3097479.0,6798
7854,3098002.0,6799
7855,3098105.0,6800
7856,3098315.0,6801
7857,3098590.0,6802
7858,3098670.0,6803
7860,3099336.0,6804
7861,3099871.0,6805
7862,3100282.0,6806
7863,3100672.0,6807
7864,3100807.0,6808
7865,3101344.0,6809
7866,3101850.0,6810
7867,3102096.0,6811
7868,3102343.0,6812
7869,3102422.0,6813
7870,3104171.0,6814
7871,3104203.0,6815
7872,3104337.0,6816
7873,3105405.0,6817
7874,3105527.0,6818
7875,3105722.0,6819
7876,3106068.0,6820
7878,3106318.0,6821
7879,3106508.0,6822
7880,3107306.0,6823
7881,3107686.0,6824
7882,3108243.0,6825
7883,3108596.0,6826
7884,3109043.0,6827
7885,3109610.0,6828
7886,3109641.0,6829
7887,3109904.0,6830
7888,3109905.0,6831
7889,3109965.0,6832
7890,3110123.0,6833
7892,3110407.0,6834
7893,3110706.0,6835
7894,3110892.0,6836
7895,3111271.0,6837
7896,3111549.0,6838
7898,3111653.0,6839
7899,3111834.0,6840
7900,3112025.0,6841
7901,3113273.0,6842
7902,3113689.0,6843
7903,3113810.0,6844
7904,3113995.0,6845
7905,3114190.0,6846
7906,3114575.0,6847
7909,3116402.0,6848
7911,3118028.0,6849
7912,3118756.0,6850
7913,3118838.0,6851
7914,3118894.0,6852
7915,3119332.0,6853
7916,3119336.0,6854
7917,3119344.0,6855
7918,3119422.0,6856
7919,3120429.0,6857
7920,3120849.0,6858
7922,3121547.0,6859
7923,3121613.0,6860
7924,3121774.0,6861
7925,3123425.0,6862
7926,3123536.0,6863
7927,3124160.0,6864
7928,3124616.0,6865
7929,3124880.0,6866
7930,3125118.0,6867
7931,3125480.0,6868
7932,3125948.0,6869
7933,3126005.0,6870
7934,3126266.0,6871
7935,3126712.0,6872
7937,3127617.0,6873
7939,3128329.0,6874
7940,3128399.0,6875
7941,3128530.0,6876
7942,3129225.0,6877
7944,3130098.0,6878
7945,3130240.0,6879
7947,3131481.0,6880
7948,3132119.0,6881
7949,3132269.0,6882
7950,3132567.0,6883
7951,3133197.0,6884
7952,3133339.0,6885
7953,3134310.0,6886
7954,3134679.0,6887
7955,3136668.0,6888
7956,3136826.0,6889
7957,3136958.0,6890
7958,3138003.0,6891
7959,3138829.0,6892
7960,3138984.0,6893
7961,3139288.0,6894
7962,3140160.0,6895
7963,3141306.0,6896
7964,3141619.0,6897
7965,3141648.0,6898
7966,3141939.0,6899
7968,3142109.0,6900
7970,3142688.0,6901
7971,3143528.0,6902
7972,3143591.0,6903
7973,3143802.0,6904
7975,3144817.0,6905
7976,3144836.0,6906
7977,3145130.0,6907
7978,3145212.0,6908
7979,3145320.0,6909
7980,3145748.0,6910
7981,3146318.0,6911
7982,3147197.0,6912
7983,3147559.0,6913
7985,3147658.0,6914
7986,3148354.0,6915
7987,3148919.0,6916
7988,3149089.0,6917
7989,3150190.0,6918
7990,3150403.0,6919
7991,3151609.0,6920
7992,3152059.0,6921
7993,3152175.0,6922
7994,3152707.0,6923
7995,3152767.0,6924
7996,3153235.0,6925
7998,3155148.0,6926
7999,3155771.0,6927
8000,3155865.0,6928
8001,3156083.0,6929
8002,3156989.0,6930
8004,3158118.0,6931
8005,3159006.0,6932
8006,3159140.0,6933
8007,3160762.0,6934
8008,3161746.0,6935
8009,3163769.0,6936
8010,3163904.0,6937
8011,3164451.0,6938
8012,3165461.0,6939
8015,3166036.0,6940
8016,3166400.0,6941
8017,3166409.0,6942
8018,3166764.0,6943
8019,3167112.0,6944
8020,3167434.0,6945
8021,3168013.0,6946
8023,3168797.0,6947
8024,3169167.0,6948
8025,3169291.0,6949
8026,3169401.0,6950
8028,3169604.0,6951
8029,3169907.0,6952
8030,3169953.0,6953
8031,3171880.0,6954
8032,3173564.0,6955
8034,3174037.0,6956
8035,3174145.0,6957
8036,3174565.0,6958
8037,3174588.0,6959
8038,3174895.0,6960
8039,3174963.0,6961
8040,3175783.0,6962
8041,3175963.0,6963
8042,3176037.0,6964
8043,3176269.0,6965
8044,3176369.0,6966
8045,3178236.0,6967
8046,3178323.0,6968
8047,3179192.0,6969
8048,3179515.0,6970
8049,3180031.0,6971
8051,3180498.0,6972
8052,3181954.0,6973
8054,3182138.0,6974
8055,3183132.0,6975
8056,3183423.0,6976
8057,3184311.0,6977
8058,3184470.0,6978
8059,3185921.0,6979
8060,3186065.0,6980
8061,3186305.0,6981
8062,3186563.0,6982
8063,3186651.0,6983
8064,3186687.0,6984
8065,3187028.0,6985
8067,3187424.0,6986
8068,3187706.0,6987
8069,3187812.0,6988
8070,3187903.0,6989
8071,3187989.0,6990
8072,3188513.0,6991
8073,3188958.0,6992
8075,3190931.0,6993
8076,3191258.0,6994
8077,3191265.0,6995
8078,3191922.0,6996
8079,3192204.0,6997
8080,3192396.0,6998
8081,3192809.0,6999
8082,3193072.0,7000
8083,3193430.0,7001
8085,3194376.0,7002
8086,3196408.0,7003
8088,3196901.0,7004
8089,3199633.0,7005
8090,3200154.0,7006
8091,3200403.0,7007
8092,3200575.0,7008
8093,3200794.0,7009
8097,3204012.0,7010
8100,3204159.0,7011
8101,3204287.0,7012
8102,3204298.0,7013
8103,3204320.0,7014
8104,3205434.0,7015
8105,3207298.0,7016
8106,3208015.0,7017
8107,3208603.0,7018
8108,3208780.0,7019
8109,3209544.0,7020
8110,3210346.0,7021
8111,3211305.0,7022
8112,3212035.0,7023
8113,3212190.0,7024
8114,3212641.0,7025
8115,3212811.0,7026
8116,3212868.0,7027
8117,3213023.0,7028
8118,3213152.0,7029
8119,3213727.0,7030
8120,3213806.0,7031
8121,3214384.0,7032
8122,3214648.0,7033
8123,3214715.0,7034
8125,3215527.0,7035
8126,3215653.0,7036
8127,3215766.0,7037
8128,3215860.0,7038
8129,3216911.0,7039
8130,3217656.0,7040
8131,3218212.0,7041
8132,3218248.0,7042
8133,3218703.0,7043
8134,3219109.0,7044
8135,3220840.0,7045
8136,3220945.0,7046
8137,3220964.0,7047
8138,3221715.0,7048
8139,3222495.0,7049
8140,3222610.0,7050
8141,3222613.0,7051
8142,3223737.0,7052
8143,3224094.0,7053
8144,3224117.0,7054
8147,3227165.0,7055
8148,3227298.0,7056
8149,3228085.0,7057
8150,3228818.0,7058
8151,3229010.0,7059
8152,3229082.0,7060
8153,3229357.0,7061
8155,3230962.0,7062
8156,3231207.0,7063
8157,3231534.0,7064
8158,3231628.0,7065
8159,3231672.0,7066
8160,3233292.0,7067
8161,3234145.0,7068
8162,3234461.0,7069
8163,3234604.0,7070
8164,3236204.0,7071
8165,3236851.0,7072
8166,3237063.0,7073
8167,3237287.0,7074
8169,3239401.0,7075
8170,3239619.0,7076
8172,3240737.0,7077
8173,3241011.0,7078
8176,3242547.0,7079
8177,3242643.0,7080
8179,3243409.0,7081
8181,3244148.0,7082
8184,3245194.0,7083
8185,3245641.0,7084
8186,3245914.0,7085
8187,3247890.0,7086
8188,3248362.0,7087
8189,3248855.0,7088
8191,3249588.0,7089
8192,3250007.0,7090
8193,3250754.0,7091
8194,3252201.0,7092
8195,3252448.0,7093
8196,3253711.0,7094
8197,3255560.0,7095
8199,3257071.0,7096
8200,3257839.0,7097
8202,3259463.0,7098
8203,3260293.0,7099
8205,3261296.0,7100
8206,3262276.0,7101
8207,3262439.0,7102
8208,3262842.0,7103
8211,3265502.0,7104
8213,3267140.0,7105
8215,3268362.0,7106
8216,3268778.0,7107
8217,3268991.0,7108
8218,3269167.0,7109
8219,3269428.0,7110
8220,3272280.0,7111
8221,3273667.0,7112
8222,3275133.0,7113
8223,3276291.0,7114
8224,3276364.0,7115
8225,3276839.0,7116
8226,3276979.0,7117
8227,3277250.0,7118
8228,3277910.0,7119
8229,3277984.0,7120
8231,3280304.0,7121
8232,3280539.0,7122
8233,3280757.0,7123
8234,3281877.0,7124
8235,3282331.0,7125
8237,3284835.0,7126
8238,3285134.0,7127
8239,3286160.0,7128
8240,3286326.0,7129
8242,3288270.0,7130
8243,3288400.0,7131
8244,3288468.0,7132
8246,3291112.0,7133
8247,3291679.0,7134
8249,3292508.0,7135
8251,3293082.0,7136
8252,3293433.0,7137
8253,3293974.0,7138
8254,3296386.0,7139
8255,3296772.0,7140
8257,3296982.0,7141
8258,3297705.0,7142
8260,3299003.0,7143
8261,3299612.0,7144
8262,3299628.0,7145
8263,3301036.0,7146
8264,3301279.0,7147
8265,3301390.0,7148
8266,3301629.0,7149
8267,3302200.0,7150
8268,3302290.0,7151
8269,3302489.0,7152
8270,3303078.0,7153
8271,3303111.0,7154
8272,3303218.0,7155
8273,3303418.0,7156
8274,3303460.0,7157
8275,3303922.0,7158
8276,3304552.0,7159
8277,3304571.0,7160
8278,3304837.0,7161
8279,3304910.0,7162
8280,3306927.0,7163
8281,3307220.0,7164
8282,3307406.0,7165
8284,3308718.0,7166
8285,3309138.0,7167
8286,3309309.0,7168
8288,3309714.0,7169
8289,3309768.0,7170
8290,3310279.0,7171
8291,3310831.0,7172
8292,3311353.0,7173
8294,3312313.0,7174
8295,3312450.0,7175
8296,3312517.0,7176
8298,3312956.0,7177
8299,3313012.0,7178
8300,3313303.0,7179
8301,3313698.0,7180
8302,3313871.0,7181
8303,3314670.0,7182
8304,3314857.0,7183
8305,3315217.0,7184
8306,3315448.0,7185
8307,3315621.0,7186
8308,3315636.0,7187
8309,3315657.0,7188
8310,3315961.0,7189
8311,3316392.0,7190
8312,3316817.0,7191
8313,3317138.0,7192
8314,3317957.0,7193
8315,3318243.0,7194
8316,3319364.0,7195
8317,3319602.0,7196
8319,3320127.0,7197
8320,3320832.0,7198
8322,3321252.0,7199
8323,3321378.0,7200
8324,3321519.0,7201
8325,3322160.0,7202
8326,3322234.0,7203
8329,3325302.0,7204
8330,3325388.0,7205
8331,3325513.0,7206
8332,3325826.0,7207
8333,3326200.0,7208
8334,3326321.0,7209
8335,3326383.0,7210
8336,3326444.0,7211
8337,3326703.0,7212
8338,3327165.0,7213
8339,3327172.0,7214
8340,3327181.0,7215
8342,3329013.0,7216
8343,3329895.0,7217
8344,3330009.0,7218
8345,3330735.0,7219
8346,3330888.0,7220
8347,3331151.0,7221
8348,3331744.0,7222
8350,3332819.0,7223
8351,3332959.0,7224
8352,3333152.0,7225
8353,3333234.0,7226
8354,3333485.0,7227
8355,3333513.0,7228
8356,3333696.0,7229
8357,3334459.0,7230
8358,3334999.0,7231
8360,3335294.0,7232
8361,3335862.0,7233
8362,3336328.0,7234
8363,3336980.0,7235
8364,3337280.0,7236
8365,3337411.0,7237
8366,3338565.0,7238
8367,3338668.0,7239
8368,3339124.0,7240
8369,3339702.0,7241
8370,3340116.0,7242
8371,3340724.0,7243
8372,3340937.0,7244
8373,3341498.0,7245
8374,3341512.0,7246
8375,3341845.0,7247
8376,3341924.0,7248
8377,3342077.0,7249
8378,3342377.0,7250
8379,3343311.0,7251
8380,3343735.0,7252
8381,3343802.0,7253
8382,3343888.0,7254
8383,3344313.0,7255
8385,3345384.0,7256
8386,3346318.0,7257
8387,3347073.0,7258
8388,3347147.0,7259
8389,3347898.0,7260
8390,3348720.0,7261
8391,3349806.0,7262
8392,3350094.0,7263
8394,3351001.0,7264
8395,3351131.0,7265
8396,3351213.0,7266
8397,3351648.0,7267
8398,3352334.0,7268
8399,3353974.0,7269
8401,3354190.0,7270
8402,3354237.0,7271
8403,3354513.0,7272
8404,3354805.0,7273
8405,3354991.0,7274
8406,3354994.0,7275
8407,3355009.0,7276
8409,3355885.0,7277
8410,3356242.0,7278
8411,3356553.0,7279
8414,3358831.0,7280
8415,3359745.0,7281
8416,3360038.0,7282
8417,3360668.0,7283
8418,3361826.0,7284
8420,3364224.0,7285
8421,3364897.0,7286
8422,3365196.0,7287
8423,3365520.0,7288
8424,3365789.0,7289
8425,3365886.0,7290
8426,3366144.0,7291
8427,3366853.0,7292
8428,3367087.0,7293
8429,3367361.0,7294
8430,3368038.0,7295
8431,3368184.0,7296
8432,3369511.0,7297
8433,3369974.0,7298
8434,3370005.0,7299
8435,3370179.0,7300
8436,3370635.0,7301
8437,3370824.0,7302
8438,3371283.0,7303
8439,3371372.0,7304
8440,3371401.0,7305
8441,3372417.0,7306
8443,3374144.0,7307
8444,3374511.0,7308
8445,3374857.0,7309
8446,3375127.0,7310
8448,3377482.0,7311
8449,3377819.0,7312
8451,3379029.0,7313
8452,3379454.0,7314
8453,3380404.0,7315
8455,3381409.0,7316
8456,3381571.0,7317
8458,3382127.0,7318
8459,3382336.0,7319
8460,3382901.0,7320
8461,3382904.0,7321
8462,3383211.0,7322
8463,3383967.0,7323
8464,3386022.0,7324
8465,3387215.0,7325
8466,3387313.0,7326
8467,3387741.0,7327
8468,3388177.0,7328
8469,3388321.0,7329
8470,3389440.0,7330
8471,3390033.0,7331
8472,3391541.0,7332
8475,3392634.0,7333
8476,3392672.0,7334
8477,3392974.0,7335
8478,3392979.0,7336
8479,3393145.0,7337
8481,3394547.0,7338
8482,3395155.0,7339
8483,3395680.0,7340
8484,3396211.0,7341
8485,3396771.0,7342
8486,3397114.0,7343
8487,3397823.0,7344
8488,3398108.0,7345
8489,3399885.0,7346
8490,3399893.0,7347
8491,3399994.0,7348
8492,3400376.0,7349
8493,3400917.0,7350
8495,3402226.0,7351
8496,3402271.0,7352
8497,3402730.0,7353
8498,3402923.0,7354
8499,3403018.0,7355
8500,3403050.0,7356
8503,3404065.0,7357
8504,3404120.0,7358
8506,3404214.0,7359
8507,3404243.0,7360
8508,3404548.0,7361
8509,3404565.0,7362
8510,3405379.0,7363
8511,3405714.0,7364
8512,3406219.0,7365
8513,3406314.0,7366
8514,3406554.0,7367
8515,3407556.0,7368
8517,3407949.0,7369
8518,3408617.0,7370
8519,3410225.0,7371
8520,3410235.0,7372
8521,3410250.0,7373
8522,3410284.0,7374
8524,3410556.0,7375
8525,3410605.0,7376
8526,3412807.0,7377
8527,3413036.0,7378
8528,3413642.0,7379
8529,3414189.0,7380
8530,3415326.0,7381
8531,3415341.0,7382
8533,3416171.0,7383
8534,3416195.0,7384
8535,3416325.0,7385
8536,3416905.0,7386
8537,3417075.0,7387
8538,3417146.0,7388
8539,3417306.0,7389
8540,3417704.0,7390
8541,3418014.0,7391
8542,3418390.0,7392
8543,3418624.0,7393
8544,3419828.0,7394
8545,3420155.0,7395
8548,3422126.0,7396
8549,3422205.0,7397
8550,3423253.0,7398
8552,3423780.0,7399
8553,3423892.0,7400
8554,3424285.0,7401
8555,3424678.0,7402
8556,3425493.0,7403
8557,3426173.0,7404
8558,3426218.0,7405
8559,3426852.0,7406
8560,3426917.0,7407
8561,3427076.0,7408
8562,3427315.0,7409
8563,3427355.0,7410
8564,3427613.0,7411
8565,3427680.0,7412
8566,3428015.0,7413
8567,3428230.0,7414
8568,3428557.0,7415
8569,3428683.0,7416
8571,3429689.0,7417
8572,3429931.0,7418
8573,3430711.0,7419
8575,3432198.0,7420
8576,3432866.0,7421
8577,3433253.0,7422
8578,3433507.0,7423
8579,3434058.0,7424
8581,3435395.0,7425
8582,3435619.0,7426
8583,3435920.0,7427
8584,3436301.0,7428
8585,3437645.0,7429
8586,3437798.0,7430
8587,3438579.0,7431
8588,3439006.0,7432
8589,3439014.0,7433
8590,3439298.0,7434
8591,3439359.0,7435
8592,3439670.0,7436
8593,3440378.0,7437
8595,3441575.0,7438
8596,3443225.0,7439
8598,3443411.0,7440
8599,3443482.0,7441
8600,3443923.0,7442
8601,3446788.0,7443
8602,3446965.0,7444
8603,3447512.0,7445
8604,3447847.0,7446
8605,3448133.0,7447
8606,3448200.0,7448
8607,3448201.0,7449
8610,3449393.0,7450
8611,3449397.0,7451
8612,3449700.0,7452
8613,3451416.0,7453
8614,3451478.0,7454
8615,3451482.0,7455
8616,3451759.0,7456
8617,3451838.0,7457
8618,3452813.0,7458
8621,3454335.0,7459
8622,3456436.0,7460
8623,3456764.0,7461
8624,3456828.0,7462
8625,3457147.0,7463
8626,3458287.0,7464
8627,3458408.0,7465
8628,3459852.0,7466
8629,3459978.0,7467
8631,3460594.0,7468
8632,3461293.0,7469
8633,3461509.0,7470
8634,3461768.0,7471
8635,3462111.0,7472
8636,3463865.0,7473
8637,3464256.0,7474
8638,3464711.0,7475
8639,3464900.0,7476
8640,3465182.0,7477
8641,3465344.0,7478
8643,3465669.0,7479
8644,3465922.0,7480
8645,3466064.0,7481
8646,3466114.0,7482
8647,3466252.0,7483
8648,3466505.0,7484
8649,3467133.0,7485
8650,3467189.0,7486
8651,3468716.0,7487
8652,3469689.0,7488
8653,3470733.0,7489
8654,3470754.0,7490
8655,3470772.0,7491
8656,3470983.0,7492
8657,3472546.0,7493
8658,3473104.0,7494
8659,3473145.0,7495
8660,3474123.0,7496
8661,3475643.0,7497
8662,3475919.0,7498
8663,3475964.0,7499
8664,3476113.0,7500
8665,3476658.0,7501
8666,3476815.0,7502
8667,3477388.0,7503
8668,3477426.0,7504
8669,3478120.0,7505
8670,3478978.0,7506
8671,3479090.0,7507
8672,3479819.0,7508
8673,3479835.0,7509
8674,3479973.0,7510
8675,3481486.0,7511
8676,3481895.0,7512
8677,3482795.0,7513
8678,3483621.0,7514
8679,3483627.0,7515
8681,3484884.0,7516
8682,3484984.0,7517
8683,3485168.0,7518
8684,3485600.0,7519
8685,3487369.0,7520
8686,3488607.0,7521
8687,3488613.0,7522
8688,3489483.0,7523
8689,3489506.0,7524
8690,3489642.0,7525
8691,3490034.0,7526
8692,3490347.0,7527
8693,3492605.0,7528
8694,3492870.0,7529
8695,3493117.0,7530
8696,3493158.0,7531
8697,3493407.0,7532
8698,3494216.0,7533
8699,3494431.0,7534
8701,3494661.0,7535
8702,3495180.0,7536
8703,3496372.0,7537
8704,3496899.0,7538
8705,3497372.0,7539
8706,3497621.0,7540
8707,3498016.0,7541
8708,3498266.0,7542
8710,3500691.0,7543
8711,3500811.0,7544
8712,3502544.0,7545
8713,3502784.0,7546
8714,3504378.0,7547
8715,3505595.0,7548
8717,3506386.0,7549
8719,3506664.0,7550
8720,3506934.0,7551
8721,3507283.0,7552
8722,3507459.0,7553
8723,3507560.0,7554
8725,3508310.0,7555
8726,3509105.0,7556
8727,3509147.0,7557
8728,3510112.0,7558
8729,3510336.0,7559
8730,3511158.0,7560
8731,3511306.0,7561
8732,3512692.0,7562
8733,3512815.0,7563
8734,3512835.0,7564
8735,3513292.0,7565
8736,3513639.0,7566
8737,3513680.0,7567
8738,3514022.0,7568
8739,3514353.0,7569
8740,3514728.0,7570
8741,3515898.0,7571
8742,3517158.0,7572
8743,3518472.0,7573
8744,3518684.0,7574
8745,3519928.0,7575
8747,3520874.0,7576
8748,3522142.0,7577
8749,3522367.0,7578
8751,3523938.0,7579
8753,3524945.0,7580
8754,3525007.0,7581
8755,3525834.0,7582
8756,3526152.0,7583
8757,3526688.0,7584
8758,3526951.0,7585
8759,3526999.0,7586
8760,3527178.0,7587
8761,3527361.0,7588
8762,3527374.0,7589
8763,3527630.0,7590
8764,3527888.0,7591
8765,3528836.0,7592
8766,3529827.0,7593
8767,3530160.0,7594
8768,3530226.0,7595
8770,3532741.0,7596
8771,3533106.0,7597
8772,3533159.0,7598
8773,3533877.0,7599
8774,3534061.0,7600
8775,3534071.0,7601
8776,3534329.0,7602
8777,3534906.0,7603
8778,3535692.0,7604
8779,3535704.0,7605
8780,3536351.0,7606
8781,3538078.0,7607
8782,3538103.0,7608
8784,3539448.0,7609
8785,3539697.0,7610
8786,3539915.0,7611
8787,3540180.0,7612
8788,3540469.0,7613
8789,3540524.0,7614
8790,3540744.0,7615
8791,3540962.0,7616
8792,3541389.0,7617
8793,3541598.0,7618
8794,3541859.0,7619
8795,3542223.0,7620
8796,3542460.0,7621
8797,3542758.0,7622
8798,3542764.0,7623
8799,3543447.0,7624
8800,3544560.0,7625
8802,3548115.0,7626
8803,3548234.0,7627
8804,3550295.0,7628
8805,3550729.0,7629
8806,3551422.0,7630
8807,3551611.0,7631
8809,3552879.0,7632
8810,3552983.0,7633
8811,3553891.0,7634
8812,3554483.0,7635
8813,3554518.0,7636
8814,3554819.0,7637
8815,3554862.0,7638
8816,3554871.0,7639
8818,3556625.0,7640
8820,3558013.0,7641
8821,3558202.0,7642
8822,3558765.0,7643
8823,3558809.0,7644
8824,3560141.0,7645
8825,3560395.0,7646
8826,3560795.0,7647
8827,3561815.0,7648
8829,3563198.0,7649
8830,3563307.0,7650
8831,3563323.0,7651
8833,3563956.0,7652
8835,3565093.0,7653
8836,3565134.0,7654
8837,3565274.0,7655
8838,3565495.0,7656
8840,3565845.0,7657
8841,3566259.0,7658
8842,3566534.0,7659
8843,3566812.0,7660
8844,3567128.0,7661
8845,3567413.0,7662
8846,3567450.0,7663
8847,3570050.0,7664
8848,3570323.0,7665
8849,3570977.0,7666
8851,3571593.0,7667
8852,3572222.0,7668
8853,3572374.0,7669
8854,3572405.0,7670
8855,3572684.0,7671
8856,3572896.0,7672
8857,3573045.0,7673
8858,3573085.0,7674
8861,3574045.0,7675
8862,3574320.0,7676
8863,3575069.0,7677
8864,3575108.0,7678
8865,3575463.0,7679
8866,3575917.0,7680
8867,3576531.0,7681
8868,3577416.0,7682
8869,3577990.0,7683
8870,3578525.0,7684
8871,3579590.0,7685
8872,3581101.0,7686
8873,3581893.0,7687
8874,3582064.0,7688
8875,3582110.0,7689
8876,3582735.0,7690
8877,3583129.0,7691
8878,3583220.0,7692
8879,3584114.0,7693
8880,3584991.0,7694
8881,3585372.0,7695
8882,3585532.0,7696
8883,3586100.0,7697
8885,3587425.0,7698
8886,3587705.0,7699
8887,3588661.0,7700
8888,3589145.0,7701
8889,3589216.0,7702
8890,3590139.0,7703
8892,3591046.0,7704
8893,3592329.0,7705
8894,3592492.0,7706
8895,3593204.0,7707
8896,3593287.0,7708
8897,3594077.0,7709
8898,3594879.0,7710
8899,3594973.0,7711
8900,3594993.0,7712
8901,3596009.0,7713
8902,3596803.0,7714
8903,3597082.0,7715
8905,3597413.0,7716
8906,3597498.0,7717
8907,3597914.0,7718
8908,3598334.0,7719
8909,3599556.0,7720
8910,3599591.0,7721
8911,3600880.0,7722
8912,3601219.0,7723
8913,3601334.0,7724
8914,3601370.0,7725
8915,3601763.0,7726
8916,3601857.0,7727
8918,3602022.0,7728
8919,3602928.0,7729
8920,3603262.0,7730
8921,3603965.0,7731
8922,3606010.0,7732
8923,3606074.0,7733
8924,3606229.0,7734
8925,3606255.0,7735
8927,3606773.0,7736
8928,3606820.0,7737
8929,3606910.0,7738
8930,3607181.0,7739
8931,3608003.0,7740
8932,3608163.0,7741
8933,3608389.0,7742
8934,3608698.0,7743
8935,3609053.0,7744
8937,3609415.0,7745
8938,3609518.0,7746
8939,3610349.0,7747
8940,3610507.0,7748
8941,3610655.0,7749
8942,3611416.0,7750
8943,3611445.0,7751
8944,3611660.0,7752
8945,3612681.0,7753
8946,3612961.0,7754
8947,3614107.0,7755
8948,3614649.0,7756
8950,3614867.0,7757
8951,3614892.0,7758
8954,3615948.0,7759
8956,3616792.0,7760
8957,3617591.0,7761
8958,3618521.0,7762
8959,3618652.0,7763
8960,3618788.0,7764
8961,3619844.0,7765
8962,3619947.0,7766
8963,3620203.0,7767
8964,3620216.0,7768
8965,3620381.0,7769
8968,3621854.0,7770
8969,3622282.0,7771
8971,3622433.0,7772
8973,3623149.0,7773
8974,3624563.0,7774
8975,3624730.0,7775
8976,3625009.0,7776
8977,3625194.0,7777
8978,3625479.0,7778
8979,3625962.0,7779
8980,3626096.0,7780
8981,3626556.0,7781
8982,3626568.0,7782
8983,3626636.0,7783
8984,3627485.0,7784
8986,3628766.0,7785
8987,3629699.0,7786
8988,3630118.0,7787
8989,3630217.0,7788
8990,3630322.0,7789
8991,3630505.0,7790
8992,3630763.0,7791
8994,3631278.0,7792
8995,3632042.0,7793
8996,3632592.0,7794
8997,3632650.0,7795
8998,3632677.0,7796
8999,3634879.0,7797
9000,3635073.0,7798
9002,3635810.0,7799
9003,3635868.0,7800
9004,3636007.0,7801
9005,3636075.0,7802
9006,3636094.0,7803
9007,3636197.0,7804
9008,3636297.0,7805
9009,3636467.0,7806
9010,3636989.0,7807
9011,3637031.0,7808
9012,3637216.0,7809
9013,3637661.0,7810
9014,3637755.0,7811
9015,3638070.0,7812
9016,3639501.0,7813
9017,3639504.0,7814
9018,3639541.0,7815
9019,3639882.0,7816
9020,3640314.0,7817
9021,3640536.0,7818
9022,3641256.0,7819
9023,3641328.0,7820
9025,3642090.0,7821
9026,3642205.0,7822
9027,3642366.0,7823
9028,3643297.0,7824
9029,3643685.0,7825
9030,3643720.0,7826
9031,3643830.0,7827
9032,3645670.0,7828
9033,3645977.0,7829
9034,3646442.0,7830
9036,3648042.0,7831
9037,3648488.0,7832
9038,3649283.0,7833
9039,3650160.0,7834
9040,3650525.0,7835
9041,3650853.0,7836
9042,3651431.0,7837
9043,3651763.0,7838
9044,3652041.0,7839
9045,3652820.0,7840
9046,3653308.0,7841
9048,3653838.0,7842
9049,3654189.0,7843
9050,3654327.0,7844
9051,3654683.0,7845
9052,3655568.0,7846
9055,3656245.0,7847
9056,3656781.0,7848
9057,3656847.0,7849
9058,3657207.0,7850
9059,3657754.0,7851
9060,3657816.0,7852
9061,3657914.0,7853
9062,3659112.0,7854
9063,3659673.0,7855
9064,3659820.0,7856
9065,3660142.0,7857
9066,3661226.0,7858
9067,3661442.0,7859
9068,3662042.0,7860
9069,3662096.0,7861
9070,3662297.0,7862
9071,3662668.0,7863
9073,3663364.0,7864
9075,3664440.0,7865
9076,3664679.0,7866
9077,3665413.0,7867
9078,3666308.0,7868
9079,3666430.0,7869
9080,3667465.0,7870
9082,3667977.0,7871
9083,3668102.0,7872
9084,3668189.0,7873
9085,3668917.0,7874
9086,3669547.0,7875
9087,3670222.0,7876
9088,3670223.0,7877
9089,3670640.0,7878
9090,3672016.0,7879
9091,3672513.0,7880
9092,3672716.0,7881
9093,3672794.0,7882
9094,3673016.0,7883
9095,3673413.0,7884
9097,3673733.0,7885
9098,3674208.0,7886
9100,3675849.0,7887
9101,3676075.0,7888
9102,3676804.0,7889
9103,3677137.0,7890
9104,3678513.0,7891
9105,3678900.0,7892
9106,3679015.0,7893
9107,3680113.0,7894
9108,3680117.0,7895
9110,3681102.0,7896
9111,3681531.0,7897
9112,3681807.0,7898
9114,3682959.0,7899
9116,3683467.0,7900
9117,3683917.0,7901
9118,3684114.0,7902
9119,3684211.0,7903
9120,3684645.0,7904
9121,3685736.0,7905
9122,3686002.0,7906
9123,3686404.0,7907
9124,3686417.0,7908
9125,3686554.0,7909
9126,3687273.0,7910
9127,3687708.0,7911
9128,3688585.0,7912
9129,3688600.0,7913
9130,3688758.0,7914
9131,3689305.0,7915
9132,3689475.0,7916
9134,3690436.0,7917
9135,3690507.0,7918
9136,3691018.0,7919
9137,3691716.0,7920
9138,3692037.0,7921
9139,3692133.0,7922
9140,3692242.0,7923
9141,3692578.0,7924
9142,3692847.0,7925
9144,3693653.0,7926
9145,3694979.0,7927
9146,3695386.0,7928
9147,3695620.0,7929
9149,3696012.0,7930
9150,3696366.0,7931
9151,3696382.0,7932
9152,3696505.0,7933
9153,3696513.0,7934
9154,3696674.0,7935
9155,3697899.0,7936
9156,3698159.0,7937
9157,3698330.0,7938
9158,3698648.0,7939
9159,3698672.0,7940
9160,3698979.0,7941
9161,3699133.0,7942
9162,3699726.0,7943
9163,3699753.0,7944
9165,3699989.0,7945
9166,3699998.0,7946
9167,3700284.0,7947
9169,3700438.0,7948
9170,3700996.0,7949
9171,3701289.0,7950
9172,3702244.0,7951
9173,3702349.0,7952
9175,3702851.0,7953
9176,3702867.0,7954
9178,3703323.0,7955
9179,3703354.0,7956
9180,3703520.0,7957
9181,3703873.0,7958
9182,3703915.0,7959
9183,3704271.0,7960
9184,3704534.0,7961
9185,3704549.0,7962
9186,3704790.0,7963
9187,3705185.0,7964
9189,3705458.0,7965
9191,3706697.0,7966
9192,3706966.0,7967
9193,3707420.0,7968
9194,3707439.0,7969
9196,3707572.0,7970
9197,3707789.0,7971
9198,3707899.0,7972
9199,3708033.0,7973
9200,3708311.0,7974
9201,3708452.0,7975
9202,3708526.0,7976
9203,3708861.0,7977
9204,3709796.0,7978
9205,3710450.0,7979
9206,3710999.0,7980
9207,3711534.0,7981
9208,3712176.0,7982
9210,3712650.0,7983
9211,3713565.0,7984
9213,3715247.0,7985
9214,3715737.0,7986
9215,3715782.0,7987
9216,3715858.0,7988
9217,3716426.0,7989
9218,3716462.0,7990
9220,3718815.0,7991
9221,3718991.0,7992
9223,3719460.0,7993
9224,3719541.0,7994
9225,3720189.0,7995
9228,3720474.0,7996
9229,3720848.0,7997
9230,3721146.0,7998
9231,3722071.0,7999
9232,3722236.0,8000
9235,3722428.0,8001
9236,3723104.0,8002
9237,3723387.0,8003
9239,3724274.0,8004
9240,3724558.0,8005
9241,3724666.0,8006
9242,3724738.0,8007
9243,3725242.0,8008
9244,3725321.0,8009
9245,3725664.0,8010
9246,3726459.0,8011
9247,3726494.0,8012
9249,3727317.0,8013
9251,3728835.0,8014
9252,3728906.0,8015
9253,3729814.0,8016
9254,3730577.0,8017
9255,3731325.0,8018
9256,3732294.0,8019
9257,3732534.0,8020
9258,3732612.0,8021
9259,3732615.0,8022
9260,3732843.0,8023
9261,3732882.0,8024
9262,3732928.0,8025
9264,3733402.0,8026
9265,3733792.0,8027
9267,3734261.0,8028
9269,3735203.0,8029
9270,3735611.0,8030
9271,3736587.0,8031
9273,3737527.0,8032
9274,3738362.0,8033
9275,3738791.0,8034
9276,3739981.0,8035
9277,3740085.0,8036
9278,3740934.0,8037
9279,3741233.0,8038
9280,3741606.0,8039
9281,3741681.0,8040
9282,3743402.0,8041
9283,3743653.0,8042
9284,3743663.0,8043
9285,3743674.0,8044
9287,3744806.0,8045
9288,3745324.0,8046
9289,3745658.0,8047
9290,3745965.0,8048
9291,3746338.0,8049
9292,3746362.0,8050
9293,3746895.0,8051
9294,3747423.0,8052
9295,3747949.0,8053
9296,3747971.0,8054
9298,3749174.0,8055
9299,3749341.0,8056
9300,3750320.0,8057
9301,3750371.0,8058
9302,3750659.0,8059
9303,3750665.0,8060
9305,3751002.0,8061
9306,3751547.0,8062
9307,3751830.0,8063
9308,3752338.0,8064
9309,3752414.0,8065
9310,3752418.0,8066
9311,3753094.0,8067
9312,3753160.0,8068
9313,3753418.0,8069
9314,3753602.0,8070
9315,3753685.0,8071
9316,3753928.0,8072
9317,3754336.0,8073
9318,3754567.0,8074
9319,3755085.0,8075
9320,3755118.0,8076
9321,3755285.0,8077
9323,3756545.0,8078
9324,3756765.0,8079
9325,3756777.0,8080
9326,3756910.0,8081
9327,3757089.0,8082
9328,3757569.0,8083
9329,3757876.0,8084
9330,3757950.0,8085
9331,3758172.0,8086
9332,3759809.0,8087
9333,3760109.0,8088
9334,3760237.0,8089
9335,3760653.0,8090
9336,3760869.0,8091
9337,3761121.0,8092
9338,3761272.0,8093
9339,3761288.0,8094
9340,3761336.0,8095
9341,3761401.0,8096
9342,3762297.0,8097
9343,3762582.0,8098
9344,3762875.0,8099
9345,3764776.0,8100
9346,3765520.0,8101
9347,3767477.0,8102
9348,3767580.0,8103
9349,3768162.0,8104
9350,3769012.0,8105
9351,3769369.0,8106
9352,3769570.0,8107
9353,3769679.0,8108
9354,3770463.0,8109
9356,3771322.0,8110
9358,3771396.0,8111
9360,3772120.0,8112
9361,3772933.0,8113
9362,3772991.0,8114
9363,3773155.0,8115
9364,3773377.0,8116
9365,3773797.0,8117
9366,3773882.0,8118
9367,3773948.0,8119
9368,3773990.0,8120
9370,3774172.0,8121
9371,3774277.0,8122
9372,3774747.0,8123
9373,3775387.0,8124
9374,3775421.0,8125
9375,3775764.0,8126
9376,3775820.0,8127
9377,3775876.0,8128
9378,3775915.0,8129
9379,3776262.0,8130
9380,3776267.0,8131
9381,3776415.0,8132
9382,3776454.0,8133
9383,3776468.0,8134
9386,3776967.0,8135
9387,3777206.0,8136
9388,3777288.0,8137
9389,3777427.0,8138
9390,3777702.0,8139
9391,3777708.0,8140
9392,3777768.0,8141
9393,3777772.0,8142
9394,3777870.0,8143
9395,3778116.0,8144
9397,3778360.0,8145
9398,3778476.0,8146
9399,3779085.0,8147
9400,3779228.0,8148
9401,3779342.0,8149
9404,3780313.0,8150
9405,3780569.0,8151
9406,3780790.0,8152
9407,3781421.0,8153
9408,3782213.0,8154
9409,3782451.0,8155
9410,3782487.0,8156
9413,3782740.0,8157
9414,3783136.0,8158
9415,3783493.0,8159
9416,3783502.0,8160
9418,3784245.0,8161
9420,3785369.0,8162
9421,3785421.0,8163
9422,3785828.0,8164
9423,3786015.0,8165
9425,3786592.0,8166
9426,3786793.0,8167
9427,3787267.0,8168
9428,3789420.0,8169
9429,3790425.0,8170
9430,3790525.0,8171
9431,3791125.0,8172
9432,3791936.0,8173
9433,3792279.0,8174
9435,3792639.0,8175
9436,3792946.0,8176
9437,3793202.0,8177
9438,3793248.0,8178
9439,3794008.0,8179
9440,3794547.0,8180
9441,3795033.0,8181
9443,3796803.0,8182
9444,3797334.0,8183
9445,3797764.0,8184
9446,3797976.0,8185
9447,3798535.0,8186
9448,3799194.0,8187
9449,3799306.0,8188
9450,3799403.0,8189
9452,3800073.0,8190
9453,3800480.0,8191
9454,3800614.0,8192
9455,3800773.0,8193
9456,3801281.0,8194
9457,3801318.0,8195
9458,3801338.0,8196
9459,3801676.0,8197
9460,3801918.0,8198
9461,3802287.0,8199
9462,3802539.0,8200
9464,3803063.0,8201
9465,3803603.0,8202
9466,3803704.0,8203
9467,3803708.0,8204
9468,3803865.0,8205
9469,3804030.0,8206
9470,3805413.0,8207
9472,3805553.0,8208
9473,3806149.0,8209
9474,3806446.0,8210
9475,3806815.0,8211
9476,3806973.0,8212
9477,3807304.0,8213
9478,3807772.0,8214
9479,3808461.0,8215
9480,3808835.0,8216
9481,3808873.0,8217
9484,3810259.0,8218
9485,3811446.0,8219
9486,3811476.0,8220
9487,3812177.0,8221
9491,3813548.0,8222
9492,3813818.0,8223
9493,3814439.0,8224
9494,3814566.0,8225
9495,3814831.0,8226
9496,3814861.0,8227
9498,3814959.0,8228
9499,3815397.0,8229
9501,3815843.0,8230
9502,3815856.0,8231
9503,3816351.0,8232
9504,3816375.0,8233
9507,3817553.0,8234
9508,3817716.0,8235
9509,3817840.0,8236
9511,3819992.0,8237
9512,3820287.0,8238
9513,3820994.0,8239
9514,3822899.0,8240
9516,3823344.0,8241
9517,3823450.0,8242
9518,3823713.0,8243
9519,3823950.0,8244
9520,3824104.0,8245
9521,3824136.0,8246
9523,3825502.0,8247
9524,3825912.0,8248
9526,3827158.0,8249
9527,3827736.0,8250
9528,3828495.0,8251
9529,3828570.0,8252
9530,3828625.0,8253
9531,3828679.0,8254
9532,3829276.0,8255
9534,3829841.0,8256
9535,3830207.0,8257
9537,3830935.0,8258
9538,3832791.0,8259
9539,3832983.0,8260
9540,3834499.0,8261
9541,3834722.0,8262
9542,3835155.0,8263
9543,3835636.0,8264
9544,3836344.0,8265
9546,3837293.0,8266
9547,3837303.0,8267
9550,3839504.0,8268
9551,3839855.0,8269
9553,3841398.0,8270
9554,3841652.0,8271
9555,3842806.0,8272
9557,3843405.0,8273
9559,3846664.0,8274
9560,3846890.0,8275
9561,3847195.0,8276
9563,3848651.0,8277
9564,3848654.0,8278
9565,3848714.0,8279
9566,3849335.0,8280
9567,3850093.0,8281
9568,3850343.0,8282
9569,3850555.0,8283
9570,3851174.0,8284
9571,3851371.0,8285
9572,3851809.0,8286
9573,3851983.0,8287
9574,3852072.0,8288
9575,3853397.0,8289
9576,3853466.0,8290
9577,3853670.0,8291
9578,3853872.0,8292
9579,3854016.0,8293
9580,3854167.0,8294
9581,3854507.0,8295
9582,3854613.0,8296
9583,3855128.0,8297
9584,3855224.0,8298
9585,3855541.0,8299
9588,3857368.0,8300
9589,3857662.0,8301
9590,3858133.0,8302
9591,3858140.0,8303
9593,3858655.0,8304
9594,3859068.0,8305
9595,3859405.0,8306
9596,3860227.0,8307
9597,3860337.0,8308
9598,3860477.0,8309
9600,3860898.0,8310
9601,3861160.0,8311
9602,3861627.0,8312
9603,3861901.0,8313
9605,3863441.0,8314
9607,3864414.0,8315
9608,3864438.0,8316
9609,3864588.0,8317
9610,3864713.0,8318
9611,3864911.0,8319
9612,3865158.0,8320
9613,3865442.0,8321
9614,3865538.0,8322
9615,3866393.0,8323
9616,3866730.0,8324
9617,3867289.0,8325
9618,3868359.0,8326
9619,3868442.0,8327
9620,3868998.0,8328
9621,3869161.0,8329
9622,3869577.0,8330
9623,3869894.0,8331
9624,3870468.0,8332
9625,3870483.0,8333
9626,3871319.0,8334
9627,3872615.0,8335
9629,3874110.0,8336
9630,3874466.0,8337
9631,3874674.0,8338
9632,3875958.0,8339
9633,3876340.0,8340
9634,3876909.0,8341
9636,3878341.0,8342
9638,3878663.0,8343
9639,3879798.0,8344
9640,3879994.0,8345
9641,3881115.0,8346
9642,3881315.0,8347
9643,3881503.0,8348
9644,3882909.0,8349
9646,3883834.0,8350
9647,3883974.0,8351
9648,3884384.0,8352
9649,3884861.0,8353
9653,3889203.0,8354
9654,3889459.0,8355
9655,3889840.0,8356
9656,3889975.0,8357
9657,3890899.0,8358
9658,3891319.0,8359
9659,3892206.0,8360
9660,3892577.0,8361
9661,3892837.0,8362
9662,3892966.0,8363
9663,3893630.0,8364
9664,3894403.0,8365
9666,3894587.0,8366
9668,3895057.0,8367
9669,3895538.0,8368
9671,3895788.0,8369
9672,3896136.0,8370
9673,3896297.0,8371
9676,3898905.0,8372
9677,3899268.0,8373
9678,3899686.0,8374
9680,3901226.0,8375
9681,3901243.0,8376
9682,3901361.0,8377
9683,3902721.0,8378
9684,3902867.0,8379
9685,3903869.0,8380
9686,3904181.0,8381
9687,3904475.0,8382
9688,3904612.0,8383
9689,3904835.0,8384
9692,3905666.0,8385
9693,3905845.0,8386
9694,3906716.0,8387
9696,3908043.0,8388
9697,3908758.0,8389
9698,3908995.0,8390
9699,3908996.0,8391
9700,3909253.0,8392
9701,3909640.0,8393
9702,3909902.0,8394
9703,3910025.0,8395
9704,3910263.0,8396
9705,3910623.0,8397
9706,3910783.0,8398
9708,3911078.0,8399
9709,3911083.0,8400
9711,3912995.0,8401
9712,3914469.0,8402
9713,3914507.0,8403
9714,3914757.0,8404
9715,3915193.0,8405
9716,3915211.0,8406
9718,3915441.0,8407
9720,3915458.0,8408
9722,3916034.0,8409
9723,3916097.0,8410
9724,3916236.0,8411
9725,3916345.0,8412
9726,3917276.0,8413
9728,3918541.0,8414
9729,3918689.0,8415
9730,3918717.0,8416
9731,3918899.0,8417
9733,3919361.0,8418
9734,3919461.0,8419
9735,3919816.0,8420
9736,3920943.0,8421
9737,3921131.0,8422
9738,3921960.0,8423
9739,3922411.0,8424
9740,3922571.0,8425
9741,3923396.0,8426
9742,3924645.0,8427
9743,3924670.0,8428
9744,3925292.0,8429
9745,3925559.0,8430
9746,3926228.0,8431
9747,3927771.0,8432
9748,3927830.0,8433
9749,3928147.0,8434
9750,3928272.0,8435
9751,3928568.0,8436
9752,3928939.0,8437
9754,3929352.0,8438
9756,3930408.0,8439
9758,3930723.0,8440
9759,3931313.0,8441
9760,3931352.0,8442
9761,3931496.0,8443
9763,3931934.0,8444
9764,3932030.0,8445
9765,3932377.0,8446
9766,3932466.0,8447
9767,3932592.0,8448
9768,3932742.0,8449
9769,3933480.0,8450
9770,3933491.0,8451
9771,3934057.0,8452
9772,3934530.0,8453
9773,3935906.0,8454
9774,3936841.0,8455
9775,3937763.0,8456
9777,3938290.0,8457
9778,3938683.0,8458
9779,3938983.0,8459
9780,3939816.0,8460
9781,3941871.0,8461
9782,3942227.0,8462
9783,3942324.0,8463
9784,3942330.0,8464
9785,3942594.0,8465
9786,3942998.0,8466
9787,3943286.0,8467
9788,3943558.0,8468
9789,3944166.0,8469
9790,3944736.0,8470
9792,3945731.0,8471
9793,3946070.0,8472
9795,3946673.0,8473
9796,3947006.0,8474
9797,3947461.0,8475
9798,3947752.0,8476
9799,3948003.0,8477
9800,3948690.0,8478
9801,3948835.0,8479
9802,3948899.0,8480
9803,3949006.0,8481
9804,3949126.0,8482
9805,3949168.0,8483
9806,3949500.0,8484
9807,3950240.0,8485
9808,3950562.0,8486
9810,3951203.0,8487
9811,3951227.0,8488
9813,3951932.0,8489
9816,3954202.0,8490
9817,3955427.0,8491
9818,3956391.0,8492
9819,3956502.0,8493
9820,3956535.0,8494
9821,3956789.0,8495
9822,3956961.0,8496
9823,3957497.0,8497
9824,3957881.0,8498
9825,3959512.0,8499
9826,3959826.0,8500
9829,3960663.0,8501
9830,3961071.0,8502
9831,3961527.0,8503
9832,3961634.0,8504
9833,3962335.0,8505
9834,3963816.0,8506
9835,3964068.0,8507
9836,3965179.0,8508
9837,3965400.0,8509
9838,3965935.0,8510
9839,3966177.0,8511
9840,3966277.0,8512
9841,3966822.0,8513
9843,3967420.0,8514
9844,3968169.0,8515
9846,3970190.0,8516
9847,3970428.0,8517
9849,3970584.0,8518
9850,3971019.0,8519
9851,3971525.0,8520
9852,3971959.0,8521
9854,3972899.0,8522
9855,3973068.0,8523
9856,3973270.0,8524
9857,3973744.0,8525
9858,3974259.0,8526
9859,3974312.0,8527
9860,3974354.0,8528
9861,3975261.0,8529
9862,3975409.0,8530
9863,3975528.0,8531
9864,3975561.0,8532
9866,3976243.0,8533
9868,3976758.0,8534
9870,3977065.0,8535
9871,3977164.0,8536
9872,3977305.0,8537
9873,3977332.0,8538
9874,3977359.0,8539
9876,3977630.0,8540
9877,3977960.0,8541
9878,3978301.0,8542
9879,3978893.0,8543
9880,3979677.0,8544
9882,3981640.0,8545
9884,3982136.0,8546
9885,3982305.0,8547
9886,3982425.0,8548
9887,3982932.0,8549
9888,3983069.0,8550
9889,3983127.0,8551
9890,3983404.0,8552
9892,3985760.0,8553
9893,3986075.0,8554
9894,3986924.0,8555
9895,3987096.0,8556
9896,3987259.0,8557
9897,3987346.0,8558
9898,3987362.0,8559
9899,3987567.0,8560
9900,3987665.0,8561
9901,3987994.0,8562
9902,3988105.0,8563
9903,3988549.0,8564
9904,3988667.0,8565
9907,3989213.0,8566
9908,3989866.0,8567
9909,3990259.0,8568
9910,3990874.0,8569
9912,3991525.0,8570
9913,3991957.0,8571
9915,3993001.0,8572
9916,3993754.0,8573
9917,3994781.0,8574
9918,3995154.0,8575
9919,3995293.0,8576
9920,3995631.0,8577
9921,3996180.0,8578
9922,3996422.0,8579
9923,3996667.0,8580
9924,3997086.0,8581
9925,3997439.0,8582
9926,3997544.0,8583
9927,3997645.0,8584
9928,3997664.0,8585
9929,3997689.0,8586
9930,3998009.0,8587
9931,3998019.0,8588
9932,3999496.0,8589
9933,4000087.0,8590
9934,4000091.0,8591
9935,4001092.0,8592
9938,4001252.0,8593
9939,4001385.0,8594
9940,4002329.0,8595
9941,4002404.0,8596
9942,4002952.0,8597
9943,4003160.0,8598
9944,4003207.0,8599
9945,4004797.0,8600
9946,4005736.0,8601
9947,4006067.0,8602
9948,4006220.0,8603
9950,4006763.0,8604
9951,4007046.0,8605
9952,4008078.0,8606
9953,4008396.0,8607
9954,4008542.0,8608
9955,4008965.0,8609
9956,4009222.0,8610
9957,4010426.0,8611
9958,4010427.0,8612
9959,4010742.0,8613
9960,4010788.0,8614
9961,4011040.0,8615
9962,4011145.0,8616
9963,4011348.0,8617
9964,4011647.0,8618
9965,4012833.0,8619
9966,4012861.0,8620
9967,4013091.0,8621
9968,4013127.0,8622
9969,4013203.0,8623
9970,4013386.0,8624
9971,4013467.0,8625
9972,4013770.0,8626
9973,4014108.0,8627
9974,4014499.0,8628
9975,4014773.0,8629
9976,4015897.0,8630
9977,4016055.0,8631
9979,4016911.0,8632
9980,4016934.0,8633
9981,4017364.0,8634
9982,4018001.0,8635
9984,4018826.0,8636
9985,4018879.0,8637
9986,4019190.0,8638
9988,4019577.0,8639
9989,4020234.0,8640
9990,4020236.0,8641
9991,4020984.0,8642
9992,4021087.0,8643
9993,4021230.0,8644
9994,4021332.0,8645
9995,4021666.0,8646
9996,4021819.0,8647
9997,4022344.0,8648
9998,4023208.0,8649
9999,4023330.0,8650
10000,4023481.0,8651
10001,4023533.0,8652
10003,4024497.0,8653
10004,4025292.0,8654
10005,4025481.0,8655
10006,4026575.0,8656
10008,4027658.0,8657
10009,4027726.0,8658
10010,4028086.0,8659
10012,4028360.0,8660
10014,4028805.0,8661
10015,4029814.0,8662
10016,4029848.0,8663
10017,4029849.0,8664
10018,4030665.0,8665
10020,4031745.0,8666
10021,4031820.0,8667
10022,4032250.0,8668
10024,4032842.0,8669
10025,4032904.0,8670
10026,4033200.0,8671
10027,4033646.0,8672
10028,4033656.0,8673
10029,4034291.0,8674
10030,4034313.0,8675
10032,4035478.0,8676
10033,4036704.0,8677
10034,4037245.0,8678
10035,4037593.0,8679
10036,4037905.0,8680
10037,4038500.0,8681
10039,4039814.0,8682
10040,4040608.0,8683
10042,4041043.0,8684
10043,4042302.0,8685
10044,4042331.0,8686
10045,4043894.0,8687
10046,4044782.0,8688
10047,4045243.0,8689
10048,4046377.0,8690
10049,4046457.0,8691
10050,4046468.0,8692
10051,4046662.0,8693
10052,4046874.0,8694
10053,4047381.0,8695
10054,4047387.0,8696
10055,4047460.0,8697
10056,4047923.0,8698
10057,4048207.0,8699
10058,4048555.0,8700
10059,4048612.0,8701
10060,4048798.0,8702
10061,4048840.0,8703
10062,4048937.0,8704
10063,4048970.0,8705
10064,4049062.0,8706
10065,4049470.0,8707
10066,4049965.0,8708
10067,4050356.0,8709
10068,4050823.0,8710
10070,4051010.0,8711
10071,4051166.0,8712
10072,4051385.0,8713
10073,4051597.0,8714
10074,4051659.0,8715
10077,4051988.0,8716
10078,4052027.0,8717
10079,4052410.0,8718
10080,4052416.0,8719
10081,4052487.0,8720
10082,4052888.0,8721
10083,4053983.0,8722
10084,4055550.0,8723
10085,4055879.0,8724
10086,4056430.0,8725
10087,4057187.0,8726
10089,4057817.0,8727
10090,4057823.0,8728
10091,4058480.0,8729
10092,4058979.0,8730
10093,4059051.0,8731
10094,4059165.0,8732
10095,4059184.0,8733
10097,4062063.0,8734
10098,4062878.0,8735
10099,4062901.0,8736
10100,4062972.0,8737
10101,4063127.0,8738
10103,4063513.0,8739
10104,4063695.0,8740
10105,4063818.0,8741
10107,4064659.0,8742
10108,4064806.0,8743
10109,4064874.0,8744
10110,4065218.0,8745
10111,4065479.0,8746
10112,4065635.0,8747
10113,4065883.0,8748
10115,4067950.0,8749
10116,4068042.0,8750
10117,4068078.0,8751
10118,4068749.0,8752
10119,4068846.0,8753
10120,4069087.0,8754
10122,4069351.0,8755
10123,4070095.0,8756
10124,4070167.0,8757
10125,4070463.0,8758
10126,4070758.0,8759
10127,4070779.0,8760
10128,4071459.0,8761
10129,4071868.0,8762
10130,4071996.0,8763
10131,4072411.0,8764
10132,4072819.0,8765
10133,4073223.0,8766
10134,4073276.0,8767
10135,4073667.0,8768
10136,4074467.0,8769
10137,4075178.0,8770
10138,4075672.0,8771
10139,4076404.0,8772
10140,4076691.0,8773
10143,4078062.0,8774
10145,4079116.0,8775
10147,4080060.0,8776
10148,4080107.0,8777
10149,4080522.0,8778
10150,4080849.0,8779
10151,4080862.0,8780
10152,4082493.0,8781
10153,4082506.0,8782
10154,4082513.0,8783
10155,4082718.0,8784
10156,4082959.0,8785
10157,4083318.0,8786
10159,4083709.0,8787
10160,4084325.0,8788
10162,4084527.0,8789
10163,4084569.0,8790
10164,4084591.0,8791
10166,4085446.0,8792
10167,4085593.0,8793
10168,4085789.0,8794
10170,4088300.0,8795
10171,4088551.0,8796
10172,4089065.0,8797
10173,4089690.0,8798
10174,4090001.0,8799
10175,4090102.0,8800
10176,4091097.0,8801
10177,4091162.0,8802
10178,4091672.0,8803
10179,4091916.0,8804
10180,4092001.0,8805
10181,4092236.0,8806
10182,4092393.0,8807
10183,4092822.0,8808
10184,4093060.0,8809
10186,4093422.0,8810
10187,4093500.0,8811
10188,4094247.0,8812
10189,4094511.0,8813
10190,4095493.0,8814
10191,4096101.0,8815
10192,4096278.0,8816
10193,4096399.0,8817
10194,4097707.0,8818
10195,4097893.0,8819
10196,4098284.0,8820
10197,4098452.0,8821
10198,4098616.0,8822
10199,4098674.0,8823
10200,4099183.0,8824
10201,4099220.0,8825
10202,4100311.0,8826
10203,4100805.0,8827
10205,4101225.0,8828
10206,4102420.0,8829
10207,4103599.0,8830
10208,4104038.0,8831
10209,4104444.0,8832
10210,4105424.0,8833
10211,4105902.0,8834
10212,4106187.0,8835
10213,4106294.0,8836
10214,4106591.0,8837
10215,4106629.0,8838
10216,4106880.0,8839
10217,4107152.0,8840
10218,4107269.0,8841
10219,4108033.0,8842
10220,4108209.0,8843
10221,4109122.0,8844
10222,4109221.0,8845
10223,4109460.0,8846
10224,4109578.0,8847
10225,4110494.0,8848
10226,4110610.0,8849
10227,4110838.0,8850
10228,4111146.0,8851
10229,4111576.0,8852
10230,4111722.0,8853
10232,4112524.0,8854
10233,4112545.0,8855
10234,4112775.0,8856
10236,4113087.0,8857
10237,4113799.0,8858
10238,4113874.0,8859
10239,4114030.0,8860
10240,4114231.0,8861
10241,4114709.0,8862
10242,4115433.0,8863
10243,4115501.0,8864
10244,4115674.0,8865
10247,4116715.0,8866
10248,4116774.0,8867
10249,4117162.0,8868
10250,4117354.0,8869
10251,4117486.0,8870
10252,4117505.0,8871
10253,4118111.0,8872
10254,4118214.0,8873
10256,4118999.0,8874
10257,4119120.0,8875
10258,4121176.0,8876
10259,4121424.0,8877
10260,4121986.0,8878
10262,4122809.0,8879
10263,4123188.0,8880
10264,4124041.0,8881
10265,4124144.0,8882
10266,4124811.0,8883
10267,4125542.0,8884
10268,4125874.0,8885
10269,4126025.0,8886
10271,4126443.0,8887
10272,4126516.0,8888
10273,4126778.0,8889
10274,4127170.0,8890
10276,4127510.0,8891
10277,4127939.0,8892
10278,4128016.0,8893
10279,4128047.0,8894
10281,4128611.0,8895
10282,4128743.0,8896
10283,4128879.0,8897
10285,4129740.0,8898
10286,4129875.0,8899
10287,4130082.0,8900
10288,4130343.0,8901
10289,4130608.0,8902
10290,4130786.0,8903
10291,4130961.0,8904
10292,4131388.0,8905
10293,4131398.0,8906
10294,4131429.0,8907
10295,4132193.0,8908
10296,4132197.0,8909
10297,4132272.0,8910
10298,4132351.0,8911
10300,4134145.0,8912
10301,4134169.0,8913
10302,4134225.0,8914
10304,4135298.0,8915
10305,4137355.0,8916
10306,4137722.0,8917
10307,4139882.0,8918
10308,4140485.0,8919
10309,4140618.0,8920
10311,4140970.0,8921
10312,4141033.0,8922
10313,4141442.0,8923
10314,4141481.0,8924
10315,4141558.0,8925
10316,4141720.0,8926
10317,4141870.0,8927
10318,4142455.0,8928
10319,4142910.0,8929
10320,4143183.0,8930
10321,4143385.0,8931
10322,4143645.0,8932
10323,4143733.0,8933
10324,4144467.0,8934
10325,4144633.0,8935
10326,4144795.0,8936
10327,4145045.0,8937
10328,4145090.0,8938
10329,4145492.0,8939
10330,4145724.0,8940
10331,4146117.0,8941
10333,4146825.0,8942
10334,4146995.0,8943
10335,4147203.0,8944
10336,4147308.0,8945
10337,4147385.0,8946
10338,4148097.0,8947
10339,4148198.0,8948
10340,4148264.0,8949
10342,4148997.0,8950
10343,4149017.0,8951
10344,4149641.0,8952
10347,4150064.0,8953
10349,4151861.0,8954
10350,4152000.0,8955
10351,4152712.0,8956
10352,4152867.0,8957
10353,4152946.0,8958
10354,4153009.0,8959
10355,4153734.0,8960
10357,4154126.0,8961
10359,4154646.0,8962
10360,4154730.0,8963
10361,4155229.0,8964
10363,4155415.0,8965
10364,4155553.0,8966
10365,4155960.0,8967
10367,4156149.0,8968
10368,4156629.0,8969
10369,4156664.0,8970
10370,4156674.0,8971
10371,4156960.0,8972
10372,4157170.0,8973
10374,4157424.0,8974
10375,4157637.0,8975
10376,4157797.0,8976
10377,4158176.0,8977
10378,4158377.0,8978
10379,4158427.0,8979
10380,4158758.0,8980
10381,4158842.0,8981
10382,4158879.0,8982
10383,4158908.0,8983
10384,4159052.0,8984
10385,4159098.0,8985
10387,4159277.0,8986
10388,4159668.0,8987
10390,4161007.0,8988
10391,4162010.0,8989
10392,4162824.0,8990
10393,4162905.0,8991
10394,4163208.0,8992
10396,4163640.0,8993
10398,4164384.0,8994
10399,4165006.0,8995
10400,4165338.0,8996
10402,4165967.0,8997
10403,4166065.0,8998
10404,4166645.0,8999
10405,4166713.0,9000
10406,4166799.0,9001
10408,4167407.0,9002
10409,4168794.0,9003
10410,4168892.0,9004
10411,4168924.0,9005
10412,4169333.0,9006
10413,4169374.0,9007
10414,4169985.0,9008
10415,4170376.0,9009
10416,4170594.0,9010
10417,4171825.0,9011
10420,4173053.0,9012
10421,4173331.0,9013
10422,4173554.0,9014
10423,4173731.0,9015
10424,4174314.0,9016
10425,4174748.0,9017
10426,4175104.0,9018
10427,4175371.0,9019
10429,4175916.0,9020
10430,4176070.0,9021
10431,4176107.0,9022
10432,4176794.0,9023
10433,4176942.0,9024
10434,4177058.0,9025
10435,4177098.0,9026
10436,4177357.0,9027
10437,4178442.0,9028
10438,4179160.0,9029
10439,4179188.0,9030
10440,4179324.0,9031
10441,4179358.0,9032
10442,4179523.0,9033
10443,4179664.0,9034
10444,4179842.0,9035
10445,4180018.0,9036
10446,4181505.0,9037
10447,4181556.0,9038
10448,4181663.0,9039
10449,4181674.0,9040
10451,4182844.0,9041
10452,4183184.0,9042
10453,4183300.0,9043
10454,4183546.0,9044
10455,4183741.0,9045
10456,4183865.0,9046
10457,4184329.0,9047
10458,4184422.0,9048
10459,4184642.0,9049
10460,4184937.0,9050
10461,4184975.0,9051
10462,4185120.0,9052
10463,4185242.0,9053
10464,4185258.0,9054
10465,4185698.0,9055
10466,4186617.0,9056
10467,4187427.0,9057
10470,4189334.0,9058
10471,4190145.0,9059
10472,4190885.0,9060
10473,4192044.0,9061
10474,4193357.0,9062
10475,4193893.0,9063
10476,4194800.0,9064
10477,4195309.0,9065
10478,4196686.0,9066
10479,4196719.0,9067
10480,4197668.0,9068
10485,4198981.0,9069
10486,4199004.0,9070
10487,4199554.0,9071
10488,4199633.0,9072
10489,4199732.0,9073
10490,4200076.0,9074
10491,4200249.0,9075
10492,4200374.0,9076
10494,4200451.0,9077
10496,4200647.0,9078
10497,4200922.0,9079
10498,4201433.0,9080
10499,4201513.0,9081
10500,4201873.0,9082
10501,4202963.0,9083
10502,4203538.0,9084
10503,4203648.0,9085
10504,4203819.0,9086
10505,4204025.0,9087
10506,4204040.0,9088
10507,4204712.0,9089
10508,4205088.0,9090
10509,4206066.0,9091
10510,4206857.0,9092
10511,4207112.0,9093
10512,4207907.0,9094
10513,4208637.0,9095
10514,4209313.0,9096
10516,4210648.0,9097
10517,4210701.0,9098
10518,4210721.0,9099
10519,4211112.0,9100
10520,4211130.0,9101
10521,4211555.0,9102
10522,4212435.0,9103
10524,4213653.0,9104
10525,4214057.0,9105
10526,4214195.0,9106
10527,4215399.0,9107
10528,4215512.0,9108
10529,4215578.0,9109
10530,4216326.0,9110
10531,4216434.0,9111
10532,4216942.0,9112
10533,4217266.0,9113
10534,4217554.0,9114
10535,4217580.0,9115
10536,4217782.0,9116
10537,4219813.0,9117
10538,4221207.0,9118
10539,4221843.0,9119
10540,4221915.0,9120
10542,4226312.0,9121
10543,4227343.0,9122
10544,4227380.0,9123
10546,4227459.0,9124
10547,4227628.0,9125
10548,4227797.0,9126
10549,4227800.0,9127
10550,4228298.0,9128
10551,4228475.0,9129
10552,4229006.0,9130
10553,4229018.0,9131
10554,4229665.0,9132
10555,4229710.0,9133
10556,4229768.0,9134
10557,4229877.0,9135
10558,4230244.0,9136
10559,4230513.0,9137
10560,4230616.0,9138
10562,4231929.0,9139
10563,4232513.0,9140
10564,4234065.0,9141
10565,4234083.0,9142
10566,4234991.0,9143
10567,4234998.0,9144
10569,4235532.0,9145
10570,4235677.0,9146
10571,4236091.0,9147
10572,4236360.0,9148
10573,4236498.0,9149
10574,4236619.0,9150
10575,4237241.0,9151
10576,4237348.0,9152
10577,4237449.0,9153
10579,4240008.0,9154
10580,4240980.0,9155
10582,4241451.0,9156
10583,4242886.0,9157
10584,4244142.0,9158
10585,4244537.0,9159
10587,4244903.0,9160
10588,4244948.0,9161
10589,4246089.0,9162
10590,4247333.0,9163
10591,4248685.0,9164
10593,4248993.0,9165
10594,4249088.0,9166
10595,4249625.0,9167
10596,4249686.0,9168
10598,4250504.0,9169
10599,4251469.0,9170
10600,4251684.0,9171
10603,4251766.0,9172
10604,4251795.0,9173
10605,4252045.0,9174
10606,4252168.0,9175
10607,4253077.0,9176
10608,4253992.0,9177
10609,4254759.0,9178
10610,4255072.0,9179
10611,4256038.0,9180
10612,4256260.0,9181
10613,4256551.0,9182
10614,4257145.0,9183
10615,4257214.0,9184
10616,4257536.0,9185
10617,4257689.0,9186
10618,4257737.0,9187
10619,4257805.0,9188
10620,4257993.0,9189
10623,4258778.0,9190
10624,4258909.0,9191
10625,4260230.0,9192
10626,4260360.0,9193
10629,4261262.0,9194
10631,4262208.0,9195
10632,4262556.0,9196
10633,4263362.0,9197
10634,4263606.0,9198
10635,4264636.0,9199
10636,4265247.0,9200
10637,4266084.0,9201
10638,4267221.0,9202
10639,4267512.0,9203
10640,4268206.0,9204
10641,4268510.0,9205
10642,4268538.0,9206
10644,4268697.0,9207
10645,4269256.0,9208
10646,4269773.0,9209
10647,4270186.0,9210
10648,4270381.0,9211
10649,4271263.0,9212
10650,4271293.0,9213
10651,4271505.0,9214
10653,4271797.0,9215
10655,4272595.0,9216
10656,4272662.0,9217
10658,4273322.0,9218
10660,4273586.0,9219
10661,4273851.0,9220
10662,4274089.0,9221
10663,4274138.0,9222
10664,4274314.0,9223
10665,4274362.0,9224
10667,4274822.0,9225
10669,4275468.0,9226
10670,4275610.0,9227
10671,4275996.0,9228
10672,4276296.0,9229
10673,4276335.0,9230
10674,4276575.0,9231
10675,4276669.0,9232
10676,4277254.0,9233
10677,4277458.0,9234
10678,4277475.0,9235
10679,4277581.0,9236
10680,4279306.0,9237
10681,4279555.0,9238
10682,4280224.0,9239
10683,4280639.0,9240
10684,4280912.0,9241
10685,4281702.0,9242
10687,4282234.0,9243
10688,4282368.0,9244
10689,4283468.0,9245
10690,4283838.0,9246
10691,4284751.0,9247
10692,4285416.0,9248
10693,4285445.0,9249
10695,4286801.0,9250
10696,4286853.0,9251
10697,4287454.0,9252
10699,4287606.0,9253
10701,4287884.0,9254
10702,4287885.0,9255
10703,4287905.0,9256
10704,4288095.0,9257
10706,4288163.0,9258
10707,4288614.0,9259
10708,4288966.0,9260
10709,4289357.0,9261
10710,4289401.0,9262
10711,4289704.0,9263
10712,4290232.0,9264
10713,4290467.0,9265
10714,4291176.0,9266
10715,4291565.0,9267
10717,4291983.0,9268
10718,4292053.0,9269
10719,4292149.0,9270
10722,4295064.0,9271
10724,4295966.0,9272
10726,4296367.0,9273
10727,4296914.0,9274
10728,4297576.0,9275
10729,4297635.0,9276
10730,4298441.0,9277
10731,4298948.0,9278
10732,4299840.0,9279
10734,4300490.0,9280
10736,4300927.0,9281
10737,4301054.0,9282
10738,4301103.0,9283
10739,4301359.0,9284
10740,4302167.0,9285
10742,4303061.0,9286
10743,4303096.0,9287
10744,4303169.0,9288
10746,4303868.0,9289
10747,4303981.0,9290
10748,4304587.0,9291
10749,4304607.0,9292
10750,4304762.0,9293
10751,4304829.0,9294
10752,4305101.0,9295
10754,4306335.0,9296
10755,4307411.0,9297
10756,4307422.0,9298
10757,4307510.0,9299
10758,4307541.0,9300
10759,4307624.0,9301
10760,4308219.0,9302
10761,4308564.0,9303
10762,4308959.0,9304
10763,4309030.0,9305
10764,4309178.0,9306
10765,4309597.0,9307
10766,4310429.0,9308
10767,4310682.0,9309
10768,4312909.0,9310
10769,4313314.0,9311
10770,4313580.0,9312
10771,4313965.0,9313
10772,4314400.0,9314
10773,4316170.0,9315
10774,4316926.0,9316
10775,4317868.0,9317
10776,4319464.0,9318
10777,4319764.0,9319
10778,4320051.0,9320
10779,4320361.0,9321
10780,4320375.0,9322
10781,4320449.0,9323
10782,4321202.0,9324
10783,4322032.0,9325
10784,4322248.0,9326
10785,4322377.0,9327
10786,4322612.0,9328
10787,4322803.0,9329
10788,4322819.0,9330
10789,4322897.0,9331
10790,4323200.0,9332
10791,4323264.0,9333
10792,4323469.0,9334
10793,4323563.0,9335
10794,4324523.0,9336
10795,4324576.0,9337
10798,4325521.0,9338
10799,4325799.0,9339
10801,4326133.0,9340
10802,4326278.0,9341
10803,4326813.0,9342
10805,4327440.0,9343
10808,4328688.0,9344
10809,4329164.0,9345
10810,4329263.0,9346
10811,4329684.0,9347
10812,4330215.0,9348
10813,4330456.0,9349
10814,4331041.0,9350
10815,4331263.0,9351
10819,4332029.0,9352
10821,4332705.0,9353
10822,4332738.0,9354
10823,4333000.0,9355
10824,4333305.0,9356
10825,4333346.0,9357
10826,4334271.0,9358
10828,4336527.0,9359
10829,4336749.0,9360
10830,4337287.0,9361
10831,4337794.0,9362
10832,4338444.0,9363
10833,4338769.0,9364
10834,4339087.0,9365
10835,4339154.0,9366
10836,4339673.0,9367
10837,4340154.0,9368
10838,4340208.0,9369
10840,4340439.0,9370
10841,4340893.0,9371
10842,4341240.0,9372
10844,4341891.0,9373
10845,4341899.0,9374
10846,4342379.0,9375
10847,4342463.0,9376
10848,4343013.0,9377
10849,4343531.0,9378
10850,4344105.0,9379
10851,4344559.0,9380
10852,4344960.0,9381
10853,4345159.0,9382
10854,4345609.0,9383
10855,4345727.0,9384
10856,4345743.0,9385
10857,4346470.0,9386
10858,4346625.0,9387
10859,4346660.0,9388
10860,4346672.0,9389
10862,4347214.0,9390
10864,4347953.0,9391
10865,4348569.0,9392
10866,4348834.0,9393
10867,4349046.0,9394
10868,4349287.0,9395
10869,4349567.0,9396
10870,4350358.0,9397
10871,4350737.0,9398
10872,4351301.0,9399
10874,4351814.0,9400
10875,4351854.0,9401
10876,4352383.0,9402
10877,4352683.0,9403
10878,4352722.0,9404
10879,4353529.0,9405
10880,4353532.0,9406
10881,4353625.0,9407
10882,4353969.0,9408
10883,4354814.0,9409
10884,4356342.0,9410
10886,4356890.0,9411
10889,4357891.0,9412
10890,4358724.0,9413
10892,4359499.0,9414
10893,4359751.0,9415
10894,4360958.0,9416
10895,4361918.0,9417
10896,4362411.0,9418
10897,4363297.0,9419
10898,4363971.0,9420
10899,4363991.0,9421
10900,4364022.0,9422
10901,4364311.0,9423
10902,4364861.0,9424
10903,4365085.0,9425
10904,4365323.0,9426
10905,4365670.0,9427
10906,4365679.0,9428
10907,4366227.0,9429
10909,4367133.0,9430
10910,4367795.0,9431
10913,4368250.0,9432
10916,4370029.0,9433
10917,4370559.0,9434
10918,4371188.0,9435
10919,4371497.0,9436
10920,4371791.0,9437
10925,4373980.0,9438
10926,4374883.0,9439
10927,4375135.0,9440
10929,4376351.0,9441
10930,4376535.0,9442
10931,4376842.0,9443
10932,4377084.0,9444
10934,4378430.0,9445
10935,4379200.0,9446
10936,4379922.0,9447
10937,4380075.0,9448
10938,4380554.0,9449
10939,4380862.0,9450
10940,4381479.0,9451
10941,4381598.0,9452
10942,4382826.0,9453
10943,4383349.0,9454
10944,4383663.0,9455
10945,4384015.0,9456
10946,4384151.0,9457
10947,4384470.0,9458
10949,4384749.0,9459
10950,4384978.0,9460
10951,4385479.0,9461
10952,4386464.0,9462
10953,4386908.0,9463
10954,4388005.0,9464
10955,4388026.0,9465
10957,4388877.0,9466
10958,4389035.0,9467
10959,4389620.0,9468
10960,4389692.0,9469
10961,4390719.0,9470
10962,4390877.0,9471
10963,4390976.0,9472
10964,4391346.0,9473
10965,4391413.0,9474
10966,4391544.0,9475
10967,4392040.0,9476
10968,4392211.0,9477
10969,4392407.0,9478
10971,4393831.0,9479
10972,4394275.0,9480
10973,4394483.0,9481
10975,4394754.0,9482
10976,4395032.0,9483
10977,4396806.0,9484
10978,4396896.0,9485
10979,4397137.0,9486
10980,4397450.0,9487
10981,4397781.0,9488
10982,4397860.0,9489
10983,4398280.0,9490
10984,4398574.0,9491
10985,4398785.0,9492
10986,4399091.0,9493
10987,4399816.0,9494
10989,4400136.0,9495
10990,4400527.0,9496
10991,4400773.0,9497
10992,4400988.0,9498
10993,4402016.0,9499
10994,4402238.0,9500
10995,4402646.0,9501
10996,4402789.0,9502
10998,4403025.0,9503
10999,4403199.0,9504
11000,4403497.0,9505
11001,4404438.0,9506
11002,4404569.0,9507
11003,4404716.0,9508
11004,4405033.0,9509
11006,4405811.0,9510
11007,4405870.0,9511
11008,4406053.0,9512
11009,4406148.0,9513
11010,4406373.0,9514
11011,4406775.0,9515
11012,4406927.0,9516
11013,4408123.0,9517
11014,4408375.0,9518
11015,4409159.0,9519
11016,4409247.0,9520
11017,4409356.0,9521
11018,4409476.0,9522
11019,4409623.0,9523
11020,4409663.0,9524
11021,4410009.0,9525
11023,4412225.0,9526
11024,4412441.0,9527
11025,4412583.0,9528
11026,4412597.0,9529
11027,4412810.0,9530
11028,4413322.0,9531
11029,4413417.0,9532
11030,4414287.0,9533
11032,4414701.0,9534
11033,4414799.0,9535
11034,4415160.0,9536
11035,4416238.0,9537
11036,4417132.0,9538
11040,4418566.0,9539
11041,4419773.0,9540
11042,4420238.0,9541
11043,4420246.0,9542
11044,4420389.0,9543
11045,4420617.0,9544
11046,4421138.0,9545
11047,4421355.0,9546
11048,4421432.0,9547
11049,4422006.0,9548
11050,4422343.0,9549
11051,4422732.0,9550
11052,4423051.0,9551
11054,4423609.0,9552
11056,4425236.0,9553
11057,4426275.0,9554
11058,4426555.0,9555
11059,4427225.0,9556
11060,4427330.0,9557
11061,4427406.0,9558
11063,4427641.0,9559
11064,4427896.0,9560
11065,4428151.0,9561
11066,4428435.0,9562
11067,4428660.0,9563
11068,4429025.0,9564
11069,4430365.0,9565
11070,4430618.0,9566
11071,4431949.0,9567
11072,4432206.0,9568
11073,4433108.0,9569
11074,4433130.0,9570
11075,4433437.0,9571
11076,4433483.0,9572
11077,4433927.0,9573
11078,4433998.0,9574
11081,4435614.0,9575
11082,4435657.0,9576
11085,4436861.0,9577
11086,4437145.0,9578
11087,4437422.0,9579
11089,4438346.0,9580
11090,4439277.0,9581
11091,4439348.0,9582
11092,4439376.0,9583
11093,4441328.0,9584
11094,4442048.0,9585
11095,4442679.0,9586
11096,4443214.0,9587
11097,4443317.0,9588
11098,4443503.0,9589
11099,4443975.0,9590
11101,4445513.0,9591
11103,4446144.0,9592
11105,4446576.0,9593
11106,4446734.0,9594
11107,4447432.0,9595
11108,4447569.0,9596
11109,4447789.0,9597
11110,4447930.0,9598
11111,4447939.0,9599
11113,4448442.0,9600
11114,4448500.0,9601
11115,4449332.0,9602
11116,4449335.0,9603
11117,4449686.0,9604
11118,4449995.0,9605
11119,4450348.0,9606
11120,4450550.0,9607
11121,4450771.0,9608
11123,4451572.0,9609
11124,4451868.0,9610
11125,4452515.0,9611
11126,4452629.0,9612
11127,4453073.0,9613
11128,4453433.0,9614
11129,4454467.0,9615
11130,4455172.0,9616
11131,4455248.0,9617
11132,4455957.0,9618
11133,4455978.0,9619
11134,4456489.0,9620
11135,4456820.0,9621
11136,4456933.0,9622
11137,4457414.0,9623
11139,4457562.0,9624
11140,4457889.0,9625
11141,4458762.0,9626
11143,4459735.0,9627
11144,4459919.0,9628
11145,4460095.0,9629
11146,4460328.0,9630
11147,4460918.0,9631
11148,4461114.0,9632
11149,4461457.0,9633
11150,4461506.0,9634
11152,4462208.0,9635
11153,4462247.0,9636
11156,4462930.0,9637
11157,4464023.0,9638
11158,4464801.0,9639
11159,4464907.0,9640
11160,4466037.0,9641
11161,4466044.0,9642
11162,4466507.0,9643
11164,4466871.0,9644
11165,4467098.0,9645
11167,4467947.0,9646
11168,4469191.0,9647
11169,4469402.0,9648
11170,4470356.0,9649
11171,4471117.0,9650
11172,4471165.0,9651
11173,4471561.0,9652
11175,4472392.0,9653
11176,4472425.0,9654
11177,4472882.0,9655
11178,4475065.0,9656
11179,4475213.0,9657
11180,4475252.0,9658
11181,4475332.0,9659
11182,4475431.0,9660
11183,4475537.0,9661
11184,4475563.0,9662
11185,4475909.0,9663
11186,4476982.0,9664
11188,4478197.0,9665
11189,4478511.0,9666
11190,4478535.0,9667
11191,4478699.0,9668
11194,4480002.0,9669
11198,4481082.0,9670
11199,4481185.0,9671
11200,4481484.0,9672
11201,4481565.0,9673
11202,4481933.0,9674
11204,4482342.0,9675
11205,4482451.0,9676
11206,4482651.0,9677
11207,4483340.0,9678
11208,4483854.0,9679
11210,4484199.0,9680
11211,4484309.0,9681
11212,4484668.0,9682
11213,4485239.0,9683
11214,4485319.0,9684
11215,4485428.0,9685
11216,4486174.0,9686
11217,4486283.0,9687
11218,4486765.0,9688
11219,4487113.0,9689
11220,4487244.0,9690
11221,4487645.0,9691
11222,4487764.0,9692
11223,4488131.0,9693
11224,4488471.0,9694
11226,4489569.0,9695
11227,4490000.0,9696
11228,4490003.0,9697
11229,4490365.0,9698
11230,4490870.0,9699
11231,4491111.0,9700
11232,4491175.0,9701
11233,4491443.0,9702
11234,4491477.0,9703
11235,4491608.0,9704
11236,4492120.0,9705
11237,4494551.0,9706
11238,4494706.0,9707
11239,4495120.0,9708
11240,4495814.0,9709
11241,4496093.0,9710
11242,4496570.0,9711
11243,4496936.0,9712
11244,4497233.0,9713
11245,4497376.0,9714
11246,4497719.0,9715
11247,4498121.0,9716
11248,4498731.0,9717
11249,4498870.0,9718
11250,4499812.0,9719
11251,4500226.0,9720
11253,4500702.0,9721
11254,4501356.0,9722
11255,4501696.0,9723
11256,4501801.0,9724
11260,4502132.0,9725
11261,4502248.0,9726
11262,4502421.0,9727
11263,4502595.0,9728
11265,4502972.0,9729
11267,4504005.0,9730
11268,4504974.0,9731
11269,4505026.0,9732
11270,4505616.0,9733
11272,4506731.0,9734
11273,4507215.0,9735
11274,4507311.0,9736
11275,4507354.0,9737
11276,4507982.0,9738
11277,4508655.0,9739
11278,4508966.0,9740
11280,4509324.0,9741
11282,4511856.0,9742
11283,4512075.0,9743
11284,4512734.0,9744
11285,4512824.0,9745
11286,4513986.0,9746
11287,4516011.0,9747
11288,4516256.0,9748
11291,4517078.0,9749
11292,4517589.0,9750
11293,4517654.0,9751
11294,4518133.0,9752
11295,4518596.0,9753
11296,4518826.0,9754
11297,4519260.0,9755
11298,4520278.0,9756
11299,4520976.0,9757
11300,4521401.0,9758
11301,4522347.0,9759
11302,4522706.0,9760
11303,4522888.0,9761
11304,4523680.0,9762
11305,4523788.0,9763
11307,4525961.0,9764
11308,4526459.0,9765
11309,4526706.0,9766
11310,4527367.0,9767
11311,4527500.0,9768
11312,4528567.0,9769
11314,4529592.0,9770
11315,4529653.0,9771
11316,4529711.0,9772
11317,4529824.0,9773
11318,4530012.0,9774
11319,4530615.0,9775
11320,4530723.0,9776
11321,4530926.0,9777
11322,4531410.0,9778
11323,4531639.0,9779
11324,4532535.0,9780
11325,4533694.0,9781
11326,4534477.0,9782
11328,4535667.0,9783
11330,4536252.0,9784
11331,4536373.0,9785
11332,4536522.0,9786
11334,4536649.0,9787
11336,4536864.0,9788
11337,4537502.0,9789
11338,4537927.0,9790
11339,4538017.0,9791
11340,4538488.0,9792
11341,4538895.0,9793
11343,4539438.0,9794
11344,4539542.0,9795
11345,4539655.0,9796
11346,4539983.0,9797
11347,4540523.0,9798
11348,4540791.0,9799
11349,4542626.0,9800
11350,4543174.0,9801
11351,4544120.0,9802
11353,4544842.0,9803
11354,4544925.0,9804
11355,4545411.0,9805
11356,4545882.0,9806
11357,4546065.0,9807
11358,4546262.0,9808
11359,4547071.0,9809
11360,4547176.0,9810
11361,4547222.0,9811
11364,4547758.0,9812
11365,4548132.0,9813
11366,4548235.0,9814
11367,4548534.0,9815
11368,4548888.0,9816
11369,4548922.0,9817
11370,4549292.0,9818
11371,4549355.0,9819
11372,4549868.0,9820
11373,4550230.0,9821
11374,4550533.0,9822
11375,4551183.0,9823
11376,4551204.0,9824
11377,4551350.0,9825
11379,4552130.0,9826
11380,4552772.0,9827
11381,4552965.0,9828
11382,4553083.0,9829
11383,4553627.0,9830
11384,4553954.0,9831
11385,4554483.0,9832
11386,4554607.0,9833
11387,4554784.0,9834
11388,4555092.0,9835
11389,4555372.0,9836
11391,4557152.0,9837
11392,4557504.0,9838
11394,4559266.0,9839
11395,4560103.0,9840
11396,4560244.0,9841
11400,4561758.0,9842
11401,4561969.0,9843
11403,4565144.0,9844
11404,4565767.0,9845
11406,4566339.0,9846
11407,4567079.0,9847
11408,4567227.0,9848
11409,4567612.0,9849
11410,4567613.0,9850
11411,4567715.0,9851
11413,4569871.0,9852
11414,4570165.0,9853
11415,4572760.0,9854
11416,4572824.0,9855
11417,4573615.0,9856
11418,4573801.0,9857
11420,4574290.0,9858
11421,4574414.0,9859
11422,4574424.0,9860
11423,4574621.0,9861
11424,4574861.0,9862
11425,4574932.0,9863
11426,4575452.0,9864
11428,4576306.0,9865
11429,4576550.0,9866
11433,4577677.0,9867
11435,4578286.0,9868
11436,4578619.0,9869
11437,4578724.0,9870
11438,4579094.0,9871
11441,4579557.0,9872
11442,4579856.0,9873
11444,4581638.0,9874
11445,4581888.0,9875
11446,4582068.0,9876
11447,4582207.0,9877
11450,4583926.0,9878
11452,4584371.0,9879
11453,4584806.0,9880
11454,4585183.0,9881
11455,4585652.0,9882
11456,4586224.0,9883
11457,4586514.0,9884
11459,4590036.0,9885
11460,4590071.0,9886
11461,4590830.0,9887
11462,4591096.0,9888
11463,4591171.0,9889
11464,4591271.0,9890
11465,4591775.0,9891
11466,4592290.0,9892
11468,4592568.0,9893
11469,4593153.0,9894
11470,4593169.0,9895
11471,4593715.0,9896
11472,4595146.0,9897
11473,4596469.0,9898
11474,4596906.0,9899
11475,4596944.0,9900
11476,4597056.0,9901
11477,4598278.0,9902
11478,4599075.0,9903
11479,4599502.0,9904
11480,4601707.0,9905
11481,4601857.0,9906
11483,4602425.0,9907
11484,4603537.0,9908
11486,4605400.0,9909
11487,4605589.0,9910
11488,4605901.0,9911
11489,4606462.0,9912
11490,4606702.0,9913
11491,4607465.0,9914
11492,4607701.0,9915
11493,4608198.0,9916
11495,4609001.0,9917
11496,4609003.0,9918
11497,4609218.0,9919
11498,4609568.0,9920
11499,4609617.0,9921
11500,4610007.0,9922
11503,4610202.0,9923
11505,4611375.0,9924
11506,4611553.0,9925
11508,4611992.0,9926
11511,4612862.0,9927
11512,4612989.0,9928
11514,4613891.0,9929
11516,4614721.0,9930
11517,4614914.0,9931
11518,4614941.0,9932
11519,4615015.0,9933
11520,4615040.0,9934
11521,4615813.0,9935
11523,4616849.0,9936
11524,4617316.0,9937
11525,4617323.0,9938
11526,4618385.0,9939
11527,4619430.0,9940
11528,4619858.0,9941
11529,4619864.0,9942
11530,4620028.0,9943
11531,4620320.0,9944
11532,4620357.0,9945
11533,4620530.0,9946
11534,4620550.0,9947
11535,4620774.0,9948
11536,4620798.0,9949
11537,4621462.0,9950
11538,4621494.0,9951
11539,4621662.0,9952
11540,4621734.0,9953
11541,4621991.0,9954
11542,4622343.0,9955
11544,4623053.0,9956
11546,4623847.0,9957
11547,4623926.0,9958
11548,4624427.0,9959
11549,4625331.0,9960
11550,4625390.0,9961
11551,4625402.0,9962
11553,4625935.0,9963
11554,4625984.0,9964
11555,4626530.0,9965
11556,4626790.0,9966
11557,4626951.0,9967
11558,4627212.0,9968
11559,4627286.0,9969
11560,4627541.0,9970
11561,4628747.0,9971
11562,4629564.0,9972
11563,4629656.0,9973
11564,4629694.0,9974
11565,4629799.0,9975
11566,4629863.0,9976
11567,4630009.0,9977
11568,4630544.0,9978
11569,4630594.0,9979
11570,4630772.0,9980
11571,4631219.0,9981
11572,4631446.0,9982
11573,4632735.0,9983
11574,4632747.0,9984
11575,4633336.0,9985
11576,4633387.0,9986
11577,4633632.0,9987
11578,4633695.0,9988
11579,4633937.0,9989
11580,4633985.0,9990
11581,4634051.0,9991
11582,4634275.0,9992
11583,4634317.0,9993
11584,4634343.0,9994
11585,4634567.0,9995
11586,4635049.0,9996
11587,4635204.0,9997
11588,4635401.0,9998
11589,4636160.0,9999
11591,4637864.0,10000
11592,4637988.0,10001
11593,4638564.0,10002
11595,4639354.0,10003
11596,4640820.0,10004
11597,4640919.0,10005
11598,4640958.0,10006
11599,4640984.0,10007
11600,4641070.0,10008
11601,4641281.0,10009
11604,4641977.0,10010
11605,4642090.0,10011
11606,4642294.0,10012
11607,4642916.0,10013
11608,4644284.0,10014
11609,4644906.0,10015
11610,4645310.0,10016
11611,4645429.0,10017
11612,4647414.0,10018
11613,4647851.0,10019
11614,4648010.0,10020
11616,4649107.0,10021
11617,4649122.0,10022
11618,4650985.0,10023
11619,4651013.0,10024
11620,4651083.0,10025
11621,4651184.0,10026
11622,4652195.0,10027
11623,4652644.0,10028
11625,4653105.0,10029
11627,4653347.0,10030
11629,4654095.0,10031
11630,4654440.0,10032
11631,4655096.0,10033
11632,4655236.0,10034
11633,4655733.0,10035
11635,4655916.0,10036
11636,4656386.0,10037
11637,4656700.0,10038
11638,4656759.0,10039
11639,4657023.0,10040
11640,4657501.0,10041
11641,4658293.0,10042
11642,4659029.0,10043
11643,4659471.0,10044
11645,4660015.0,10045
11646,4660273.0,10046
11647,4660374.0,10047
11648,4661023.0,10048
11651,4661425.0,10049
11652,4661574.0,10050
11654,4663389.0,10051
11655,4664185.0,10052
11656,4664553.0,10053
11657,4664695.0,10054
11658,4664785.0,10055
11660,4665851.0,10056
11661,4666191.0,10057
11664,4667627.0,10058
11665,4667925.0,10059
11666,4668040.0,10060
11667,4669428.0,10061
11668,4670485.0,10062
11669,4670715.0,10063
11670,4670852.0,10064
11672,4672772.0,10065
11673,4674105.0,10066
11675,4674396.0,10067
11676,4674657.0,10068
11677,4674717.0,10069
11678,4675440.0,10070
11679,4676183.0,10071
11683,4676693.0,10072
11685,4677309.0,10073
11686,4677312.0,10074
11687,4677374.0,10075
11688,4677959.0,10076
11689,4677989.0,10077
11690,4678198.0,10078
11691,4678409.0,10079
11692,4678717.0,10080
11693,4678947.0,10081
11694,4680817.0,10082
11695,4680878.0,10083
11696,4680921.0,10084
11697,4680950.0,10085
11698,4681175.0,10086
11699,4681588.0,10087
11700,4682031.0,10088
11701,4682458.0,10089
11702,4682723.0,10090
11703,4683042.0,10091
11704,4683638.0,10092
11705,4684491.0,10093
11706,4684729.0,10094
11707,4685060.0,10095
11708,4685231.0,10096
11709,4685396.0,10097
11711,4686949.0,10098
11712,4687497.0,10099
11713,4687666.0,10100
11714,4688549.0,10101
11716,4690152.0,10102
11717,4690352.0,10103
11718,4690838.0,10104
11719,4691757.0,10105
11720,4692160.0,10106
11721,4692340.0,10107
11722,4692982.0,10108
11724,4693289.0,10109
11725,4693798.0,10110
11726,4694602.0,10111
11727,4695022.0,10112
11728,4696018.0,10113
11729,4696212.0,10114
11731,4696862.0,10115
11732,4697166.0,10116
11733,4697357.0,10117
11734,4697371.0,10118
11735,4697880.0,10119
11736,4698222.0,10120
11737,4698476.0,10121
11738,4698654.0,10122
11739,4699844.0,10123
11740,4699943.0,10124
11741,4700881.0,10125
11743,4701380.0,10126
11744,4702833.0,10127
11745,4702840.0,10128
11746,4703800.0,10129
11749,4704423.0,10130
11751,4704715.0,10131
11753,4705482.0,10132
11754,4706260.0,10133
11755,4706498.0,10134
11756,4706575.0,10135
11757,4706596.0,10136
11758,4706814.0,10137
11759,4706821.0,10138
11760,4707080.0,10139
11761,4707373.0,10140
11762,4708080.0,10141
11763,4708196.0,10142
11764,4708929.0,10143
11765,4708960.0,10144
11766,4709368.0,10145
11767,4709531.0,10146
11768,4710835.0,10147
11770,4711123.0,10148
11771,4711189.0,10149
11773,4711543.0,10150
11776,4713530.0,10151
11777,4713635.0,10152
11778,4713849.0,10153
11779,4714096.0,10154
11780,4714112.0,10155
11781,4714200.0,10156
11782,4714280.0,10157
11783,4714308.0,10158
11785,4714978.0,10159
11786,4715162.0,10160
11787,4715453.0,10161
11788,4715919.0,10162
11789,4716129.0,10163
11790,4716424.0,10164
11792,4716501.0,10165
11793,4716968.0,10166
11794,4717026.0,10167
11795,4717240.0,10168
11796,4717281.0,10169
11797,4717611.0,10170
11798,4718087.0,10171
11800,4718296.0,10172
11801,4718437.0,10173
11802,4718546.0,10174
11803,4718749.0,10175
11804,4719095.0,10176
11805,4719318.0,10177
11806,4719394.0,10178
11807,4719467.0,10179
11808,4719947.0,10180
11811,4721051.0,10181
11812,4721109.0,10182
11813,4721255.0,10183
11814,4721539.0,10184
11815,4721935.0,10185
11816,4722267.0,10186
11817,4722279.0,10187
11818,4722957.0,10188
11819,4723261.0,10189
11820,4723718.0,10190
11821,4724079.0,10191
11822,4724785.0,10192
11823,4725497.0,10193
11824,4725595.0,10194
11825,4725962.0,10195
11826,4726623.0,10196
11828,4726976.0,10197
11829,4727523.0,10198
11830,4727777.0,10199
11831,4728381.0,10200
11832,4728596.0,10201
11833,4728930.0,10202
11834,4729363.0,10203
11835,4729786.0,10204
11836,4730669.0,10205
11837,4730746.0,10206
11838,4730901.0,10207
11839,4731268.0,10208
11840,4731352.0,10209
11843,4733118.0,10210
11844,4733735.0,10211
11845,4733852.0,10212
11847,4734845.0,10213
11848,4735128.0,10214
11849,4735303.0,10215
11850,4735343.0,10216
11851,4735847.0,10217
11852,4736462.0,10218
11853,4737241.0,10219
11854,4737746.0,10220
11856,4738653.0,10221
11857,4738914.0,10222
11858,4739395.0,10223
11859,4739514.0,10224
11860,4739806.0,10225
11862,4740873.0,10226
11863,4740923.0,10227
11864,4741000.0,10228
11865,4741432.0,10229
11866,4741764.0,10230
11867,4741877.0,10231
11869,4742080.0,10232
11872,4743239.0,10233
11873,4743546.0,10234
11874,4743843.0,10235
11875,4744719.0,10236
11876,4745106.0,10237
11877,4745269.0,10238
11878,4745701.0,10239
11879,4746168.0,10240
11880,4746455.0,10241
11881,4746681.0,10242
11882,4746837.0,10243
11883,4747234.0,10244
11884,4747327.0,10245
11885,4747383.0,10246
11886,4747457.0,10247
11887,4747465.0,10248
11888,4747705.0,10249
11889,4747753.0,10250
11890,4748261.0,10251
11892,4748724.0,10252
11893,4748886.0,10253
11894,4750205.0,10254
11895,4750227.0,10255
11896,4750428.0,10256
11897,4750893.0,10257
11898,4751110.0,10258
11899,4751855.0,10259
11900,4752069.0,10260
11901,4752299.0,10261
11902,4753160.0,10262
11903,4754043.0,10263
11904,4754121.0,10264
11905,4754767.0,10265
11906,4754881.0,10266
11907,4756152.0,10267
11909,4757052.0,10268
11910,4757548.0,10269
11911,4757771.0,10270
11912,4758143.0,10271
11913,4758282.0,10272
11914,4758394.0,10273
11917,4759125.0,10274
11920,4759621.0,10275
11921,4759831.0,10276
11923,4761222.0,10277
11924,4761331.0,10278
11925,4761454.0,10279
11926,4761815.0,10280
11927,4763328.0,10281
11928,4763429.0,10282
11930,4764019.0,10283
11931,4764428.0,10284
11932,4764998.0,10285
11934,4765681.0,10286
11935,4765687.0,10287
11936,4766037.0,10288
11937,4766054.0,10289
11938,4766369.0,10290
11939,4766372.0,10291
11940,4766534.0,10292
11942,4768937.0,10293
11943,4769190.0,10294
11944,4769396.0,10295
11945,4769815.0,10296
11946,4770010.0,10297
11947,4770388.0,10298
11948,4770673.0,10299
11949,4770846.0,10300
11951,4771487.0,10301
11952,4771496.0,10302
11953,4772012.0,10303
11954,4772312.0,10304
11955,4772339.0,10305
11956,4772926.0,10306
11957,4773375.0,10307
11958,4773462.0,10308
11959,4773482.0,10309
11960,4773727.0,10310
11961,4774093.0,10311
11962,4774587.0,10312
11963,4774861.0,10313
11966,4775065.0,10314
11967,4775276.0,10315
11968,4775293.0,10316
11969,4776400.0,10317
11971,4777350.0,10318
11974,4778844.0,10319
11975,4779035.0,10320
11978,4779476.0,10321
11979,4779546.0,10322
11980,4782188.0,10323
11981,4784170.0,10324
11982,4784429.0,10325
11983,4784772.0,10326
11984,4785124.0,10327
11985,4785577.0,10328
11986,4785984.0,10329
11987,4786110.0,10330
11988,4786790.0,10331
11989,4787029.0,10332
11991,4789288.0,10333
11992,4789715.0,10334
11993,4789802.0,10335
11994,4789982.0,10336
11995,4790023.0,10337
11996,4791074.0,10338
11997,4791515.0,10339
11999,4792264.0,10340
12000,4792455.0,10341
12002,4792556.0,10342
12003,4792670.0,10343
12005,4792816.0,10344
12008,4793500.0,10345
12009,4793813.0,10346
12010,4793833.0,10347
12012,4794687.0,10348
12013,4795072.0,10349
12014,4795262.0,10350
12015,4795709.0,10351
12016,4796742.0,10352
12017,4797678.0,10353
12019,4798283.0,10354
12020,4798335.0,10355
12021,4798599.0,10356
12022,4799023.0,10357
12023,4799713.0,10358
12024,4800311.0,10359
12025,4801074.0,10360
12026,4801135.0,10361
12027,4801244.0,10362
12028,4801418.0,10363
12029,4801435.0,10364
12030,4802284.0,10365
12031,4802814.0,10366
12032,4803145.0,10367
12034,4803442.0,10368
12035,4803599.0,10369
12036,4803701.0,10370
12037,4803870.0,10371
12038,4804012.0,10372
12039,4804339.0,10373
12040,4804940.0,10374
12041,4805031.0,10375
12042,4805110.0,10376
12043,4805816.0,10377
12046,4806809.0,10378
12047,4806825.0,10379
12048,4806985.0,10380
12049,4807231.0,10381
12051,4807895.0,10382
12052,4808056.0,10383
12053,4808137.0,10384
12054,4808145.0,10385
12055,4808857.0,10386
12056,4808922.0,10387
12057,4809994.0,10388
12058,4810304.0,10389
12059,4811000.0,10390
12060,4811115.0,10391
12061,4811621.0,10392
12062,4811776.0,10393
12063,4812216.0,10394
12064,4813537.0,10395
12065,4813546.0,10396
12066,4813651.0,10397
12067,4813989.0,10398
12068,4814131.0,10399
12069,4814538.0,10400
12070,4814954.0,10401
12071,4815124.0,10402
12072,4815345.0,10403
12073,4816183.0,10404
12074,4816409.0,10405
12075,4816645.0,10406
12076,4817235.0,10407
12078,4817470.0,10408
12079,4818203.0,10409
12080,4818472.0,10410
12081,4818567.0,10411
12082,4819451.0,10412
12083,4819455.0,10413
12084,4819624.0,10414
12085,4820354.0,10415
12086,4820745.0,10416
12087,4820815.0,10417
12088,4821654.0,10418
12089,4823376.0,10419
12090,4824378.0,10420
12091,4824381.0,10421
12093,4825215.0,10422
12096,4826055.0,10423
12098,4826294.0,10424
12099,4826685.0,10425
12100,4826758.0,10426
12101,4826809.0,10427
12102,4826815.0,10428
12103,4826928.0,10429
12104,4828023.0,10430
12105,4828543.0,10431
12106,4828603.0,10432
12107,4828789.0,10433
12108,4828827.0,10434
12110,4829274.0,10435
12111,4829782.0,10436
12112,4829783.0,10437
12113,4829869.0,10438
12114,4829892.0,10439
12115,4830664.0,10440
12116,4831330.0,10441
12117,4831397.0,10442
12118,4831531.0,10443
12119,4832691.0,10444
12120,4833105.0,10445
12121,4833372.0,10446
12122,4833579.0,10447
12123,4833598.0,10448
12124,4834305.0,10449
12125,4834573.0,10450
12126,4834817.0,10451
12127,4835125.0,10452
12128,4835338.0,10453
12129,4835480.0,10454
12130,4835738.0,10455
12131,4835817.0,10456
12132,4835971.0,10457
12133,4835985.0,10458
12134,4836131.0,10459
12135,4837338.0,10460
12136,4837342.0,10461
12137,4837826.0,10462
12138,4837878.0,10463
12139,4837997.0,10464
12141,4839148.0,10465
12142,4839550.0,10466
12144,4840465.0,10467
12145,4840665.0,10468
12146,4840668.0,10469
12147,4841309.0,10470
12148,4842004.0,10471
12149,4842441.0,10472
12150,4842541.0,10473
12151,4842793.0,10474
12152,4843188.0,10475
12153,4843687.0,10476
12154,4843924.0,10477
12155,4844414.0,10478
12156,4844554.0,10479
12157,4845138.0,10480
12158,4845538.0,10481
12159,4846604.0,10482
12160,4846779.0,10483
12161,4847126.0,10484
12162,4847170.0,10485
12163,4847339.0,10486
12164,4847644.0,10487
12165,4848051.0,10488
12166,4848188.0,10489
12167,4848374.0,10490
12168,4848518.0,10491
12169,4848856.0,10492
12170,4849158.0,10493
12171,4849498.0,10494
12172,4850032.0,10495
12173,4850087.0,10496
12175,4850469.0,10497
12176,4850654.0,10498
12177,4851016.0,10499
12178,4851377.0,10500
12180,4852123.0,10501
12181,4852245.0,10502
12182,4853497.0,10503
12183,4854477.0,10504
12184,4855233.0,10505
12185,4855633.0,10506
12186,4855945.0,10507
12187,4856237.0,10508
12188,4856287.0,10509
12189,4856745.0,10510
12190,4856875.0,10511
12191,4857213.0,10512
12192,4857792.0,10513
12193,4857814.0,10514
12194,4858098.0,10515
12195,4858394.0,10516
12196,4858399.0,10517
12197,4859263.0,10518
12198,4859307.0,10519
12199,4859498.0,10520
12200,4859773.0,10521
12201,4860587.0,10522
12202,4860726.0,10523
12203,4860784.0,10524
12204,4861758.0,10525
12206,4862018.0,10526
12207,4862174.0,10527
12208,4862259.0,10528
12209,4862273.0,10529
12210,4862614.0,10530
12211,4863769.0,10531
12212,4864241.0,10532
12213,4864496.0,10533
12214,4864513.0,10534
12215,4864844.0,10535
12217,4864972.0,10536
12218,4865111.0,10537
12219,4865299.0,10538
12220,4865445.0,10539
12221,4866732.0,10540
12224,4868199.0,10541
12225,4868579.0,10542
12226,4869321.0,10543
12227,4870215.0,10544
12228,4870407.0,10545
12229,4870468.0,10546
12230,4870861.0,10547
12231,4870875.0,10548
12232,4871035.0,10549
12233,4871114.0,10550
12234,4871151.0,10551
12235,4872124.0,10552
12236,4872224.0,10553
12237,4873134.0,10554
12238,4873172.0,10555
12239,4873351.0,10556
12240,4873422.0,10557
12241,4873576.0,10558
12242,4873807.0,10559
12243,4874862.0,10560
12244,4874957.0,10561
12245,4875280.0,10562
12246,4875406.0,10563
12248,4875834.0,10564
12249,4876505.0,10565
12251,4877292.0,10566
12252,4877742.0,10567
12253,4877859.0,10568
12254,4877916.0,10569
12255,4877966.0,10570
12256,4878238.0,10571
12257,4878474.0,10572
12258,4878951.0,10573
12259,4878967.0,10574
12260,4879150.0,10575
12261,4879228.0,10576
12263,4880350.0,10577
12265,4880667.0,10578
12266,4880952.0,10579
12267,4881537.0,10580
12268,4881914.0,10581
12270,4882865.0,10582
12271,4883761.0,10583
12272,4883813.0,10584
12273,4883870.0,10585
12274,4884088.0,10586
12275,4884199.0,10587
12276,4884404.0,10588
12277,4884605.0,10589
12278,4884948.0,10590
12279,4885378.0,10591
12280,4885384.0,10592
12281,4885531.0,10593
12282,4885921.0,10594
12283,4886083.0,10595
12284,4886735.0,10596
12285,4886938.0,10597
12286,4887730.0,10598
12287,4887782.0,10599
12288,4887834.0,10600
12289,4887939.0,10601
12290,4887980.0,10602
12291,4888374.0,10603
12293,4889060.0,10604
12294,4889579.0,10605
12295,4889815.0,10606
12296,4890137.0,10607
12297,4890271.0,10608
12299,4890726.0,10609
12301,4891850.0,10610
12302,4891897.0,10611
12303,4892078.0,10612
12304,4892330.0,10613
12305,4892568.0,10614
12306,4893508.0,10615
12307,4894276.0,10616
12308,4894539.0,10617
12309,4894823.0,10618
12310,4895187.0,10619
12311,4896059.0,10620
12312,4896067.0,10621
12314,4896372.0,10622
12315,4896732.0,10623
12316,4896968.0,10624
12317,4897346.0,10625
12318,4897926.0,10626
12319,4898615.0,10627
12320,4898656.0,10628
12322,4900923.0,10629
12323,4901996.0,10630
12324,4902052.0,10631
12325,4902404.0,10632
12326,4902576.0,10633
12327,4902584.0,10634
12328,4903292.0,10635
12329,4903452.0,10636
12330,4903466.0,10637
12331,4903861.0,10638
12332,4904351.0,10639
12333,4904643.0,10640
12334,4904752.0,10641
12335,4904803.0,10642
12337,4905727.0,10643
12338,4905736.0,10644
12339,4906159.0,10645
12340,4907433.0,10646
12341,4907473.0,10647
12342,4907516.0,10648
12343,4908230.0,10649
12344,4908537.0,10650
12345,4908924.0,10651
12346,4909981.0,10652
12347,4910634.0,10653
12348,4910729.0,10654
12349,4911498.0,10655
12351,4911750.0,10656
12352,4913426.0,10657
12354,4913643.0,10658
12355,4913958.0,10659
12356,4914817.0,10660
12357,4915113.0,10661
12358,4915202.0,10662
12359,4916132.0,10663
12360,4916256.0,10664
12361,4916397.0,10665
12362,4916856.0,10666
12363,4916915.0,10667
12364,4917066.0,10668
12365,4918996.0,10669
12366,4919058.0,10670
12368,4919662.0,10671
12369,4919751.0,10672
12370,4919770.0,10673
12371,4920186.0,10674
12372,4920441.0,10675
12373,4920778.0,10676
12374,4921274.0,10677
12375,4921322.0,10678
12377,4921419.0,10679
12378,4921564.0,10680
12380,4921722.0,10681
12382,4922419.0,10682
12383,4922766.0,10683
12384,4922855.0,10684
12385,4922900.0,10685
12386,4923134.0,10686
12387,4923433.0,10687
12388,4923500.0,10688
12389,4923757.0,10689
12390,4923950.0,10690
12391,4924144.0,10691
12392,4924453.0,10692
12393,4924614.0,10693
12394,4925663.0,10694
12395,4925742.0,10695
12396,4926524.0,10696
12397,4926646.0,10697
12398,4926961.0,10698
12399,4926985.0,10699
12400,4927465.0,10700
12401,4927518.0,10701
12402,4928191.0,10702
12403,4928465.0,10703
12404,4928800.0,10704
12406,4929237.0,10705
12407,4929758.0,10706
12408,4929760.0,10707
12409,4929905.0,10708
12410,4930495.0,10709
12411,4930844.0,10710
12412,4930861.0,10711
12414,4931074.0,10712
12415,4932560.0,10713
12417,4934408.0,10714
12418,4934694.0,10715
12420,4935869.0,10716
12421,4936675.0,10717
12422,4936769.0,10718
12423,4936894.0,10719
12424,4937139.0,10720
12425,4937836.0,10721
12426,4937877.0,10722
12427,4938117.0,10723
12428,4938651.0,10724
12429,4938829.0,10725
12430,4939309.0,10726
12431,4940020.0,10727
12432,4940261.0,10728
12433,4940571.0,10729
12436,4941205.0,10730
12437,4942116.0,10731
12438,4942188.0,10732
12440,4942385.0,10733
12443,4943146.0,10734
12444,4943366.0,10735
12445,4943489.0,10736
12446,4943645.0,10737
12447,4944732.0,10738
12448,4945174.0,10739
12449,4945226.0,10740
12450,4946066.0,10741
12451,4946568.0,10742
12453,4946743.0,10743
12454,4946985.0,10744
12456,4947337.0,10745
12457,4947624.0,10746
12458,4947674.0,10747
12459,4948771.0,10748
12460,4949249.0,10749
12463,4951610.0,10750
12464,4952436.0,10751
12465,4952575.0,10752
12466,4952670.0,10753
12467,4952910.0,10754
12468,4953100.0,10755
12469,4953392.0,10756
12470,4953499.0,10757
12472,4954277.0,10758
12473,4956686.0,10759
12475,4957840.0,10760
12476,4958026.0,10761
12477,4958050.0,10762
12478,4958184.0,10763
12480,4958567.0,10764
12481,4958861.0,10765
12482,4959982.0,10766
12483,4960163.0,10767
12484,4960636.0,10768
12485,4960775.0,10769
12486,4960843.0,10770
12488,4961651.0,10771
12490,4962673.0,10772
12493,4963000.0,10773
12494,4963535.0,10774
12495,4964038.0,10775
12496,4964231.0,10776
12498,4965411.0,10777
12499,4965635.0,10778
12500,4965904.0,10779
12501,4966228.0,10780
12502,4967042.0,10781
12503,4967046.0,10782
12504,4968389.0,10783
12505,4968537.0,10784
12506,4968805.0,10785
12507,4968922.0,10786
12508,4969490.0,10787
12509,4969897.0,10788
12510,4970159.0,10789
12511,4970685.0,10790
12513,4970916.0,10791
12514,4971071.0,10792
12515,4971419.0,10793
12516,4971492.0,10794
12517,4971509.0,10795
12518,4972030.0,10796
12519,4972376.0,10797
12520,4972440.0,10798
12521,4973078.0,10799
12523,4973895.0,10800
12524,4974287.0,10801
12525,4974446.0,10802
12526,4974883.0,10803
12527,4975141.0,10804
12528,4975902.0,10805
12529,4975987.0,10806
12530,4976356.0,10807
12532,4976656.0,10808
12533,4976676.0,10809
12534,4977136.0,10810
12535,4977215.0,10811
12536,4977389.0,10812
12537,4978011.0,10813
12538,4978118.0,10814
12539,4978380.0,10815
12540,4978401.0,10816
12541,4978506.0,10817
12542,4978623.0,10818
12543,4978661.0,10819
12544,4979018.0,10820
12545,4979274.0,10821
12546,4979542.0,10822
12547,4979712.0,10823
12548,4980294.0,10824
12549,4980370.0,10825
12550,4980372.0,10826
12551,4980969.0,10827
12552,4981308.0,10828
12553,4981412.0,10829
12555,4984319.0,10830
12556,4984595.0,10831
12557,4984899.0,10832
12558,4985727.0,10833
12559,4986198.0,10834
12560,4986218.0,10835
12561,4986654.0,10836
12562,4987047.0,10837
12565,4989046.0,10838
12566,4990420.0,10839
12567,4990561.0,10840
12568,4990714.0,10841
12569,4990751.0,10842
12570,4991134.0,10843
12572,4992409.0,10844
12573,4992582.0,10845
12575,4994890.0,10846
12576,4994906.0,10847
12580,4997043.0,10848
12581,4997407.0,10849
12582,4998465.0,10850
12583,4998750.0,10851
12584,4999187.0,10852
12585,4999335.0,10853
12587,4999541.0,10854
