snp_index,position_bp
0,528.0
1,819.0
2,1356.0
3,1404.0
4,1698.0
5,1782.0
6,1952.0
7,2117.0
8,2292.0
9,3106.0
10,3917.0
11,4039.0
12,4136.0
13,4164.0
14,4637.0
15,5150.0
16,5681.0
17,6895.0
18,7130.0
19,8075.0
20,8313.0
21,8455.0
22,8482.0
23,8852.0
24,9951.0
25,10293.0
26,11756.0
27,11848.0
28,11899.0
29,12329.0
30,12618.0
31,12663.0
32,12856.0
33,13077.0
34,13131.0
35,13305.0
36,13514.0
37,14941.0
38,15398.0
39,15526.0
40,16379.0
41,16488.0
42,17464.0
43,17487.0
44,17606.0
45,18291.0
46,18366.0
47,18799.0
48,18936.0
49,19178.0
50,19714.0
51,19975.0
52,20026.0
53,20341.0
54,20365.0
55,20821.0
56,21351.0
57,21504.0
58,21711.0
59,21869.0
60,22256.0
61,22937.0
62,23442.0
63,23502.0
64,23737.0
65,23887.0
66,24016.0
67,24049.0
68,24399.0
69,24562.0
70,24676.0
71,24884.0
72,24899.0
73,24907.0
74,25011.0
75,25044.0
76,25071.0
77,25241.0
78,25890.0
79,26294.0
80,27065.0
81,27710.0
82,27897.0
83,27953.0
84,29323.0
85,30372.0
86,30720.0
87,30877.0
88,31345.0
89,31595.0
90,31921.0
91,32505.0
92,33331.0
93,34526.0
94,35512.0
95,36034.0
96,37277.0
97,38900.0
98,39059.0
99,39620.0
100,40447.0
101,40597.0
102,40824.0
103,41337.0
104,41717.0
105,41796.0
106,41947.0
107,43223.0
108,44603.0
109,45090.0
110,45514.0
111,46382.0
112,46450.0
113,46691.0
114,46697.0
115,46790.0
116,46799.0
117,46901.0
118,47178.0
119,47194.0
120,47363.0
121,47903.0
122,48380.0
123,48566.0
124,48753.0
125,49179.0
126,49492.0
127,50230.0
128,50393.0
129,50483.0
130,50655.0
131,50863.0
132,50970.0
133,51166.0
134,51217.0
135,52096.0
136,52516.0
137,52913.0
138,52952.0
139,53275.0
140,53454.0
141,53589.0
142,53736.0
143,54512.0
144,54541.0
145,54892.0
146,55047.0
147,55215.0
148,55287.0
149,55459.0
150,55626.0
151,55735.0
152,55960.0
153,56245.0
154,56440.0
155,56614.0
156,56665.0
157,56854.0
158,58142.0
159,59166.0
160,59645.0
161,59689.0
162,59765.0
163,60165.0
164,60288.0
165,60594.0
166,60602.0
167,61431.0
168,61846.0
169,62661.0
170,63157.0
171,64945.0
172,64949.0
173,65130.0
174,65207.0
175,65510.0
176,65883.0
177,65901.0
178,66115.0
179,66727.0
180,66747.0
181,66837.0
182,67247.0
183,67817.0
184,68297.0
185,68573.0
186,69137.0
187,69227.0
188,69851.0
189,70380.0
190,70525.0
191,70874.0
192,71218.0
193,72035.0
194,72057.0
195,72684.0
196,72917.0
197,73966.0
198,74242.0
199,74260.0
200,74366.0
201,75144.0
202,75197.0
203,75291.0
204,75316.0
205,75529.0
206,76759.0
207,76942.0
208,77611.0
209,77624.0
210,77901.0
211,78222.0
212,78291.0
213,78422.0
214,82053.0
215,82129.0
216,82637.0
217,83021.0
218,83227.0
219,83595.0
220,83651.0
221,84164.0
222,84812.0
223,85171.0
224,85523.0
225,86722.0
226,87900.0
227,88105.0
228,88188.0
229,88663.0
230,89066.0
231,89108.0
232,89400.0
233,89896.0
234,90285.0
235,90336.0
236,90453.0
237,90497.0
238,90858.0
239,90956.0
240,91547.0
241,91935.0
242,92295.0
243,92413.0
244,92975.0
245,93094.0
246,93876.0
247,95035.0
248,96238.0
249,96562.0
250,97210.0
251,97938.0
252,98191.0
253,101167.0
254,101242.0
255,101252.0
256,101557.0
257,101619.0
258,101953.0
259,101995.0
260,103677.0
261,103680.0
262,104134.0
263,104289.0
264,104373.0
265,104529.0
266,105765.0
267,106192.0
268,106208.0
269,106376.0
270,107598.0
271,107784.0
272,108080.0
273,108614.0
274,108683.0
275,108922.0
276,109728.0
277,109966.0
278,110286.0
279,110639.0
280,111324.0
281,111395.0
282,112708.0
283,113465.0
284,113851.0
285,114159.0
286,114416.0
287,114772.0
288,115403.0
289,115602.0
290,115634.0
291,116612.0
292,116878.0
293,116891.0
294,117726.0
295,117876.0
296,118049.0
297,118550.0
298,119179.0
299,120661.0
300,121701.0
301,122308.0
302,122418.0
303,122721.0
304,123204.0
305,123608.0
306,123678.0
307,124011.0
308,124554.0
309,124653.0
310,125203.0
311,125279.0
312,126193.0
313,126397.0
314,126671.0
315,126894.0
316,127246.0
317,127883.0
318,127978.0
319,128152.0
320,128308.0
321,128427.0
322,128683.0
323,129174.0
324,129613.0
325,129864.0
326,129974.0
327,130408.0
328,130606.0
329,132049.0
330,132777.0
331,132878.0
332,133190.0
333,133746.0
334,133919.0
335,133985.0
336,134424.0
337,134731.0
338,134936.0
339,134956.0
340,135046.0
341,135063.0
342,135346.0
343,135697.0
344,135769.0
345,135833.0
346,136863.0
347,136896.0
348,137253.0
349,138052.0
350,138140.0
351,138277.0
352,138284.0
353,138346.0
354,138837.0
355,140095.0
356,140098.0
357,140107.0
358,140321.0
359,140637.0
360,140969.0
361,141270.0
362,141498.0
363,141815.0
364,142254.0
365,142768.0
366,142926.0
367,143255.0
368,143331.0
369,143337.0
370,143450.0
371,143591.0
372,143697.0
373,143771.0
374,144058.0
375,144298.0
376,144518.0
377,145041.0
378,145557.0
379,146289.0
380,147050.0
381,147813.0
382,148156.0
383,148479.0
384,149237.0
385,149400.0
386,149935.0
387,150302.0
388,150551.0
389,151064.0
390,151542.0
391,151862.0
392,152916.0
393,153135.0
394,153259.0
395,154566.0
396,154581.0
397,155082.0
398,156679.0
399,156768.0
400,159221.0
401,160404.0
402,160617.0
403,160934.0
404,162374.0
405,162771.0
406,163894.0
407,164170.0
408,164780.0
409,165063.0
410,165276.0
411,165313.0
412,165461.0
413,166057.0
414,166350.0
415,166639.0
416,167077.0
417,167540.0
418,167630.0
419,167731.0
420,167872.0
421,167922.0
422,168189.0
423,169063.0
424,169693.0
425,169868.0
426,170609.0
427,170627.0
428,170709.0
429,170798.0
430,172109.0
431,172164.0
432,172227.0
433,172246.0
434,173224.0
435,173550.0
436,173604.0
437,173774.0
438,174596.0
439,174687.0
440,174878.0
441,176237.0
442,176357.0
443,176610.0
444,176671.0
445,177197.0
446,177240.0
447,178236.0
448,178574.0
449,179138.0
450,179857.0
451,180820.0
452,181558.0
453,181754.0
454,181789.0
455,181790.0
456,182603.0
457,182721.0
458,183051.0
459,183478.0
460,183540.0
461,183802.0
462,183828.0
463,183890.0
464,183897.0
465,184033.0
466,184078.0
467,184217.0
468,184958.0
469,185046.0
470,185920.0
471,186189.0
472,186980.0
473,187357.0
474,188142.0
475,188413.0
476,188599.0
477,189382.0
478,189573.0
479,190005.0
480,190128.0
481,191696.0
482,191705.0
483,192341.0
484,192664.0
485,192679.0
486,193130.0
487,193245.0
488,193320.0
489,194097.0
490,194550.0
491,195134.0
492,195234.0
493,196566.0
494,196695.0
495,197177.0
496,197210.0
497,197343.0
498,197500.0
499,198391.0
500,198812.0
501,199213.0
502,199710.0
503,199807.0
504,200009.0
505,200055.0
506,200184.0
507,200436.0
508,201179.0
509,202057.0
510,202389.0
511,202434.0
512,202591.0
513,202879.0
514,203404.0
515,203421.0
516,203499.0
517,203757.0
518,203857.0
519,203936.0
520,203975.0
521,204440.0
522,204642.0
523,205080.0
524,205137.0
525,205551.0
526,205739.0
527,205816.0
528,205822.0
529,206224.0
530,206358.0
531,206850.0
532,207032.0
533,207274.0
534,207556.0
535,207648.0
536,207655.0
537,207877.0
538,208583.0
539,208950.0
540,209012.0
541,209491.0
542,209852.0
543,209892.0
544,209939.0
545,210384.0
546,210668.0
547,210717.0
548,210846.0
549,211321.0
550,212316.0
551,212543.0
552,212817.0
553,213082.0
554,213123.0
555,213677.0
556,214144.0
557,215506.0
558,216034.0
559,216293.0
560,216336.0
561,216360.0
562,216793.0
563,217344.0
564,217345.0
565,217460.0
566,217604.0
567,218662.0
568,218880.0
569,218956.0
570,218979.0
571,219177.0
572,219492.0
573,219625.0
574,219950.0
575,220096.0
576,221572.0
577,221673.0
578,222287.0
579,222455.0
580,222518.0
581,222624.0
582,223074.0
583,223129.0
584,223288.0
585,223498.0
586,223887.0
587,224021.0
588,224065.0
589,224556.0
590,224835.0
591,225174.0
592,225522.0
593,225572.0
594,225664.0
595,225881.0
596,226368.0
597,226887.0
598,227065.0
599,227265.0
600,227621.0
601,228687.0
602,228722.0
603,228780.0
604,229388.0
605,229655.0
606,229753.0
607,229971.0
608,230252.0
609,230904.0
610,231179.0
611,231265.0
612,231349.0
613,231413.0
614,232408.0
615,233241.0
616,233907.0
617,234126.0
618,234457.0
619,234638.0
620,235669.0
621,236643.0
622,236952.0
623,239189.0
624,239211.0
625,239262.0
626,239320.0
627,239376.0
628,239395.0
629,240593.0
630,241065.0
631,241151.0
632,241619.0
633,241699.0
634,241747.0
635,242067.0
636,243084.0
637,243446.0
638,243611.0
639,243774.0
640,243926.0
641,243999.0
642,244151.0
643,244933.0
644,246267.0
645,246380.0
646,246406.0
647,246408.0
648,246489.0
649,247046.0
650,247176.0
651,247250.0
652,248177.0
653,248234.0
654,248577.0
655,248777.0
656,249087.0
657,249445.0
658,249575.0
659,249954.0
660,250333.0
661,250766.0
662,251319.0
663,251390.0
664,251891.0
665,252577.0
666,252707.0
667,253006.0
668,255195.0
669,256161.0
670,256188.0
671,256619.0
672,256910.0
673,256985.0
674,257102.0
675,257182.0
676,257862.0
677,257943.0
678,257988.0
679,258015.0
680,258377.0
681,259173.0
682,259403.0
683,259499.0
684,259620.0
685,260588.0
686,260732.0
687,261024.0
688,261350.0
689,262071.0
690,262290.0
691,262568.0
692,262914.0
693,263149.0
694,265229.0
695,265696.0
696,265735.0
697,266136.0
698,266337.0
699,266764.0
700,266848.0
701,266850.0
702,267060.0
703,268151.0
704,268268.0
705,268548.0
706,268620.0
707,268826.0
708,269253.0
709,269272.0
710,269422.0
711,269555.0
712,269941.0
713,270724.0
714,270859.0
715,270991.0
716,271232.0
717,271898.0
718,271909.0
719,272386.0
720,273372.0
721,273794.0
722,273826.0
723,273978.0
724,274737.0
725,274772.0
726,274860.0
727,275279.0
728,275863.0
729,276794.0
730,276978.0
731,277115.0
732,277302.0
733,278352.0
734,278767.0
735,279307.0
736,279638.0
737,279784.0
738,280239.0
739,280336.0
740,280494.0
741,281383.0
742,281976.0
743,282526.0
744,283083.0
745,283609.0
746,284870.0
747,284960.0
748,286594.0
749,287144.0
750,287429.0
751,287719.0
752,287921.0
753,288468.0
754,288861.0
755,289999.0
756,290311.0
757,290335.0
758,290973.0
759,291020.0
760,291263.0
761,291450.0
762,292579.0
763,292712.0
764,293469.0
765,293613.0
766,293763.0
767,294344.0
768,294386.0
769,294434.0
770,294834.0
771,294883.0
772,294942.0
773,296150.0
774,296698.0
775,297344.0
776,298157.0
777,299344.0
778,299447.0
779,299628.0
780,299872.0
781,299998.0
782,300291.0
783,301568.0
784,301800.0
785,301871.0
786,301984.0
787,302226.0
788,302258.0
789,302336.0
790,302874.0
791,303218.0
792,303315.0
793,303659.0
794,303708.0
795,304517.0
796,305194.0
797,306606.0
798,306705.0
799,307292.0
800,307694.0
801,307819.0
802,308395.0
803,308598.0
804,309651.0
805,309652.0
806,309931.0
807,310513.0
808,310747.0
809,310832.0
810,311346.0
811,311498.0
812,311703.0
813,312287.0
814,312445.0
815,312674.0
816,312834.0
817,313159.0
818,313477.0
819,314673.0
820,315332.0
821,315600.0
822,316385.0
823,316974.0
824,317160.0
825,317630.0
826,317850.0
827,318058.0
828,318170.0
829,318339.0
830,318615.0
831,318921.0
832,320012.0
833,320877.0
834,321812.0
835,321861.0
836,322040.0
837,323928.0
838,325121.0
839,325428.0
840,325661.0
841,326263.0
842,326274.0
843,326705.0
844,326755.0
845,326949.0
846,327507.0
847,327654.0
848,327716.0
849,327769.0
850,328908.0
851,328997.0
852,329822.0
853,330863.0
854,330873.0
855,331335.0
856,331796.0
857,331959.0
858,332205.0
859,332266.0
860,332672.0
861,333374.0
862,333528.0
863,333662.0
864,333878.0
865,334225.0
866,334255.0
867,335552.0
868,335683.0
869,335716.0
870,335948.0
871,336112.0
872,336454.0
873,336728.0
874,336775.0
875,336888.0
876,337312.0
877,337437.0
878,337713.0
879,337778.0
880,337842.0
881,338179.0
882,339269.0
883,339759.0
884,340005.0
885,340704.0
886,340912.0
887,341192.0
888,341198.0
889,341265.0
890,341416.0
891,342155.0
892,342424.0
893,342680.0
894,342818.0
895,343673.0
896,343690.0
897,344311.0
898,345183.0
899,345400.0
900,345448.0
901,345724.0
902,345834.0
903,346683.0
904,346794.0
905,347035.0
906,347044.0
907,347620.0
908,347967.0
909,348003.0
910,348541.0
911,348809.0
912,349060.0
913,349193.0
914,349201.0
915,350139.0
916,350959.0
917,352040.0
918,352322.0
919,352813.0
920,353115.0
921,353521.0
922,353934.0
923,354727.0
924,356351.0
925,356595.0
926,356639.0
927,357173.0
928,357371.0
929,357603.0
930,358042.0
931,358372.0
932,358551.0
933,358751.0
934,359170.0
935,359474.0
936,359554.0
937,359762.0
938,359988.0
939,360022.0
940,360147.0
941,360471.0
942,360652.0
943,360945.0
944,361217.0
945,361390.0
946,361748.0
947,362239.0
948,362323.0
949,362997.0
950,363093.0
951,363102.0
952,363311.0
953,364233.0
954,364436.0
955,364712.0
956,365331.0
957,365366.0
958,366332.0
959,366626.0
960,366637.0
961,366745.0
962,367084.0
963,367400.0
964,368425.0
965,369295.0
966,369553.0
967,370371.0
968,370611.0
969,370637.0
970,370647.0
971,370824.0
972,371234.0
973,371282.0
974,371425.0
975,371533.0
976,371763.0
977,372706.0
978,372759.0
979,372764.0
980,373021.0
981,373072.0
982,373526.0
983,373578.0
984,373702.0
985,373943.0
986,374214.0
987,374246.0
988,374422.0
989,374613.0
990,374775.0
991,374829.0
992,375047.0
993,375118.0
994,376123.0
995,376610.0
996,376736.0
997,376765.0
998,378037.0
999,378717.0
1000,378805.0
1001,379030.0
1002,379279.0
1003,379347.0
1004,379829.0
1005,380201.0
1006,382503.0
1007,383656.0
1008,384068.0
1009,384230.0
1010,384684.0
1011,385389.0
1012,385757.0
1013,385834.0
1014,385863.0
1015,386332.0
1016,386724.0
1017,386814.0
1018,387270.0
1019,387916.0
1020,388243.0
1021,388415.0
1022,389376.0
1023,389529.0
1024,389764.0
1025,390606.0
1026,390670.0
1027,390996.0
1028,391430.0
1029,392901.0
1030,393544.0
1031,393915.0
1032,394294.0
1033,394555.0
1034,394789.0
1035,394935.0
1036,396334.0
1037,396879.0
1038,397027.0
1039,397303.0
1040,397530.0
1041,397656.0
1042,398183.0
1043,399399.0
1044,400153.0
1045,401467.0
1046,402514.0
1047,403354.0
1048,404012.0
1049,404216.0
1050,405849.0
1051,406635.0
1052,406877.0
1053,407383.0
1054,407432.0
1055,407437.0
1056,407485.0
1057,407855.0
1058,407918.0
1059,409213.0
1060,411202.0
1061,411339.0
1062,412895.0
1063,413284.0
1064,413387.0
1065,413727.0
1066,414054.0
1067,414348.0
1068,414387.0
1069,414502.0
1070,414622.0
1071,415018.0
1072,415031.0
1073,416573.0
1074,417825.0
1075,418147.0
1076,418964.0
1077,419487.0
1078,419854.0
1079,420185.0
1080,420196.0
1081,421194.0
1082,421395.0
1083,422784.0
1084,423077.0
1085,423967.0
1086,425479.0
1087,426172.0
1088,426559.0
1089,428627.0
1090,428786.0
1091,428974.0
1092,429088.0
1093,429736.0
1094,430318.0
1095,430380.0
1096,430654.0
1097,430815.0
1098,430923.0
1099,431285.0
1100,431323.0
1101,431925.0
1102,432377.0
1103,433333.0
1104,433533.0
1105,433923.0
1106,434612.0
1107,435098.0
1108,435764.0
1109,436064.0
1110,436120.0
1111,436176.0
1112,437087.0
1113,437934.0
1114,439219.0
1115,439914.0
1116,440290.0
1117,440591.0
1118,442161.0
1119,442389.0
1120,443191.0
1121,443695.0
1122,443779.0
1123,444387.0
1124,444713.0
1125,444773.0
1126,446208.0
1127,446408.0
1128,446773.0
1129,447375.0
1130,447880.0
1131,448614.0
1132,448623.0
1133,448630.0
1134,449207.0
1135,449801.0
1136,450035.0
1137,450127.0
1138,450397.0
1139,451377.0
1140,451779.0
1141,452004.0
1142,453235.0
1143,454113.0
1144,455622.0
1145,456756.0
1146,457062.0
1147,457405.0
1148,458721.0
1149,458966.0
1150,459410.0
1151,459483.0
1152,459853.0
1153,461742.0
1154,463095.0
1155,463312.0
1156,463558.0
1157,464326.0
1158,464688.0
1159,466589.0
1160,466800.0
1161,467087.0
1162,467401.0
1163,468646.0
1164,468915.0
1165,469447.0
1166,469836.0
1167,469842.0
1168,469879.0
1169,470369.0
1170,471344.0
1171,472002.0
1172,472260.0
1173,474233.0
1174,474307.0
1175,474338.0
1176,474521.0
1177,474610.0
1178,474985.0
1179,476084.0
1180,476161.0
1181,477034.0
1182,477639.0
1183,477746.0
1184,478040.0
1185,479011.0
1186,479305.0
1187,479419.0
1188,479490.0
1189,479623.0
1190,481006.0
1191,481659.0
1192,481744.0
1193,482163.0
1194,483468.0
1195,483779.0
1196,483809.0
1197,484682.0
1198,484889.0
1199,485791.0
1200,486078.0
1201,486300.0
1202,487103.0
1203,487689.0
1204,487841.0
1205,488406.0
1206,488732.0
1207,489164.0
1208,489293.0
1209,489804.0
1210,490204.0
1211,490669.0
1212,491025.0
1213,491649.0
1214,491801.0
1215,494079.0
1216,494396.0
1217,494565.0
1218,494923.0
1219,496128.0
1220,496360.0
1221,497274.0
1222,498431.0
1223,499010.0
1224,499281.0
1225,499907.0
1226,501770.0
1227,502526.0
1228,503694.0
1229,503715.0
1230,504074.0
1231,504440.0
1232,504546.0
1233,506201.0
1234,506840.0
1235,507236.0
1236,507425.0
1237,507492.0
1238,508111.0
1239,508226.0
1240,508728.0
1241,509486.0
1242,509627.0
1243,509903.0
1244,510486.0
1245,511080.0
1246,511116.0
1247,511153.0
1248,511526.0
1249,512572.0
1250,512888.0
1251,513052.0
1252,513338.0
1253,514054.0
1254,514346.0
1255,514797.0
1256,515076.0
1257,515331.0
1258,515395.0
1259,515676.0
1260,515949.0
1261,516020.0
1262,516376.0
1263,517489.0
1264,517621.0
1265,517828.0
1266,517934.0
1267,518431.0
1268,518648.0
1269,518826.0
1270,519515.0
1271,519982.0
1272,520270.0
1273,520276.0
1274,520502.0
1275,520726.0
1276,521810.0
1277,521853.0
1278,522270.0
1279,522504.0
1280,522922.0
1281,523064.0
1282,523174.0
1283,523668.0
1284,523816.0
1285,523889.0
1286,523896.0
1287,524032.0
1288,524213.0
1289,524434.0
1290,524645.0
1291,524912.0
1292,525163.0
1293,525489.0
1294,526067.0
1295,526183.0
1296,527884.0
1297,527885.0
1298,529162.0
1299,529593.0
1300,529683.0
1301,529702.0
1302,529907.0
1303,532510.0
1304,534164.0
1305,534269.0
1306,534396.0
1307,534569.0
1308,535638.0
1309,536271.0
1310,536282.0
1311,536335.0
1312,536472.0
1313,537056.0
1314,538070.0
1315,539339.0
1316,539465.0
1317,539789.0
1318,539820.0
1319,540611.0
1320,540794.0
1321,541219.0
1322,541399.0
1323,541973.0
1324,542340.0
1325,543254.0
1326,543497.0
1327,543596.0
1328,543657.0
1329,543819.0
1330,544125.0
1331,544890.0
1332,544991.0
1333,545485.0
1334,545791.0
1335,546211.0
1336,546416.0
1337,546592.0
1338,547068.0
1339,547205.0
1340,547219.0
1341,547625.0
1342,548052.0
1343,548414.0
1344,548551.0
1345,548628.0
1346,548742.0
1347,549032.0
1348,549300.0
1349,549382.0
1350,549977.0
1351,550448.0
1352,551012.0
1353,551386.0
1354,551471.0
1355,551545.0
1356,552065.0
1357,552396.0
1358,552727.0
1359,552919.0
1360,553035.0
1361,553048.0
1362,553696.0
1363,554883.0
1364,555241.0
1365,555590.0
1366,556093.0
1367,556433.0
1368,556454.0
1369,556467.0
1370,556764.0
1371,557453.0
1372,558358.0
1373,559119.0
1374,559392.0
1375,559709.0
1376,560374.0
1377,560693.0
1378,560890.0
1379,560963.0
1380,561384.0
1381,561490.0
1382,561579.0
1383,562232.0
1384,562464.0
1385,562661.0
1386,563058.0
1387,563118.0
1388,563259.0
1389,564114.0
1390,564344.0
1391,565370.0
1392,565574.0
1393,565993.0
1394,566149.0
1395,566610.0
1396,566681.0
1397,567605.0
1398,568277.0
1399,568332.0
1400,568464.0
1401,568541.0
1402,568683.0
1403,568942.0
1404,569583.0
1405,570697.0
1406,571018.0
1407,571208.0
1408,571373.0
1409,572244.0
1410,572347.0
1411,572757.0
1412,573232.0
1413,573547.0
1414,574676.0
1415,575886.0
1416,576296.0
1417,577674.0
1418,577735.0
1419,578640.0
1420,579478.0
1421,579908.0
1422,579914.0
1423,580387.0
1424,580845.0
1425,581020.0
1426,581298.0
1427,581942.0
1428,582107.0
1429,582159.0
1430,583059.0
1431,583593.0
1432,583864.0
1433,584993.0
1434,585286.0
1435,585323.0
1436,585438.0
1437,585450.0
1438,585532.0
1439,586828.0
1440,587457.0
1441,587704.0
1442,588471.0
1443,588586.0
1444,588912.0
1445,589106.0
1446,589406.0
1447,589804.0
1448,590788.0
1449,590877.0
1450,590895.0
1451,591123.0
1452,591291.0
1453,591634.0
1454,591917.0
1455,592171.0
1456,592337.0
1457,592631.0
1458,592948.0
1459,593102.0
1460,593309.0
1461,593851.0
1462,594230.0
1463,594278.0
1464,594881.0
1465,595150.0
1466,595727.0
1467,596041.0
1468,596066.0
1469,596306.0
1470,596341.0
1471,597585.0
1472,597652.0
1473,597984.0
1474,598170.0
1475,598175.0
1476,598336.0
1477,598393.0
1478,598417.0
1479,598449.0
1480,600498.0
1481,600716.0
1482,600758.0
1483,602283.0
1484,604687.0
1485,605755.0
1486,605915.0
1487,606014.0
1488,606146.0
1489,606776.0
1490,607180.0
1491,608186.0
1492,608213.0
1493,608339.0
1494,608981.0
1495,609748.0
1496,610036.0
1497,610216.0
1498,610617.0
1499,610760.0
1500,610969.0
1501,611305.0
1502,611428.0
1503,611904.0
1504,612261.0
1505,613319.0
1506,613658.0
1507,614296.0
1508,614312.0
1509,614846.0
1510,615466.0
1511,617650.0
1512,617766.0
1513,618058.0
1514,618174.0
1515,618230.0
1516,618303.0
1517,618660.0
1518,618804.0
1519,618961.0
1520,619278.0
1521,619731.0
1522,619944.0
1523,620125.0
1524,620388.0
1525,620752.0
1526,620831.0
1527,620908.0
1528,621467.0
1529,622946.0
1530,624581.0
1531,624686.0
1532,624687.0
1533,625027.0
1534,625045.0
1535,625062.0
1536,625142.0
1537,625729.0
1538,625733.0
1539,625848.0
1540,625953.0
1541,626585.0
1542,626927.0
1543,627002.0
1544,627103.0
1545,627833.0
1546,628497.0
1547,628680.0
1548,628895.0
1549,628971.0
1550,628995.0
1551,629119.0
1552,629740.0
1553,630185.0
1554,631059.0
1555,631198.0
1556,631765.0
1557,631979.0
1558,632040.0
1559,632372.0
1560,633425.0
1561,634328.0
1562,634565.0
1563,634611.0
1564,634659.0
1565,634818.0
1566,634986.0
1567,635492.0
1568,635783.0
1569,636066.0
1570,636378.0
1571,636436.0
1572,636507.0
1573,636518.0
1574,636728.0
1575,638145.0
1576,638268.0
1577,638727.0
1578,639042.0
1579,640132.0
1580,640878.0
1581,640923.0
1582,641393.0
1583,641765.0
1584,641961.0
1585,642201.0
1586,642787.0
1587,643099.0
1588,643477.0
1589,644004.0
1590,644805.0
1591,644822.0
1592,645078.0
1593,645249.0
1594,645515.0
1595,645844.0
1596,647116.0
1597,647624.0
1598,647854.0
1599,648383.0
1600,650600.0
1601,651081.0
1602,651468.0
1603,651711.0
1604,651967.0
1605,652047.0
1606,652154.0
1607,652350.0
1608,652565.0
1609,653375.0
1610,653726.0
1611,653790.0
1612,653843.0
1613,653926.0
1614,654174.0
1615,654699.0
1616,654990.0
1617,655072.0
1618,655338.0
1619,655653.0
1620,655714.0
1621,656228.0
1622,656621.0
1623,656906.0
1624,657055.0
1625,657271.0
1626,657952.0
1627,658414.0
1628,658870.0
1629,658874.0
1630,659880.0
1631,659910.0
1632,660098.0
1633,660169.0
1634,660235.0
1635,660352.0
1636,660469.0
1637,660583.0
1638,660783.0
1639,661327.0
1640,661399.0
1641,662129.0
1642,662306.0
1643,662818.0
1644,663271.0
1645,663380.0
1646,664432.0
1647,666478.0
1648,666499.0
1649,666574.0
1650,666604.0
1651,666888.0
1652,667313.0
1653,667744.0
1654,667852.0
1655,668520.0
1656,668533.0
1657,669108.0
1658,669862.0
1659,671441.0
1660,671521.0
1661,671833.0
1662,672609.0
1663,673033.0
1664,673114.0
1665,674922.0
1666,675011.0
1667,676051.0
1668,676228.0
1669,676930.0
1670,677140.0
1671,677446.0
1672,677708.0
1673,677741.0
1674,677873.0
1675,678414.0
1676,678479.0
1677,678673.0
1678,678853.0
1679,678907.0
1680,679279.0
1681,679339.0
1682,679641.0
1683,679913.0
1684,680186.0
1685,680374.0
1686,680530.0
1687,681237.0
1688,681251.0
1689,682511.0
1690,682873.0
1691,683380.0
1692,683981.0
1693,685018.0
1694,685120.0
1695,685998.0
1696,686263.0
1697,686401.0
1698,686668.0
1699,687019.0
1700,687041.0
1701,687077.0
1702,688195.0
1703,688264.0
1704,688497.0
1705,688700.0
1706,688871.0
1707,689558.0
1708,690139.0
1709,690385.0
1710,691097.0
1711,691919.0
1712,692180.0
1713,692862.0
1714,693277.0
1715,693696.0
1716,694053.0
1717,694602.0
1718,695636.0
1719,695800.0
1720,696024.0
1721,696258.0
1722,696336.0
1723,696575.0
1724,696615.0
1725,696760.0
1726,697091.0
1727,697156.0
1728,697163.0
1729,698235.0
1730,699295.0
1731,700089.0
1732,700416.0
1733,701223.0
1734,702111.0
1735,703408.0
1736,703542.0
1737,703826.0
1738,703962.0
1739,704019.0
1740,704099.0
1741,704478.0
1742,704754.0
1743,705936.0
1744,705945.0
1745,706379.0
1746,706414.0
1747,706694.0
1748,706720.0
1749,706813.0
1750,707385.0
1751,708218.0
1752,708300.0
1753,708796.0
1754,708914.0
1755,709175.0
1756,709839.0
1757,709928.0
1758,710076.0
1759,710382.0
1760,710410.0
1761,710774.0
1762,711151.0
1763,711677.0
1764,711768.0
1765,712471.0
1766,713535.0
1767,713592.0
1768,713896.0
1769,714266.0
1770,714638.0
1771,715379.0
1772,715882.0
1773,716017.0
1774,716359.0
1775,716413.0
1776,717194.0
1777,717267.0
1778,717423.0
1779,718024.0
1780,718460.0
1781,719230.0
1782,719860.0
1783,720042.0
1784,720165.0
1785,720584.0
1786,720828.0
1787,720973.0
1788,721021.0
1789,721331.0
1790,721348.0
1791,721449.0
1792,721737.0
1793,721747.0
1794,721799.0
1795,721899.0
1796,721927.0
1797,722004.0
1798,722067.0
1799,722155.0
1800,722385.0
1801,722447.0
1802,722666.0
1803,722759.0
1804,722766.0
1805,722834.0
1806,722881.0
1807,723406.0
1808,723788.0
1809,723883.0
1810,723934.0
1811,724440.0
1812,724526.0
1813,725255.0
1814,725268.0
1815,725383.0
1816,725432.0
1817,725564.0
1818,725885.0
1819,727835.0
1820,727932.0
1821,727941.0
1822,729004.0
1823,729007.0
1824,729142.0
1825,730287.0
1826,730692.0
1827,731231.0
1828,731338.0
1829,732515.0
1830,732856.0
1831,732947.0
1832,733780.0
1833,734779.0
1834,735004.0
1835,735712.0
1836,735988.0
1837,737026.0
1838,738005.0
1839,738159.0
1840,738166.0
1841,738921.0
1842,739653.0
1843,739891.0
1844,740412.0
1845,741124.0
1846,741262.0
1847,741864.0
1848,741996.0
1849,743620.0
1850,744027.0
1851,744165.0
1852,744398.0
1853,745029.0
1854,745481.0
1855,745963.0
1856,748339.0
1857,748410.0
1858,748427.0
1859,748455.0
1860,748766.0
1861,749261.0
1862,749487.0
1863,749491.0
1864,750005.0
1865,750044.0
1866,750153.0
1867,750555.0
1868,750804.0
1869,751036.0
1870,752148.0
1871,752467.0
1872,753718.0
1873,754721.0
1874,754824.0
1875,755013.0
1876,755298.0
1877,755504.0
1878,755588.0
1879,756557.0
1880,756571.0
1881,757503.0
1882,758152.0
1883,758244.0
1884,758672.0
1885,759685.0
1886,759694.0
1887,760250.0
1888,763282.0
1889,763383.0
1890,763438.0
1891,763795.0
1892,763840.0
1893,764381.0
1894,765864.0
1895,766452.0
1896,766801.0
1897,767377.0
1898,767558.0
1899,767594.0
1900,767829.0
1901,769920.0
1902,770911.0
1903,771206.0
1904,771598.0
1905,772278.0
1906,772302.0
1907,772909.0
1908,773010.0
1909,773146.0
1910,773869.0
1911,775254.0
1912,775602.0
1913,775635.0
1914,775840.0
1915,776098.0
1916,777061.0
1917,777379.0
1918,777856.0
1919,778046.0
1920,778093.0
1921,778230.0
1922,778352.0
1923,779351.0
1924,779823.0
1925,780071.0
1926,780166.0
1927,780254.0
1928,780259.0
1929,780275.0
1930,780605.0
1931,780971.0
1932,781797.0
1933,781918.0
1934,782189.0
1935,782238.0
1936,782505.0
1937,783188.0
1938,783426.0
1939,783604.0
1940,783652.0
1941,784815.0
1942,785069.0
1943,785075.0
1944,785132.0
1945,785162.0
1946,785726.0
1947,785970.0
1948,786198.0
1949,786605.0
1950,786732.0
1951,786855.0
1952,787341.0
1953,787715.0
1954,790554.0
1955,791596.0
1956,791783.0
1957,792353.0
1958,792448.0
1959,792576.0
1960,794068.0
1961,794999.0
1962,795131.0
1963,795151.0
1964,795213.0
1965,795368.0
1966,796161.0
1967,796284.0
1968,796351.0
1969,796434.0
1970,796633.0
1971,797259.0
1972,797777.0
1973,798703.0
1974,799904.0
1975,800354.0
1976,801404.0
1977,801621.0
1978,801672.0
1979,801944.0
1980,802153.0
1981,802205.0
1982,802371.0
1983,802561.0
1984,802724.0
1985,803019.0
1986,803271.0
1987,803330.0
1988,803845.0
1989,804376.0
1990,805083.0
1991,805547.0
1992,807306.0
1993,807699.0
1994,807830.0
1995,808937.0
1996,809308.0
1997,809814.0
1998,810568.0
1999,811757.0
2000,813270.0
2001,813724.0
2002,814368.0
2003,814389.0
2004,814426.0
2005,815822.0
2006,816036.0
2007,816564.0
2008,816870.0
2009,818271.0
2010,818676.0
2011,818721.0
2012,819202.0
2013,819785.0
2014,820063.0
2015,820777.0
2016,821688.0
2017,821762.0
2018,822191.0
2019,822385.0
2020,822514.0
2021,822643.0
2022,822703.0
2023,822781.0
2024,823789.0
2025,823836.0
2026,824070.0
2027,825001.0
2028,825672.0
2029,825818.0
2030,825963.0
2031,826112.0
2032,826271.0
2033,827124.0
2034,828085.0
2035,828206.0
2036,828867.0
2037,829031.0
2038,829211.0
2039,829604.0
2040,830743.0
2041,830931.0
2042,831197.0
2043,831411.0
2044,831779.0
2045,831812.0
2046,832689.0
2047,832785.0
2048,832828.0
2049,833101.0
2050,834463.0
2051,834508.0
2052,834521.0
2053,834626.0
2054,835575.0
2055,835692.0
2056,835904.0
2057,836321.0
2058,836350.0
2059,836824.0
2060,836940.0
2061,837031.0
2062,837396.0
2063,837594.0
2064,837998.0
2065,838434.0
2066,839140.0
2067,840006.0
2068,840258.0
2069,841051.0
2070,841063.0
2071,842103.0
2072,842199.0
2073,842358.0
2074,842616.0
2075,842630.0
2076,842689.0
2077,842748.0
2078,843071.0
2079,843151.0
2080,843642.0
2081,843713.0
2082,844533.0
2083,845010.0
2084,845025.0
2085,845134.0
2086,845271.0
2087,845375.0
2088,845416.0
2089,845743.0
2090,846917.0
2091,848664.0
2092,848978.0
2093,849744.0
2094,850323.0
2095,850752.0
2096,851185.0
2097,852375.0
2098,852383.0
2099,853568.0
2100,854769.0
2101,854827.0
2102,854829.0
2103,855103.0
2104,856112.0
2105,856425.0
2106,856541.0
2107,856794.0
2108,857096.0
2109,857135.0
2110,857198.0
2111,857217.0
2112,857429.0
2113,857462.0
2114,857590.0
2115,857612.0
2116,857805.0
2117,857977.0
2118,858362.0
2119,858538.0
2120,858654.0
2121,858761.0
2122,859371.0
2123,859697.0
2124,859876.0
2125,860038.0
2126,860276.0
2127,861451.0
2128,862117.0
2129,862554.0
2130,862986.0
2131,863243.0
2132,863292.0
2133,863297.0
2134,863461.0
2135,863542.0
2136,863579.0
2137,863611.0
2138,863950.0
2139,864241.0
2140,864448.0
2141,864486.0
2142,865094.0
2143,865295.0
2144,865311.0
2145,865766.0
2146,866194.0
2147,866513.0
2148,867656.0
2149,867697.0
2150,868642.0
2151,869452.0
2152,870006.0
2153,870165.0
2154,870220.0
2155,870292.0
2156,870298.0
2157,870301.0
2158,870346.0
2159,871393.0
2160,871862.0
2161,872441.0
2162,872595.0
2163,872597.0
2164,873444.0
2165,874833.0
2166,874883.0
2167,875179.0
2168,875495.0
2169,875573.0
2170,875953.0
2171,877535.0
2172,878453.0
2173,879468.0
2174,881354.0
2175,881376.0
2176,881879.0
2177,882046.0
2178,882257.0
2179,883250.0
2180,883267.0
2181,883333.0
2182,883695.0
2183,884683.0
2184,884981.0
2185,886042.0
2186,886194.0
2187,886630.0
2188,888073.0
2189,888694.0
2190,889620.0
2191,889662.0
2192,890267.0
2193,890462.0
2194,890991.0
2195,891495.0
2196,892041.0
2197,892042.0
2198,892462.0
2199,892510.0
2200,893271.0
2201,894027.0
2202,894083.0
2203,894442.0
2204,894840.0
2205,894860.0
2206,895793.0
2207,895904.0
2208,897001.0
2209,897314.0
2210,897460.0
2211,897544.0
2212,898159.0
2213,898318.0
2214,898481.0
2215,898596.0
2216,899884.0
2217,899891.0
2218,900007.0
2219,900256.0
2220,900579.0
2221,900954.0
2222,901053.0
2223,902240.0
2224,902383.0
2225,902782.0
2226,903137.0
2227,903903.0
2228,904457.0
2229,905827.0
2230,907021.0
2231,908556.0
2232,908730.0
2233,909266.0
2234,909500.0
2235,909657.0
2236,910273.0
2237,910293.0
2238,910797.0
2239,910997.0
2240,911071.0
2241,911310.0
2242,911452.0
2243,911801.0
2244,911989.0
2245,912490.0
2246,912618.0
2247,912654.0
2248,912859.0
2249,913042.0
2250,913301.0
2251,914994.0
2252,916040.0
2253,916043.0
2254,916257.0
2255,916394.0
2256,917525.0
2257,917615.0
2258,917620.0
2259,918383.0
2260,918504.0
2261,918533.0
2262,918779.0
2263,918878.0
2264,919238.0
2265,919335.0
2266,919371.0
2267,919775.0
2268,920399.0
2269,920747.0
2270,920932.0
2271,921028.0
2272,921048.0
2273,921176.0
2274,921313.0
2275,921552.0
2276,921557.0
2277,921612.0
2278,922308.0
2279,922481.0
2280,922573.0
2281,922662.0
2282,922804.0
2283,922948.0
2284,923201.0
2285,923296.0
2286,923513.0
2287,924036.0
2288,924477.0
2289,924541.0
2290,924565.0
2291,924758.0
2292,924983.0
2293,925699.0
2294,925754.0
2295,925774.0
2296,926054.0
2297,926762.0
2298,926995.0
2299,927539.0
2300,927574.0
2301,927974.0
2302,928070.0
2303,928159.0
2304,928609.0
2305,928855.0
2306,928992.0
2307,929683.0
2308,929863.0
2309,930224.0
2310,931394.0
2311,931911.0
2312,932140.0
2313,932160.0
2314,933285.0
2315,933299.0
2316,933450.0
2317,933525.0
2318,933766.0
2319,934572.0
2320,934661.0
2321,934926.0
2322,935088.0
2323,935158.0
2324,935335.0
2325,936094.0
2326,936300.0
2327,936784.0
2328,936790.0
2329,937088.0
2330,937397.0
2331,937987.0
2332,938441.0
2333,938952.0
2334,939458.0
2335,939838.0
2336,940350.0
2337,940417.0
2338,940508.0
2339,941457.0
2340,941695.0
2341,941882.0
2342,942221.0
2343,942388.0
2344,942792.0
2345,942894.0
2346,943193.0
2347,943257.0
2348,943530.0
2349,943729.0
2350,943767.0
2351,943777.0
2352,943890.0
2353,943989.0
2354,944041.0
2355,944126.0
2356,944400.0
2357,945622.0
2358,946052.0
2359,946561.0
2360,947479.0
2361,947597.0
2362,947729.0
2363,948203.0
2364,948513.0
2365,948831.0
2366,949090.0
2367,949779.0
2368,950333.0
2369,950544.0
2370,950791.0
2371,951653.0
2372,951853.0
2373,952067.0
2374,952089.0
2375,953421.0
2376,954480.0
2377,955110.0
2378,957485.0
2379,957599.0
2380,958178.0
2381,958506.0
2382,958947.0
2383,959565.0
2384,959630.0
2385,959933.0
2386,960258.0
2387,960340.0
2388,960412.0
2389,960526.0
2390,960698.0
2391,961787.0
2392,962857.0
2393,962910.0
2394,963075.0
2395,964218.0
2396,964903.0
2397,965225.0
2398,965319.0
2399,965640.0
2400,966208.0
2401,966234.0
2402,966969.0
2403,967403.0
2404,967441.0
2405,967541.0
2406,967705.0
2407,968112.0
2408,968411.0
2409,968417.0
2410,968540.0
2411,969080.0
2412,970202.0
2413,970204.0
2414,970940.0
2415,971173.0
2416,972172.0
2417,972452.0
2418,973133.0
2419,973424.0
2420,973713.0
2421,973996.0
2422,974378.0
2423,974703.0
2424,974868.0
2425,975790.0
2426,976082.0
2427,976412.0
2428,976980.0
2429,977022.0
2430,977448.0
2431,978382.0
2432,978502.0
2433,979062.0
2434,979457.0
2435,980111.0
2436,980594.0
2437,981355.0
2438,982106.0
2439,982152.0
2440,982410.0
2441,982768.0
2442,982874.0
2443,983498.0
2444,983521.0
2445,983525.0
2446,983659.0
2447,983760.0
2448,987150.0
2449,987225.0
2450,987723.0
2451,987761.0
2452,988395.0
2453,988411.0
2454,989115.0
2455,989184.0
2456,990715.0
2457,990832.0
2458,990879.0
2459,990963.0
2460,991515.0
2461,992257.0
2462,992652.0
2463,992924.0
2464,993305.0
2465,993539.0
2466,994015.0
2467,994018.0
2468,994132.0
2469,994285.0
2470,994777.0
2471,994788.0
2472,994885.0
2473,995401.0
2474,995802.0
2475,996233.0
2476,996359.0
2477,996581.0
2478,997015.0
2479,997034.0
2480,997043.0
2481,997185.0
2482,997543.0
2483,997856.0
2484,998060.0
2485,998088.0
2486,998212.0
2487,998328.0
2488,998661.0
2489,998765.0
2490,999158.0
2491,1000280.0
2492,1000365.0
2493,1000560.0
2494,1001139.0
2495,1001836.0
2496,1001996.0
2497,1002015.0
2498,1002127.0
2499,1002828.0
2500,1002882.0
2501,1003053.0
2502,1004231.0
2503,1005454.0
2504,1005704.0
2505,1005927.0
2506,1006090.0
2507,1006155.0
2508,1006708.0
2509,1007139.0
2510,1007329.0
2511,1007421.0
2512,1008141.0
2513,1008221.0
2514,1008255.0
2515,1008773.0
2516,1009198.0
2517,1009206.0
2518,1009454.0
2519,1009809.0
2520,1009981.0
2521,1010260.0
2522,1010339.0
2523,1010733.0
2524,1011965.0
2525,1012330.0
2526,1012724.0
2527,1012795.0
2528,1013332.0
2529,1013455.0
2530,1013852.0
2531,1013921.0
2532,1014915.0
2533,1014958.0
2534,1016239.0
2535,1016861.0
2536,1017204.0
2537,1017223.0
2538,1017967.0
2539,1019199.0
2540,1019250.0
2541,1019482.0
2542,1019991.0
2543,1020368.0
2544,1020396.0
2545,1020397.0
2546,1020536.0
2547,1020863.0
2548,1021107.0
2549,1021257.0
2550,1021338.0
2551,1021450.0
2552,1021537.0
2553,1021993.0
2554,1022057.0
2555,1022076.0
2556,1022492.0
2557,1022750.0
2558,1023274.0
2559,1023331.0
2560,1023492.0
2561,1023635.0
2562,1023935.0
2563,1024031.0
2564,1024097.0
2565,1024499.0
2566,1024735.0
2567,1026225.0
2568,1026712.0
2569,1026757.0
2570,1027680.0
2571,1031077.0
2572,1031329.0
2573,1031584.0
2574,1031791.0
2575,1031975.0
2576,1032873.0
2577,1033433.0
2578,1033438.0
2579,1034079.0
2580,1034719.0
2581,1034732.0
2582,1034917.0
2583,1035167.0
2584,1035760.0
2585,1036174.0
2586,1036583.0
2587,1037303.0
2588,1037395.0
2589,1038073.0
2590,1038147.0
2591,1038305.0
2592,1039921.0
2593,1040478.0
2594,1040628.0
2595,1040900.0
2596,1041998.0
2597,1042103.0
2598,1042251.0
2599,1042414.0
2600,1042572.0
2601,1042763.0
2602,1042772.0
2603,1042978.0
2604,1044526.0
2605,1044564.0
2606,1044629.0
2607,1044876.0
2608,1045045.0
2609,1045850.0
2610,1046006.0
2611,1047133.0
2612,1047278.0
2613,1047890.0
2614,1047901.0
2615,1047960.0
2616,1047984.0
2617,1048243.0
2618,1048819.0
2619,1048992.0
2620,1049535.0
2621,1049642.0
2622,1049788.0
2623,1050463.0
2624,1050545.0
2625,1050767.0
2626,1050804.0
2627,1050923.0
2628,1051398.0
2629,1051618.0
2630,1051697.0
2631,1051733.0
2632,1052496.0
2633,1053314.0
2634,1053408.0
2635,1053486.0
2636,1053598.0
2637,1054026.0
2638,1054321.0
2639,1054349.0
2640,1054427.0
2641,1054502.0
2642,1054713.0
2643,1055351.0
2644,1055718.0
2645,1055833.0
2646,1056427.0
2647,1056945.0
2648,1057729.0
2649,1058414.0
2650,1058502.0
2651,1058536.0
2652,1058588.0
2653,1059107.0
2654,1059495.0
2655,1059651.0
2656,1059767.0
2657,1059808.0
2658,1059938.0
2659,1060135.0
2660,1060814.0
2661,1061539.0
2662,1061747.0
2663,1062419.0
2664,1062678.0
2665,1062948.0
2666,1062994.0
2667,1063739.0
2668,1063849.0
2669,1063926.0
2670,1064218.0
2671,1064443.0
2672,1065529.0
2673,1066202.0
2674,1066203.0
2675,1066389.0
2676,1066843.0
2677,1067041.0
2678,1067111.0
2679,1068861.0
2680,1068961.0
2681,1069715.0
2682,1070043.0
2683,1070644.0
2684,1070706.0
2685,1071686.0
2686,1071923.0
2687,1071969.0
2688,1072471.0
2689,1072550.0
2690,1072838.0
2691,1073732.0
2692,1073863.0
2693,1075043.0
2694,1075309.0
2695,1075535.0
2696,1075799.0
2697,1075892.0
2698,1075927.0
2699,1075939.0
2700,1075970.0
2701,1076345.0
2702,1076415.0
2703,1076509.0
2704,1077429.0
2705,1077815.0
2706,1078060.0
2707,1078107.0
2708,1078573.0
2709,1079179.0
2710,1079745.0
2711,1080337.0
2712,1080459.0
2713,1080525.0
2714,1081136.0
2715,1081762.0
2716,1081849.0
2717,1082696.0
2718,1082795.0
2719,1083149.0
2720,1084324.0
2721,1084552.0
2722,1084909.0
2723,1085073.0
2724,1085116.0
2725,1085140.0
2726,1085224.0
2727,1085780.0
2728,1085979.0
2729,1086084.0
2730,1086090.0
2731,1086091.0
2732,1086124.0
2733,1087319.0
2734,1087691.0
2735,1087715.0
2736,1087848.0
2737,1088090.0
2738,1090240.0
2739,1090729.0
2740,1091082.0
2741,1091563.0
2742,1091701.0
2743,1091750.0
2744,1093039.0
2745,1093254.0
2746,1093720.0
2747,1093893.0
2748,1094056.0
2749,1094323.0
2750,1094391.0
2751,1094717.0
2752,1095125.0
2753,1095458.0
2754,1095574.0
2755,1095602.0
2756,1096110.0
2757,1096635.0
2758,1097155.0
2759,1097198.0
2760,1097251.0
2761,1097583.0
2762,1097623.0
2763,1097877.0
2764,1098011.0
2765,1098034.0
2766,1098367.0
2767,1098510.0
2768,1099391.0
2769,1100177.0
2770,1100413.0
2771,1100432.0
2772,1100446.0
2773,1100452.0
2774,1101292.0
2775,1101332.0
2776,1101372.0
2777,1101634.0
2778,1102698.0
2779,1102854.0
2780,1102957.0
2781,1103398.0
2782,1104072.0
2783,1104536.0
2784,1105088.0
2785,1105203.0
2786,1105454.0
2787,1105677.0
2788,1105752.0
2789,1105952.0
2790,1106262.0
2791,1106274.0
2792,1106287.0
2793,1106555.0
2794,1106733.0
2795,1106752.0
2796,1107598.0
2797,1108199.0
2798,1108340.0
2799,1108752.0
2800,1109462.0
2801,1109554.0
2802,1109712.0
2803,1109915.0
2804,1110018.0
2805,1110174.0
2806,1110458.0
2807,1110771.0
2808,1110794.0
2809,1111620.0
2810,1111953.0
2811,1112368.0
2812,1112775.0
2813,1112917.0
2814,1113566.0
2815,1113841.0
2816,1114895.0
2817,1114963.0
2818,1115129.0
2819,1115926.0
2820,1116159.0
2821,1116367.0
2822,1116811.0
2823,1116854.0
2824,1117037.0
2825,1117076.0
2826,1117289.0
2827,1117393.0
2828,1117411.0
2829,1117553.0
2830,1118300.0
2831,1118646.0
2832,1118726.0
2833,1119099.0
2834,1119251.0
2835,1119496.0
2836,1119882.0
2837,1119970.0
2838,1120646.0
2839,1120833.0
2840,1120871.0
2841,1121398.0
2842,1121455.0
2843,1121822.0
2844,1121894.0
2845,1122511.0
2846,1123120.0
2847,1123154.0
2848,1123423.0
2849,1123670.0
2850,1124001.0
2851,1124410.0
2852,1125095.0
2853,1125180.0
2854,1125237.0
2855,1125877.0
2856,1126137.0
2857,1126171.0
2858,1126461.0
2859,1126610.0
2860,1126622.0
2861,1126644.0
2862,1127041.0
2863,1127104.0
2864,1127518.0
2865,1127870.0
2866,1127995.0
2867,1128021.0
2868,1128959.0
2869,1129133.0
2870,1129213.0
2871,1129267.0
2872,1129315.0
2873,1129444.0
2874,1129614.0
2875,1130000.0
2876,1130551.0
2877,1130820.0
2878,1131122.0
2879,1131128.0
2880,1131167.0
2881,1131330.0
2882,1131439.0
2883,1132049.0
2884,1132059.0
2885,1132104.0
2886,1132242.0
2887,1132324.0
2888,1132545.0
2889,1132925.0
2890,1133283.0
2891,1133549.0
2892,1133868.0
2893,1134068.0
2894,1134360.0
2895,1134492.0
2896,1134673.0
2897,1135105.0
2898,1135614.0
2899,1136236.0
2900,1136487.0
2901,1137065.0
2902,1137350.0
2903,1137495.0
2904,1138135.0
2905,1138864.0
2906,1138898.0
2907,1138937.0
2908,1139123.0
2909,1139133.0
2910,1139178.0
2911,1139205.0
2912,1140379.0
2913,1140548.0
2914,1141937.0
2915,1141951.0
2916,1143583.0
2917,1144683.0
2918,1144684.0
2919,1145040.0
2920,1145311.0
2921,1145367.0
2922,1145383.0
2923,1145390.0
2924,1145693.0
2925,1146214.0
2926,1146820.0
2927,1147565.0
2928,1148273.0
2929,1148276.0
2930,1148623.0
2931,1148778.0
2932,1148979.0
2933,1149318.0
2934,1149570.0
2935,1149571.0
2936,1149909.0
2937,1150249.0
2938,1150533.0
2939,1150640.0
2940,1150829.0
2941,1151082.0
2942,1151107.0
2943,1151130.0
2944,1151373.0
2945,1151467.0
2946,1151587.0
2947,1151612.0
2948,1152453.0
2949,1153066.0
2950,1153265.0
2951,1153348.0
2952,1153548.0
2953,1153594.0
2954,1153725.0
2955,1153821.0
2956,1153961.0
2957,1154273.0
2958,1154517.0
2959,1154538.0
2960,1154860.0
2961,1155744.0
2962,1157667.0
2963,1157744.0
2964,1158046.0
2965,1158342.0
2966,1158435.0
2967,1158792.0
2968,1159374.0
2969,1159468.0
2970,1160543.0
2971,1160552.0
2972,1160560.0
2973,1160841.0
2974,1160894.0
2975,1162309.0
2976,1162513.0
2977,1162690.0
2978,1163155.0
2979,1164203.0
2980,1164631.0
2981,1165058.0
2982,1165857.0
2983,1165871.0
2984,1166638.0
2985,1167099.0
2986,1167334.0
2987,1167370.0
2988,1168642.0
2989,1169106.0
2990,1169451.0
2991,1169619.0
2992,1169626.0
2993,1170071.0
2994,1170885.0
2995,1171004.0
2996,1171376.0
2997,1172368.0
2998,1172526.0
2999,1172801.0
3000,1173386.0
3001,1173825.0
3002,1174146.0
3003,1174608.0
3004,1174629.0
3005,1175289.0
3006,1175884.0
3007,1176524.0
3008,1176628.0
3009,1178413.0
3010,1179064.0
3011,1179367.0
3012,1180852.0
3013,1181477.0
3014,1181534.0
3015,1181724.0
3016,1181943.0
3017,1182635.0
3018,1183075.0
3019,1183232.0
3020,1183583.0
3021,1183594.0
3022,1183756.0
3023,1184043.0
3024,1185518.0
3025,1185616.0
3026,1185776.0
3027,1186513.0
3028,1188709.0
3029,1188733.0
3030,1188925.0
3031,1189389.0
3032,1189914.0
3033,1190154.0
3034,1190240.0
3035,1190393.0
3036,1190517.0
3037,1190574.0
3038,1190944.0
3039,1191294.0
3040,1191395.0
3041,1191872.0
3042,1192468.0
3043,1192962.0
3044,1192992.0
3045,1193272.0
3046,1193685.0
3047,1193983.0
3048,1194488.0
3049,1195127.0
3050,1195225.0
3051,1196950.0
3052,1198378.0
3053,1198803.0
3054,1199316.0
3055,1200802.0
3056,1201095.0
3057,1201101.0
3058,1201265.0
3059,1201565.0
3060,1201801.0
3061,1202527.0
3062,1202844.0
3063,1203083.0
3064,1203172.0
3065,1204348.0
3066,1204406.0
3067,1204497.0
3068,1204710.0
3069,1205261.0
3070,1205913.0
3071,1206616.0
3072,1206649.0
3073,1207173.0
3074,1207177.0
3075,1207354.0
3076,1207447.0
3077,1207948.0
3078,1208701.0
3079,1208744.0
3080,1209028.0
3081,1209657.0
3082,1209713.0
3083,1209855.0
3084,1209936.0
3085,1210190.0
3086,1210641.0
3087,1210885.0
3088,1211130.0
3089,1211640.0
3090,1212063.0
3091,1212722.0
3092,1212807.0
3093,1212912.0
3094,1213053.0
3095,1213159.0
3096,1213249.0
3097,1213514.0
3098,1213806.0
3099,1213817.0
3100,1214428.0
3101,1214821.0
3102,1214839.0
3103,1215579.0
3104,1215869.0
3105,1216690.0
3106,1216787.0
3107,1217023.0
3108,1217769.0
3109,1218677.0
3110,1219190.0
3111,1219372.0
3112,1219521.0
3113,1219872.0
3114,1220022.0
3115,1220647.0
3116,1220669.0
3117,1220954.0
3118,1221141.0
3119,1221582.0
3120,1221668.0
3121,1222576.0
3122,1222658.0
3123,1222901.0
3124,1223507.0
3125,1223665.0
3126,1224268.0
3127,1225161.0
3128,1225420.0
3129,1225454.0
3130,1225647.0
3131,1225805.0
3132,1226222.0
3133,1226889.0
3134,1227387.0
3135,1228564.0
3136,1228814.0
3137,1229275.0
3138,1229992.0
3139,1230221.0
3140,1231348.0
3141,1231451.0
3142,1231473.0
3143,1232035.0
3144,1232218.0
3145,1232228.0
3146,1232485.0
3147,1232939.0
3148,1235178.0
3149,1235651.0
3150,1236023.0
3151,1237975.0
3152,1238181.0
3153,1238938.0
3154,1239403.0
3155,1239454.0
3156,1239469.0
3157,1239692.0
3158,1240589.0
3159,1240684.0
3160,1241097.0
3161,1241744.0
3162,1242105.0
3163,1242162.0
3164,1242348.0
3165,1242590.0
3166,1243187.0
3167,1243354.0
3168,1243411.0
3169,1243630.0
3170,1244437.0
3171,1245097.0
3172,1245118.0
3173,1245189.0
3174,1245218.0
3175,1245434.0
3176,1245526.0
3177,1245660.0
3178,1246089.0
3179,1246130.0
3180,1246180.0
3181,1246248.0
3182,1247422.0
3183,1248002.0
3184,1248031.0
3185,1248287.0
3186,1248633.0
3187,1248809.0
3188,1248854.0
3189,1248926.0
3190,1249079.0
3191,1249087.0
3192,1249459.0
3193,1250005.0
3194,1250058.0
3195,1250077.0
3196,1251178.0
3197,1251317.0
3198,1251506.0
3199,1251517.0
3200,1251560.0
3201,1251969.0
3202,1252293.0
3203,1252431.0
3204,1253109.0
3205,1253180.0
3206,1253930.0
3207,1254469.0
3208,1254738.0
3209,1255026.0
3210,1255205.0
3211,1255487.0
3212,1255499.0
3213,1256558.0
3214,1257563.0
3215,1257825.0
3216,1257955.0
3217,1258820.0
3218,1259512.0
3219,1259850.0
3220,1260068.0
3221,1260189.0
3222,1260476.0
3223,1262566.0
3224,1263826.0
3225,1264272.0
3226,1264453.0
3227,1264583.0
3228,1264785.0
3229,1264806.0
3230,1264941.0
3231,1265349.0
3232,1265839.0
3233,1265940.0
3234,1266205.0
3235,1266271.0
3236,1266975.0
3237,1267054.0
3238,1267376.0
3239,1267817.0
3240,1267924.0
3241,1267931.0
3242,1269416.0
3243,1270398.0
3244,1270835.0
3245,1271102.0
3246,1271404.0
3247,1271440.0
3248,1272064.0
3249,1272102.0
3250,1273296.0
3251,1273416.0
3252,1273469.0
3253,1273781.0
3254,1275721.0
3255,1275938.0
3256,1276392.0
3257,1276852.0
3258,1276918.0
3259,1276965.0
3260,1277013.0
3261,1277330.0
3262,1277394.0
3263,1277612.0
3264,1277689.0
3265,1277720.0
3266,1278512.0
3267,1278902.0
3268,1279189.0
3269,1280632.0
3270,1280733.0
3271,1281239.0
3272,1281796.0
3273,1282203.0
3274,1282891.0
3275,1283089.0
3276,1283256.0
3277,1283390.0
3278,1283827.0
3279,1284536.0
3280,1284593.0
3281,1284919.0
3282,1285023.0
3283,1286227.0
3284,1286605.0
3285,1286945.0
3286,1287285.0
3287,1287695.0
3288,1287776.0
3289,1287814.0
3290,1288309.0
3291,1289775.0
3292,1290467.0
3293,1290600.0
3294,1291152.0
3295,1291160.0
3296,1291606.0
3297,1292041.0
3298,1292695.0
3299,1292823.0
3300,1292829.0
3301,1292851.0
3302,1293188.0
3303,1293191.0
3304,1293990.0
3305,1294204.0
3306,1294217.0
3307,1294601.0
3308,1294863.0
3309,1295128.0
3310,1295406.0
3311,1295572.0
3312,1295826.0
3313,1296138.0
3314,1296239.0
3315,1296473.0
3316,1296935.0
3317,1296949.0
3318,1297032.0
3319,1297176.0
3320,1297595.0
3321,1297896.0
3322,1298083.0
3323,1298279.0
3324,1298741.0
3325,1298859.0
3326,1299051.0
3327,1299949.0
3328,1300104.0
3329,1300431.0
3330,1300678.0
3331,1301240.0
3332,1301306.0
3333,1301943.0
3334,1302445.0
3335,1302648.0
3336,1302827.0
3337,1303866.0
3338,1304076.0
3339,1304128.0
3340,1304512.0
3341,1304663.0
3342,1304833.0
3343,1305021.0
3344,1305661.0
3345,1305987.0
3346,1306246.0
3347,1306448.0
3348,1306501.0
3349,1306861.0
3350,1307521.0
3351,1310075.0
3352,1311274.0
3353,1312036.0
3354,1312869.0
3355,1313213.0
3356,1314273.0
3357,1314285.0
3358,1314547.0
3359,1315183.0
3360,1315232.0
3361,1317097.0
3362,1318113.0
3363,1318462.0
3364,1319374.0
3365,1319657.0
3366,1320154.0
3367,1320473.0
3368,1320630.0
3369,1321339.0
3370,1321596.0
3371,1322340.0
3372,1322496.0
3373,1322561.0
3374,1322833.0
3375,1323388.0
3376,1323674.0
3377,1324613.0
3378,1325966.0
3379,1326006.0
3380,1326290.0
3381,1326939.0
3382,1326970.0
3383,1327243.0
3384,1327500.0
3385,1327692.0
3386,1329903.0
3387,1330062.0
3388,1330184.0
3389,1332057.0
3390,1333073.0
3391,1333798.0
3392,1334324.0
3393,1334881.0
3394,1335077.0
3395,1335167.0
3396,1335370.0
3397,1335444.0
3398,1336540.0
3399,1336568.0
3400,1337579.0
3401,1337602.0
3402,1337735.0
3403,1337936.0
3404,1338837.0
3405,1338892.0
3406,1338973.0
3407,1338986.0
3408,1339088.0
3409,1339852.0
3410,1339865.0
3411,1339943.0
3412,1340071.0
3413,1340700.0
3414,1340929.0
3415,1340945.0
3416,1340973.0
3417,1341185.0
3418,1342502.0
3419,1343246.0
3420,1343343.0
3421,1344009.0
3422,1344468.0
3423,1344590.0
3424,1344849.0
3425,1344966.0
3426,1344972.0
3427,1345254.0
3428,1345365.0
3429,1345371.0
3430,1345702.0
3431,1345977.0
3432,1346024.0
3433,1346062.0
3434,1346757.0
3435,1346838.0
3436,1347703.0
3437,1348144.0
3438,1348236.0
3439,1348925.0
3440,1349671.0
3441,1349769.0
3442,1350519.0
3443,1350970.0
3444,1351285.0
3445,1352054.0
3446,1352772.0
3447,1352878.0
3448,1353085.0
3449,1353304.0
3450,1353529.0
3451,1354187.0
3452,1354216.0
3453,1354583.0
3454,1354697.0
3455,1354869.0
3456,1354965.0
3457,1355139.0
3458,1355626.0
3459,1355760.0
3460,1356314.0
3461,1356396.0
3462,1357687.0
3463,1357808.0
3464,1358039.0
3465,1358373.0
3466,1358401.0
3467,1358438.0
3468,1358489.0
3469,1358747.0
3470,1359085.0
3471,1359240.0
3472,1359553.0
3473,1359617.0
3474,1359705.0
3475,1360479.0
3476,1360484.0
3477,1360586.0
3478,1361578.0
3479,1361611.0
3480,1361986.0
3481,1362027.0
3482,1362051.0
3483,1362251.0
3484,1362424.0
3485,1362436.0
3486,1362572.0
3487,1362586.0
3488,1363179.0
3489,1363987.0
3490,1364756.0
3491,1364909.0
3492,1365071.0
3493,1365517.0
3494,1365541.0
3495,1365888.0
3496,1365973.0
3497,1366521.0
3498,1367350.0
3499,1367656.0
3500,1368299.0
3501,1368611.0
3502,1369519.0
3503,1369761.0
3504,1370045.0
3505,1370689.0
3506,1370809.0
3507,1371709.0
3508,1371745.0
3509,1371847.0
3510,1372597.0
3511,1372778.0
3512,1372873.0
3513,1373169.0
3514,1374221.0
3515,1374484.0
3516,1374533.0
3517,1375568.0
3518,1376037.0
3519,1376959.0
3520,1376987.0
3521,1377329.0
3522,1378701.0
3523,1378983.0
3524,1380022.0
3525,1380409.0
3526,1380963.0
3527,1381221.0
3528,1382190.0
3529,1382327.0
3530,1382388.0
3531,1382401.0
3532,1382559.0
3533,1383467.0
3534,1383936.0
3535,1384086.0
3536,1384576.0
3537,1385669.0
3538,1385853.0
3539,1385909.0
3540,1386988.0
3541,1387399.0
3542,1387788.0
3543,1388262.0
3544,1388392.0
3545,1388676.0
3546,1388849.0
3547,1389048.0
3548,1389150.0
3549,1389194.0
3550,1389319.0
3551,1389446.0
3552,1389834.0
3553,1391037.0
3554,1391045.0
3555,1391050.0
3556,1391545.0
3557,1391919.0
3558,1391978.0
3559,1393679.0
3560,1393795.0
3561,1395576.0
3562,1395628.0
3563,1396557.0
3564,1396706.0
3565,1396870.0
3566,1397480.0
3567,1397655.0
3568,1398168.0
3569,1398770.0
3570,1398831.0
3571,1399145.0
3572,1399476.0
3573,1399970.0
3574,1399981.0
3575,1400020.0
3576,1400102.0
3577,1400481.0
3578,1400604.0
3579,1400773.0
3580,1400943.0
3581,1400954.0
3582,1401294.0
3583,1401296.0
3584,1401309.0
3585,1401402.0
3586,1401505.0
3587,1402183.0
3588,1402371.0
3589,1402413.0
3590,1402425.0
3591,1402436.0
3592,1402528.0
3593,1403377.0
3594,1403495.0
3595,1403636.0
3596,1404447.0
3597,1404546.0
3598,1405062.0
3599,1405130.0
3600,1405174.0
3601,1405642.0
3602,1405653.0
3603,1405678.0
3604,1405855.0
3605,1406312.0
3606,1406806.0
3607,1406855.0
3608,1406919.0
3609,1407217.0
3610,1407350.0
3611,1407504.0
3612,1407876.0
3613,1408298.0
3614,1408378.0
3615,1408394.0
3616,1408577.0
3617,1408632.0
3618,1408796.0
3619,1409206.0
3620,1409209.0
3621,1409329.0
3622,1409343.0
3623,1409384.0
3624,1409794.0
3625,1409844.0
3626,1409904.0
3627,1410114.0
3628,1410430.0
3629,1410520.0
3630,1410883.0
3631,1410999.0
3632,1411234.0
3633,1411368.0
3634,1412160.0
3635,1413646.0
3636,1413852.0
3637,1414315.0
3638,1414936.0
3639,1415059.0
3640,1415078.0
3641,1415384.0
3642,1416411.0
3643,1417286.0
3644,1417325.0
3645,1417522.0
3646,1417996.0
3647,1418265.0
3648,1418525.0
3649,1418659.0
3650,1419498.0
3651,1420205.0
3652,1420755.0
3653,1420883.0
3654,1420996.0
3655,1422082.0
3656,1422737.0
3657,1422752.0
3658,1423824.0
3659,1423880.0
3660,1425270.0
3661,1425556.0
3662,1426758.0
3663,1427370.0
3664,1428618.0
3665,1428972.0
3666,1429418.0
3667,1429837.0
3668,1430202.0
3669,1430808.0
3670,1430901.0
3671,1431094.0
3672,1431369.0
3673,1431652.0
3674,1432140.0
3675,1432789.0
3676,1433192.0
3677,1433220.0
3678,1433662.0
3679,1433927.0
3680,1434273.0
3681,1434403.0
3682,1434524.0
3683,1434868.0
3684,1436768.0
3685,1437212.0
3686,1437375.0
3687,1438170.0
3688,1438438.0
3689,1439572.0
3690,1439698.0
3691,1439708.0
3692,1439756.0
3693,1439937.0
3694,1440032.0
3695,1440112.0
3696,1440254.0
3697,1440426.0
3698,1441384.0
3699,1441615.0
3700,1442244.0
3701,1442656.0
3702,1442714.0
3703,1442933.0
3704,1443144.0
3705,1443590.0
3706,1443709.0
3707,1444695.0
3708,1444931.0
3709,1445456.0
3710,1445994.0
3711,1446482.0
3712,1446993.0
3713,1447393.0
3714,1447711.0
3715,1448527.0
3716,1449015.0
3717,1450525.0
3718,1450802.0
3719,1450957.0
3720,1451241.0
3721,1451387.0
3722,1452077.0
3723,1452413.0
3724,1452867.0
3725,1453972.0
3726,1454355.0
3727,1455051.0
3728,1455268.0
3729,1455307.0
3730,1455929.0
3731,1456531.0
3732,1456799.0
3733,1456943.0
3734,1457126.0
3735,1457250.0
3736,1457509.0
3737,1458136.0
3738,1458399.0
3739,1458959.0
3740,1459067.0
3741,1459147.0
3742,1459171.0
3743,1459381.0
3744,1459972.0
3745,1460225.0
3746,1460297.0
3747,1460861.0
3748,1462281.0
3749,1462777.0
3750,1462932.0
3751,1463109.0
3752,1464026.0
3753,1464134.0
3754,1464303.0
3755,1464788.0
3756,1465011.0
3757,1465291.0
3758,1465564.0
3759,1466180.0
3760,1466872.0
3761,1467870.0
3762,1467922.0
3763,1468173.0
3764,1468654.0
3765,1468676.0
3766,1468958.0
3767,1469350.0
3768,1469859.0
3769,1469891.0
3770,1470967.0
3771,1471479.0
3772,1474635.0
3773,1475768.0
3774,1476439.0
3775,1476591.0
3776,1476768.0
3777,1477059.0
3778,1477348.0
3779,1477802.0
3780,1477947.0
3781,1477998.0
3782,1478362.0
3783,1478477.0
3784,1478947.0
3785,1479334.0
3786,1479465.0
3787,1479488.0
3788,1479592.0
3789,1481726.0
3790,1482607.0
3791,1482931.0
3792,1484434.0
3793,1485334.0
3794,1485530.0
3795,1485533.0
3796,1486727.0
3797,1486759.0
3798,1486896.0
3799,1488681.0
3800,1488765.0
3801,1489493.0
3802,1490972.0
3803,1491447.0
3804,1492473.0
3805,1493324.0
3806,1493526.0
3807,1494119.0
3808,1494779.0
3809,1494935.0
3810,1495034.0
3811,1495188.0
3812,1495660.0
3813,1496343.0
3814,1496634.0
3815,1496745.0
3816,1496889.0
3817,1497049.0
3818,1497298.0
3819,1497562.0
3820,1497923.0
3821,1498713.0
3822,1498954.0
3823,1499321.0
3824,1499641.0
3825,1500046.0
3826,1500159.0
3827,1500535.0
3828,1500551.0
3829,1501708.0
3830,1501856.0
3831,1501891.0
3832,1502170.0
3833,1502223.0
3834,1502477.0
3835,1503702.0
3836,1503726.0
3837,1503911.0
3838,1504400.0
3839,1504450.0
3840,1504554.0
3841,1505345.0
3842,1505470.0
3843,1505683.0
3844,1505854.0
3845,1506438.0
3846,1506729.0
3847,1509006.0
3848,1509656.0
3849,1509660.0
3850,1509667.0
3851,1510259.0
3852,1512027.0
3853,1512705.0
3854,1512922.0
3855,1512936.0
3856,1513623.0
3857,1514035.0
3858,1514183.0
3859,1514625.0
3860,1515040.0
3861,1516292.0
3862,1516534.0
3863,1516901.0
3864,1517184.0
3865,1517213.0
3866,1518134.0
3867,1518312.0
3868,1518846.0
3869,1518894.0
3870,1519220.0
3871,1520422.0
3872,1520832.0
3873,1520857.0
3874,1520879.0
3875,1520956.0
3876,1521257.0
3877,1521279.0
3878,1521397.0
3879,1521480.0
3880,1521561.0
3881,1522335.0
3882,1522695.0
3883,1522721.0
3884,1522807.0
3885,1522870.0
3886,1525089.0
3887,1525586.0
3888,1525657.0
3889,1525701.0
3890,1526059.0
3891,1527306.0
3892,1527763.0
3893,1528161.0
3894,1528478.0
3895,1528678.0
3896,1529051.0
3897,1529681.0
3898,1529765.0
3899,1529772.0
3900,1530024.0
3901,1530158.0
3902,1530185.0
3903,1530690.0
3904,1532934.0
3905,1533610.0
3906,1534703.0
3907,1534726.0
3908,1535312.0
3909,1535410.0
3910,1535498.0
3911,1535509.0
3912,1535602.0
3913,1535729.0
3914,1536403.0
3915,1537102.0
3916,1538109.0
3917,1538194.0
3918,1538309.0
3919,1538386.0
3920,1538469.0
3921,1539419.0
3922,1539688.0
3923,1539742.0
3924,1540323.0
3925,1540462.0
3926,1540677.0
3927,1540888.0
3928,1541188.0
3929,1541779.0
3930,1541995.0
3931,1543261.0
3932,1543535.0
3933,1543646.0
3934,1544118.0
3935,1545537.0
3936,1546118.0
3937,1546126.0
3938,1546318.0
3939,1546419.0
3940,1546470.0
3941,1546578.0
3942,1546593.0
3943,1546889.0
3944,1547283.0
3945,1547366.0
3946,1547532.0
3947,1548239.0
3948,1548392.0
3949,1548426.0
3950,1548831.0
3951,1548975.0
3952,1549084.0
3953,1549232.0
3954,1549587.0
3955,1550146.0
3956,1550479.0
3957,1550683.0
3958,1550845.0
3959,1551619.0
3960,1552325.0
3961,1552569.0
3962,1552999.0
3963,1553114.0
3964,1553246.0
3965,1553924.0
3966,1553929.0
3967,1554011.0
3968,1555472.0
3969,1555697.0
3970,1557514.0
3971,1558713.0
3972,1559548.0
3973,1559570.0
3974,1560115.0
3975,1562814.0
3976,1563754.0
3977,1564081.0
3978,1564507.0
3979,1564685.0
3980,1565855.0
3981,1565986.0
3982,1567112.0
3983,1568263.0
3984,1569051.0
3985,1569093.0
3986,1569769.0
3987,1571466.0
3988,1571494.0
3989,1572075.0
3990,1572234.0
3991,1572344.0
3992,1573886.0
3993,1573963.0
3994,1573976.0
3995,1574126.0
3996,1574433.0
3997,1574705.0
3998,1574815.0
3999,1574858.0
4000,1575993.0
4001,1576057.0
4002,1576619.0
4003,1577212.0
4004,1578743.0
4005,1579735.0
4006,1579826.0
4007,1580330.0
4008,1580889.0
4009,1580905.0
4010,1581207.0
4011,1581486.0
4012,1581824.0
4013,1582000.0
4014,1582279.0
4015,1582438.0
4016,1582595.0
4017,1583072.0
4018,1583435.0
4019,1584033.0
4020,1584417.0
4021,1584877.0
4022,1585103.0
4023,1585120.0
4024,1585654.0
4025,1586362.0
4026,1586382.0
4027,1586455.0
4028,1586485.0
4029,1587145.0
4030,1587342.0
4031,1587420.0
4032,1587837.0
4033,1588229.0
4034,1588297.0
4035,1588655.0
4036,1589580.0
4037,1590428.0
4038,1590816.0
4039,1590869.0
4040,1590907.0
4041,1591050.0
4042,1591405.0
4043,1591470.0
4044,1591777.0
4045,1592570.0
4046,1592734.0
4047,1593793.0
4048,1594016.0
4049,1594609.0
4050,1595079.0
4051,1595239.0
4052,1595910.0
4053,1597959.0
4054,1598005.0
4055,1598102.0
4056,1598580.0
4057,1599949.0
4058,1600804.0
4059,1601361.0
4060,1601487.0
4061,1602197.0
4062,1602334.0
4063,1602381.0
4064,1602560.0
4065,1603107.0
4066,1603455.0
4067,1603561.0
4068,1603617.0
4069,1603973.0
4070,1604175.0
4071,1604703.0
4072,1605371.0
4073,1606818.0
4074,1607251.0
4075,1608023.0
4076,1608143.0
4077,1608608.0
4078,1608620.0
4079,1609087.0
4080,1609287.0
4081,1610188.0
4082,1611623.0
4083,1611754.0
4084,1612064.0
4085,1612068.0
4086,1612372.0
4087,1612680.0
4088,1613565.0
4089,1613737.0
4090,1613894.0
4091,1614264.0
4092,1615164.0
4093,1615888.0
4094,1616168.0
4095,1616242.0
4096,1616594.0
4097,1617472.0
4098,1617812.0
4099,1617972.0
4100,1618056.0
4101,1619117.0
4102,1619928.0
4103,1620105.0
4104,1623345.0
4105,1623352.0
4106,1623639.0
4107,1624697.0
4108,1625285.0
4109,1625751.0
4110,1626081.0
4111,1626680.0
4112,1629100.0
4113,1629697.0
4114,1630064.0
4115,1630077.0
4116,1631493.0
4117,1631628.0
4118,1632374.0
4119,1632633.0
4120,1632779.0
4121,1633287.0
4122,1634035.0
4123,1634435.0
4124,1634623.0
4125,1635275.0
4126,1636906.0
4127,1637541.0
4128,1637604.0
4129,1637612.0
4130,1638303.0
4131,1638331.0
4132,1638722.0
4133,1638801.0
4134,1639838.0
4135,1640299.0
4136,1640342.0
4137,1640509.0
4138,1640643.0
4139,1640661.0
4140,1641503.0
4141,1642578.0
4142,1643042.0
4143,1644384.0
4144,1645662.0
4145,1646301.0
4146,1647460.0
4147,1648207.0
4148,1648843.0
4149,1649120.0
4150,1651094.0
4151,1651132.0
4152,1652004.0
4153,1652399.0
4154,1653020.0
4155,1653262.0
4156,1653525.0
4157,1653694.0
4158,1655296.0
4159,1655304.0
4160,1655413.0
4161,1656004.0
4162,1656141.0
4163,1656336.0
4164,1656634.0
4165,1656728.0
4166,1656751.0
4167,1656758.0
4168,1657680.0
4169,1657767.0
4170,1658314.0
4171,1658431.0
4172,1658685.0
4173,1659167.0
4174,1659435.0
4175,1659519.0
4176,1660046.0
4177,1660708.0
4178,1660971.0
4179,1661109.0
4180,1663260.0
4181,1663379.0
4182,1663426.0
4183,1664053.0
4184,1664122.0
4185,1664606.0
4186,1665788.0
4187,1666064.0
4188,1666223.0
4189,1667210.0
4190,1667946.0
4191,1668472.0
4192,1668729.0
4193,1668946.0
4194,1668969.0
4195,1670954.0
4196,1671212.0
4197,1671378.0
4198,1671585.0
4199,1671863.0
4200,1672357.0
4201,1672587.0
4202,1674067.0
4203,1674881.0
4204,1675096.0
4205,1675487.0
4206,1675922.0
4207,1675927.0
4208,1676263.0
4209,1677197.0
4210,1677485.0
4211,1677593.0
4212,1677615.0
4213,1677802.0
4214,1677971.0
4215,1678456.0
4216,1679055.0
4217,1679174.0
4218,1679501.0
4219,1680262.0
4220,1681211.0
4221,1681397.0
4222,1682979.0
4223,1683448.0
4224,1684160.0
4225,1684898.0
4226,1684933.0
4227,1685036.0
4228,1685162.0
4229,1685209.0
4230,1685442.0
4231,1685789.0
4232,1685875.0
4233,1686029.0
4234,1686399.0
4235,1686635.0
4236,1686899.0
4237,1687182.0
4238,1687857.0
4239,1688641.0
4240,1689799.0
4241,1689917.0
4242,1691223.0
4243,1691714.0
4244,1692040.0
4245,1692243.0
4246,1692665.0
4247,1692751.0
4248,1692826.0
4249,1693301.0
4250,1693479.0
4251,1693774.0
4252,1695617.0
4253,1695778.0
4254,1695981.0
4255,1696640.0
4256,1696735.0
4257,1697541.0
4258,1697726.0
4259,1697830.0
4260,1697956.0
4261,1698143.0
4262,1699359.0
4263,1699447.0
4264,1700343.0
4265,1700672.0
4266,1701078.0
4267,1701314.0
4268,1702019.0
4269,1703676.0
4270,1703800.0
4271,1704457.0
4272,1705024.0
4273,1705037.0
4274,1705391.0
4275,1705473.0
4276,1705494.0
4277,1705585.0
4278,1705643.0
4279,1705770.0
4280,1706475.0
4281,1706524.0
4282,1706906.0
4283,1707270.0
4284,1707334.0
4285,1707339.0
4286,1707371.0
4287,1707992.0
4288,1708291.0
4289,1709215.0
4290,1710377.0
4291,1711187.0
4292,1711651.0
4293,1712078.0
4294,1712399.0
4295,1712935.0
4296,1713062.0
4297,1713282.0
4298,1713291.0
4299,1714826.0
4300,1714920.0
4301,1715262.0
4302,1715328.0
4303,1716989.0
4304,1717094.0
4305,1717523.0
4306,1719057.0
4307,1719075.0
4308,1719464.0
4309,1719539.0
4310,1719896.0
4311,1720293.0
4312,1720328.0
4313,1720687.0
4314,1720757.0
4315,1720847.0
4316,1721434.0
4317,1722378.0
4318,1722662.0
4319,1722755.0
4320,1722854.0
4321,1723512.0
4322,1723669.0
4323,1724457.0
4324,1724711.0
4325,1724790.0
4326,1724928.0
4327,1725822.0
4328,1726194.0
4329,1726406.0
4330,1727018.0
4331,1727654.0
4332,1727855.0
4333,1728818.0
4334,1729103.0
4335,1729449.0
4336,1729586.0
4337,1729821.0
4338,1730017.0
4339,1730134.0
4340,1730396.0
4341,1731364.0
4342,1731816.0
4343,1731999.0
4344,1732241.0
4345,1732491.0
4346,1732935.0
4347,1733043.0
4348,1733046.0
4349,1733101.0
4350,1733156.0
4351,1733349.0
4352,1733987.0
4353,1734246.0
4354,1734370.0
4355,1735301.0
4356,1736411.0
4357,1736864.0
4358,1737295.0
4359,1737497.0
4360,1737606.0
4361,1738033.0
4362,1738483.0
4363,1738565.0
4364,1738714.0
4365,1739041.0
4366,1739224.0
4367,1739283.0
4368,1739546.0
4369,1739567.0
4370,1739811.0
4371,1739814.0
4372,1739844.0
4373,1739895.0
4374,1740744.0
4375,1740783.0
4376,1741276.0
4377,1741603.0
4378,1741986.0
4379,1742048.0
4380,1742246.0
4381,1742328.0
4382,1742513.0
4383,1743398.0
4384,1743709.0
4385,1744039.0
4386,1744184.0
4387,1746376.0
4388,1746443.0
4389,1746541.0
4390,1747233.0
4391,1747763.0
4392,1748152.0
4393,1748807.0
4394,1749427.0
4395,1749429.0
4396,1749791.0
4397,1749987.0
4398,1750516.0
4399,1751312.0
4400,1751788.0
4401,1752197.0
4402,1753012.0
4403,1753447.0
4404,1753746.0
4405,1754146.0
4406,1754632.0
4407,1755381.0
4408,1755411.0
4409,1755571.0
4410,1755576.0
4411,1755744.0
4412,1755877.0
4413,1756150.0
4414,1756257.0
4415,1757585.0
4416,1757925.0
4417,1758309.0
4418,1758400.0
4419,1758528.0
4420,1759731.0
4421,1759843.0
4422,1760004.0
4423,1760135.0
4424,1760833.0
4425,1760904.0
4426,1761082.0
4427,1761752.0
4428,1761860.0
4429,1762374.0
4430,1762656.0
4431,1762705.0
4432,1763040.0
4433,1763326.0
4434,1763832.0
4435,1764213.0
4436,1764697.0
4437,1764738.0
4438,1765039.0
4439,1765393.0
4440,1765409.0
4441,1765683.0
4442,1765790.0
4443,1765968.0
4444,1766283.0
4445,1766388.0
4446,1766412.0
4447,1766642.0
4448,1766648.0
4449,1767392.0
4450,1767848.0
4451,1767900.0
4452,1767986.0
4453,1768204.0
4454,1768532.0
4455,1768744.0
4456,1768841.0
4457,1769014.0
4458,1769045.0
4459,1769229.0
4460,1769236.0
4461,1769311.0
4462,1769820.0
4463,1770120.0
4464,1770278.0
4465,1770455.0
4466,1770456.0
4467,1770550.0
4468,1770639.0
4469,1770773.0
4470,1771167.0
4471,1771573.0
4472,1772240.0
4473,1772243.0
4474,1772517.0
4475,1773666.0
4476,1773843.0
4477,1773988.0
4478,1774430.0
4479,1774661.0
4480,1775208.0
4481,1775939.0
4482,1776271.0
4483,1776415.0
4484,1776503.0
4485,1777143.0
4486,1778406.0
4487,1778527.0
4488,1779378.0
4489,1779539.0
4490,1779571.0
4491,1780187.0
4492,1780521.0
4493,1781024.0
4494,1781455.0
4495,1781868.0
4496,1781967.0
4497,1782455.0
4498,1782871.0
4499,1783239.0
4500,1783629.0
4501,1783893.0
4502,1784483.0
4503,1784513.0
4504,1784854.0
4505,1784901.0
4506,1785025.0
4507,1785281.0
4508,1785742.0
4509,1785870.0
4510,1786690.0
4511,1787340.0
4512,1787482.0
4513,1788033.0
4514,1788123.0
4515,1788622.0
4516,1788838.0
4517,1789380.0
4518,1790046.0
4519,1790211.0
4520,1790431.0
4521,1790655.0
4522,1790757.0
4523,1791094.0
4524,1791794.0
4525,1792101.0
4526,1792344.0
4527,1792493.0
4528,1792590.0
4529,1792596.0
4530,1792815.0
4531,1792863.0
4532,1792979.0
4533,1793049.0
4534,1793472.0
4535,1793649.0
4536,1794083.0
4537,1794436.0
4538,1795383.0
4539,1795449.0
4540,1795674.0
4541,1795874.0
4542,1795885.0
4543,1795955.0
4544,1796789.0
4545,1796831.0
4546,1796963.0
4547,1798013.0
4548,1799451.0
4549,1801056.0
4550,1801454.0
4551,1801856.0
4552,1802306.0
4553,1803193.0
4554,1803238.0
4555,1804157.0
4556,1804323.0
4557,1805796.0
4558,1806287.0
4559,1806781.0
4560,1806827.0
4561,1807635.0
4562,1807966.0
4563,1808441.0
4564,1808973.0
4565,1809944.0
4566,1810414.0
4567,1811954.0
4568,1812148.0
4569,1812605.0
4570,1812760.0
4571,1812941.0
4572,1813065.0
4573,1813128.0
4574,1814243.0
4575,1814858.0
4576,1815307.0
4577,1815675.0
4578,1816055.0
4579,1816265.0
4580,1817932.0
4581,1818692.0
4582,1818735.0
4583,1818824.0
4584,1819009.0
4585,1819549.0
4586,1819911.0
4587,1820067.0
4588,1820611.0
4589,1820908.0
4590,1821106.0
4591,1821151.0
4592,1821252.0
4593,1821845.0
4594,1822023.0
4595,1822489.0
4596,1822668.0
4597,1822989.0
4598,1823094.0
4599,1823272.0
4600,1824382.0
4601,1824802.0
4602,1824986.0
4603,1825409.0
4604,1825527.0
4605,1825558.0
4606,1826079.0
4607,1826182.0
4608,1826197.0
4609,1827477.0
4610,1827624.0
4611,1827658.0
4612,1827799.0
4613,1829119.0
4614,1829434.0
4615,1829490.0
4616,1829555.0
4617,1829705.0
4618,1830191.0
4619,1830426.0
4620,1831011.0
4621,1831097.0
4622,1831141.0
4623,1831841.0
4624,1831980.0
4625,1832116.0
4626,1832189.0
4627,1832291.0
4628,1832416.0
4629,1832430.0
4630,1832928.0
4631,1833034.0
4632,1834491.0
4633,1834501.0
4634,1834636.0
4635,1834918.0
4636,1835334.0
4637,1835513.0
4638,1835862.0
4639,1836180.0
4640,1836305.0
4641,1836335.0
4642,1836739.0
4643,1836988.0
4644,1837006.0
4645,1837093.0
4646,1838183.0
4647,1838318.0
4648,1838552.0
4649,1838746.0
4650,1839156.0
4651,1839647.0
4652,1839674.0
4653,1840012.0
4654,1840016.0
4655,1840102.0
4656,1840319.0
4657,1840872.0
4658,1841051.0
4659,1841309.0
4660,1841654.0
4661,1842136.0
4662,1843162.0
4663,1843170.0
4664,1844054.0
4665,1844658.0
4666,1844823.0
4667,1844932.0
4668,1844965.0
4669,1845047.0
4670,1845223.0
4671,1845896.0
4672,1845933.0
4673,1845940.0
4674,1846108.0
4675,1846634.0
4676,1846892.0
4677,1847024.0
4678,1847140.0
4679,1847233.0
4680,1847442.0
4681,1847669.0
4682,1848063.0
4683,1848554.0
4684,1848901.0
4685,1848937.0
4686,1848959.0
4687,1849160.0
4688,1849329.0
4689,1849387.0
4690,1849748.0
4691,1849827.0
4692,1849861.0
4693,1850910.0
4694,1851107.0
4695,1851297.0
4696,1851368.0
4697,1851400.0
4698,1852463.0
4699,1852573.0
4700,1852683.0
4701,1852766.0
4702,1853146.0
4703,1854008.0
4704,1854376.0
4705,1854431.0
4706,1854452.0
4707,1854483.0
4708,1854590.0
4709,1854835.0
4710,1854848.0
4711,1855010.0
4712,1855187.0
4713,1855396.0
4714,1856273.0
4715,1856775.0
4716,1856916.0
4717,1857055.0
4718,1858014.0
4719,1859593.0
4720,1859653.0
4721,1859822.0
4722,1860029.0
4723,1860054.0
4724,1861463.0
4725,1862341.0
4726,1862631.0
4727,1863049.0
4728,1863051.0
4729,1863700.0
4730,1864635.0
4731,1864896.0
4732,1865317.0
4733,1865561.0
4734,1865933.0
4735,1866035.0
4736,1866610.0
4737,1866803.0
4738,1866815.0
4739,1867339.0
4740,1867501.0
4741,1868137.0
4742,1868508.0
4743,1868757.0
4744,1869364.0
4745,1870046.0
4746,1870494.0
4747,1870572.0
4748,1870719.0
4749,1870964.0
4750,1872029.0
4751,1872287.0
4752,1872400.0
4753,1872916.0
4754,1873077.0
4755,1873415.0
4756,1873709.0
4757,1874147.0
4758,1874601.0
4759,1875004.0
4760,1875006.0
4761,1875098.0
4762,1875267.0
4763,1875869.0
4764,1876391.0
4765,1876394.0
4766,1878337.0
4767,1878357.0
4768,1878959.0
4769,1878990.0
4770,1879326.0
4771,1879372.0
4772,1879409.0
4773,1879699.0
4774,1879877.0
4775,1879942.0
4776,1880683.0
4777,1881138.0
4778,1881178.0
4779,1881440.0
4780,1881588.0
4781,1882425.0
4782,1883147.0
4783,1885379.0
4784,1885928.0
4785,1887877.0
4786,1888007.0
4787,1888244.0
4788,1888282.0
4789,1888545.0
4790,1889423.0
4791,1890585.0
4792,1891169.0
4793,1892618.0
4794,1893767.0
4795,1894207.0
4796,1894490.0
4797,1894614.0
4798,1894770.0
4799,1894968.0
4800,1895655.0
4801,1895925.0
4802,1897075.0
4803,1897353.0
4804,1897370.0
4805,1897482.0
4806,1897772.0
4807,1897790.0
4808,1897877.0
4809,1898196.0
4810,1899021.0
4811,1899324.0
4812,1900396.0
4813,1900836.0
4814,1901506.0
4815,1901700.0
4816,1901959.0
4817,1903648.0
4818,1903768.0
4819,1903834.0
4820,1904054.0
4821,1904345.0
4822,1904532.0
4823,1905648.0
4824,1906363.0
4825,1906788.0
4826,1907546.0
4827,1908247.0
4828,1908252.0
4829,1908405.0
4830,1908527.0
4831,1908626.0
4832,1908854.0
4833,1909143.0
4834,1909724.0
4835,1910200.0
4836,1911801.0
4837,1912246.0
4838,1912763.0
4839,1913681.0
4840,1915776.0
4841,1916061.0
4842,1916761.0
4843,1916865.0
4844,1917386.0
4845,1917514.0
4846,1917791.0
4847,1917945.0
4848,1917965.0
4849,1918161.0
4850,1918550.0
4851,1918948.0
4852,1919461.0
4853,1920483.0
4854,1920484.0
4855,1920947.0
4856,1921067.0
4857,1921265.0
4858,1921679.0
4859,1921763.0
4860,1921839.0
4861,1922226.0
4862,1922299.0
4863,1922428.0
4864,1922580.0
4865,1922855.0
4866,1923685.0
4867,1924265.0
4868,1924619.0
4869,1924726.0
4870,1924795.0
4871,1926181.0
4872,1926187.0
4873,1926315.0
4874,1926464.0
4875,1926890.0
4876,1927063.0
4877,1927256.0
4878,1927852.0
4879,1928062.0
4880,1928123.0
4881,1928889.0
4882,1929004.0
4883,1929421.0
4884,1930791.0
4885,1931514.0
4886,1931622.0
4887,1931626.0
4888,1931817.0
4889,1932060.0
4890,1932181.0
4891,1932601.0
4892,1932989.0
4893,1933249.0
4894,1933879.0
4895,1934354.0
4896,1935272.0
4897,1935875.0
4898,1935963.0
4899,1936080.0
4900,1936814.0
4901,1936976.0
4902,1937178.0
4903,1937523.0
4904,1937716.0
4905,1937835.0
4906,1938133.0
4907,1938182.0
4908,1938226.0
4909,1938680.0
4910,1938729.0
4911,1939371.0
4912,1939817.0
4913,1939837.0
4914,1940320.0
4915,1940621.0
4916,1940681.0
4917,1941089.0
4918,1941580.0
4919,1941835.0
4920,1941918.0
4921,1941969.0
4922,1942071.0
4923,1942246.0
4924,1942432.0
4925,1942673.0
4926,1942963.0
4927,1944073.0
4928,1944917.0
4929,1944944.0
4930,1945183.0
4931,1945458.0
4932,1945729.0
4933,1945773.0
4934,1946033.0
4935,1946065.0
4936,1946791.0
4937,1946807.0
4938,1946832.0
4939,1947175.0
4940,1947397.0
4941,1947619.0
4942,1947626.0
4943,1948556.0
4944,1948590.0
4945,1949407.0
4946,1949838.0
4947,1949849.0
4948,1950420.0
4949,1951931.0
4950,1952139.0
4951,1952572.0
4952,1953246.0
4953,1953290.0
4954,1953423.0
4955,1954085.0
4956,1954423.0
4957,1955759.0
4958,1956367.0
4959,1956616.0
4960,1956623.0
4961,1956907.0
4962,1956917.0
4963,1957160.0
4964,1957283.0
4965,1957572.0
4966,1957666.0
4967,1957692.0
4968,1958347.0
4969,1958416.0
4970,1958691.0
4971,1959399.0
4972,1959523.0
4973,1960261.0
4974,1960501.0
4975,1960900.0
4976,1961187.0
4977,1961321.0
4978,1961419.0
4979,1962038.0
4980,1962202.0
4981,1962264.0
4982,1962524.0
4983,1963206.0
4984,1963356.0
4985,1963521.0
4986,1963991.0
4987,1964410.0
4988,1965876.0
4989,1966002.0
4990,1966363.0
4991,1966388.0
4992,1967115.0
4993,1967929.0
4994,1967973.0
4995,1968482.0
4996,1968667.0
4997,1968797.0
4998,1969421.0
4999,1970547.0
5000,1970866.0
5001,1970924.0
5002,1971354.0
5003,1971444.0
5004,1972205.0
5005,1972401.0
5006,1972932.0
5007,1973304.0
5008,1973462.0
5009,1974296.0
5010,1974450.0
5011,1975022.0
5012,1975045.0
5013,1975130.0
5014,1975235.0
5015,1975850.0
5016,1975907.0
5017,1976755.0
5018,1976809.0
5019,1977231.0
5020,1977505.0
5021,1977868.0
5022,1978307.0
5023,1978336.0
5024,1979895.0
5025,1979983.0
5026,1980624.0
5027,1980991.0
5028,1981152.0
5029,1981195.0
5030,1981344.0
5031,1981409.0
5032,1982736.0
5033,1982833.0
5034,1982920.0
5035,1982924.0
5036,1983012.0
5037,1983057.0
5038,1983274.0
5039,1983530.0
5040,1983696.0
5041,1983753.0
5042,1984022.0
5043,1984266.0
5044,1984297.0
5045,1984792.0
5046,1985650.0
5047,1985711.0
5048,1986390.0
5049,1986762.0
5050,1986767.0
5051,1987329.0
5052,1987668.0
5053,1987704.0
5054,1987844.0
5055,1988401.0
5056,1988662.0
5057,1989122.0
5058,1989237.0
5059,1989249.0
5060,1989508.0
5061,1989689.0
5062,1989847.0
5063,1990358.0
5064,1990840.0
5065,1991446.0
5066,1992242.0
5067,1992427.0
5068,1992890.0
5069,1992900.0
5070,1993675.0
5071,1994573.0
5072,1995676.0
5073,1995747.0
5074,1995800.0
5075,1995914.0
5076,1995958.0
5077,1996809.0
5078,1997352.0
5079,1997359.0
5080,1998320.0
5081,1998637.0
5082,1998797.0
5083,1998879.0
5084,1998913.0
5085,1999441.0
5086,1999457.0
5087,1999574.0
5088,1999907.0
5089,2000262.0
5090,2000342.0
5091,2000481.0
5092,2000631.0
5093,2000763.0
5094,2001916.0
5095,2002238.0
5096,2002256.0
5097,2003519.0
5098,2004531.0
5099,2004874.0
5100,2005331.0
5101,2005378.0
5102,2006085.0
5103,2006125.0
5104,2006335.0
5105,2006625.0
5106,2007053.0
5107,2007454.0
5108,2008077.0
5109,2008333.0
5110,2008956.0
5111,2008983.0
5112,2009042.0
5113,2010244.0
5114,2010345.0
5115,2010419.0
5116,2011252.0
5117,2012151.0
5118,2012164.0
5119,2012459.0
5120,2012679.0
5121,2012774.0
5122,2013098.0
5123,2013152.0
5124,2014510.0
5125,2014610.0
5126,2014697.0
5127,2015301.0
5128,2015446.0
5129,2015731.0
5130,2016590.0
5131,2016688.0
5132,2016939.0
5133,2016941.0
5134,2017379.0
5135,2017912.0
5136,2017990.0
5137,2018540.0
5138,2018585.0
5139,2018904.0
5140,2019594.0
5141,2020100.0
5142,2020352.0
5143,2020355.0
5144,2021215.0
5145,2021345.0
5146,2021623.0
5147,2021838.0
5148,2022340.0
5149,2022691.0
5150,2024319.0
5151,2024744.0
5152,2025185.0
5153,2025231.0
5154,2025513.0
5155,2025872.0
5156,2026631.0
5157,2027544.0
5158,2028233.0
5159,2028550.0
5160,2029024.0
5161,2029927.0
5162,2030671.0
5163,2031052.0
5164,2031139.0
5165,2031445.0
5166,2031920.0
5167,2032148.0
5168,2033147.0
5169,2033587.0
5170,2033623.0
5171,2034060.0
5172,2035631.0
5173,2035701.0
5174,2035725.0
5175,2036785.0
5176,2037381.0
5177,2037590.0
5178,2037796.0
5179,2038246.0
5180,2039258.0
5181,2039436.0
5182,2039660.0
5183,2040272.0
5184,2040643.0
5185,2041501.0
5186,2042514.0
5187,2042739.0
5188,2043028.0
5189,2043746.0
5190,2044283.0
5191,2044427.0
5192,2044669.0
5193,2045514.0
5194,2045986.0
5195,2046095.0
5196,2047823.0
5197,2048127.0
5198,2048230.0
5199,2048680.0
5200,2048862.0
5201,2048883.0
5202,2049469.0
5203,2049604.0
5204,2049707.0
5205,2050264.0
5206,2050652.0
5207,2050782.0
5208,2051030.0
5209,2051229.0
5210,2051734.0
5211,2051850.0
5212,2052051.0
5213,2053042.0
5214,2053335.0
5215,2053568.0
5216,2053870.0
5217,2054128.0
5218,2054671.0
5219,2054852.0
5220,2055456.0
5221,2055560.0
5222,2055885.0
5223,2056666.0
5224,2057409.0
5225,2058200.0
5226,2058271.0
5227,2058293.0
5228,2058354.0
5229,2058526.0
5230,2058901.0
5231,2059746.0
5232,2060719.0
5233,2060738.0
5234,2060772.0
5235,2061431.0
5236,2062276.0
5237,2062316.0
5238,2063430.0
5239,2063648.0
5240,2063663.0
5241,2064245.0
5242,2064404.0
5243,2064470.0
5244,2065057.0
5245,2065171.0
5246,2065691.0
5247,2066114.0
5248,2066355.0
5249,2067562.0
5250,2068326.0
5251,2069068.0
5252,2069208.0
5253,2069454.0
5254,2069526.0
5255,2069612.0
5256,2070569.0
5257,2070574.0
5258,2071032.0
5259,2071997.0
5260,2072917.0
5261,2073060.0
5262,2074006.0
5263,2074059.0
5264,2074124.0
5265,2074170.0
5266,2074372.0
5267,2074800.0
5268,2074866.0
5269,2075575.0
5270,2075583.0
5271,2076213.0
5272,2076217.0
5273,2076230.0
5274,2076245.0
5275,2076444.0
5276,2076520.0
5277,2076574.0
5278,2076656.0
5279,2076882.0
5280,2076994.0
5281,2076998.0
5282,2077174.0
5283,2077181.0
5284,2078029.0
5285,2078301.0
5286,2078346.0
5287,2078782.0
5288,2078795.0
5289,2078844.0
5290,2079148.0
5291,2079177.0
5292,2079430.0
5293,2079623.0
5294,2079777.0
5295,2080060.0
5296,2080601.0
5297,2080809.0
5298,2080840.0
5299,2080994.0
5300,2081371.0
5301,2082428.0
5302,2082632.0
5303,2082673.0
5304,2083018.0
5305,2083739.0
5306,2084083.0
5307,2085001.0
5308,2085212.0
5309,2085329.0
5310,2086335.0
5311,2086610.0
5312,2086922.0
5313,2087658.0
5314,2087923.0
5315,2088915.0
5316,2089118.0
5317,2089365.0
5318,2089731.0
5319,2090829.0
5320,2091284.0
5321,2092193.0
5322,2092379.0
5323,2092522.0
5324,2093219.0
5325,2093966.0
5326,2094128.0
5327,2094164.0
5328,2095015.0
5329,2095302.0
5330,2095577.0
5331,2095681.0
5332,2096791.0
5333,2096981.0
5334,2097185.0
5335,2097506.0
5336,2097643.0
5337,2097922.0
5338,2098917.0
5339,2099224.0
5340,2100378.0
5341,2100412.0
5342,2100670.0
5343,2100731.0
5344,2100827.0
5345,2101421.0
5346,2101813.0
5347,2102632.0
5348,2102929.0
5349,2104043.0
5350,2104201.0
5351,2104911.0
5352,2105074.0
5353,2105149.0
5354,2105280.0
5355,2105425.0
5356,2105433.0
5357,2106175.0
5358,2106453.0
5359,2106837.0
5360,2108419.0
5361,2110234.0
5362,2110330.0
5363,2110628.0
5364,2111536.0
5365,2111867.0
5366,2112679.0
5367,2113140.0
5368,2113161.0
5369,2114245.0
5370,2114339.0
5371,2114398.0
5372,2114772.0
5373,2115812.0
5374,2116781.0
5375,2117773.0
5376,2118443.0
5377,2119113.0
5378,2119441.0
5379,2121354.0
5380,2121445.0
5381,2121582.0
5382,2121825.0
5383,2121883.0
5384,2121908.0
5385,2122238.0
5386,2122911.0
5387,2123385.0
5388,2123746.0
5389,2124401.0
5390,2124605.0
5391,2124969.0
5392,2125327.0
5393,2125731.0
5394,2126814.0
5395,2127518.0
5396,2127574.0
5397,2128581.0
5398,2128807.0
5399,2129171.0
5400,2129515.0
5401,2129525.0
5402,2129945.0
5403,2129949.0
5404,2130465.0
5405,2130503.0
5406,2130565.0
5407,2130630.0
5408,2130873.0
5409,2130891.0
5410,2130984.0
5411,2131040.0
5412,2131319.0
5413,2131477.0
5414,2131762.0
5415,2131856.0
5416,2132137.0
5417,2132264.0
5418,2132680.0
5419,2132890.0
5420,2133361.0
5421,2134752.0
5422,2135546.0
5423,2136053.0
5424,2136584.0
5425,2136874.0
5426,2137320.0
5427,2137628.0
5428,2137688.0
5429,2137847.0
5430,2138264.0
5431,2138387.0
5432,2138935.0
5433,2139279.0
5434,2139598.0
5435,2139751.0
5436,2140288.0
5437,2140710.0
5438,2140791.0
5439,2141023.0
5440,2141228.0
5441,2141506.0
5442,2142212.0
5443,2142881.0
5444,2142886.0
5445,2146410.0
5446,2148728.0
5447,2148861.0
5448,2149209.0
5449,2149673.0
5450,2150350.0
5451,2150610.0
5452,2150825.0
5453,2151018.0
5454,2151575.0
5455,2151664.0
5456,2151736.0
5457,2152455.0
5458,2152943.0
5459,2153330.0
5460,2153493.0
5461,2153967.0
5462,2154310.0
5463,2155372.0
5464,2156196.0
5465,2157632.0
5466,2158135.0
5467,2158423.0
5468,2158519.0
5469,2158666.0
5470,2159205.0
5471,2159430.0
5472,2159494.0
5473,2160279.0
5474,2161207.0
5475,2161297.0
5476,2161670.0
5477,2161760.0
5478,2161802.0
5479,2161808.0
5480,2161892.0
5481,2162007.0
5482,2162103.0
5483,2162534.0
5484,2162841.0
5485,2163599.0
5486,2163626.0
5487,2163808.0
5488,2164147.0
5489,2164258.0
5490,2164433.0
5491,2164440.0
5492,2164668.0
5493,2164773.0
5494,2165006.0
5495,2165145.0
5496,2165223.0
5497,2165734.0
5498,2166036.0
5499,2166615.0
5500,2167276.0
5501,2167775.0
5502,2167900.0
5503,2168070.0
5504,2168239.0
5505,2168474.0
5506,2168736.0
5507,2169776.0
5508,2169978.0
5509,2170634.0
5510,2171123.0
5511,2171588.0
5512,2171879.0
5513,2172090.0
5514,2172726.0
5515,2173361.0
5516,2174210.0
5517,2174376.0
5518,2174495.0
5519,2175253.0
5520,2175696.0
5521,2176069.0
5522,2176219.0
5523,2176638.0
5524,2177285.0
5525,2178433.0
5526,2178638.0
5527,2179644.0
5528,2179740.0
5529,2180370.0
5530,2180777.0
5531,2181780.0
5532,2181984.0
5533,2182254.0
5534,2182295.0
5535,2182641.0
5536,2183174.0
5537,2183676.0
5538,2184646.0
5539,2184946.0
5540,2185275.0
5541,2185345.0
5542,2185557.0
5543,2185597.0
5544,2186180.0
5545,2186349.0
5546,2186429.0
5547,2186635.0
5548,2186833.0
5549,2187198.0
5550,2187282.0
5551,2187313.0
5552,2187360.0
5553,2187408.0
5554,2187441.0
5555,2187636.0
5556,2187894.0
5557,2188158.0
5558,2188278.0
5559,2188555.0
5560,2188768.0
5561,2189692.0
5562,2190417.0
5563,2191207.0
5564,2191631.0
5565,2191816.0
5566,2193011.0
5567,2193070.0
5568,2193435.0
5569,2193519.0
5570,2194319.0
5571,2194463.0
5572,2194792.0
5573,2194945.0
5574,2195051.0
5575,2195231.0
5576,2195825.0
5577,2196117.0
5578,2196503.0
5579,2196735.0
5580,2196759.0
5581,2196793.0
5582,2197008.0
5583,2197254.0
5584,2197348.0
5585,2197361.0
5586,2197363.0
5587,2197534.0
5588,2197582.0
5589,2197951.0
5590,2198985.0
5591,2199153.0
5592,2199311.0
5593,2199488.0
5594,2199994.0
5595,2200043.0
5596,2200810.0
5597,2201080.0
5598,2201346.0
5599,2201639.0
5600,2201955.0
5601,2202067.0
5602,2202154.0
5603,2202609.0
5604,2205198.0
5605,2205361.0
5606,2206354.0
5607,2206539.0
5608,2207072.0
5609,2207114.0
5610,2207910.0
5611,2207918.0
5612,2207956.0
5613,2208073.0
5614,2208259.0
5615,2208393.0
5616,2208963.0
5617,2209804.0
5618,2210037.0
5619,2210846.0
5620,2211127.0
5621,2211865.0
5622,2212358.0
5623,2212551.0
5624,2212584.0
5625,2212594.0
5626,2212716.0
5627,2213493.0
5628,2213564.0
5629,2213617.0
5630,2213989.0
5631,2214238.0
5632,2214313.0
5633,2214865.0
5634,2215149.0
5635,2215233.0
5636,2215574.0
5637,2215817.0
5638,2216000.0
5639,2216108.0
5640,2216264.0
5641,2217039.0
5642,2217342.0
5643,2217767.0
5644,2217771.0
5645,2218421.0
5646,2219833.0
5647,2220253.0
5648,2220666.0
5649,2222010.0
5650,2222617.0
5651,2222700.0
5652,2223132.0
5653,2223340.0
5654,2223933.0
5655,2224186.0
5656,2224430.0
5657,2224917.0
5658,2225004.0
5659,2225321.0
5660,2225503.0
5661,2225752.0
5662,2225890.0
5663,2225964.0
5664,2226308.0
5665,2226468.0
5666,2226618.0
5667,2227238.0
5668,2227835.0
5669,2229654.0
5670,2229944.0
5671,2229967.0
5672,2230434.0
5673,2230595.0
5674,2231677.0
5675,2231993.0
5676,2232042.0
5677,2232487.0
5678,2232704.0
5679,2232805.0
5680,2232992.0
5681,2233023.0
5682,2233053.0
5683,2233131.0
5684,2233437.0
5685,2233995.0
5686,2234204.0
5687,2234521.0
5688,2234569.0
5689,2234609.0
5690,2234629.0
5691,2235299.0
5692,2235314.0
5693,2237193.0
5694,2237740.0
5695,2238753.0
5696,2238758.0
5697,2239099.0
5698,2239120.0
5699,2239654.0
5700,2241466.0
5701,2241857.0
5702,2242394.0
5703,2242641.0
5704,2242709.0
5705,2242979.0
5706,2243038.0
5707,2243389.0
5708,2243909.0
5709,2244677.0
5710,2244711.0
5711,2245921.0
5712,2247195.0
5713,2247293.0
5714,2247312.0
5715,2247692.0
5716,2248990.0
5717,2249531.0
5718,2249642.0
5719,2249661.0
5720,2250070.0
5721,2250232.0
5722,2250562.0
5723,2250625.0
5724,2251171.0
5725,2251642.0
5726,2251728.0
5727,2251886.0
5728,2251948.0
5729,2251950.0
5730,2252528.0
5731,2253158.0
5732,2253331.0
5733,2253363.0
5734,2254232.0
5735,2254863.0
5736,2255374.0
5737,2255639.0
5738,2255914.0
5739,2256104.0
5740,2256595.0
5741,2256957.0
5742,2257219.0
5743,2257308.0
5744,2258060.0
5745,2258137.0
5746,2258314.0
5747,2259611.0
5748,2259863.0
5749,2260516.0
5750,2260694.0
5751,2260956.0
5752,2261061.0
5753,2261265.0
5754,2261384.0
5755,2261451.0
5756,2262507.0
5757,2262591.0
5758,2262639.0
5759,2264516.0
5760,2264517.0
5761,2264802.0
5762,2264809.0
5763,2264847.0
5764,2265085.0
5765,2265477.0
5766,2265928.0
5767,2266310.0
5768,2266724.0
5769,2267198.0
5770,2267360.0
5771,2267528.0
5772,2268414.0
5773,2269671.0
5774,2269786.0
5775,2269822.0
5776,2269969.0
5777,2270356.0
5778,2270377.0
5779,2270860.0
5780,2270961.0
5781,2272229.0
5782,2272557.0
5783,2272888.0
5784,2273435.0
5785,2273745.0
5786,2274192.0
5787,2275305.0
5788,2275307.0
5789,2275629.0
5790,2276241.0
5791,2277473.0
5792,2277724.0
5793,2278280.0
5794,2278723.0
5795,2279011.0
5796,2279357.0
5797,2279707.0
5798,2280135.0
5799,2280303.0
5800,2280506.0
5801,2280607.0
5802,2280693.0
5803,2280783.0
5804,2280800.0
5805,2281731.0
5806,2282360.0
5807,2283058.0
5808,2283456.0
5809,2283840.0
5810,2284269.0
5811,2284382.0
5812,2284536.0
5813,2284858.0
5814,2285294.0
5815,2285931.0
5816,2286872.0
5817,2288086.0
5818,2288218.0
5819,2288560.0
5820,2289220.0
5821,2289468.0
5822,2289484.0
5823,2289864.0
5824,2290508.0
5825,2290736.0
5826,2290956.0
5827,2291064.0
5828,2291197.0
5829,2291542.0
5830,2291987.0
5831,2292100.0
5832,2292155.0
5833,2292920.0
5834,2293549.0
5835,2293555.0
5836,2294906.0
5837,2295075.0
5838,2295220.0
5839,2295295.0
5840,2295476.0
5841,2295950.0
5842,2296912.0
5843,2297178.0
5844,2297429.0
5845,2297615.0
5846,2297635.0
5847,2297960.0
5848,2298318.0
5849,2298469.0
5850,2298634.0
5851,2298895.0
5852,2299159.0
5853,2299478.0
5854,2299482.0
5855,2299646.0
5856,2299677.0
5857,2300417.0
5858,2300750.0
5859,2301022.0
5860,2301086.0
5861,2301300.0
5862,2301899.0
5863,2301965.0
5864,2302135.0
5865,2304067.0
5866,2304182.0
5867,2304223.0
5868,2304424.0
5869,2305726.0
5870,2306195.0
5871,2307206.0
5872,2308473.0
5873,2309292.0
5874,2310965.0
5875,2310969.0
5876,2310974.0
5877,2311610.0
5878,2313055.0
5879,2313573.0
5880,2314079.0
5881,2314122.0
5882,2315293.0
5883,2315518.0
5884,2315727.0
5885,2316473.0
5886,2316755.0
5887,2317834.0
5888,2317851.0
5889,2318344.0
5890,2318496.0
5891,2319082.0
5892,2319193.0
5893,2319275.0
5894,2319426.0
5895,2319428.0
5896,2320465.0
5897,2320854.0
5898,2321441.0
5899,2322205.0
5900,2322720.0
5901,2322805.0
5902,2323783.0
5903,2323838.0
5904,2323892.0
5905,2323956.0
5906,2324338.0
5907,2324420.0
5908,2324570.0
5909,2324664.0
5910,2324911.0
5911,2325239.0
5912,2325270.0
5913,2325275.0
5914,2325373.0
5915,2325844.0
5916,2326201.0
5917,2326220.0
5918,2326350.0
5919,2327969.0
5920,2328045.0
5921,2328074.0
5922,2328107.0
5923,2328230.0
5924,2328470.0
5925,2330080.0
5926,2330309.0
5927,2330474.0
5928,2330640.0
5929,2331119.0
5930,2331864.0
5931,2331936.0
5932,2332468.0
5933,2332527.0
5934,2332574.0
5935,2332892.0
5936,2332953.0
5937,2333203.0
5938,2333663.0
5939,2333838.0
5940,2334027.0
5941,2334316.0
5942,2334861.0
5943,2334904.0
5944,2335404.0
5945,2335732.0
5946,2335977.0
5947,2336116.0
5948,2336159.0
5949,2337232.0
5950,2338355.0
5951,2338795.0
5952,2338934.0
5953,2338947.0
5954,2339195.0
5955,2339236.0
5956,2339275.0
5957,2339653.0
5958,2339799.0
5959,2340120.0
5960,2341647.0
5961,2342019.0
5962,2342508.0
5963,2343498.0
5964,2344246.0
5965,2344667.0
5966,2344864.0
5967,2345140.0
5968,2345176.0
5969,2345730.0
5970,2347086.0
5971,2347213.0
5972,2348273.0
5973,2348874.0
5974,2349004.0
5975,2349078.0
5976,2349807.0
5977,2350447.0
5978,2351817.0
5979,2352290.0
5980,2352520.0
5981,2353542.0
5982,2354008.0
5983,2354973.0
5984,2356453.0
5985,2356763.0
5986,2356934.0
5987,2357245.0
5988,2357396.0
5989,2357406.0
5990,2357610.0
5991,2358205.0
5992,2358700.0
5993,2358756.0
5994,2358879.0
5995,2359686.0
5996,2360118.0
5997,2360914.0
5998,2361262.0
5999,2361502.0
6000,2361634.0
6001,2362339.0
6002,2362734.0
6003,2363143.0
6004,2363151.0
6005,2363171.0
6006,2363318.0
6007,2363343.0
6008,2363487.0
6009,2364527.0
6010,2365647.0
6011,2367399.0
6012,2367943.0
6013,2369658.0
6014,2371240.0
6015,2371424.0
6016,2371587.0
6017,2371686.0
6018,2372310.0
6019,2372323.0
6020,2372354.0
6021,2372598.0
6022,2372736.0
6023,2373321.0
6024,2373436.0
6025,2374662.0
6026,2375594.0
6027,2375623.0
6028,2375689.0
6029,2375984.0
6030,2376092.0
6031,2376240.0
6032,2376920.0
6033,2377150.0
6034,2378994.0
6035,2379715.0
6036,2379904.0
6037,2380051.0
6038,2380112.0
6039,2382051.0
6040,2382547.0
6041,2382805.0
6042,2383388.0
6043,2383402.0
6044,2383440.0
6045,2383870.0
6046,2383938.0
6047,2384475.0
6048,2384716.0
6049,2385108.0
6050,2385577.0
6051,2385859.0
6052,2386141.0
6053,2386685.0
6054,2386819.0
6055,2387003.0
6056,2387409.0
6057,2387767.0
6058,2388159.0
6059,2388549.0
6060,2389213.0
6061,2389217.0
6062,2389258.0
6063,2389730.0
6064,2389827.0
6065,2389909.0
6066,2390495.0
6067,2390571.0
6068,2390618.0
6069,2391204.0
6070,2391331.0
6071,2392361.0
6072,2393058.0
6073,2393130.0
6074,2394867.0
6075,2395239.0
6076,2395249.0
6077,2395511.0
6078,2395666.0
6079,2396003.0
6080,2396168.0
6081,2396547.0
6082,2397537.0
6083,2397678.0
6084,2397772.0
6085,2397995.0
6086,2399449.0
6087,2400026.0
6088,2400321.0
6089,2400767.0
6090,2401108.0
6091,2401549.0
6092,2402094.0
6093,2402284.0
6094,2402594.0
6095,2402741.0
6096,2403087.0
6097,2403159.0
6098,2403581.0
6099,2404238.0
6100,2404689.0
6101,2404933.0
6102,2405037.0
6103,2405202.0
6104,2405304.0
6105,2405715.0
6106,2406394.0
6107,2406994.0
6108,2407703.0
6109,2407938.0
6110,2407969.0
6111,2408206.0
6112,2408430.0
6113,2408514.0
6114,2409012.0
6115,2409515.0
6116,2409994.0
6117,2410141.0
6118,2410340.0
6119,2410369.0
6120,2410835.0
6121,2410925.0
6122,2411016.0
6123,2411204.0
6124,2411354.0
6125,2411650.0
6126,2411894.0
6127,2412026.0
6128,2413448.0
6129,2415068.0
6130,2415210.0
6131,2415659.0
6132,2415860.0
6133,2416565.0
6134,2417897.0
6135,2418109.0
6136,2418701.0
6137,2419435.0
6138,2419471.0
6139,2420342.0
6140,2421536.0
6141,2421678.0
6142,2421846.0
6143,2422312.0
6144,2422687.0
6145,2422774.0
6146,2422795.0
6147,2422986.0
6148,2423446.0
6149,2424417.0
6150,2424635.0
6151,2424760.0
6152,2424813.0
6153,2424921.0
6154,2425146.0
6155,2425410.0
6156,2425534.0
6157,2425699.0
6158,2425867.0
6159,2426193.0
6160,2427571.0
6161,2428555.0
6162,2428939.0
6163,2429087.0
6164,2429479.0
6165,2429546.0
6166,2429716.0
6167,2429961.0
6168,2430480.0
6169,2430824.0
6170,2432207.0
6171,2433379.0
6172,2433768.0
6173,2433841.0
6174,2433955.0
6175,2434504.0
6176,2434755.0
6177,2434815.0
6178,2435853.0
6179,2436256.0
6180,2436674.0
6181,2436759.0
6182,2437042.0
6183,2437576.0
6184,2438447.0
6185,2438559.0
6186,2438747.0
6187,2438939.0
6188,2442013.0
6189,2442307.0
6190,2442366.0
6191,2443190.0
6192,2443745.0
6193,2444006.0
6194,2444380.0
6195,2444704.0
6196,2445442.0
6197,2445717.0
6198,2446674.0
6199,2446744.0
6200,2446840.0
6201,2447022.0
6202,2447395.0
6203,2447459.0
6204,2447773.0
6205,2447792.0
6206,2448297.0
6207,2449290.0
6208,2449367.0
6209,2449452.0
6210,2449464.0
6211,2449681.0
6212,2449735.0
6213,2449912.0
6214,2450144.0
6215,2450200.0
6216,2450204.0
6217,2450230.0
6218,2453176.0
6219,2453518.0
6220,2453571.0
6221,2453657.0
6222,2453781.0
6223,2453800.0
6224,2453837.0
6225,2454019.0
6226,2454050.0
6227,2454125.0
6228,2454817.0
6229,2454871.0
6230,2454887.0
6231,2455235.0
6232,2455347.0
6233,2455648.0
6234,2455699.0
6235,2455795.0
6236,2455844.0
6237,2456014.0
6238,2456081.0
6239,2456317.0
6240,2456487.0
6241,2456614.0
6242,2456745.0
6243,2456861.0
6244,2456878.0
6245,2457033.0
6246,2457052.0
6247,2457215.0
6248,2457439.0
6249,2457650.0
6250,2458555.0
6251,2459861.0
6252,2460257.0
6253,2460711.0
6254,2460947.0
6255,2461105.0
6256,2461147.0
6257,2461350.0
6258,2461424.0
6259,2461901.0
6260,2462353.0
6261,2462414.0
6262,2463004.0
6263,2463355.0
6264,2463642.0
6265,2463932.0
6266,2464005.0
6267,2466035.0
6268,2466137.0
6269,2466881.0
6270,2466932.0
6271,2467058.0
6272,2467163.0
6273,2467177.0
6274,2467338.0
6275,2467778.0
6276,2468630.0
6277,2468765.0
6278,2469093.0
6279,2469147.0
6280,2469463.0
6281,2469466.0
6282,2469577.0
6283,2469871.0
6284,2469999.0
6285,2470440.0
6286,2470570.0
6287,2470695.0
6288,2470873.0
6289,2471516.0
6290,2471931.0
6291,2472140.0
6292,2472439.0
6293,2472713.0
6294,2472734.0
6295,2472781.0
6296,2474479.0
6297,2474530.0
6298,2474678.0
6299,2474804.0
6300,2474889.0
6301,2474966.0
6302,2475360.0
6303,2475401.0
6304,2475762.0
6305,2475938.0
6306,2475960.0
6307,2476152.0
6308,2476468.0
6309,2476490.0
6310,2477510.0
6311,2477990.0
6312,2478691.0
6313,2479322.0
6314,2479483.0
6315,2480058.0
6316,2480232.0
6317,2480440.0
6318,2480583.0
6319,2481952.0
6320,2482665.0
6321,2482770.0
6322,2483101.0
6323,2483158.0
6324,2484236.0
6325,2484972.0
6326,2485473.0
6327,2485762.0
6328,2486953.0
6329,2487247.0
6330,2487480.0
6331,2487607.0
6332,2488418.0
6333,2488550.0
6334,2488686.0
6335,2488887.0
6336,2489097.0
6337,2489368.0
6338,2489470.0
6339,2490555.0
6340,2490647.0
6341,2491293.0
6342,2491401.0
6343,2491913.0
6344,2493408.0
6345,2494428.0
6346,2495308.0
6347,2496204.0
6348,2496495.0
6349,2496983.0
6350,2497648.0
6351,2497984.0
6352,2498945.0
6353,2499074.0
6354,2499243.0
6355,2500429.0
6356,2501228.0
6357,2501292.0
6358,2502309.0
6359,2502633.0
6360,2503360.0
6361,2503432.0
6362,2503471.0
6363,2503715.0
6364,2504155.0
6365,2505012.0
6366,2505323.0
6367,2506032.0
6368,2507507.0
6369,2507681.0
6370,2507713.0
6371,2507958.0
6372,2508857.0
6373,2508909.0
6374,2509558.0
6375,2509627.0
6376,2510393.0
6377,2510742.0
6378,2510773.0
6379,2511118.0
6380,2511847.0
6381,2511945.0
6382,2512607.0
6383,2512928.0
6384,2513274.0
6385,2513774.0
6386,2513948.0
6387,2514340.0
6388,2514635.0
6389,2514858.0
6390,2515409.0
6391,2516469.0
6392,2517189.0
6393,2517318.0
6394,2517610.0
6395,2518573.0
6396,2518773.0
6397,2518811.0
6398,2519147.0
6399,2519847.0
6400,2519882.0
6401,2520014.0
6402,2520272.0
6403,2520518.0
6404,2520540.0
6405,2520882.0
6406,2521248.0
6407,2521320.0
6408,2521921.0
6409,2521926.0
6410,2522758.0
6411,2522870.0
6412,2523017.0
6413,2523981.0
6414,2524539.0
6415,2524695.0
6416,2525104.0
6417,2525510.0
6418,2525618.0
6419,2525875.0
6420,2526140.0
6421,2526149.0
6422,2526187.0
6423,2526315.0
6424,2526467.0
6425,2526592.0
6426,2526833.0
6427,2528105.0
6428,2529199.0
6429,2531515.0
6430,2532526.0
6431,2532669.0
6432,2532889.0
6433,2533254.0
6434,2534667.0
6435,2534814.0
6436,2534968.0
6437,2535041.0
6438,2535199.0
6439,2535653.0
6440,2535797.0
6441,2535799.0
6442,2535899.0
6443,2536275.0
6444,2536305.0
6445,2537947.0
6446,2538505.0
6447,2539315.0
6448,2539942.0
6449,2540455.0
6450,2540673.0
6451,2540999.0
6452,2541277.0
6453,2541651.0
6454,2541722.0
6455,2542142.0
6456,2542707.0
6457,2543112.0
6458,2543357.0
6459,2543488.0
6460,2544846.0
6461,2545115.0
6462,2545142.0
6463,2545261.0
6464,2545719.0
6465,2545895.0
6466,2546582.0
6467,2546617.0
6468,2547355.0
6469,2547515.0
6470,2547606.0
6471,2547631.0
6472,2549460.0
6473,2549733.0
6474,2550464.0
6475,2550649.0
6476,2551101.0
6477,2551606.0
6478,2551889.0
6479,2552228.0
6480,2552267.0
6481,2552446.0
6482,2552548.0
6483,2552721.0
6484,2552744.0
6485,2553036.0
6486,2553166.0
6487,2554581.0
6488,2554750.0
6489,2554847.0
6490,2555084.0
6491,2555365.0
6492,2556475.0
6493,2557038.0
6494,2557123.0
6495,2558158.0
6496,2558273.0
6497,2558491.0
6498,2558507.0
6499,2558580.0
6500,2558831.0
6501,2559272.0
6502,2559402.0
6503,2560236.0
6504,2560510.0
6505,2561696.0
6506,2562203.0
6507,2562466.0
6508,2562471.0
6509,2562482.0
6510,2563068.0
6511,2564354.0
6512,2565049.0
6513,2565916.0
6514,2566419.0
6515,2566916.0
6516,2567423.0
6517,2567531.0
6518,2568297.0
6519,2568768.0
6520,2568829.0
6521,2569007.0
6522,2569133.0
6523,2569140.0
6524,2569260.0
6525,2569581.0
6526,2569632.0
6527,2570061.0
6528,2570126.0
6529,2570161.0
6530,2570201.0
6531,2570601.0
6532,2570648.0
6533,2570731.0
6534,2572178.0
6535,2572221.0
6536,2572885.0
6537,2572989.0
6538,2573240.0
6539,2573516.0
6540,2573944.0
6541,2574060.0
6542,2574620.0
6543,2574851.0
6544,2575700.0
6545,2575809.0
6546,2575948.0
6547,2576076.0
6548,2576096.0
6549,2576522.0
6550,2576615.0
6551,2576982.0
6552,2577938.0
6553,2578727.0
6554,2578896.0
6555,2579011.0
6556,2579401.0
6557,2580107.0
6558,2580352.0
6559,2580406.0
6560,2580889.0
6561,2582246.0
6562,2582308.0
6563,2582612.0
6564,2583201.0
6565,2583430.0
6566,2583690.0
6567,2584008.0
6568,2584096.0
6569,2584459.0
6570,2585255.0
6571,2585999.0
6572,2586538.0
6573,2586998.0
6574,2587432.0
6575,2587497.0
6576,2588719.0
6577,2588830.0
6578,2589144.0
6579,2589366.0
6580,2590133.0
6581,2590940.0
6582,2592106.0
6583,2593007.0
6584,2593775.0
6585,2593778.0
6586,2595870.0
6587,2596890.0
6588,2597411.0
6589,2597649.0
6590,2598154.0
6591,2598366.0
6592,2599016.0
6593,2600799.0
6594,2601920.0
6595,2602001.0
6596,2602158.0
6597,2603490.0
6598,2603623.0
6599,2604221.0
6600,2604590.0
6601,2604668.0
6602,2604704.0
6603,2605445.0
6604,2605814.0
6605,2605910.0
6606,2606484.0
6607,2606571.0
6608,2606986.0
6609,2607692.0
6610,2607993.0
6611,2608812.0
6612,2609355.0
6613,2609512.0
6614,2609565.0
6615,2609584.0
6616,2610094.0
6617,2610179.0
6618,2611079.0
6619,2612144.0
6620,2612211.0
6621,2612283.0
6622,2612594.0
6623,2612813.0
6624,2612906.0
6625,2613125.0
6626,2613170.0
6627,2613565.0
6628,2614023.0
6629,2615013.0
6630,2615110.0
6631,2615942.0
6632,2616819.0
6633,2617222.0
6634,2617239.0
6635,2617331.0
6636,2617891.0
6637,2618199.0
6638,2618426.0
6639,2618962.0
6640,2619394.0
6641,2619482.0
6642,2619595.0
6643,2619895.0
6644,2620227.0
6645,2620810.0
6646,2621208.0
6647,2621302.0
6648,2621634.0
6649,2621673.0
6650,2621830.0
6651,2622639.0
6652,2622816.0
6653,2622817.0
6654,2623318.0
6655,2623412.0
6656,2623522.0
6657,2623757.0
6658,2623869.0
6659,2623911.0
6660,2624119.0
6661,2624150.0
6662,2624303.0
6663,2624629.0
6664,2624815.0
6665,2624821.0
6666,2625022.0
6667,2625168.0
6668,2625415.0
6669,2625499.0
6670,2625816.0
6671,2625919.0
6672,2626125.0
6673,2626242.0
6674,2626420.0
6675,2626545.0
6676,2627169.0
6677,2627368.0
6678,2628012.0
6679,2628052.0
6680,2628400.0
6681,2629029.0
6682,2629307.0
6683,2629974.0
6684,2630121.0
6685,2630166.0
6686,2630353.0
6687,2630411.0
6688,2630483.0
6689,2632751.0
6690,2632761.0
6691,2633053.0
6692,2633157.0
6693,2633590.0
6694,2633611.0
6695,2633736.0
6696,2633756.0
6697,2634025.0
6698,2634032.0
6699,2634076.0
6700,2634157.0
6701,2634228.0
6702,2634789.0
6703,2634971.0
6704,2635098.0
6705,2635107.0
6706,2636683.0
6707,2636875.0
6708,2636889.0
6709,2637543.0
6710,2638028.0
6711,2638486.0
6712,2639636.0
6713,2639701.0
6714,2640821.0
6715,2640888.0
6716,2641029.0
6717,2641224.0
6718,2641346.0
6719,2641944.0
6720,2642037.0
6721,2642484.0
6722,2643422.0
6723,2643504.0
6724,2646802.0
6725,2646953.0
6726,2647226.0
6727,2647248.0
6728,2647481.0
6729,2648880.0
6730,2648918.0
6731,2649629.0
6732,2649730.0
6733,2650300.0
6734,2650363.0
6735,2651883.0
6736,2652919.0
6737,2653930.0
6738,2654311.0
6739,2654916.0
6740,2654943.0
6741,2655045.0
6742,2655366.0
6743,2656746.0
6744,2657907.0
6745,2658251.0
6746,2659456.0
6747,2659585.0
6748,2660052.0
6749,2660599.0
6750,2661803.0
6751,2662941.0
6752,2663678.0
6753,2664364.0
6754,2665040.0
6755,2665755.0
6756,2666045.0
6757,2666063.0
6758,2666424.0
6759,2667250.0
6760,2667667.0
6761,2668121.0
6762,2668411.0
6763,2668812.0
6764,2668847.0
6765,2668854.0
6766,2669002.0
6767,2669033.0
6768,2669092.0
6769,2669700.0
6770,2670664.0
6771,2671029.0
6772,2671416.0
6773,2671655.0
6774,2672186.0
6775,2673071.0
6776,2673844.0
6777,2674427.0
6778,2674993.0
6779,2675230.0
6780,2675685.0
6781,2676008.0
6782,2676062.0
6783,2676163.0
6784,2676478.0
6785,2676773.0
6786,2677128.0
6787,2677929.0
6788,2678049.0
6789,2678050.0
6790,2678472.0
6791,2678602.0
6792,2678708.0
6793,2678910.0
6794,2679512.0
6795,2679666.0
6796,2679691.0
6797,2679711.0
6798,2679859.0
6799,2680432.0
6800,2680892.0
6801,2680922.0
6802,2680923.0
6803,2681122.0
6804,2681547.0
6805,2682296.0
6806,2682660.0
6807,2682735.0
6808,2683410.0
6809,2684198.0
6810,2684327.0
6811,2684398.0
6812,2684533.0
6813,2684673.0
6814,2685124.0
6815,2685647.0
6816,2685664.0
6817,2685972.0
6818,2686100.0
6819,2686267.0
6820,2686549.0
6821,2686681.0
6822,2686833.0
6823,2687218.0
6824,2687374.0
6825,2688221.0
6826,2688307.0
6827,2688372.0
6828,2688786.0
6829,2688808.0
6830,2689032.0
6831,2689113.0
6832,2689158.0
6833,2689211.0
6834,2689773.0
6835,2690396.0
6836,2690908.0
6837,2690967.0
6838,2691020.0
6839,2691490.0
6840,2691857.0
6841,2692424.0
6842,2692642.0
6843,2692931.0
6844,2693683.0
6845,2694014.0
6846,2694135.0
6847,2694792.0
6848,2694879.0
6849,2695483.0
6850,2695598.0
6851,2695715.0
6852,2695731.0
6853,2696093.0
6854,2696829.0
6855,2697017.0
6856,2697270.0
6857,2697570.0
6858,2698633.0
6859,2699368.0
6860,2699740.0
6861,2699875.0
6862,2699892.0
6863,2699911.0
6864,2700655.0
6865,2701338.0
6866,2702354.0
6867,2704186.0
6868,2705394.0
6869,2705542.0
6870,2705836.0
6871,2705986.0
6872,2706202.0
6873,2706809.0
6874,2707099.0
6875,2709440.0
6876,2709766.0
6877,2709791.0
6878,2709834.0
6879,2709986.0
6880,2711011.0
6881,2711016.0
6882,2711314.0
6883,2712140.0
6884,2712185.0
6885,2713105.0
6886,2713291.0
6887,2713564.0
6888,2713761.0
6889,2713862.0
6890,2714145.0
6891,2714510.0
6892,2715726.0
6893,2715747.0
6894,2716760.0
6895,2717247.0
6896,2717561.0
6897,2717743.0
6898,2718503.0
6899,2719195.0
6900,2719383.0
6901,2719465.0
6902,2719754.0
6903,2722103.0
6904,2722131.0
6905,2723177.0
6906,2723955.0
6907,2724002.0
6908,2724759.0
6909,2725211.0
6910,2725499.0
6911,2725518.0
6912,2727604.0
6913,2728169.0
6914,2728945.0
6915,2729414.0
6916,2729779.0
6917,2730055.0
6918,2730269.0
6919,2730296.0
6920,2730992.0
6921,2731290.0
6922,2731497.0
6923,2731875.0
6924,2732178.0
6925,2732501.0
6926,2733706.0
6927,2733778.0
6928,2734285.0
6929,2734571.0
6930,2735289.0
6931,2735908.0
6932,2736658.0
6933,2736875.0
6934,2737514.0
6935,2737611.0
6936,2737710.0
6937,2737879.0
6938,2737924.0
6939,2738052.0
6940,2739346.0
6941,2739841.0
6942,2739850.0
6943,2740509.0
6944,2740841.0
6945,2741060.0
6946,2741232.0
6947,2741646.0
6948,2742314.0
6949,2742351.0
6950,2742590.0
6951,2742772.0
6952,2742926.0
6953,2743214.0
6954,2744261.0
6955,2744282.0
6956,2744419.0
6957,2744513.0
6958,2745245.0
6959,2746107.0
6960,2746292.0
6961,2746677.0
6962,2746903.0
6963,2746978.0
6964,2746983.0
6965,2747027.0
6966,2747458.0
6967,2747717.0
6968,2748077.0
6969,2748330.0
6970,2748804.0
6971,2749487.0
6972,2749536.0
6973,2749575.0
6974,2749584.0
6975,2749690.0
6976,2749772.0
6977,2750285.0
6978,2750728.0
6979,2751733.0
6980,2751949.0
6981,2752545.0
6982,2752710.0
6983,2755022.0
6984,2755282.0
6985,2755958.0
6986,2755982.0
6987,2756502.0
6988,2756607.0
6989,2757291.0
6990,2757922.0
6991,2758043.0
6992,2758166.0
6993,2758507.0
6994,2758780.0
6995,2759384.0
6996,2759739.0
6997,2759815.0
6998,2760668.0
6999,2761134.0
7000,2761256.0
7001,2761312.0
7002,2762110.0
7003,2762236.0
7004,2762255.0
7005,2762637.0
7006,2763150.0
7007,2763462.0
7008,2763707.0
7009,2764121.0
7010,2764140.0
7011,2764208.0
7012,2764541.0
7013,2765413.0
7014,2766276.0
7015,2766617.0
7016,2767111.0
7017,2767132.0
7018,2767283.0
7019,2767528.0
7020,2767901.0
7021,2769401.0
7022,2769426.0
7023,2769665.0
7024,2770022.0
7025,2771155.0
7026,2771292.0
7027,2771362.0
7028,2771381.0
7029,2771786.0
7030,2772680.0
7031,2773292.0
7032,2773327.0
7033,2773552.0
7034,2773847.0
7035,2773911.0
7036,2774231.0
7037,2774673.0
7038,2774738.0
7039,2775025.0
7040,2775044.0
7041,2775414.0
7042,2776198.0
7043,2776391.0
7044,2776854.0
7045,2777013.0
7046,2777380.0
7047,2777416.0
7048,2777755.0
7049,2777870.0
7050,2777984.0
7051,2778521.0
7052,2778588.0
7053,2779352.0
7054,2780974.0
7055,2781453.0
7056,2781585.0
7057,2781610.0
7058,2782289.0
7059,2782561.0
7060,2782634.0
7061,2782764.0
7062,2783012.0
7063,2783442.0
7064,2784298.0
7065,2784542.0
7066,2785635.0
7067,2785941.0
7068,2786076.0
7069,2786427.0
7070,2786857.0
7071,2786942.0
7072,2787461.0
7073,2787776.0
7074,2787844.0
7075,2788077.0
7076,2788485.0
7077,2788820.0
7078,2789918.0
7079,2790135.0
7080,2790273.0
7081,2790645.0
7082,2790828.0
7083,2791195.0
7084,2791969.0
7085,2792338.0
7086,2793855.0
7087,2793935.0
7088,2795125.0
7089,2795981.0
7090,2796268.0
7091,2797749.0
7092,2797836.0
7093,2798415.0
7094,2798915.0
7095,2799416.0
7096,2799423.0
7097,2799439.0
7098,2799882.0
7099,2800844.0
7100,2801011.0
7101,2801153.0
7102,2801355.0
7103,2802917.0
7104,2803032.0
7105,2803675.0
7106,2804080.0
7107,2804111.0
7108,2804394.0
7109,2806059.0
7110,2806974.0
7111,2807302.0
7112,2808179.0
7113,2808809.0
7114,2809302.0
7115,2810472.0
7116,2811129.0
7117,2812035.0
7118,2813025.0
7119,2813848.0
7120,2815284.0
7121,2815566.0
7122,2815813.0
7123,2816732.0
7124,2816776.0
7125,2817287.0
7126,2817918.0
7127,2817986.0
7128,2818811.0
7129,2818845.0
7130,2819214.0
7131,2819246.0
7132,2819987.0
7133,2820195.0
7134,2820358.0
7135,2820538.0
7136,2820610.0
7137,2821335.0
7138,2821445.0
7139,2821465.0
7140,2821795.0
7141,2821930.0
7142,2823802.0
7143,2824637.0
7144,2824909.0
7145,2825146.0
7146,2825330.0
7147,2825553.0
7148,2825669.0
7149,2825726.0
7150,2825729.0
7151,2825947.0
7152,2826171.0
7153,2826990.0
7154,2827722.0
7155,2829356.0
7156,2829727.0
7157,2829831.0
7158,2831286.0
7159,2831770.0
7160,2832191.0
7161,2832627.0
7162,2833130.0
7163,2833419.0
7164,2834328.0
7165,2834653.0
7166,2834797.0
7167,2836488.0
7168,2837631.0
7169,2838076.0
7170,2839125.0
7171,2839147.0
7172,2839481.0
7173,2839593.0
7174,2840215.0
7175,2840943.0
7176,2841615.0
7177,2841853.0
7178,2841946.0
7179,2842654.0
7180,2843458.0
7181,2843877.0
7182,2844567.0
7183,2845664.0
7184,2845769.0
7185,2845774.0
7186,2846068.0
7187,2846189.0
7188,2846242.0
7189,2846437.0
7190,2847289.0
7191,2847883.0
7192,2847909.0
7193,2847929.0
7194,2848042.0
7195,2848565.0
7196,2848668.0
7197,2848722.0
7198,2848759.0
7199,2848875.0
7200,2848890.0
7201,2848962.0
7202,2848992.0
7203,2849238.0
7204,2849572.0
7205,2850070.0
7206,2850321.0
7207,2850464.0
7208,2851140.0
7209,2851172.0
7210,2851299.0
7211,2851720.0
7212,2851776.0
7213,2852645.0
7214,2852993.0
7215,2853206.0
7216,2853467.0
7217,2853484.0
7218,2853974.0
7219,2853996.0
7220,2854255.0
7221,2854342.0
7222,2854401.0
7223,2856045.0
7224,2856427.0
7225,2857258.0
7226,2857274.0
7227,2857719.0
7228,2857819.0
7229,2858616.0
7230,2859018.0
7231,2859613.0
7232,2859618.0
7233,2859762.0
7234,2860600.0
7235,2860736.0
7236,2860969.0
7237,2861011.0
7238,2861061.0
7239,2862404.0
7240,2862638.0
7241,2862648.0
7242,2863471.0
7243,2864177.0
7244,2864751.0
7245,2864846.0
7246,2865891.0
7247,2866158.0
7248,2866406.0
7249,2867100.0
7250,2867731.0
7251,2867947.0
7252,2868338.0
7253,2868357.0
7254,2868370.0
7255,2869582.0
7256,2869910.0
7257,2869941.0
7258,2870314.0
7259,2870725.0
7260,2871027.0
7261,2871296.0
7262,2871520.0
7263,2871874.0
7264,2871979.0
7265,2872094.0
7266,2872262.0
7267,2872862.0
7268,2872978.0
7269,2873096.0
7270,2873960.0
7271,2874918.0
7272,2875677.0
7273,2876037.0
7274,2876349.0
7275,2876354.0
7276,2876402.0
7277,2876643.0
7278,2877304.0
7279,2878245.0
7280,2878370.0
7281,2879721.0
7282,2879941.0
7283,2880764.0
7284,2880980.0
7285,2882298.0
7286,2882376.0
7287,2883218.0
7288,2884031.0
7289,2884071.0
7290,2884283.0
7291,2884499.0
7292,2884507.0
7293,2885244.0
7294,2885475.0
7295,2886546.0
7296,2886623.0
7297,2886729.0
7298,2886872.0
7299,2887321.0
7300,2887648.0
7301,2887848.0
7302,2888515.0
7303,2888751.0
7304,2890888.0
7305,2891342.0
7306,2891522.0
7307,2891958.0
7308,2892041.0
7309,2892314.0
7310,2892472.0
7311,2892531.0
7312,2893933.0
7313,2894353.0
7314,2894392.0
7315,2894492.0
7316,2894614.0
7317,2894989.0
7318,2895034.0
7319,2895625.0
7320,2895747.0
7321,2895950.0
7322,2896461.0
7323,2896835.0
7324,2896898.0
7325,2897277.0
7326,2897358.0
7327,2897813.0
7328,2897912.0
7329,2898071.0
7330,2898165.0
7331,2898269.0
7332,2898639.0
7333,2899756.0
7334,2899943.0
7335,2900015.0
7336,2900027.0
7337,2900568.0
7338,2901275.0
7339,2901441.0
7340,2901501.0
7341,2901694.0
7342,2901985.0
7343,2902126.0
7344,2902376.0
7345,2902537.0
7346,2902746.0
7347,2902764.0
7348,2903901.0
7349,2903920.0
7350,2903959.0
7351,2905332.0
7352,2905710.0
7353,2905848.0
7354,2905893.0
7355,2906247.0
7356,2906267.0
7357,2906352.0
7358,2906643.0
7359,2907091.0
7360,2907163.0
7361,2907184.0
7362,2907363.0
7363,2907386.0
7364,2907724.0
7365,2907977.0
7366,2908514.0
7367,2908926.0
7368,2909072.0
7369,2909285.0
7370,2909895.0
7371,2910442.0
7372,2911143.0
7373,2911926.0
7374,2912642.0
7375,2912943.0
7376,2913117.0
7377,2915791.0
7378,2916518.0
7379,2916624.0
7380,2916685.0
7381,2916757.0
7382,2917306.0
7383,2918252.0
7384,2918676.0
7385,2919044.0
7386,2919245.0
7387,2920161.0
7388,2920321.0
7389,2920674.0
7390,2920854.0
7391,2921083.0
7392,2921970.0
7393,2922553.0
7394,2922571.0
7395,2923015.0
7396,2923548.0
7397,2923637.0
7398,2923661.0
7399,2924182.0
7400,2924272.0
7401,2924550.0
7402,2924589.0
7403,2926320.0
7404,2926684.0
7405,2928198.0
7406,2928596.0
7407,2928747.0
7408,2929674.0
7409,2930940.0
7410,2930968.0
7411,2932542.0
7412,2932796.0
7413,2932987.0
7414,2933210.0
7415,2933278.0
7416,2933550.0
7417,2933996.0
7418,2934765.0
7419,2934874.0
7420,2935028.0
7421,2936046.0
7422,2936876.0
7423,2937534.0
7424,2937631.0
7425,2938088.0
7426,2938243.0
7427,2938862.0
7428,2939259.0
7429,2940107.0
7430,2940253.0
7431,2940770.0
7432,2940820.0
7433,2940892.0
7434,2941290.0
7435,2941445.0
7436,2942752.0
7437,2943075.0
7438,2943982.0
7439,2944042.0
7440,2944076.0
7441,2944987.0
7442,2945001.0
7443,2945591.0
7444,2946188.0
7445,2946542.0
7446,2946713.0
7447,2946726.0
7448,2947376.0
7449,2947633.0
7450,2947851.0
7451,2947980.0
7452,2948095.0
7453,2949047.0
7454,2949064.0
7455,2949096.0
7456,2949269.0
7457,2949684.0
7458,2949727.0
7459,2949797.0
7460,2950288.0
7461,2950926.0
7462,2951084.0
7463,2951366.0
7464,2951458.0
7465,2951574.0
7466,2953401.0
7467,2954511.0
7468,2954946.0
7469,2955045.0
7470,2955394.0
7471,2955402.0
7472,2955747.0
7473,2956301.0
7474,2956406.0
7475,2957126.0
7476,2957212.0
7477,2957992.0
7478,2958078.0
7479,2958172.0
7480,2958232.0
7481,2958267.0
7482,2958641.0
7483,2958672.0
7484,2959422.0
7485,2960401.0
7486,2960699.0
7487,2960842.0
7488,2960885.0
7489,2961253.0
7490,2961270.0
7491,2961695.0
7492,2961802.0
7493,2962904.0
7494,2963065.0
7495,2963319.0
7496,2964021.0
7497,2964202.0
7498,2964734.0
7499,2965034.0
7500,2965531.0
7501,2967034.0
7502,2967353.0
7503,2967763.0
7504,2968043.0
7505,2968829.0
7506,2969255.0
7507,2969267.0
7508,2969711.0
7509,2969834.0
7510,2969930.0
7511,2970626.0
7512,2971141.0
7513,2971476.0
7514,2972468.0
7515,2972752.0
7516,2972897.0
7517,2973098.0
7518,2973563.0
7519,2973871.0
7520,2973934.0
7521,2974343.0
7522,2975408.0
7523,2975920.0
7524,2976392.0
7525,2977309.0
7526,2977395.0
7527,2977765.0
7528,2977847.0
7529,2978084.0
7530,2978595.0
7531,2979009.0
7532,2979219.0
7533,2979478.0
7534,2979789.0
7535,2980041.0
7536,2981113.0
7537,2981416.0
7538,2982133.0
7539,2982413.0
7540,2982637.0
7541,2982687.0
7542,2982994.0
7543,2983034.0
7544,2983339.0
7545,2983500.0
7546,2983657.0
7547,2983707.0
7548,2983900.0
7549,2984086.0
7550,2984528.0
7551,2984557.0
7552,2984808.0
7553,2985122.0
7554,2985574.0
7555,2986809.0
7556,2987116.0
7557,2987145.0
7558,2987238.0
7559,2988618.0
7560,2988826.0
7561,2989574.0
7562,2990019.0
7563,2990411.0
7564,2991118.0
7565,2991603.0
7566,2992412.0
7567,2992650.0
7568,2992683.0
7569,2992770.0
7570,2993203.0
7571,2993454.0
7572,2993641.0
7573,2994632.0
7574,2994778.0
7575,2995342.0
7576,2995683.0
7577,2996766.0
7578,2998031.0
7579,2998285.0
7580,2998327.0
7581,2998518.0
7582,2998787.0
7583,2999033.0
7584,2999361.0
7585,2999842.0
7586,2999999.0
7587,3000329.0
7588,3000759.0
7589,3000819.0
7590,3001050.0
7591,3001262.0
7592,3002199.0
7593,3002386.0
7594,3002403.0
7595,3002441.0
7596,3002479.0
7597,3003212.0
7598,3004764.0
7599,3004918.0
7600,3005746.0
7601,3005893.0
7602,3005919.0
7603,3006063.0
7604,3006271.0
7605,3006393.0
7606,3006424.0
7607,3007003.0
7608,3007726.0
7609,3007775.0
7610,3007884.0
7611,3008400.0
7612,3008427.0
7613,3009078.0
7614,3009220.0
7615,3009401.0
7616,3010149.0
7617,3010588.0
7618,3010858.0
7619,3012418.0
7620,3012618.0
7621,3013026.0
7622,3014413.0
7623,3014558.0
7624,3014766.0
7625,3015182.0
7626,3015208.0
7627,3015536.0
7628,3015638.0
7629,3015953.0
7630,3017082.0
7631,3017102.0
7632,3017200.0
7633,3017747.0
7634,3017801.0
7635,3019384.0
7636,3020085.0
7637,3020741.0
7638,3020890.0
7639,3021108.0
7640,3021931.0
7641,3022319.0
7642,3022565.0
7643,3022590.0
7644,3022928.0
7645,3023023.0
7646,3023087.0
7647,3023164.0
7648,3023188.0
7649,3023624.0
7650,3024056.0
7651,3024812.0
7652,3025397.0
7653,3025549.0
7654,3025633.0
7655,3025676.0
7656,3025987.0
7657,3026101.0
7658,3026301.0
7659,3026619.0
7660,3027424.0
7661,3027569.0
7662,3028043.0
7663,3028044.0
7664,3028176.0
7665,3028743.0
7666,3028842.0
7667,3029104.0
7668,3029298.0
7669,3030202.0
7670,3030212.0
7671,3030525.0
7672,3030533.0
7673,3031125.0
7674,3033534.0
7675,3033589.0
7676,3033696.0
7677,3033728.0
7678,3034595.0
7679,3035105.0
7680,3035442.0
7681,3035685.0
7682,3035884.0
7683,3035935.0
7684,3036092.0
7685,3036111.0
7686,3036315.0
7687,3036737.0
7688,3036846.0
7689,3036888.0
7690,3037197.0
7691,3037584.0
7692,3037693.0
7693,3037977.0
7694,3038612.0
7695,3038687.0
7696,3038731.0
7697,3039625.0
7698,3039725.0
7699,3039842.0
7700,3040159.0
7701,3040273.0
7702,3040703.0
7703,3041135.0
7704,3042093.0
7705,3042625.0
7706,3042997.0
7707,3043383.0
7708,3043444.0
7709,3043535.0
7710,3044341.0
7711,3044383.0
7712,3044585.0
7713,3044661.0
7714,3044723.0
7715,3045037.0
7716,3046633.0
7717,3046777.0
7718,3047636.0
7719,3047843.0
7720,3048461.0
7721,3048622.0
7722,3048959.0
7723,3049009.0
7724,3049365.0
7725,3049828.0
7726,3049899.0
7727,3050739.0
7728,3051534.0
7729,3051646.0
7730,3051911.0
7731,3052601.0
7732,3053581.0
7733,3054175.0
7734,3054365.0
7735,3054406.0
7736,3054422.0
7737,3054861.0
7738,3054956.0
7739,3055080.0
7740,3055263.0
7741,3055330.0
7742,3055832.0
7743,3055999.0
7744,3056142.0
7745,3056688.0
7746,3056776.0
7747,3057119.0
7748,3057549.0
7749,3058924.0
7750,3059080.0
7751,3059245.0
7752,3059555.0
7753,3059940.0
7754,3060213.0
7755,3060618.0
7756,3061580.0
7757,3061770.0
7758,3061876.0
7759,3062192.0
7760,3062336.0
7761,3062437.0
7762,3062461.0
7763,3063887.0
7764,3064035.0
7765,3064124.0
7766,3064330.0
7767,3064749.0
7768,3065434.0
7769,3065656.0
7770,3065769.0
7771,3066433.0
7772,3066440.0
7773,3066656.0
7774,3066878.0
7775,3067568.0
7776,3068044.0
7777,3068310.0
7778,3068427.0
7779,3069753.0
7780,3069986.0
7781,3070200.0
7782,3070314.0
7783,3071202.0
7784,3072075.0
7785,3072102.0
7786,3072162.0
7787,3072781.0
7788,3072999.0
7789,3073433.0
7790,3073436.0
7791,3074897.0
7792,3075703.0
7793,3076818.0
7794,3077061.0
7795,3077353.0
7796,3079273.0
7797,3079535.0
7798,3079682.0
7799,3080122.0
7800,3080896.0
7801,3081391.0
7802,3082140.0
7803,3082291.0
7804,3082961.0
7805,3083447.0
7806,3083772.0
7807,3084210.0
7808,3084245.0
7809,3084373.0
7810,3084760.0
7811,3085400.0
7812,3085838.0
7813,3086021.0
7814,3086159.0
7815,3086899.0
7816,3087148.0
7817,3087554.0
7818,3087589.0
7819,3087780.0
7820,3087938.0
7821,3088098.0
7822,3088573.0
7823,3088766.0
7824,3089272.0
7825,3089624.0
7826,3089706.0
7827,3089840.0
7828,3090171.0
7829,3090835.0
7830,3091085.0
7831,3091205.0
7832,3091496.0
7833,3091987.0
7834,3092034.0
7835,3092484.0
7836,3092672.0
7837,3093334.0
7838,3093608.0
7839,3093636.0
7840,3093711.0
7841,3094451.0
7842,3094839.0
7843,3094936.0
7844,3095089.0
7845,3095478.0
7846,3095555.0
7847,3095871.0
7848,3096147.0
7849,3096468.0
7850,3097019.0
7851,3097454.0
7852,3097479.0
7853,3097872.0
7854,3098002.0
7855,3098105.0
7856,3098315.0
7857,3098590.0
7858,3098670.0
7859,3099030.0
7860,3099336.0
7861,3099871.0
7862,3100282.0
7863,3100672.0
7864,3100807.0
7865,3101344.0
7866,3101850.0
7867,3102096.0
7868,3102343.0
7869,3102422.0
7870,3104171.0
7871,3104203.0
7872,3104337.0
7873,3105405.0
7874,3105527.0
7875,3105722.0
7876,3106068.0
7877,3106120.0
7878,3106318.0
7879,3106508.0
7880,3107306.0
7881,3107686.0
7882,3108243.0
7883,3108596.0
7884,3109043.0
7885,3109610.0
7886,3109641.0
7887,3109904.0
7888,3109905.0
7889,3109965.0
7890,3110123.0
7891,3110311.0
7892,3110407.0
7893,3110706.0
7894,3110892.0
7895,3111271.0
7896,3111549.0
7897,3111597.0
7898,3111653.0
7899,3111834.0
7900,3112025.0
7901,3113273.0
7902,3113689.0
7903,3113810.0
7904,3113995.0
7905,3114190.0
7906,3114575.0
7907,3115614.0
7908,3115813.0
7909,3116402.0
7910,3117553.0
7911,3118028.0
7912,3118756.0
7913,3118838.0
7914,3118894.0
7915,3119332.0
7916,3119336.0
7917,3119344.0
7918,3119422.0
7919,3120429.0
7920,3120849.0
7921,3121248.0
7922,3121547.0
7923,3121613.0
7924,3121774.0
7925,3123425.0
7926,3123536.0
7927,3124160.0
7928,3124616.0
7929,3124880.0
7930,3125118.0
7931,3125480.0
7932,3125948.0
7933,3126005.0
7934,3126266.0
7935,3126712.0
7936,3127328.0
7937,3127617.0
7938,3127621.0
7939,3128329.0
7940,3128399.0
7941,3128530.0
7942,3129225.0
7943,3129907.0
7944,3130098.0
7945,3130240.0
7946,3130960.0
7947,3131481.0
7948,3132119.0
7949,3132269.0
7950,3132567.0
7951,3133197.0
7952,3133339.0
7953,3134310.0
7954,3134679.0
7955,3136668.0
7956,3136826.0
7957,3136958.0
7958,3138003.0
7959,3138829.0
7960,3138984.0
7961,3139288.0
7962,3140160.0
7963,3141306.0
7964,3141619.0
7965,3141648.0
7966,3141939.0
7967,3142001.0
7968,3142109.0
7969,3142414.0
7970,3142688.0
7971,3143528.0
7972,3143591.0
7973,3143802.0
7974,3143848.0
7975,3144817.0
7976,3144836.0
7977,3145130.0
7978,3145212.0
7979,3145320.0
7980,3145748.0
7981,3146318.0
7982,3147197.0
7983,3147559.0
7984,3147588.0
7985,3147658.0
7986,3148354.0
7987,3148919.0
7988,3149089.0
7989,3150190.0
7990,3150403.0
7991,3151609.0
7992,3152059.0
7993,3152175.0
7994,3152707.0
7995,3152767.0
7996,3153235.0
7997,3153521.0
7998,3155148.0
7999,3155771.0
8000,3155865.0
8001,3156083.0
8002,3156989.0
8003,3157728.0
8004,3158118.0
8005,3159006.0
8006,3159140.0
8007,3160762.0
8008,3161746.0
8009,3163769.0
8010,3163904.0
8011,3164451.0
8012,3165461.0
8013,3165478.0
8014,3166028.0
8015,3166036.0
8016,3166400.0
8017,3166409.0
8018,3166764.0
8019,3167112.0
8020,3167434.0
8021,3168013.0
8022,3168710.0
8023,3168797.0
8024,3169167.0
8025,3169291.0
8026,3169401.0
8027,3169550.0
8028,3169604.0
8029,3169907.0
8030,3169953.0
8031,3171880.0
8032,3173564.0
8033,3173874.0
8034,3174037.0
8035,3174145.0
8036,3174565.0
8037,3174588.0
8038,3174895.0
8039,3174963.0
8040,3175783.0
8041,3175963.0
8042,3176037.0
8043,3176269.0
8044,3176369.0
8045,3178236.0
8046,3178323.0
8047,3179192.0
8048,3179515.0
8049,3180031.0
8050,3180076.0
8051,3180498.0
8052,3181954.0
8053,3182036.0
8054,3182138.0
8055,3183132.0
8056,3183423.0
8057,3184311.0
8058,3184470.0
8059,3185921.0
8060,3186065.0
8061,3186305.0
8062,3186563.0
8063,3186651.0
8064,3186687.0
8065,3187028.0
8066,3187339.0
8067,3187424.0
8068,3187706.0
8069,3187812.0
8070,3187903.0
8071,3187989.0
8072,3188513.0
8073,3188958.0
8074,3189109.0
8075,3190931.0
8076,3191258.0
8077,3191265.0
8078,3191922.0
8079,3192204.0
8080,3192396.0
8081,3192809.0
8082,3193072.0
8083,3193430.0
8084,3194199.0
8085,3194376.0
8086,3196408.0
8087,3196808.0
8088,3196901.0
8089,3199633.0
8090,3200154.0
8091,3200403.0
8092,3200575.0
8093,3200794.0
8094,3200949.0
8095,3202785.0
8096,3203788.0
8097,3204012.0
8098,3204049.0
8099,3204105.0
8100,3204159.0
8101,3204287.0
8102,3204298.0
8103,3204320.0
8104,3205434.0
8105,3207298.0
8106,3208015.0
8107,3208603.0
8108,3208780.0
8109,3209544.0
8110,3210346.0
8111,3211305.0
8112,3212035.0
8113,3212190.0
8114,3212641.0
8115,3212811.0
8116,3212868.0
8117,3213023.0
8118,3213152.0
8119,3213727.0
8120,3213806.0
8121,3214384.0
8122,3214648.0
8123,3214715.0
8124,3214958.0
8125,3215527.0
8126,3215653.0
8127,3215766.0
8128,3215860.0
8129,3216911.0
8130,3217656.0
8131,3218212.0
8132,3218248.0
8133,3218703.0
8134,3219109.0
8135,3220840.0
8136,3220945.0
8137,3220964.0
8138,3221715.0
8139,3222495.0
8140,3222610.0
8141,3222613.0
8142,3223737.0
8143,3224094.0
8144,3224117.0
8145,3225356.0
8146,3226205.0
8147,3227165.0
8148,3227298.0
8149,3228085.0
8150,3228818.0
8151,3229010.0
8152,3229082.0
8153,3229357.0
8154,3230551.0
8155,3230962.0
8156,3231207.0
8157,3231534.0
8158,3231628.0
8159,3231672.0
8160,3233292.0
8161,3234145.0
8162,3234461.0
8163,3234604.0
8164,3236204.0
8165,3236851.0
8166,3237063.0
8167,3237287.0
8168,3237856.0
8169,3239401.0
8170,3239619.0
8171,3240189.0
8172,3240737.0
8173,3241011.0
8174,3241875.0
8175,3242290.0
8176,3242547.0
8177,3242643.0
8178,3243059.0
8179,3243409.0
8180,3244130.0
8181,3244148.0
8182,3244195.0
8183,3245178.0
8184,3245194.0
8185,3245641.0
8186,3245914.0
8187,3247890.0
8188,3248362.0
8189,3248855.0
8190,3249201.0
8191,3249588.0
8192,3250007.0
8193,3250754.0
8194,3252201.0
8195,3252448.0
8196,3253711.0
8197,3255560.0
8198,3256235.0
8199,3257071.0
8200,3257839.0
8201,3257853.0
8202,3259463.0
8203,3260293.0
8204,3260301.0
8205,3261296.0
8206,3262276.0
8207,3262439.0
8208,3262842.0
8209,3263494.0
8210,3263791.0
8211,3265502.0
8212,3266903.0
8213,3267140.0
8214,3267946.0
8215,3268362.0
8216,3268778.0
8217,3268991.0
8218,3269167.0
8219,3269428.0
8220,3272280.0
8221,3273667.0
8222,3275133.0
8223,3276291.0
8224,3276364.0
8225,3276839.0
8226,3276979.0
8227,3277250.0
8228,3277910.0
8229,3277984.0
8230,3279521.0
8231,3280304.0
8232,3280539.0
8233,3280757.0
8234,3281877.0
8235,3282331.0
8236,3283991.0
8237,3284835.0
8238,3285134.0
8239,3286160.0
8240,3286326.0
8241,3288135.0
8242,3288270.0
8243,3288400.0
8244,3288468.0
8245,3289280.0
8246,3291112.0
8247,3291679.0
8248,3291701.0
8249,3292508.0
8250,3293031.0
8251,3293082.0
8252,3293433.0
8253,3293974.0
8254,3296386.0
8255,3296772.0
8256,3296899.0
8257,3296982.0
8258,3297705.0
8259,3298906.0
8260,3299003.0
8261,3299612.0
8262,3299628.0
8263,3301036.0
8264,3301279.0
8265,3301390.0
8266,3301629.0
8267,3302200.0
8268,3302290.0
8269,3302489.0
8270,3303078.0
8271,3303111.0
8272,3303218.0
8273,3303418.0
8274,3303460.0
8275,3303922.0
8276,3304552.0
8277,3304571.0
8278,3304837.0
8279,3304910.0
8280,3306927.0
8281,3307220.0
8282,3307406.0
8283,3308067.0
8284,3308718.0
8285,3309138.0
8286,3309309.0
8287,3309455.0
8288,3309714.0
8289,3309768.0
8290,3310279.0
8291,3310831.0
8292,3311353.0
8293,3312054.0
8294,3312313.0
8295,3312450.0
8296,3312517.0
8297,3312578.0
8298,3312956.0
8299,3313012.0
8300,3313303.0
8301,3313698.0
8302,3313871.0
8303,3314670.0
8304,3314857.0
8305,3315217.0
8306,3315448.0
8307,3315621.0
8308,3315636.0
8309,3315657.0
8310,3315961.0
8311,3316392.0
8312,3316817.0
8313,3317138.0
8314,3317957.0
8315,3318243.0
8316,3319364.0
8317,3319602.0
8318,3319960.0
8319,3320127.0
8320,3320832.0
8321,3320938.0
8322,3321252.0
8323,3321378.0
8324,3321519.0
8325,3322160.0
8326,3322234.0
8327,3324382.0
8328,3324854.0
8329,3325302.0
8330,3325388.0
8331,3325513.0
8332,3325826.0
8333,3326200.0
8334,3326321.0
8335,3326383.0
8336,3326444.0
8337,3326703.0
8338,3327165.0
8339,3327172.0
8340,3327181.0
8341,3328499.0
8342,3329013.0
8343,3329895.0
8344,3330009.0
8345,3330735.0
8346,3330888.0
8347,3331151.0
8348,3331744.0
8349,3332469.0
8350,3332819.0
8351,3332959.0
8352,3333152.0
8353,3333234.0
8354,3333485.0
8355,3333513.0
8356,3333696.0
8357,3334459.0
8358,3334999.0
8359,3335207.0
8360,3335294.0
8361,3335862.0
8362,3336328.0
8363,3336980.0
8364,3337280.0
8365,3337411.0
8366,3338565.0
8367,3338668.0
8368,3339124.0
8369,3339702.0
8370,3340116.0
8371,3340724.0
8372,3340937.0
8373,3341498.0
8374,3341512.0
8375,3341845.0
8376,3341924.0
8377,3342077.0
8378,3342377.0
8379,3343311.0
8380,3343735.0
8381,3343802.0
8382,3343888.0
8383,3344313.0
8384,3344952.0
8385,3345384.0
8386,3346318.0
8387,3347073.0
8388,3347147.0
8389,3347898.0
8390,3348720.0
8391,3349806.0
8392,3350094.0
8393,3350353.0
8394,3351001.0
8395,3351131.0
8396,3351213.0
8397,3351648.0
8398,3352334.0
8399,3353974.0
8400,3354112.0
8401,3354190.0
8402,3354237.0
8403,3354513.0
8404,3354805.0
8405,3354991.0
8406,3354994.0
8407,3355009.0
8408,3355851.0
8409,3355885.0
8410,3356242.0
8411,3356553.0
8412,3356690.0
8413,3356834.0
8414,3358831.0
8415,3359745.0
8416,3360038.0
8417,3360668.0
8418,3361826.0
8419,3363201.0
8420,3364224.0
8421,3364897.0
8422,3365196.0
8423,3365520.0
8424,3365789.0
8425,3365886.0
8426,3366144.0
8427,3366853.0
8428,3367087.0
8429,3367361.0
8430,3368038.0
8431,3368184.0
8432,3369511.0
8433,3369974.0
8434,3370005.0
8435,3370179.0
8436,3370635.0
8437,3370824.0
8438,3371283.0
8439,3371372.0
8440,3371401.0
8441,3372417.0
8442,3373570.0
8443,3374144.0
8444,3374511.0
8445,3374857.0
8446,3375127.0
8447,3375709.0
8448,3377482.0
8449,3377819.0
8450,3378576.0
8451,3379029.0
8452,3379454.0
8453,3380404.0
8454,3380628.0
8455,3381409.0
8456,3381571.0
8457,3381580.0
8458,3382127.0
8459,3382336.0
8460,3382901.0
8461,3382904.0
8462,3383211.0
8463,3383967.0
8464,3386022.0
8465,3387215.0
8466,3387313.0
8467,3387741.0
8468,3388177.0
8469,3388321.0
8470,3389440.0
8471,3390033.0
8472,3391541.0
8473,3391912.0
8474,3392302.0
8475,3392634.0
8476,3392672.0
8477,3392974.0
8478,3392979.0
8479,3393145.0
8480,3394007.0
8481,3394547.0
8482,3395155.0
8483,3395680.0
8484,3396211.0
8485,3396771.0
8486,3397114.0
8487,3397823.0
8488,3398108.0
8489,3399885.0
8490,3399893.0
8491,3399994.0
8492,3400376.0
8493,3400917.0
8494,3401946.0
8495,3402226.0
8496,3402271.0
8497,3402730.0
8498,3402923.0
8499,3403018.0
8500,3403050.0
8501,3403225.0
8502,3403312.0
8503,3404065.0
8504,3404120.0
8505,3404190.0
8506,3404214.0
8507,3404243.0
8508,3404548.0
8509,3404565.0
8510,3405379.0
8511,3405714.0
8512,3406219.0
8513,3406314.0
8514,3406554.0
8515,3407556.0
8516,3407906.0
8517,3407949.0
8518,3408617.0
8519,3410225.0
8520,3410235.0
8521,3410250.0
8522,3410284.0
8523,3410305.0
8524,3410556.0
8525,3410605.0
8526,3412807.0
8527,3413036.0
8528,3413642.0
8529,3414189.0
8530,3415326.0
8531,3415341.0
8532,3416128.0
8533,3416171.0
8534,3416195.0
8535,3416325.0
8536,3416905.0
8537,3417075.0
8538,3417146.0
8539,3417306.0
8540,3417704.0
8541,3418014.0
8542,3418390.0
8543,3418624.0
8544,3419828.0
8545,3420155.0
8546,3420721.0
8547,3420847.0
8548,3422126.0
8549,3422205.0
8550,3423253.0
8551,3423399.0
8552,3423780.0
8553,3423892.0
8554,3424285.0
8555,3424678.0
8556,3425493.0
8557,3426173.0
8558,3426218.0
8559,3426852.0
8560,3426917.0
8561,3427076.0
8562,3427315.0
8563,3427355.0
8564,3427613.0
8565,3427680.0
8566,3428015.0
8567,3428230.0
8568,3428557.0
8569,3428683.0
8570,3428692.0
8571,3429689.0
8572,3429931.0
8573,3430711.0
8574,3431899.0
8575,3432198.0
8576,3432866.0
8577,3433253.0
8578,3433507.0
8579,3434058.0
8580,3434077.0
8581,3435395.0
8582,3435619.0
8583,3435920.0
8584,3436301.0
8585,3437645.0
8586,3437798.0
8587,3438579.0
8588,3439006.0
8589,3439014.0
8590,3439298.0
8591,3439359.0
8592,3439670.0
8593,3440378.0
8594,3440921.0
8595,3441575.0
8596,3443225.0
8597,3443264.0
8598,3443411.0
8599,3443482.0
8600,3443923.0
8601,3446788.0
8602,3446965.0
8603,3447512.0
8604,3447847.0
8605,3448133.0
8606,3448200.0
8607,3448201.0
8608,3448711.0
8609,3449293.0
8610,3449393.0
8611,3449397.0
8612,3449700.0
8613,3451416.0
8614,3451478.0
8615,3451482.0
8616,3451759.0
8617,3451838.0
8618,3452813.0
8619,3453998.0
8620,3454332.0
8621,3454335.0
8622,3456436.0
8623,3456764.0
8624,3456828.0
8625,3457147.0
8626,3458287.0
8627,3458408.0
8628,3459852.0
8629,3459978.0
8630,3460338.0
8631,3460594.0
8632,3461293.0
8633,3461509.0
8634,3461768.0
8635,3462111.0
8636,3463865.0
8637,3464256.0
8638,3464711.0
8639,3464900.0
8640,3465182.0
8641,3465344.0
8642,3465412.0
8643,3465669.0
8644,3465922.0
8645,3466064.0
8646,3466114.0
8647,3466252.0
8648,3466505.0
8649,3467133.0
8650,3467189.0
8651,3468716.0
8652,3469689.0
8653,3470733.0
8654,3470754.0
8655,3470772.0
8656,3470983.0
8657,3472546.0
8658,3473104.0
8659,3473145.0
8660,3474123.0
8661,3475643.0
8662,3475919.0
8663,3475964.0
8664,3476113.0
8665,3476658.0
8666,3476815.0
8667,3477388.0
8668,3477426.0
8669,3478120.0
8670,3478978.0
8671,3479090.0
8672,3479819.0
8673,3479835.0
8674,3479973.0
8675,3481486.0
8676,3481895.0
8677,3482795.0
8678,3483621.0
8679,3483627.0
8680,3484523.0
8681,3484884.0
8682,3484984.0
8683,3485168.0
8684,3485600.0
8685,3487369.0
8686,3488607.0
8687,3488613.0
8688,3489483.0
8689,3489506.0
8690,3489642.0
8691,3490034.0
8692,3490347.0
8693,3492605.0
8694,3492870.0
8695,3493117.0
8696,3493158.0
8697,3493407.0
8698,3494216.0
8699,3494431.0
8700,3494464.0
8701,3494661.0
8702,3495180.0
8703,3496372.0
8704,3496899.0
8705,3497372.0
8706,3497621.0
8707,3498016.0
8708,3498266.0
8709,3499065.0
8710,3500691.0
8711,3500811.0
8712,3502544.0
8713,3502784.0
8714,3504378.0
8715,3505595.0
8716,3505726.0
8717,3506386.0
8718,3506555.0
8719,3506664.0
8720,3506934.0
8721,3507283.0
8722,3507459.0
8723,3507560.0
8724,3507780.0
8725,3508310.0
8726,3509105.0
8727,3509147.0
8728,3510112.0
8729,3510336.0
8730,3511158.0
8731,3511306.0
8732,3512692.0
8733,3512815.0
8734,3512835.0
8735,3513292.0
8736,3513639.0
8737,3513680.0
8738,3514022.0
8739,3514353.0
8740,3514728.0
8741,3515898.0
8742,3517158.0
8743,3518472.0
8744,3518684.0
8745,3519928.0
8746,3520498.0
8747,3520874.0
8748,3522142.0
8749,3522367.0
8750,3523519.0
8751,3523938.0
8752,3524771.0
8753,3524945.0
8754,3525007.0
8755,3525834.0
8756,3526152.0
8757,3526688.0
8758,3526951.0
8759,3526999.0
8760,3527178.0
8761,3527361.0
8762,3527374.0
8763,3527630.0
8764,3527888.0
8765,3528836.0
8766,3529827.0
8767,3530160.0
8768,3530226.0
8769,3532695.0
8770,3532741.0
8771,3533106.0
8772,3533159.0
8773,3533877.0
8774,3534061.0
8775,3534071.0
8776,3534329.0
8777,3534906.0
8778,3535692.0
8779,3535704.0
8780,3536351.0
8781,3538078.0
8782,3538103.0
8783,3538806.0
8784,3539448.0
8785,3539697.0
8786,3539915.0
8787,3540180.0
8788,3540469.0
8789,3540524.0
8790,3540744.0
8791,3540962.0
8792,3541389.0
8793,3541598.0
8794,3541859.0
8795,3542223.0
8796,3542460.0
8797,3542758.0
8798,3542764.0
8799,3543447.0
8800,3544560.0
8801,3547537.0
8802,3548115.0
8803,3548234.0
8804,3550295.0
8805,3550729.0
8806,3551422.0
8807,3551611.0
8808,3552449.0
8809,3552879.0
8810,3552983.0
8811,3553891.0
8812,3554483.0
8813,3554518.0
8814,3554819.0
8815,3554862.0
8816,3554871.0
8817,3555312.0
8818,3556625.0
8819,3557005.0
8820,3558013.0
8821,3558202.0
8822,3558765.0
8823,3558809.0
8824,3560141.0
8825,3560395.0
8826,3560795.0
8827,3561815.0
8828,3562104.0
8829,3563198.0
8830,3563307.0
8831,3563323.0
8832,3563485.0
8833,3563956.0
8834,3564220.0
8835,3565093.0
8836,3565134.0
8837,3565274.0
8838,3565495.0
8839,3565691.0
8840,3565845.0
8841,3566259.0
8842,3566534.0
8843,3566812.0
8844,3567128.0
8845,3567413.0
8846,3567450.0
8847,3570050.0
8848,3570323.0
8849,3570977.0
8850,3571019.0
8851,3571593.0
8852,3572222.0
8853,3572374.0
8854,3572405.0
8855,3572684.0
8856,3572896.0
8857,3573045.0
8858,3573085.0
8859,3573143.0
8860,3573875.0
8861,3574045.0
8862,3574320.0
8863,3575069.0
8864,3575108.0
8865,3575463.0
8866,3575917.0
8867,3576531.0
8868,3577416.0
8869,3577990.0
8870,3578525.0
8871,3579590.0
8872,3581101.0
8873,3581893.0
8874,3582064.0
8875,3582110.0
8876,3582735.0
8877,3583129.0
8878,3583220.0
8879,3584114.0
8880,3584991.0
8881,3585372.0
8882,3585532.0
8883,3586100.0
8884,3587055.0
8885,3587425.0
8886,3587705.0
8887,3588661.0
8888,3589145.0
8889,3589216.0
8890,3590139.0
8891,3590420.0
8892,3591046.0
8893,3592329.0
8894,3592492.0
8895,3593204.0
8896,3593287.0
8897,3594077.0
8898,3594879.0
8899,3594973.0
8900,3594993.0
8901,3596009.0
8902,3596803.0
8903,3597082.0
8904,3597218.0
8905,3597413.0
8906,3597498.0
8907,3597914.0
8908,3598334.0
8909,3599556.0
8910,3599591.0
8911,3600880.0
8912,3601219.0
8913,3601334.0
8914,3601370.0
8915,3601763.0
8916,3601857.0
8917,3601999.0
8918,3602022.0
8919,3602928.0
8920,3603262.0
8921,3603965.0
8922,3606010.0
8923,3606074.0
8924,3606229.0
8925,3606255.0
8926,3606426.0
8927,3606773.0
8928,3606820.0
8929,3606910.0
8930,3607181.0
8931,3608003.0
8932,3608163.0
8933,3608389.0
8934,3608698.0
8935,3609053.0
8936,3609407.0
8937,3609415.0
8938,3609518.0
8939,3610349.0
8940,3610507.0
8941,3610655.0
8942,3611416.0
8943,3611445.0
8944,3611660.0
8945,3612681.0
8946,3612961.0
8947,3614107.0
8948,3614649.0
8949,3614827.0
8950,3614867.0
8951,3614892.0
8952,3615711.0
8953,3615744.0
8954,3615948.0
8955,3616245.0
8956,3616792.0
8957,3617591.0
8958,3618521.0
8959,3618652.0
8960,3618788.0
8961,3619844.0
8962,3619947.0
8963,3620203.0
8964,3620216.0
8965,3620381.0
8966,3620391.0
8967,3620636.0
8968,3621854.0
8969,3622282.0
8970,3622359.0
8971,3622433.0
8972,3622917.0
8973,3623149.0
8974,3624563.0
8975,3624730.0
8976,3625009.0
8977,3625194.0
8978,3625479.0
8979,3625962.0
8980,3626096.0
8981,3626556.0
8982,3626568.0
8983,3626636.0
8984,3627485.0
8985,3628699.0
8986,3628766.0
8987,3629699.0
8988,3630118.0
8989,3630217.0
8990,3630322.0
8991,3630505.0
8992,3630763.0
8993,3630886.0
8994,3631278.0
8995,3632042.0
8996,3632592.0
8997,3632650.0
8998,3632677.0
8999,3634879.0
9000,3635073.0
9001,3635683.0
9002,3635810.0
9003,3635868.0
9004,3636007.0
9005,3636075.0
9006,3636094.0
9007,3636197.0
9008,3636297.0
9009,3636467.0
9010,3636989.0
9011,3637031.0
9012,3637216.0
9013,3637661.0
9014,3637755.0
9015,3638070.0
9016,3639501.0
9017,3639504.0
9018,3639541.0
9019,3639882.0
9020,3640314.0
9021,3640536.0
9022,3641256.0
9023,3641328.0
9024,3641604.0
9025,3642090.0
9026,3642205.0
9027,3642366.0
9028,3643297.0
9029,3643685.0
9030,3643720.0
9031,3643830.0
9032,3645670.0
9033,3645977.0
9034,3646442.0
9035,3646873.0
9036,3648042.0
9037,3648488.0
9038,3649283.0
9039,3650160.0
9040,3650525.0
9041,3650853.0
9042,3651431.0
9043,3651763.0
9044,3652041.0
9045,3652820.0
9046,3653308.0
9047,3653420.0
9048,3653838.0
9049,3654189.0
9050,3654327.0
9051,3654683.0
9052,3655568.0
9053,3655582.0
9054,3656107.0
9055,3656245.0
9056,3656781.0
9057,3656847.0
9058,3657207.0
9059,3657754.0
9060,3657816.0
9061,3657914.0
9062,3659112.0
9063,3659673.0
9064,3659820.0
9065,3660142.0
9066,3661226.0
9067,3661442.0
9068,3662042.0
9069,3662096.0
9070,3662297.0
9071,3662668.0
9072,3662774.0
9073,3663364.0
9074,3663517.0
9075,3664440.0
9076,3664679.0
9077,3665413.0
9078,3666308.0
9079,3666430.0
9080,3667465.0
9081,3667964.0
9082,3667977.0
9083,3668102.0
9084,3668189.0
9085,3668917.0
9086,3669547.0
9087,3670222.0
9088,3670223.0
9089,3670640.0
9090,3672016.0
9091,3672513.0
9092,3672716.0
9093,3672794.0
9094,3673016.0
9095,3673413.0
9096,3673514.0
9097,3673733.0
9098,3674208.0
9099,3674362.0
9100,3675849.0
9101,3676075.0
9102,3676804.0
9103,3677137.0
9104,3678513.0
9105,3678900.0
9106,3679015.0
9107,3680113.0
9108,3680117.0
9109,3680224.0
9110,3681102.0
9111,3681531.0
9112,3681807.0
9113,3681999.0
9114,3682959.0
9115,3683393.0
9116,3683467.0
9117,3683917.0
9118,3684114.0
9119,3684211.0
9120,3684645.0
9121,3685736.0
9122,3686002.0
9123,3686404.0
9124,3686417.0
9125,3686554.0
9126,3687273.0
9127,3687708.0
9128,3688585.0
9129,3688600.0
9130,3688758.0
9131,3689305.0
9132,3689475.0
9133,3690178.0
9134,3690436.0
9135,3690507.0
9136,3691018.0
9137,3691716.0
9138,3692037.0
9139,3692133.0
9140,3692242.0
9141,3692578.0
9142,3692847.0
9143,3692868.0
9144,3693653.0
9145,3694979.0
9146,3695386.0
9147,3695620.0
9148,3695780.0
9149,3696012.0
9150,3696366.0
9151,3696382.0
9152,3696505.0
9153,3696513.0
9154,3696674.0
9155,3697899.0
9156,3698159.0
9157,3698330.0
9158,3698648.0
9159,3698672.0
9160,3698979.0
9161,3699133.0
9162,3699726.0
9163,3699753.0
9164,3699963.0
9165,3699989.0
9166,3699998.0
9167,3700284.0
9168,3700436.0
9169,3700438.0
9170,3700996.0
9171,3701289.0
9172,3702244.0
9173,3702349.0
9174,3702679.0
9175,3702851.0
9176,3702867.0
9177,3703005.0
9178,3703323.0
9179,3703354.0
9180,3703520.0
9181,3703873.0
9182,3703915.0
9183,3704271.0
9184,3704534.0
9185,3704549.0
9186,3704790.0
9187,3705185.0
9188,3705330.0
9189,3705458.0
9190,3706104.0
9191,3706697.0
9192,3706966.0
9193,3707420.0
9194,3707439.0
9195,3707503.0
9196,3707572.0
9197,3707789.0
9198,3707899.0
9199,3708033.0
9200,3708311.0
9201,3708452.0
9202,3708526.0
9203,3708861.0
9204,3709796.0
9205,3710450.0
9206,3710999.0
9207,3711534.0
9208,3712176.0
9209,3712499.0
9210,3712650.0
9211,3713565.0
9212,3714754.0
9213,3715247.0
9214,3715737.0
9215,3715782.0
9216,3715858.0
9217,3716426.0
9218,3716462.0
9219,3716592.0
9220,3718815.0
9221,3718991.0
9222,3719251.0
9223,3719460.0
9224,3719541.0
9225,3720189.0
9226,3720315.0
9227,3720404.0
9228,3720474.0
9229,3720848.0
9230,3721146.0
9231,3722071.0
9232,3722236.0
9233,3722283.0
9234,3722362.0
9235,3722428.0
9236,3723104.0
9237,3723387.0
9238,3723880.0
9239,3724274.0
9240,3724558.0
9241,3724666.0
9242,3724738.0
9243,3725242.0
9244,3725321.0
9245,3725664.0
9246,3726459.0
9247,3726494.0
9248,3726818.0
9249,3727317.0
9250,3728222.0
9251,3728835.0
9252,3728906.0
9253,3729814.0
9254,3730577.0
9255,3731325.0
9256,3732294.0
9257,3732534.0
9258,3732612.0
9259,3732615.0
9260,3732843.0
9261,3732882.0
9262,3732928.0
9263,3733264.0
9264,3733402.0
9265,3733792.0
9266,3734007.0
9267,3734261.0
9268,3734812.0
9269,3735203.0
9270,3735611.0
9271,3736587.0
9272,3737392.0
9273,3737527.0
9274,3738362.0
9275,3738791.0
9276,3739981.0
9277,3740085.0
9278,3740934.0
9279,3741233.0
9280,3741606.0
9281,3741681.0
9282,3743402.0
9283,3743653.0
9284,3743663.0
9285,3743674.0
9286,3744497.0
9287,3744806.0
9288,3745324.0
9289,3745658.0
9290,3745965.0
9291,3746338.0
9292,3746362.0
9293,3746895.0
9294,3747423.0
9295,3747949.0
9296,3747971.0
9297,3748046.0
9298,3749174.0
9299,3749341.0
9300,3750320.0
9301,3750371.0
9302,3750659.0
9303,3750665.0
9304,3750865.0
9305,3751002.0
9306,3751547.0
9307,3751830.0
9308,3752338.0
9309,3752414.0
9310,3752418.0
9311,3753094.0
9312,3753160.0
9313,3753418.0
9314,3753602.0
9315,3753685.0
9316,3753928.0
9317,3754336.0
9318,3754567.0
9319,3755085.0
9320,3755118.0
9321,3755285.0
9322,3755683.0
9323,3756545.0
9324,3756765.0
9325,3756777.0
9326,3756910.0
9327,3757089.0
9328,3757569.0
9329,3757876.0
9330,3757950.0
9331,3758172.0
9332,3759809.0
9333,3760109.0
9334,3760237.0
9335,3760653.0
9336,3760869.0
9337,3761121.0
9338,3761272.0
9339,3761288.0
9340,3761336.0
9341,3761401.0
9342,3762297.0
9343,3762582.0
9344,3762875.0
9345,3764776.0
9346,3765520.0
9347,3767477.0
9348,3767580.0
9349,3768162.0
9350,3769012.0
9351,3769369.0
9352,3769570.0
9353,3769679.0
9354,3770463.0
9355,3770616.0
9356,3771322.0
9357,3771326.0
9358,3771396.0
9359,3771915.0
9360,3772120.0
9361,3772933.0
9362,3772991.0
9363,3773155.0
9364,3773377.0
9365,3773797.0
9366,3773882.0
9367,3773948.0
9368,3773990.0
9369,3774013.0
9370,3774172.0
9371,3774277.0
9372,3774747.0
9373,3775387.0
9374,3775421.0
9375,3775764.0
9376,3775820.0
9377,3775876.0
9378,3775915.0
9379,3776262.0
9380,3776267.0
9381,3776415.0
9382,3776454.0
9383,3776468.0
9384,3776556.0
9385,3776828.0
9386,3776967.0
9387,3777206.0
9388,3777288.0
9389,3777427.0
9390,3777702.0
9391,3777708.0
9392,3777768.0
9393,3777772.0
9394,3777870.0
9395,3778116.0
9396,3778158.0
9397,3778360.0
9398,3778476.0
9399,3779085.0
9400,3779228.0
9401,3779342.0
9402,3780095.0
9403,3780214.0
9404,3780313.0
9405,3780569.0
9406,3780790.0
9407,3781421.0
9408,3782213.0
9409,3782451.0
9410,3782487.0
9411,3782509.0
9412,3782539.0
9413,3782740.0
9414,3783136.0
9415,3783493.0
9416,3783502.0
9417,3783889.0
9418,3784245.0
9419,3784976.0
9420,3785369.0
9421,3785421.0
9422,3785828.0
9423,3786015.0
9424,3786089.0
9425,3786592.0
9426,3786793.0
9427,3787267.0
9428,3789420.0
9429,3790425.0
9430,3790525.0
9431,3791125.0
9432,3791936.0
9433,3792279.0
9434,3792475.0
9435,3792639.0
9436,3792946.0
9437,3793202.0
9438,3793248.0
9439,3794008.0
9440,3794547.0
9441,3795033.0
9442,3796483.0
9443,3796803.0
9444,3797334.0
9445,3797764.0
9446,3797976.0
9447,3798535.0
9448,3799194.0
9449,3799306.0
9450,3799403.0
9451,3799755.0
9452,3800073.0
9453,3800480.0
9454,3800614.0
9455,3800773.0
9456,3801281.0
9457,3801318.0
9458,3801338.0
9459,3801676.0
9460,3801918.0
9461,3802287.0
9462,3802539.0
9463,3802630.0
9464,3803063.0
9465,3803603.0
9466,3803704.0
9467,3803708.0
9468,3803865.0
9469,3804030.0
9470,3805413.0
9471,3805422.0
9472,3805553.0
9473,3806149.0
9474,3806446.0
9475,3806815.0
9476,3806973.0
9477,3807304.0
9478,3807772.0
9479,3808461.0
9480,3808835.0
9481,3808873.0
9482,3809471.0
9483,3809992.0
9484,3810259.0
9485,3811446.0
9486,3811476.0
9487,3812177.0
9488,3812438.0
9489,3812874.0
9490,3813373.0
9491,3813548.0
9492,3813818.0
9493,3814439.0
9494,3814566.0
9495,3814831.0
9496,3814861.0
9497,3814866.0
9498,3814959.0
9499,3815397.0
9500,3815839.0
9501,3815843.0
9502,3815856.0
9503,3816351.0
9504,3816375.0
9505,3816833.0
9506,3817274.0
9507,3817553.0
9508,3817716.0
9509,3817840.0
9510,3819775.0
9511,3819992.0
9512,3820287.0
9513,3820994.0
9514,3822899.0
9515,3822900.0
9516,3823344.0
9517,3823450.0
9518,3823713.0
9519,3823950.0
9520,3824104.0
9521,3824136.0
9522,3824781.0
9523,3825502.0
9524,3825912.0
9525,3826486.0
9526,3827158.0
9527,3827736.0
9528,3828495.0
9529,3828570.0
9530,3828625.0
9531,3828679.0
9532,3829276.0
9533,3829380.0
9534,3829841.0
9535,3830207.0
9536,3830401.0
9537,3830935.0
9538,3832791.0
9539,3832983.0
9540,3834499.0
9541,3834722.0
9542,3835155.0
9543,3835636.0
9544,3836344.0
9545,3836737.0
9546,3837293.0
9547,3837303.0
9548,3839022.0
9549,3839482.0
9550,3839504.0
9551,3839855.0
9552,3840436.0
9553,3841398.0
9554,3841652.0
9555,3842806.0
9556,3843264.0
9557,3843405.0
9558,3844671.0
9559,3846664.0
9560,3846890.0
9561,3847195.0
9562,3848152.0
9563,3848651.0
9564,3848654.0
9565,3848714.0
9566,3849335.0
9567,3850093.0
9568,3850343.0
9569,3850555.0
9570,3851174.0
9571,3851371.0
9572,3851809.0
9573,3851983.0
9574,3852072.0
9575,3853397.0
9576,3853466.0
9577,3853670.0
9578,3853872.0
9579,3854016.0
9580,3854167.0
9581,3854507.0
9582,3854613.0
9583,3855128.0
9584,3855224.0
9585,3855541.0
9586,3856206.0
9587,3856444.0
9588,3857368.0
9589,3857662.0
9590,3858133.0
9591,3858140.0
9592,3858321.0
9593,3858655.0
9594,3859068.0
9595,3859405.0
9596,3860227.0
9597,3860337.0
9598,3860477.0
9599,3860753.0
9600,3860898.0
9601,3861160.0
9602,3861627.0
9603,3861901.0
9604,3863315.0
9605,3863441.0
9606,3863720.0
9607,3864414.0
9608,3864438.0
9609,3864588.0
9610,3864713.0
9611,3864911.0
9612,3865158.0
9613,3865442.0
9614,3865538.0
9615,3866393.0
9616,3866730.0
9617,3867289.0
9618,3868359.0
9619,3868442.0
9620,3868998.0
9621,3869161.0
9622,3869577.0
9623,3869894.0
9624,3870468.0
9625,3870483.0
9626,3871319.0
9627,3872615.0
9628,3873459.0
9629,3874110.0
9630,3874466.0
9631,3874674.0
9632,3875958.0
9633,3876340.0
9634,3876909.0
9635,3877844.0
9636,3878341.0
9637,3878541.0
9638,3878663.0
9639,3879798.0
9640,3879994.0
9641,3881115.0
9642,3881315.0
9643,3881503.0
9644,3882909.0
9645,3882966.0
9646,3883834.0
9647,3883974.0
9648,3884384.0
9649,3884861.0
9650,3886414.0
9651,3886570.0
9652,3889086.0
9653,3889203.0
9654,3889459.0
9655,3889840.0
9656,3889975.0
9657,3890899.0
9658,3891319.0
9659,3892206.0
9660,3892577.0
9661,3892837.0
9662,3892966.0
9663,3893630.0
9664,3894403.0
9665,3894428.0
9666,3894587.0
9667,3894911.0
9668,3895057.0
9669,3895538.0
9670,3895758.0
9671,3895788.0
9672,3896136.0
9673,3896297.0
9674,3896372.0
9675,3896920.0
9676,3898905.0
9677,3899268.0
9678,3899686.0
9679,3899749.0
9680,3901226.0
9681,3901243.0
9682,3901361.0
9683,3902721.0
9684,3902867.0
9685,3903869.0
9686,3904181.0
9687,3904475.0
9688,3904612.0
9689,3904835.0
9690,3905006.0
9691,3905262.0
9692,3905666.0
9693,3905845.0
9694,3906716.0
9695,3907165.0
9696,3908043.0
9697,3908758.0
9698,3908995.0
9699,3908996.0
9700,3909253.0
9701,3909640.0
9702,3909902.0
9703,3910025.0
9704,3910263.0
9705,3910623.0
9706,3910783.0
9707,3911066.0
9708,3911078.0
9709,3911083.0
9710,3911323.0
9711,3912995.0
9712,3914469.0
9713,3914507.0
9714,3914757.0
9715,3915193.0
9716,3915211.0
9717,3915323.0
9718,3915441.0
9719,3915448.0
9720,3915458.0
9721,3915490.0
9722,3916034.0
9723,3916097.0
9724,3916236.0
9725,3916345.0
9726,3917276.0
9727,3918271.0
9728,3918541.0
9729,3918689.0
9730,3918717.0
9731,3918899.0
9732,3919269.0
9733,3919361.0
9734,3919461.0
9735,3919816.0
9736,3920943.0
9737,3921131.0
9738,3921960.0
9739,3922411.0
9740,3922571.0
9741,3923396.0
9742,3924645.0
9743,3924670.0
9744,3925292.0
9745,3925559.0
9746,3926228.0
9747,3927771.0
9748,3927830.0
9749,3928147.0
9750,3928272.0
9751,3928568.0
9752,3928939.0
9753,3929031.0
9754,3929352.0
9755,3929398.0
9756,3930408.0
9757,3930584.0
9758,3930723.0
9759,3931313.0
9760,3931352.0
9761,3931496.0
9762,3931739.0
9763,3931934.0
9764,3932030.0
9765,3932377.0
9766,3932466.0
9767,3932592.0
9768,3932742.0
9769,3933480.0
9770,3933491.0
9771,3934057.0
9772,3934530.0
9773,3935906.0
9774,3936841.0
9775,3937763.0
9776,3938030.0
9777,3938290.0
9778,3938683.0
9779,3938983.0
9780,3939816.0
9781,3941871.0
9782,3942227.0
9783,3942324.0
9784,3942330.0
9785,3942594.0
9786,3942998.0
9787,3943286.0
9788,3943558.0
9789,3944166.0
9790,3944736.0
9791,3945468.0
9792,3945731.0
9793,3946070.0
9794,3946441.0
9795,3946673.0
9796,3947006.0
9797,3947461.0
9798,3947752.0
9799,3948003.0
9800,3948690.0
9801,3948835.0
9802,3948899.0
9803,3949006.0
9804,3949126.0
9805,3949168.0
9806,3949500.0
9807,3950240.0
9808,3950562.0
9809,3950738.0
9810,3951203.0
9811,3951227.0
9812,3951295.0
9813,3951932.0
9814,3953141.0
9815,3953722.0
9816,3954202.0
9817,3955427.0
9818,3956391.0
9819,3956502.0
9820,3956535.0
9821,3956789.0
9822,3956961.0
9823,3957497.0
9824,3957881.0
9825,3959512.0
9826,3959826.0
9827,3960356.0
9828,3960450.0
9829,3960663.0
9830,3961071.0
9831,3961527.0
9832,3961634.0
9833,3962335.0
9834,3963816.0
9835,3964068.0
9836,3965179.0
9837,3965400.0
9838,3965935.0
9839,3966177.0
9840,3966277.0
9841,3966822.0
9842,3967309.0
9843,3967420.0
9844,3968169.0
9845,3968308.0
9846,3970190.0
9847,3970428.0
9848,3970484.0
9849,3970584.0
9850,3971019.0
9851,3971525.0
9852,3971959.0
9853,3972017.0
9854,3972899.0
9855,3973068.0
9856,3973270.0
9857,3973744.0
9858,3974259.0
9859,3974312.0
9860,3974354.0
9861,3975261.0
9862,3975409.0
9863,3975528.0
9864,3975561.0
9865,3975805.0
9866,3976243.0
9867,3976350.0
9868,3976758.0
9869,3976821.0
9870,3977065.0
9871,3977164.0
9872,3977305.0
9873,3977332.0
9874,3977359.0
9875,3977396.0
9876,3977630.0
9877,3977960.0
9878,3978301.0
9879,3978893.0
9880,3979677.0
9881,3980178.0
9882,3981640.0
9883,3981886.0
9884,3982136.0
9885,3982305.0
9886,3982425.0
9887,3982932.0
9888,3983069.0
9889,3983127.0
9890,3983404.0
9891,3985271.0
9892,3985760.0
9893,3986075.0
9894,3986924.0
9895,3987096.0
9896,3987259.0
9897,3987346.0
9898,3987362.0
9899,3987567.0
9900,3987665.0
9901,3987994.0
9902,3988105.0
9903,3988549.0
9904,3988667.0
9905,3988786.0
9906,3989191.0
9907,3989213.0
9908,3989866.0
9909,3990259.0
9910,3990874.0
9911,3990960.0
9912,3991525.0
9913,3991957.0
9914,3992274.0
9915,3993001.0
9916,3993754.0
9917,3994781.0
9918,3995154.0
9919,3995293.0
9920,3995631.0
9921,3996180.0
9922,3996422.0
9923,3996667.0
9924,3997086.0
9925,3997439.0
9926,3997544.0
9927,3997645.0
9928,3997664.0
9929,3997689.0
9930,3998009.0
9931,3998019.0
9932,3999496.0
9933,4000087.0
9934,4000091.0
9935,4001092.0
9936,4001183.0
9937,4001216.0
9938,4001252.0
9939,4001385.0
9940,4002329.0
9941,4002404.0
9942,4002952.0
9943,4003160.0
9944,4003207.0
9945,4004797.0
9946,4005736.0
9947,4006067.0
9948,4006220.0
9949,4006656.0
9950,4006763.0
9951,4007046.0
9952,4008078.0
9953,4008396.0
9954,4008542.0
9955,4008965.0
9956,4009222.0
9957,4010426.0
9958,4010427.0
9959,4010742.0
9960,4010788.0
9961,4011040.0
9962,4011145.0
9963,4011348.0
9964,4011647.0
9965,4012833.0
9966,4012861.0
9967,4013091.0
9968,4013127.0
9969,4013203.0
9970,4013386.0
9971,4013467.0
9972,4013770.0
9973,4014108.0
9974,4014499.0
9975,4014773.0
9976,4015897.0
9977,4016055.0
9978,4016581.0
9979,4016911.0
9980,4016934.0
9981,4017364.0
9982,4018001.0
9983,4018677.0
9984,4018826.0
9985,4018879.0
9986,4019190.0
9987,4019226.0
9988,4019577.0
9989,4020234.0
9990,4020236.0
9991,4020984.0
9992,4021087.0
9993,4021230.0
9994,4021332.0
9995,4021666.0
9996,4021819.0
9997,4022344.0
9998,4023208.0
9999,4023330.0
10000,4023481.0
10001,4023533.0
10002,4024020.0
10003,4024497.0
10004,4025292.0
10005,4025481.0
10006,4026575.0
10007,4026677.0
10008,4027658.0
10009,4027726.0
10010,4028086.0
10011,4028252.0
10012,4028360.0
10013,4028502.0
10014,4028805.0
10015,4029814.0
10016,4029848.0
10017,4029849.0
10018,4030665.0
10019,4031213.0
10020,4031745.0
10021,4031820.0
10022,4032250.0
10023,4032322.0
10024,4032842.0
10025,4032904.0
10026,4033200.0
10027,4033646.0
10028,4033656.0
10029,4034291.0
10030,4034313.0
10031,4034821.0
10032,4035478.0
10033,4036704.0
10034,4037245.0
10035,4037593.0
10036,4037905.0
10037,4038500.0
10038,4039274.0
10039,4039814.0
10040,4040608.0
10041,4041024.0
10042,4041043.0
10043,4042302.0
10044,4042331.0
10045,4043894.0
10046,4044782.0
10047,4045243.0
10048,4046377.0
10049,4046457.0
10050,4046468.0
10051,4046662.0
10052,4046874.0
10053,4047381.0
10054,4047387.0
10055,4047460.0
10056,4047923.0
10057,4048207.0
10058,4048555.0
10059,4048612.0
10060,4048798.0
10061,4048840.0
10062,4048937.0
10063,4048970.0
10064,4049062.0
10065,4049470.0
10066,4049965.0
10067,4050356.0
10068,4050823.0
10069,4050934.0
10070,4051010.0
10071,4051166.0
10072,4051385.0
10073,4051597.0
10074,4051659.0
10075,4051882.0
10076,4051889.0
10077,4051988.0
10078,4052027.0
10079,4052410.0
10080,4052416.0
10081,4052487.0
10082,4052888.0
10083,4053983.0
10084,4055550.0
10085,4055879.0
10086,4056430.0
10087,4057187.0
10088,4057540.0
10089,4057817.0
10090,4057823.0
10091,4058480.0
10092,4058979.0
10093,4059051.0
10094,4059165.0
10095,4059184.0
10096,4062049.0
10097,4062063.0
10098,4062878.0
10099,4062901.0
10100,4062972.0
10101,4063127.0
10102,4063272.0
10103,4063513.0
10104,4063695.0
10105,4063818.0
10106,4064317.0
10107,4064659.0
10108,4064806.0
10109,4064874.0
10110,4065218.0
10111,4065479.0
10112,4065635.0
10113,4065883.0
10114,4067021.0
10115,4067950.0
10116,4068042.0
10117,4068078.0
10118,4068749.0
10119,4068846.0
10120,4069087.0
10121,4069266.0
10122,4069351.0
10123,4070095.0
10124,4070167.0
10125,4070463.0
10126,4070758.0
10127,4070779.0
10128,4071459.0
10129,4071868.0
10130,4071996.0
10131,4072411.0
10132,4072819.0
10133,4073223.0
10134,4073276.0
10135,4073667.0
10136,4074467.0
10137,4075178.0
10138,4075672.0
10139,4076404.0
10140,4076691.0
10141,4077215.0
10142,4077369.0
10143,4078062.0
10144,4078270.0
10145,4079116.0
10146,4079504.0
10147,4080060.0
10148,4080107.0
10149,4080522.0
10150,4080849.0
10151,4080862.0
10152,4082493.0
10153,4082506.0
10154,4082513.0
10155,4082718.0
10156,4082959.0
10157,4083318.0
10158,4083578.0
10159,4083709.0
10160,4084325.0
10161,4084461.0
10162,4084527.0
10163,4084569.0
10164,4084591.0
10165,4085180.0
10166,4085446.0
10167,4085593.0
10168,4085789.0
10169,4087695.0
10170,4088300.0
10171,4088551.0
10172,4089065.0
10173,4089690.0
10174,4090001.0
10175,4090102.0
10176,4091097.0
10177,4091162.0
10178,4091672.0
10179,4091916.0
10180,4092001.0
10181,4092236.0
10182,4092393.0
10183,4092822.0
10184,4093060.0
10185,4093080.0
10186,4093422.0
10187,4093500.0
10188,4094247.0
10189,4094511.0
10190,4095493.0
10191,4096101.0
10192,4096278.0
10193,4096399.0
10194,4097707.0
10195,4097893.0
10196,4098284.0
10197,4098452.0
10198,4098616.0
10199,4098674.0
10200,4099183.0
10201,4099220.0
10202,4100311.0
10203,4100805.0
10204,4100951.0
10205,4101225.0
10206,4102420.0
10207,4103599.0
10208,4104038.0
10209,4104444.0
10210,4105424.0
10211,4105902.0
10212,4106187.0
10213,4106294.0
10214,4106591.0
10215,4106629.0
10216,4106880.0
10217,4107152.0
10218,4107269.0
10219,4108033.0
10220,4108209.0
10221,4109122.0
10222,4109221.0
10223,4109460.0
10224,4109578.0
10225,4110494.0
10226,4110610.0
10227,4110838.0
10228,4111146.0
10229,4111576.0
10230,4111722.0
10231,4112040.0
10232,4112524.0
10233,4112545.0
10234,4112775.0
10235,4112809.0
10236,4113087.0
10237,4113799.0
10238,4113874.0
10239,4114030.0
10240,4114231.0
10241,4114709.0
10242,4115433.0
10243,4115501.0
10244,4115674.0
10245,4115812.0
10246,4115927.0
10247,4116715.0
10248,4116774.0
10249,4117162.0
10250,4117354.0
10251,4117486.0
10252,4117505.0
10253,4118111.0
10254,4118214.0
10255,4118384.0
10256,4118999.0
10257,4119120.0
10258,4121176.0
10259,4121424.0
10260,4121986.0
10261,4122752.0
10262,4122809.0
10263,4123188.0
10264,4124041.0
10265,4124144.0
10266,4124811.0
10267,4125542.0
10268,4125874.0
10269,4126025.0
10270,4126181.0
10271,4126443.0
10272,4126516.0
10273,4126778.0
10274,4127170.0
10275,4127422.0
10276,4127510.0
10277,4127939.0
10278,4128016.0
10279,4128047.0
10280,4128551.0
10281,4128611.0
10282,4128743.0
10283,4128879.0
10284,4129546.0
10285,4129740.0
10286,4129875.0
10287,4130082.0
10288,4130343.0
10289,4130608.0
10290,4130786.0
10291,4130961.0
10292,4131388.0
10293,4131398.0
10294,4131429.0
10295,4132193.0
10296,4132197.0
10297,4132272.0
10298,4132351.0
10299,4133868.0
10300,4134145.0
10301,4134169.0
10302,4134225.0
10303,4135129.0
10304,4135298.0
10305,4137355.0
10306,4137722.0
10307,4139882.0
10308,4140485.0
10309,4140618.0
10310,4140726.0
10311,4140970.0
10312,4141033.0
10313,4141442.0
10314,4141481.0
10315,4141558.0
10316,4141720.0
10317,4141870.0
10318,4142455.0
10319,4142910.0
10320,4143183.0
10321,4143385.0
10322,4143645.0
10323,4143733.0
10324,4144467.0
10325,4144633.0
10326,4144795.0
10327,4145045.0
10328,4145090.0
10329,4145492.0
10330,4145724.0
10331,4146117.0
10332,4146415.0
10333,4146825.0
10334,4146995.0
10335,4147203.0
10336,4147308.0
10337,4147385.0
10338,4148097.0
10339,4148198.0
10340,4148264.0
10341,4148322.0
10342,4148997.0
10343,4149017.0
10344,4149641.0
10345,4149802.0
10346,4149942.0
10347,4150064.0
10348,4150209.0
10349,4151861.0
10350,4152000.0
10351,4152712.0
10352,4152867.0
10353,4152946.0
10354,4153009.0
10355,4153734.0
10356,4153890.0
10357,4154126.0
10358,4154508.0
10359,4154646.0
10360,4154730.0
10361,4155229.0
10362,4155399.0
10363,4155415.0
10364,4155553.0
10365,4155960.0
10366,4156053.0
10367,4156149.0
10368,4156629.0
10369,4156664.0
10370,4156674.0
10371,4156960.0
10372,4157170.0
10373,4157416.0
10374,4157424.0
10375,4157637.0
10376,4157797.0
10377,4158176.0
10378,4158377.0
10379,4158427.0
10380,4158758.0
10381,4158842.0
10382,4158879.0
10383,4158908.0
10384,4159052.0
10385,4159098.0
10386,4159227.0
10387,4159277.0
10388,4159668.0
10389,4160808.0
10390,4161007.0
10391,4162010.0
10392,4162824.0
10393,4162905.0
10394,4163208.0
10395,4163530.0
10396,4163640.0
10397,4163869.0
10398,4164384.0
10399,4165006.0
10400,4165338.0
10401,4165436.0
10402,4165967.0
10403,4166065.0
10404,4166645.0
10405,4166713.0
10406,4166799.0
10407,4166936.0
10408,4167407.0
10409,4168794.0
10410,4168892.0
10411,4168924.0
10412,4169333.0
10413,4169374.0
10414,4169985.0
10415,4170376.0
10416,4170594.0
10417,4171825.0
10418,4172008.0
10419,4172861.0
10420,4173053.0
10421,4173331.0
10422,4173554.0
10423,4173731.0
10424,4174314.0
10425,4174748.0
10426,4175104.0
10427,4175371.0
10428,4175592.0
10429,4175916.0
10430,4176070.0
10431,4176107.0
10432,4176794.0
10433,4176942.0
10434,4177058.0
10435,4177098.0
10436,4177357.0
10437,4178442.0
10438,4179160.0
10439,4179188.0
10440,4179324.0
10441,4179358.0
10442,4179523.0
10443,4179664.0
10444,4179842.0
10445,4180018.0
10446,4181505.0
10447,4181556.0
10448,4181663.0
10449,4181674.0
10450,4181850.0
10451,4182844.0
10452,4183184.0
10453,4183300.0
10454,4183546.0
10455,4183741.0
10456,4183865.0
10457,4184329.0
10458,4184422.0
10459,4184642.0
10460,4184937.0
10461,4184975.0
10462,4185120.0
10463,4185242.0
10464,4185258.0
10465,4185698.0
10466,4186617.0
10467,4187427.0
10468,4188015.0
10469,4188149.0
10470,4189334.0
10471,4190145.0
10472,4190885.0
10473,4192044.0
10474,4193357.0
10475,4193893.0
10476,4194800.0
10477,4195309.0
10478,4196686.0
10479,4196719.0
10480,4197668.0
10481,4198000.0
10482,4198301.0
10483,4198441.0
10484,4198644.0
10485,4198981.0
10486,4199004.0
10487,4199554.0
10488,4199633.0
10489,4199732.0
10490,4200076.0
10491,4200249.0
10492,4200374.0
10493,4200383.0
10494,4200451.0
10495,4200614.0
10496,4200647.0
10497,4200922.0
10498,4201433.0
10499,4201513.0
10500,4201873.0
10501,4202963.0
10502,4203538.0
10503,4203648.0
10504,4203819.0
10505,4204025.0
10506,4204040.0
10507,4204712.0
10508,4205088.0
10509,4206066.0
10510,4206857.0
10511,4207112.0
10512,4207907.0
10513,4208637.0
10514,4209313.0
10515,4209873.0
10516,4210648.0
10517,4210701.0
10518,4210721.0
10519,4211112.0
10520,4211130.0
10521,4211555.0
10522,4212435.0
10523,4212974.0
10524,4213653.0
10525,4214057.0
10526,4214195.0
10527,4215399.0
10528,4215512.0
10529,4215578.0
10530,4216326.0
10531,4216434.0
10532,4216942.0
10533,4217266.0
10534,4217554.0
10535,4217580.0
10536,4217782.0
10537,4219813.0
10538,4221207.0
10539,4221843.0
10540,4221915.0
10541,4225194.0
10542,4226312.0
10543,4227343.0
10544,4227380.0
10545,4227415.0
10546,4227459.0
10547,4227628.0
10548,4227797.0
10549,4227800.0
10550,4228298.0
10551,4228475.0
10552,4229006.0
10553,4229018.0
10554,4229665.0
10555,4229710.0
10556,4229768.0
10557,4229877.0
10558,4230244.0
10559,4230513.0
10560,4230616.0
10561,4230827.0
10562,4231929.0
10563,4232513.0
10564,4234065.0
10565,4234083.0
10566,4234991.0
10567,4234998.0
10568,4235249.0
10569,4235532.0
10570,4235677.0
10571,4236091.0
10572,4236360.0
10573,4236498.0
10574,4236619.0
10575,4237241.0
10576,4237348.0
10577,4237449.0
10578,4239763.0
10579,4240008.0
10580,4240980.0
10581,4241193.0
10582,4241451.0
10583,4242886.0
10584,4244142.0
10585,4244537.0
10586,4244568.0
10587,4244903.0
10588,4244948.0
10589,4246089.0
10590,4247333.0
10591,4248685.0
10592,4248738.0
10593,4248993.0
10594,4249088.0
10595,4249625.0
10596,4249686.0
10597,4249947.0
10598,4250504.0
10599,4251469.0
10600,4251684.0
10601,4251690.0
10602,4251759.0
10603,4251766.0
10604,4251795.0
10605,4252045.0
10606,4252168.0
10607,4253077.0
10608,4253992.0
10609,4254759.0
10610,4255072.0
10611,4256038.0
10612,4256260.0
10613,4256551.0
10614,4257145.0
10615,4257214.0
10616,4257536.0
10617,4257689.0
10618,4257737.0
10619,4257805.0
10620,4257993.0
10621,4258040.0
10622,4258326.0
10623,4258778.0
10624,4258909.0
10625,4260230.0
10626,4260360.0
10627,4260837.0
10628,4261223.0
10629,4261262.0
10630,4262013.0
10631,4262208.0
10632,4262556.0
10633,4263362.0
10634,4263606.0
10635,4264636.0
10636,4265247.0
10637,4266084.0
10638,4267221.0
10639,4267512.0
10640,4268206.0
10641,4268510.0
10642,4268538.0
10643,4268595.0
10644,4268697.0
10645,4269256.0
10646,4269773.0
10647,4270186.0
10648,4270381.0
10649,4271263.0
10650,4271293.0
10651,4271505.0
10652,4271781.0
10653,4271797.0
10654,4271942.0
10655,4272595.0
10656,4272662.0
10657,4272846.0
10658,4273322.0
10659,4273469.0
10660,4273586.0
10661,4273851.0
10662,4274089.0
10663,4274138.0
10664,4274314.0
10665,4274362.0
10666,4274763.0
10667,4274822.0
10668,4274842.0
10669,4275468.0
10670,4275610.0
10671,4275996.0
10672,4276296.0
10673,4276335.0
10674,4276575.0
10675,4276669.0
10676,4277254.0
10677,4277458.0
10678,4277475.0
10679,4277581.0
10680,4279306.0
10681,4279555.0
10682,4280224.0
10683,4280639.0
10684,4280912.0
10685,4281702.0
10686,4282167.0
10687,4282234.0
10688,4282368.0
10689,4283468.0
10690,4283838.0
10691,4284751.0
10692,4285416.0
10693,4285445.0
10694,4286577.0
10695,4286801.0
10696,4286853.0
10697,4287454.0
10698,4287554.0
10699,4287606.0
10700,4287723.0
10701,4287884.0
10702,4287885.0
10703,4287905.0
10704,4288095.0
10705,4288111.0
10706,4288163.0
10707,4288614.0
10708,4288966.0
10709,4289357.0
10710,4289401.0
10711,4289704.0
10712,4290232.0
10713,4290467.0
10714,4291176.0
10715,4291565.0
10716,4291888.0
10717,4291983.0
10718,4292053.0
10719,4292149.0
10720,4292832.0
10721,4294330.0
10722,4295064.0
10723,4295749.0
10724,4295966.0
10725,4296287.0
10726,4296367.0
10727,4296914.0
10728,4297576.0
10729,4297635.0
10730,4298441.0
10731,4298948.0
10732,4299840.0
10733,4300095.0
10734,4300490.0
10735,4300595.0
10736,4300927.0
10737,4301054.0
10738,4301103.0
10739,4301359.0
10740,4302167.0
10741,4302260.0
10742,4303061.0
10743,4303096.0
10744,4303169.0
10745,4303713.0
10746,4303868.0
10747,4303981.0
10748,4304587.0
10749,4304607.0
10750,4304762.0
10751,4304829.0
10752,4305101.0
10753,4305870.0
10754,4306335.0
10755,4307411.0
10756,4307422.0
10757,4307510.0
10758,4307541.0
10759,4307624.0
10760,4308219.0
10761,4308564.0
10762,4308959.0
10763,4309030.0
10764,4309178.0
10765,4309597.0
10766,4310429.0
10767,4310682.0
10768,4312909.0
10769,4313314.0
10770,4313580.0
10771,4313965.0
10772,4314400.0
10773,4316170.0
10774,4316926.0
10775,4317868.0
10776,4319464.0
10777,4319764.0
10778,4320051.0
10779,4320361.0
10780,4320375.0
10781,4320449.0
10782,4321202.0
10783,4322032.0
10784,4322248.0
10785,4322377.0
10786,4322612.0
10787,4322803.0
10788,4322819.0
10789,4322897.0
10790,4323200.0
10791,4323264.0
10792,4323469.0
10793,4323563.0
10794,4324523.0
10795,4324576.0
10796,4324776.0
10797,4325080.0
10798,4325521.0
10799,4325799.0
10800,4326120.0
10801,4326133.0
10802,4326278.0
10803,4326813.0
10804,4327352.0
10805,4327440.0
10806,4327735.0
10807,4328142.0
10808,4328688.0
10809,4329164.0
10810,4329263.0
10811,4329684.0
10812,4330215.0
10813,4330456.0
10814,4331041.0
10815,4331263.0
10816,4331327.0
10817,4331390.0
10818,4331394.0
10819,4332029.0
10820,4332133.0
10821,4332705.0
10822,4332738.0
10823,4333000.0
10824,4333305.0
10825,4333346.0
10826,4334271.0
10827,4336412.0
10828,4336527.0
10829,4336749.0
10830,4337287.0
10831,4337794.0
10832,4338444.0
10833,4338769.0
10834,4339087.0
10835,4339154.0
10836,4339673.0
10837,4340154.0
10838,4340208.0
10839,4340327.0
10840,4340439.0
10841,4340893.0
10842,4341240.0
10843,4341687.0
10844,4341891.0
10845,4341899.0
10846,4342379.0
10847,4342463.0
10848,4343013.0
10849,4343531.0
10850,4344105.0
10851,4344559.0
10852,4344960.0
10853,4345159.0
10854,4345609.0
10855,4345727.0
10856,4345743.0
10857,4346470.0
10858,4346625.0
10859,4346660.0
10860,4346672.0
10861,4346735.0
10862,4347214.0
10863,4347623.0
10864,4347953.0
10865,4348569.0
10866,4348834.0
10867,4349046.0
10868,4349287.0
10869,4349567.0
10870,4350358.0
10871,4350737.0
10872,4351301.0
10873,4351655.0
10874,4351814.0
10875,4351854.0
10876,4352383.0
10877,4352683.0
10878,4352722.0
10879,4353529.0
10880,4353532.0
10881,4353625.0
10882,4353969.0
10883,4354814.0
10884,4356342.0
10885,4356639.0
10886,4356890.0
10887,4357373.0
10888,4357805.0
10889,4357891.0
10890,4358724.0
10891,4359247.0
10892,4359499.0
10893,4359751.0
10894,4360958.0
10895,4361918.0
10896,4362411.0
10897,4363297.0
10898,4363971.0
10899,4363991.0
10900,4364022.0
10901,4364311.0
10902,4364861.0
10903,4365085.0
10904,4365323.0
10905,4365670.0
10906,4365679.0
10907,4366227.0
10908,4366756.0
10909,4367133.0
10910,4367795.0
10911,4368026.0
10912,4368148.0
10913,4368250.0
10914,4368951.0
10915,4369059.0
10916,4370029.0
10917,4370559.0
10918,4371188.0
10919,4371497.0
10920,4371791.0
10921,4372680.0
10922,4372884.0
10923,4373214.0
10924,4373681.0
10925,4373980.0
10926,4374883.0
10927,4375135.0
10928,4375262.0
10929,4376351.0
10930,4376535.0
10931,4376842.0
10932,4377084.0
10933,4377819.0
10934,4378430.0
10935,4379200.0
10936,4379922.0
10937,4380075.0
10938,4380554.0
10939,4380862.0
10940,4381479.0
10941,4381598.0
10942,4382826.0
10943,4383349.0
10944,4383663.0
10945,4384015.0
10946,4384151.0
10947,4384470.0
10948,4384741.0
10949,4384749.0
10950,4384978.0
10951,4385479.0
10952,4386464.0
10953,4386908.0
10954,4388005.0
10955,4388026.0
10956,4388156.0
10957,4388877.0
10958,4389035.0
10959,4389620.0
10960,4389692.0
10961,4390719.0
10962,4390877.0
10963,4390976.0
10964,4391346.0
10965,4391413.0
10966,4391544.0
10967,4392040.0
10968,4392211.0
10969,4392407.0
10970,4393300.0
10971,4393831.0
10972,4394275.0
10973,4394483.0
10974,4394669.0
10975,4394754.0
10976,4395032.0
10977,4396806.0
10978,4396896.0
10979,4397137.0
10980,4397450.0
10981,4397781.0
10982,4397860.0
10983,4398280.0
10984,4398574.0
10985,4398785.0
10986,4399091.0
10987,4399816.0
10988,4399850.0
10989,4400136.0
10990,4400527.0
10991,4400773.0
10992,4400988.0
10993,4402016.0
10994,4402238.0
10995,4402646.0
10996,4402789.0
10997,4402879.0
10998,4403025.0
10999,4403199.0
11000,4403497.0
11001,4404438.0
11002,4404569.0
11003,4404716.0
11004,4405033.0
11005,4405691.0
11006,4405811.0
11007,4405870.0
11008,4406053.0
11009,4406148.0
11010,4406373.0
11011,4406775.0
11012,4406927.0
11013,4408123.0
11014,4408375.0
11015,4409159.0
11016,4409247.0
11017,4409356.0
11018,4409476.0
11019,4409623.0
11020,4409663.0
11021,4410009.0
11022,4411370.0
11023,4412225.0
11024,4412441.0
11025,4412583.0
11026,4412597.0
11027,4412810.0
11028,4413322.0
11029,4413417.0
11030,4414287.0
11031,4414614.0
11032,4414701.0
11033,4414799.0
11034,4415160.0
11035,4416238.0
11036,4417132.0
11037,4417462.0
11038,4417505.0
11039,4418255.0
11040,4418566.0
11041,4419773.0
11042,4420238.0
11043,4420246.0
11044,4420389.0
11045,4420617.0
11046,4421138.0
11047,4421355.0
11048,4421432.0
11049,4422006.0
11050,4422343.0
11051,4422732.0
11052,4423051.0
11053,4423310.0
11054,4423609.0
11055,4424634.0
11056,4425236.0
11057,4426275.0
11058,4426555.0
11059,4427225.0
11060,4427330.0
11061,4427406.0
11062,4427515.0
11063,4427641.0
11064,4427896.0
11065,4428151.0
11066,4428435.0
11067,4428660.0
11068,4429025.0
11069,4430365.0
11070,4430618.0
11071,4431949.0
11072,4432206.0
11073,4433108.0
11074,4433130.0
11075,4433437.0
11076,4433483.0
11077,4433927.0
11078,4433998.0
11079,4434340.0
11080,4435578.0
11081,4435614.0
11082,4435657.0
11083,4436074.0
11084,4436467.0
11085,4436861.0
11086,4437145.0
11087,4437422.0
11088,4438093.0
11089,4438346.0
11090,4439277.0
11091,4439348.0
11092,4439376.0
11093,4441328.0
11094,4442048.0
11095,4442679.0
11096,4443214.0
11097,4443317.0
11098,4443503.0
11099,4443975.0
11100,4445058.0
11101,4445513.0
11102,4445616.0
11103,4446144.0
11104,4446410.0
11105,4446576.0
11106,4446734.0
11107,4447432.0
11108,4447569.0
11109,4447789.0
11110,4447930.0
11111,4447939.0
11112,4448398.0
11113,4448442.0
11114,4448500.0
11115,4449332.0
11116,4449335.0
11117,4449686.0
11118,4449995.0
11119,4450348.0
11120,4450550.0
11121,4450771.0
11122,4451138.0
11123,4451572.0
11124,4451868.0
11125,4452515.0
11126,4452629.0
11127,4453073.0
11128,4453433.0
11129,4454467.0
11130,4455172.0
11131,4455248.0
11132,4455957.0
11133,4455978.0
11134,4456489.0
11135,4456820.0
11136,4456933.0
11137,4457414.0
11138,4457421.0
11139,4457562.0
11140,4457889.0
11141,4458762.0
11142,4459558.0
11143,4459735.0
11144,4459919.0
11145,4460095.0
11146,4460328.0
11147,4460918.0
11148,4461114.0
11149,4461457.0
11150,4461506.0
11151,4461758.0
11152,4462208.0
11153,4462247.0
11154,4462431.0
11155,4462539.0
11156,4462930.0
11157,4464023.0
11158,4464801.0
11159,4464907.0
11160,4466037.0
11161,4466044.0
11162,4466507.0
11163,4466667.0
11164,4466871.0
11165,4467098.0
11166,4467938.0
11167,4467947.0
11168,4469191.0
11169,4469402.0
11170,4470356.0
11171,4471117.0
11172,4471165.0
11173,4471561.0
11174,4471735.0
11175,4472392.0
11176,4472425.0
11177,4472882.0
11178,4475065.0
11179,4475213.0
11180,4475252.0
11181,4475332.0
11182,4475431.0
11183,4475537.0
11184,4475563.0
11185,4475909.0
11186,4476982.0
11187,4477638.0
11188,4478197.0
11189,4478511.0
11190,4478535.0
11191,4478699.0
11192,4478974.0
11193,4479554.0
11194,4480002.0
11195,4480492.0
11196,4480893.0
11197,4480937.0
11198,4481082.0
11199,4481185.0
11200,4481484.0
11201,4481565.0
11202,4481933.0
11203,4482055.0
11204,4482342.0
11205,4482451.0
11206,4482651.0
11207,4483340.0
11208,4483854.0
11209,4484187.0
11210,4484199.0
11211,4484309.0
11212,4484668.0
11213,4485239.0
11214,4485319.0
11215,4485428.0
11216,4486174.0
11217,4486283.0
11218,4486765.0
11219,4487113.0
11220,4487244.0
11221,4487645.0
11222,4487764.0
11223,4488131.0
11224,4488471.0
11225,4488518.0
11226,4489569.0
11227,4490000.0
11228,4490003.0
11229,4490365.0
11230,4490870.0
11231,4491111.0
11232,4491175.0
11233,4491443.0
11234,4491477.0
11235,4491608.0
11236,4492120.0
11237,4494551.0
11238,4494706.0
11239,4495120.0
11240,4495814.0
11241,4496093.0
11242,4496570.0
11243,4496936.0
11244,4497233.0
11245,4497376.0
11246,4497719.0
11247,4498121.0
11248,4498731.0
11249,4498870.0
11250,4499812.0
11251,4500226.0
11252,4500572.0
11253,4500702.0
11254,4501356.0
11255,4501696.0
11256,4501801.0
11257,4501903.0
11258,4501954.0
11259,4501996.0
11260,4502132.0
11261,4502248.0
11262,4502421.0
11263,4502595.0
11264,4502728.0
11265,4502972.0
11266,4503555.0
11267,4504005.0
11268,4504974.0
11269,4505026.0
11270,4505616.0
11271,4506220.0
11272,4506731.0
11273,4507215.0
11274,4507311.0
11275,4507354.0
11276,4507982.0
11277,4508655.0
11278,4508966.0
11279,4509036.0
11280,4509324.0
11281,4509420.0
11282,4511856.0
11283,4512075.0
11284,4512734.0
11285,4512824.0
11286,4513986.0
11287,4516011.0
11288,4516256.0
11289,4516395.0
11290,4516402.0
11291,4517078.0
11292,4517589.0
11293,4517654.0
11294,4518133.0
11295,4518596.0
11296,4518826.0
11297,4519260.0
11298,4520278.0
11299,4520976.0
11300,4521401.0
11301,4522347.0
11302,4522706.0
11303,4522888.0
11304,4523680.0
11305,4523788.0
11306,4524017.0
11307,4525961.0
11308,4526459.0
11309,4526706.0
11310,4527367.0
11311,4527500.0
11312,4528567.0
11313,4528842.0
11314,4529592.0
11315,4529653.0
11316,4529711.0
11317,4529824.0
11318,4530012.0
11319,4530615.0
11320,4530723.0
11321,4530926.0
11322,4531410.0
11323,4531639.0
11324,4532535.0
11325,4533694.0
11326,4534477.0
11327,4535082.0
11328,4535667.0
11329,4536027.0
11330,4536252.0
11331,4536373.0
11332,4536522.0
11333,4536579.0
11334,4536649.0
11335,4536760.0
11336,4536864.0
11337,4537502.0
11338,4537927.0
11339,4538017.0
11340,4538488.0
11341,4538895.0
11342,4539007.0
11343,4539438.0
11344,4539542.0
11345,4539655.0
11346,4539983.0
11347,4540523.0
11348,4540791.0
11349,4542626.0
11350,4543174.0
11351,4544120.0
11352,4544607.0
11353,4544842.0
11354,4544925.0
11355,4545411.0
11356,4545882.0
11357,4546065.0
11358,4546262.0
11359,4547071.0
11360,4547176.0
11361,4547222.0
11362,4547272.0
11363,4547509.0
11364,4547758.0
11365,4548132.0
11366,4548235.0
11367,4548534.0
11368,4548888.0
11369,4548922.0
11370,4549292.0
11371,4549355.0
11372,4549868.0
11373,4550230.0
11374,4550533.0
11375,4551183.0
11376,4551204.0
11377,4551350.0
11378,4551810.0
11379,4552130.0
11380,4552772.0
11381,4552965.0
11382,4553083.0
11383,4553627.0
11384,4553954.0
11385,4554483.0
11386,4554607.0
11387,4554784.0
11388,4555092.0
11389,4555372.0
11390,4556836.0
11391,4557152.0
11392,4557504.0
11393,4558376.0
11394,4559266.0
11395,4560103.0
11396,4560244.0
11397,4560546.0
11398,4560573.0
11399,4561529.0
11400,4561758.0
11401,4561969.0
11402,4562333.0
11403,4565144.0
11404,4565767.0
11405,4565813.0
11406,4566339.0
11407,4567079.0
11408,4567227.0
11409,4567612.0
11410,4567613.0
11411,4567715.0
11412,4569262.0
11413,4569871.0
11414,4570165.0
11415,4572760.0
11416,4572824.0
11417,4573615.0
11418,4573801.0
11419,4574157.0
11420,4574290.0
11421,4574414.0
11422,4574424.0
11423,4574621.0
11424,4574861.0
11425,4574932.0
11426,4575452.0
11427,4576056.0
11428,4576306.0
11429,4576550.0
11430,4576619.0
11431,4577132.0
11432,4577209.0
11433,4577677.0
11434,4577763.0
11435,4578286.0
11436,4578619.0
11437,4578724.0
11438,4579094.0
11439,4579278.0
11440,4579370.0
11441,4579557.0
11442,4579856.0
11443,4580484.0
11444,4581638.0
11445,4581888.0
11446,4582068.0
11447,4582207.0
11448,4583303.0
11449,4583382.0
11450,4583926.0
11451,4584026.0
11452,4584371.0
11453,4584806.0
11454,4585183.0
11455,4585652.0
11456,4586224.0
11457,4586514.0
11458,4587107.0
11459,4590036.0
11460,4590071.0
11461,4590830.0
11462,4591096.0
11463,4591171.0
11464,4591271.0
11465,4591775.0
11466,4592290.0
11467,4592341.0
11468,4592568.0
11469,4593153.0
11470,4593169.0
11471,4593715.0
11472,4595146.0
11473,4596469.0
11474,4596906.0
11475,4596944.0
11476,4597056.0
11477,4598278.0
11478,4599075.0
11479,4599502.0
11480,4601707.0
11481,4601857.0
11482,4602122.0
11483,4602425.0
11484,4603537.0
11485,4604940.0
11486,4605400.0
11487,4605589.0
11488,4605901.0
11489,4606462.0
11490,4606702.0
11491,4607465.0
11492,4607701.0
11493,4608198.0
11494,4608420.0
11495,4609001.0
11496,4609003.0
11497,4609218.0
11498,4609568.0
11499,4609617.0
11500,4610007.0
11501,4610094.0
11502,4610115.0
11503,4610202.0
11504,4610221.0
11505,4611375.0
11506,4611553.0
11507,4611671.0
11508,4611992.0
11509,4612616.0
11510,4612768.0
11511,4612862.0
11512,4612989.0
11513,4613306.0
11514,4613891.0
11515,4614443.0
11516,4614721.0
11517,4614914.0
11518,4614941.0
11519,4615015.0
11520,4615040.0
11521,4615813.0
11522,4616033.0
11523,4616849.0
11524,4617316.0
11525,4617323.0
11526,4618385.0
11527,4619430.0
11528,4619858.0
11529,4619864.0
11530,4620028.0
11531,4620320.0
11532,4620357.0
11533,4620530.0
11534,4620550.0
11535,4620774.0
11536,4620798.0
11537,4621462.0
11538,4621494.0
11539,4621662.0
11540,4621734.0
11541,4621991.0
11542,4622343.0
11543,4622659.0
11544,4623053.0
11545,4623257.0
11546,4623847.0
11547,4623926.0
11548,4624427.0
11549,4625331.0
11550,4625390.0
11551,4625402.0
11552,4625474.0
11553,4625935.0
11554,4625984.0
11555,4626530.0
11556,4626790.0
11557,4626951.0
11558,4627212.0
11559,4627286.0
11560,4627541.0
11561,4628747.0
11562,4629564.0
11563,4629656.0
11564,4629694.0
11565,4629799.0
11566,4629863.0
11567,4630009.0
11568,4630544.0
11569,4630594.0
11570,4630772.0
11571,4631219.0
11572,4631446.0
11573,4632735.0
11574,4632747.0
11575,4633336.0
11576,4633387.0
11577,4633632.0
11578,4633695.0
11579,4633937.0
11580,4633985.0
11581,4634051.0
11582,4634275.0
11583,4634317.0
11584,4634343.0
11585,4634567.0
11586,4635049.0
11587,4635204.0
11588,4635401.0
11589,4636160.0
11590,4637045.0
11591,4637864.0
11592,4637988.0
11593,4638564.0
11594,4638717.0
11595,4639354.0
11596,4640820.0
11597,4640919.0
11598,4640958.0
11599,4640984.0
11600,4641070.0
11601,4641281.0
11602,4641414.0
11603,4641511.0
11604,4641977.0
11605,4642090.0
11606,4642294.0
11607,4642916.0
11608,4644284.0
11609,4644906.0
11610,4645310.0
11611,4645429.0
11612,4647414.0
11613,4647851.0
11614,4648010.0
11615,4648323.0
11616,4649107.0
11617,4649122.0
11618,4650985.0
11619,4651013.0
11620,4651083.0
11621,4651184.0
11622,4652195.0
11623,4652644.0
11624,4652712.0
11625,4653105.0
11626,4653124.0
11627,4653347.0
11628,4653913.0
11629,4654095.0
11630,4654440.0
11631,4655096.0
11632,4655236.0
11633,4655733.0
11634,4655851.0
11635,4655916.0
11636,4656386.0
11637,4656700.0
11638,4656759.0
11639,4657023.0
11640,4657501.0
11641,4658293.0
11642,4659029.0
11643,4659471.0
11644,4659536.0
11645,4660015.0
11646,4660273.0
11647,4660374.0
11648,4661023.0
11649,4661027.0
11650,4661151.0
11651,4661425.0
11652,4661574.0
11653,4662589.0
11654,4663389.0
11655,4664185.0
11656,4664553.0
11657,4664695.0
11658,4664785.0
11659,4665396.0
11660,4665851.0
11661,4666191.0
11662,4667037.0
11663,4667611.0
11664,4667627.0
11665,4667925.0
11666,4668040.0
11667,4669428.0
11668,4670485.0
11669,4670715.0
11670,4670852.0
11671,4671285.0
11672,4672772.0
11673,4674105.0
11674,4674381.0
11675,4674396.0
11676,4674657.0
11677,4674717.0
11678,4675440.0
11679,4676183.0
11680,4676489.0
11681,4676578.0
11682,4676634.0
11683,4676693.0
11684,4677189.0
11685,4677309.0
11686,4677312.0
11687,4677374.0
11688,4677959.0
11689,4677989.0
11690,4678198.0
11691,4678409.0
11692,4678717.0
11693,4678947.0
11694,4680817.0
11695,4680878.0
11696,4680921.0
11697,4680950.0
11698,4681175.0
11699,4681588.0
11700,4682031.0
11701,4682458.0
11702,4682723.0
11703,4683042.0
11704,4683638.0
11705,4684491.0
11706,4684729.0
11707,4685060.0
11708,4685231.0
11709,4685396.0
11710,4686351.0
11711,4686949.0
11712,4687497.0
11713,4687666.0
11714,4688549.0
11715,4688780.0
11716,4690152.0
11717,4690352.0
11718,4690838.0
11719,4691757.0
11720,4692160.0
11721,4692340.0
11722,4692982.0
11723,4693182.0
11724,4693289.0
11725,4693798.0
11726,4694602.0
11727,4695022.0
11728,4696018.0
11729,4696212.0
11730,4696615.0
11731,4696862.0
11732,4697166.0
11733,4697357.0
11734,4697371.0
11735,4697880.0
11736,4698222.0
11737,4698476.0
11738,4698654.0
11739,4699844.0
11740,4699943.0
11741,4700881.0
11742,4701239.0
11743,4701380.0
11744,4702833.0
11745,4702840.0
11746,4703800.0
11747,4704171.0
11748,4704245.0
11749,4704423.0
11750,4704636.0
11751,4704715.0
11752,4704992.0
11753,4705482.0
11754,4706260.0
11755,4706498.0
11756,4706575.0
11757,4706596.0
11758,4706814.0
11759,4706821.0
11760,4707080.0
11761,4707373.0
11762,4708080.0
11763,4708196.0
11764,4708929.0
11765,4708960.0
11766,4709368.0
11767,4709531.0
11768,4710835.0
11769,4711058.0
11770,4711123.0
11771,4711189.0
11772,4711347.0
11773,4711543.0
11774,4711755.0
11775,4712422.0
11776,4713530.0
11777,4713635.0
11778,4713849.0
11779,4714096.0
11780,4714112.0
11781,4714200.0
11782,4714280.0
11783,4714308.0
11784,4714833.0
11785,4714978.0
11786,4715162.0
11787,4715453.0
11788,4715919.0
11789,4716129.0
11790,4716424.0
11791,4716478.0
11792,4716501.0
11793,4716968.0
11794,4717026.0
11795,4717240.0
11796,4717281.0
11797,4717611.0
11798,4718087.0
11799,4718223.0
11800,4718296.0
11801,4718437.0
11802,4718546.0
11803,4718749.0
11804,4719095.0
11805,4719318.0
11806,4719394.0
11807,4719467.0
11808,4719947.0
11809,4720917.0
11810,4720975.0
11811,4721051.0
11812,4721109.0
11813,4721255.0
11814,4721539.0
11815,4721935.0
11816,4722267.0
11817,4722279.0
11818,4722957.0
11819,4723261.0
11820,4723718.0
11821,4724079.0
11822,4724785.0
11823,4725497.0
11824,4725595.0
11825,4725962.0
11826,4726623.0
11827,4726876.0
11828,4726976.0
11829,4727523.0
11830,4727777.0
11831,4728381.0
11832,4728596.0
11833,4728930.0
11834,4729363.0
11835,4729786.0
11836,4730669.0
11837,4730746.0
11838,4730901.0
11839,4731268.0
11840,4731352.0
11841,4732167.0
11842,4732379.0
11843,4733118.0
11844,4733735.0
11845,4733852.0
11846,4734475.0
11847,4734845.0
11848,4735128.0
11849,4735303.0
11850,4735343.0
11851,4735847.0
11852,4736462.0
11853,4737241.0
11854,4737746.0
11855,4738129.0
11856,4738653.0
11857,4738914.0
11858,4739395.0
11859,4739514.0
11860,4739806.0
11861,4740603.0
11862,4740873.0
11863,4740923.0
11864,4741000.0
11865,4741432.0
11866,4741764.0
11867,4741877.0
11868,4742028.0
11869,4742080.0
11870,4742127.0
11871,4743103.0
11872,4743239.0
11873,4743546.0
11874,4743843.0
11875,4744719.0
11876,4745106.0
11877,4745269.0
11878,4745701.0
11879,4746168.0
11880,4746455.0
11881,4746681.0
11882,4746837.0
11883,4747234.0
11884,4747327.0
11885,4747383.0
11886,4747457.0
11887,4747465.0
11888,4747705.0
11889,4747753.0
11890,4748261.0
11891,4748683.0
11892,4748724.0
11893,4748886.0
11894,4750205.0
11895,4750227.0
11896,4750428.0
11897,4750893.0
11898,4751110.0
11899,4751855.0
11900,4752069.0
11901,4752299.0
11902,4753160.0
11903,4754043.0
11904,4754121.0
11905,4754767.0
11906,4754881.0
11907,4756152.0
11908,4756656.0
11909,4757052.0
11910,4757548.0
11911,4757771.0
11912,4758143.0
11913,4758282.0
11914,4758394.0
11915,4758877.0
11916,4758971.0
11917,4759125.0
11918,4759195.0
11919,4759611.0
11920,4759621.0
11921,4759831.0
11922,4760774.0
11923,4761222.0
11924,4761331.0
11925,4761454.0
11926,4761815.0
11927,4763328.0
11928,4763429.0
11929,4763776.0
11930,4764019.0
11931,4764428.0
11932,4764998.0
11933,4765326.0
11934,4765681.0
11935,4765687.0
11936,4766037.0
11937,4766054.0
11938,4766369.0
11939,4766372.0
11940,4766534.0
11941,4767541.0
11942,4768937.0
11943,4769190.0
11944,4769396.0
11945,4769815.0
11946,4770010.0
11947,4770388.0
11948,4770673.0
11949,4770846.0
11950,4771390.0
11951,4771487.0
11952,4771496.0
11953,4772012.0
11954,4772312.0
11955,4772339.0
11956,4772926.0
11957,4773375.0
11958,4773462.0
11959,4773482.0
11960,4773727.0
11961,4774093.0
11962,4774587.0
11963,4774861.0
11964,4774999.0
11965,4775003.0
11966,4775065.0
11967,4775276.0
11968,4775293.0
11969,4776400.0
11970,4776599.0
11971,4777350.0
11972,4777791.0
11973,4778329.0
11974,4778844.0
11975,4779035.0
11976,4779219.0
11977,4779408.0
11978,4779476.0
11979,4779546.0
11980,4782188.0
11981,4784170.0
11982,4784429.0
11983,4784772.0
11984,4785124.0
11985,4785577.0
11986,4785984.0
11987,4786110.0
11988,4786790.0
11989,4787029.0
11990,4788238.0
11991,4789288.0
11992,4789715.0
11993,4789802.0
11994,4789982.0
11995,4790023.0
11996,4791074.0
11997,4791515.0
11998,4792119.0
11999,4792264.0
12000,4792455.0
12001,4792532.0
12002,4792556.0
12003,4792670.0
12004,4792740.0
12005,4792816.0
12006,4792915.0
12007,4793053.0
12008,4793500.0
12009,4793813.0
12010,4793833.0
12011,4794581.0
12012,4794687.0
12013,4795072.0
12014,4795262.0
12015,4795709.0
12016,4796742.0
12017,4797678.0
12018,4798162.0
12019,4798283.0
12020,4798335.0
12021,4798599.0
12022,4799023.0
12023,4799713.0
12024,4800311.0
12025,4801074.0
12026,4801135.0
12027,4801244.0
12028,4801418.0
12029,4801435.0
12030,4802284.0
12031,4802814.0
12032,4803145.0
12033,4803415.0
12034,4803442.0
12035,4803599.0
12036,4803701.0
12037,4803870.0
12038,4804012.0
12039,4804339.0
12040,4804940.0
12041,4805031.0
12042,4805110.0
12043,4805816.0
12044,4806395.0
12045,4806597.0
12046,4806809.0
12047,4806825.0
12048,4806985.0
12049,4807231.0
12050,4807604.0
12051,4807895.0
12052,4808056.0
12053,4808137.0
12054,4808145.0
12055,4808857.0
12056,4808922.0
12057,4809994.0
12058,4810304.0
12059,4811000.0
12060,4811115.0
12061,4811621.0
12062,4811776.0
12063,4812216.0
12064,4813537.0
12065,4813546.0
12066,4813651.0
12067,4813989.0
12068,4814131.0
12069,4814538.0
12070,4814954.0
12071,4815124.0
12072,4815345.0
12073,4816183.0
12074,4816409.0
12075,4816645.0
12076,4817235.0
12077,4817442.0
12078,4817470.0
12079,4818203.0
12080,4818472.0
12081,4818567.0
12082,4819451.0
12083,4819455.0
12084,4819624.0
12085,4820354.0
12086,4820745.0
12087,4820815.0
12088,4821654.0
12089,4823376.0
12090,4824378.0
12091,4824381.0
12092,4824558.0
12093,4825215.0
12094,4825373.0
12095,4825939.0
12096,4826055.0
12097,4826105.0
12098,4826294.0
12099,4826685.0
12100,4826758.0
12101,4826809.0
12102,4826815.0
12103,4826928.0
12104,4828023.0
12105,4828543.0
12106,4828603.0
12107,4828789.0
12108,4828827.0
12109,4829035.0
12110,4829274.0
12111,4829782.0
12112,4829783.0
12113,4829869.0
12114,4829892.0
12115,4830664.0
12116,4831330.0
12117,4831397.0
12118,4831531.0
12119,4832691.0
12120,4833105.0
12121,4833372.0
12122,4833579.0
12123,4833598.0
12124,4834305.0
12125,4834573.0
12126,4834817.0
12127,4835125.0
12128,4835338.0
12129,4835480.0
12130,4835738.0
12131,4835817.0
12132,4835971.0
12133,4835985.0
12134,4836131.0
12135,4837338.0
12136,4837342.0
12137,4837826.0
12138,4837878.0
12139,4837997.0
12140,4838199.0
12141,4839148.0
12142,4839550.0
12143,4840201.0
12144,4840465.0
12145,4840665.0
12146,4840668.0
12147,4841309.0
12148,4842004.0
12149,4842441.0
12150,4842541.0
12151,4842793.0
12152,4843188.0
12153,4843687.0
12154,4843924.0
12155,4844414.0
12156,4844554.0
12157,4845138.0
12158,4845538.0
12159,4846604.0
12160,4846779.0
12161,4847126.0
12162,4847170.0
12163,4847339.0
12164,4847644.0
12165,4848051.0
12166,4848188.0
12167,4848374.0
12168,4848518.0
12169,4848856.0
12170,4849158.0
12171,4849498.0
12172,4850032.0
12173,4850087.0
12174,4850109.0
12175,4850469.0
12176,4850654.0
12177,4851016.0
12178,4851377.0
12179,4851404.0
12180,4852123.0
12181,4852245.0
12182,4853497.0
12183,4854477.0
12184,4855233.0
12185,4855633.0
12186,4855945.0
12187,4856237.0
12188,4856287.0
12189,4856745.0
12190,4856875.0
12191,4857213.0
12192,4857792.0
12193,4857814.0
12194,4858098.0
12195,4858394.0
12196,4858399.0
12197,4859263.0
12198,4859307.0
12199,4859498.0
12200,4859773.0
12201,4860587.0
12202,4860726.0
12203,4860784.0
12204,4861758.0
12205,4861844.0
12206,4862018.0
12207,4862174.0
12208,4862259.0
12209,4862273.0
12210,4862614.0
12211,4863769.0
12212,4864241.0
12213,4864496.0
12214,4864513.0
12215,4864844.0
12216,4864925.0
12217,4864972.0
12218,4865111.0
12219,4865299.0
12220,4865445.0
12221,4866732.0
12222,4866849.0
12223,4866992.0
12224,4868199.0
12225,4868579.0
12226,4869321.0
12227,4870215.0
12228,4870407.0
12229,4870468.0
12230,4870861.0
12231,4870875.0
12232,4871035.0
12233,4871114.0
12234,4871151.0
12235,4872124.0
12236,4872224.0
12237,4873134.0
12238,4873172.0
12239,4873351.0
12240,4873422.0
12241,4873576.0
12242,4873807.0
12243,4874862.0
12244,4874957.0
12245,4875280.0
12246,4875406.0
12247,4875782.0
12248,4875834.0
12249,4876505.0
12250,4876953.0
12251,4877292.0
12252,4877742.0
12253,4877859.0
12254,4877916.0
12255,4877966.0
12256,4878238.0
12257,4878474.0
12258,4878951.0
12259,4878967.0
12260,4879150.0
12261,4879228.0
12262,4879453.0
12263,4880350.0
12264,4880436.0
12265,4880667.0
12266,4880952.0
12267,4881537.0
12268,4881914.0
12269,4882801.0
12270,4882865.0
12271,4883761.0
12272,4883813.0
12273,4883870.0
12274,4884088.0
12275,4884199.0
12276,4884404.0
12277,4884605.0
12278,4884948.0
12279,4885378.0
12280,4885384.0
12281,4885531.0
12282,4885921.0
12283,4886083.0
12284,4886735.0
12285,4886938.0
12286,4887730.0
12287,4887782.0
12288,4887834.0
12289,4887939.0
12290,4887980.0
12291,4888374.0
12292,4888970.0
12293,4889060.0
12294,4889579.0
12295,4889815.0
12296,4890137.0
12297,4890271.0
12298,4890360.0
12299,4890726.0
12300,4890950.0
12301,4891850.0
12302,4891897.0
12303,4892078.0
12304,4892330.0
12305,4892568.0
12306,4893508.0
12307,4894276.0
12308,4894539.0
12309,4894823.0
12310,4895187.0
12311,4896059.0
12312,4896067.0
12313,4896162.0
12314,4896372.0
12315,4896732.0
12316,4896968.0
12317,4897346.0
12318,4897926.0
12319,4898615.0
12320,4898656.0
12321,4899882.0
12322,4900923.0
12323,4901996.0
12324,4902052.0
12325,4902404.0
12326,4902576.0
12327,4902584.0
12328,4903292.0
12329,4903452.0
12330,4903466.0
12331,4903861.0
12332,4904351.0
12333,4904643.0
12334,4904752.0
12335,4904803.0
12336,4905161.0
12337,4905727.0
12338,4905736.0
12339,4906159.0
12340,4907433.0
12341,4907473.0
12342,4907516.0
12343,4908230.0
12344,4908537.0
12345,4908924.0
12346,4909981.0
12347,4910634.0
12348,4910729.0
12349,4911498.0
12350,4911596.0
12351,4911750.0
12352,4913426.0
12353,4913495.0
12354,4913643.0
12355,4913958.0
12356,4914817.0
12357,4915113.0
12358,4915202.0
12359,4916132.0
12360,4916256.0
12361,4916397.0
12362,4916856.0
12363,4916915.0
12364,4917066.0
12365,4918996.0
12366,4919058.0
12367,4919586.0
12368,4919662.0
12369,4919751.0
12370,4919770.0
12371,4920186.0
12372,4920441.0
12373,4920778.0
12374,4921274.0
12375,4921322.0
12376,4921381.0
12377,4921419.0
12378,4921564.0
12379,4921664.0
12380,4921722.0
12381,4921834.0
12382,4922419.0
12383,4922766.0
12384,4922855.0
12385,4922900.0
12386,4923134.0
12387,4923433.0
12388,4923500.0
12389,4923757.0
12390,4923950.0
12391,4924144.0
12392,4924453.0
12393,4924614.0
12394,4925663.0
12395,4925742.0
12396,4926524.0
12397,4926646.0
12398,4926961.0
12399,4926985.0
12400,4927465.0
12401,4927518.0
12402,4928191.0
12403,4928465.0
12404,4928800.0
12405,4928813.0
12406,4929237.0
12407,4929758.0
12408,4929760.0
12409,4929905.0
12410,4930495.0
12411,4930844.0
12412,4930861.0
12413,4930972.0
12414,4931074.0
12415,4932560.0
12416,4933909.0
12417,4934408.0
12418,4934694.0
12419,4935663.0
12420,4935869.0
12421,4936675.0
12422,4936769.0
12423,4936894.0
12424,4937139.0
12425,4937836.0
12426,4937877.0
12427,4938117.0
12428,4938651.0
12429,4938829.0
12430,4939309.0
12431,4940020.0
12432,4940261.0
12433,4940571.0
12434,4940842.0
12435,4941023.0
12436,4941205.0
12437,4942116.0
12438,4942188.0
12439,4942318.0
12440,4942385.0
12441,4942496.0
12442,4942807.0
12443,4943146.0
12444,4943366.0
12445,4943489.0
12446,4943645.0
12447,4944732.0
12448,4945174.0
12449,4945226.0
12450,4946066.0
12451,4946568.0
12452,4946635.0
12453,4946743.0
12454,4946985.0
12455,4947252.0
12456,4947337.0
12457,4947624.0
12458,4947674.0
12459,4948771.0
12460,4949249.0
12461,4950002.0
12462,4950641.0
12463,4951610.0
12464,4952436.0
12465,4952575.0
12466,4952670.0
12467,4952910.0
12468,4953100.0
12469,4953392.0
12470,4953499.0
12471,4953734.0
12472,4954277.0
12473,4956686.0
12474,4957755.0
12475,4957840.0
12476,4958026.0
12477,4958050.0
12478,4958184.0
12479,4958560.0
12480,4958567.0
12481,4958861.0
12482,4959982.0
12483,4960163.0
12484,4960636.0
12485,4960775.0
12486,4960843.0
12487,4961241.0
12488,4961651.0
12489,4962274.0
12490,4962673.0
12491,4962728.0
12492,4962849.0
12493,4963000.0
12494,4963535.0
12495,4964038.0
12496,4964231.0
12497,4964806.0
12498,4965411.0
12499,4965635.0
12500,4965904.0
12501,4966228.0
12502,4967042.0
12503,4967046.0
12504,4968389.0
12505,4968537.0
12506,4968805.0
12507,4968922.0
12508,4969490.0
12509,4969897.0
12510,4970159.0
12511,4970685.0
12512,4970794.0
12513,4970916.0
12514,4971071.0
12515,4971419.0
12516,4971492.0
12517,4971509.0
12518,4972030.0
12519,4972376.0
12520,4972440.0
12521,4973078.0
12522,4973750.0
12523,4973895.0
12524,4974287.0
12525,4974446.0
12526,4974883.0
12527,4975141.0
12528,4975902.0
12529,4975987.0
12530,4976356.0
12531,4976415.0
12532,4976656.0
12533,4976676.0
12534,4977136.0
12535,4977215.0
12536,4977389.0
12537,4978011.0
12538,4978118.0
12539,4978380.0
12540,4978401.0
12541,4978506.0
12542,4978623.0
12543,4978661.0
12544,4979018.0
12545,4979274.0
12546,4979542.0
12547,4979712.0
12548,4980294.0
12549,4980370.0
12550,4980372.0
12551,4980969.0
12552,4981308.0
12553,4981412.0
12554,4981725.0
12555,4984319.0
12556,4984595.0
12557,4984899.0
12558,4985727.0
12559,4986198.0
12560,4986218.0
12561,4986654.0
12562,4987047.0
12563,4987150.0
12564,4987331.0
12565,4989046.0
12566,4990420.0
12567,4990561.0
12568,4990714.0
12569,4990751.0
12570,4991134.0
12571,4992017.0
12572,4992409.0
12573,4992582.0
12574,4993378.0
12575,4994890.0
12576,4994906.0
12577,4995805.0
12578,4995974.0
12579,4996315.0
12580,4997043.0
12581,4997407.0
12582,4998465.0
12583,4998750.0
12584,4999187.0
12585,4999335.0
12586,4999436.0
12587,4999541.0
