snp_index_qc,position_bp,beta,p_value,p_fdr,is_true_causal
0,528.0,-0.15342197384130601,0.6448809282898627,0.8125574552044642,False
1,819.0,-1.5785693226037179,0.003623496065366888,0.04211247300809162,False
2,1356.0,-0.32639854156070736,0.3456091039962056,0.5841272459186866,False
3,1404.0,0.8284479377742697,0.014497852133196628,0.09578465301634169,False
4,1698.0,-0.18219819325837616,0.21265486989560545,0.4412862956828134,False
5,1782.0,-0.01359867239189584,0.9335278299559266,0.9668618380206645,False
6,1952.0,0.5607612014439565,0.0002354415636469839,0.008501201541035536,False
7,2117.0,-0.9098908390643199,0.1342223963373619,0.33994029683669236,False
8,2292.0,0.18346032153341096,0.20542773841134354,0.43123537042257476,False
9,3106.0,-0.5778245154808361,0.37344820795048583,0.609957914129179,False
10,3917.0,0.18239976383735207,0.21194388398624142,0.44040024132286576,False
11,4039.0,-0.18259309939704746,0.21578607571250158,0.44539985774086416,False
12,4136.0,1.099372353301803,0.07018950438470534,0.24133895156666976,False
13,4164.0,-1.007716501513079,0.0024314734495147674,0.03311624127287679,False
14,5150.0,0.14130394672117425,0.3031024499152409,0.5426752200264144,False
15,5681.0,-0.09762695184107334,0.8891800343936304,0.9442409086537995,False
16,7130.0,-1.0033157453543753,0.0025498358200608338,0.03395011500654271,False
17,8313.0,-0.3527658670063102,0.013359076945789824,0.09183836621060705,False
18,8455.0,0.35649563420923014,0.3434813914611294,0.5823302917291604,False
19,8482.0,-0.7500347430886862,0.1499720582385669,0.36069689950238865,False
20,8852.0,0.4521469601834549,0.2615049102641374,0.4980936657163031,False
21,9951.0,-0.7438199830387096,0.1534168320768721,0.36418304262336143,False
22,11756.0,0.3617889611231513,0.015255281475163236,0.0990999882782148,False
23,11848.0,0.48049288572528964,0.00909295037215415,0.07365017539570598,False
24,11899.0,-1.0061197757080103,0.0024865024507312013,0.033612682568726265,False
25,12618.0,-0.00044302564968809466,0.9992349871568047,0.9994191270235986,False
26,12663.0,0.6170527005688268,0.004418773143322284,0.04762061991330124,False
27,12856.0,0.09850727373915738,0.46984295832039347,0.6907957893224802,False
28,13077.0,-1.0498981260109534,0.0018853159538482216,0.028502931307830704,False
29,13131.0,0.044653033201161325,0.7418709931773664,0.871160712996572,False
30,13305.0,-0.7542407500450505,0.14761287983221777,0.35814097493102065,False
31,13514.0,0.03910037536090921,0.8556559920333642,0.9271457170615061,False
32,14941.0,-0.14800528484392256,0.698349267902039,0.8461777397039307,False
33,15398.0,-0.06980726772601777,0.9206260899476666,0.9605099470047925,False
34,15526.0,-0.07291963211648585,0.8713346307729624,0.9349878822697218,False
35,16379.0,0.886946422517452,0.0030625793994623718,0.037479480700297683,False
36,16488.0,0.130276832533956,0.7868654818097424,0.8950193289602749,False
37,17464.0,0.6759173442954232,0.0019706388796836504,0.029383633295283002,False
38,17487.0,-0.6642539878748069,0.22350790431200385,0.45538692090965643,False
39,17606.0,-0.24830936156515987,0.7022745679539492,0.8487636671168879,False
40,18291.0,-0.3131523102217125,0.056907377153111754,0.21352560629002007,False
41,18366.0,0.3461836673665438,0.03702773839736566,0.16432383495642036,False
42,18936.0,1.3660460952217248,0.00029841264063698553,0.009870771491021666,False
43,19178.0,-0.2769076803271148,0.3152266917865101,0.5549058760653899,False
44,19714.0,0.3269595759496351,0.04945937748250021,0.19680408452072573,False
45,19975.0,-0.8122376621227622,0.0003236466893123909,0.01036337702798231,False
46,20026.0,0.8077820436267671,0.00040793051806853776,0.011759801509773177,False
47,20341.0,0.49651013115891646,0.478307210984052,0.6977590075570332,False
48,20365.0,0.6697039325833831,0.0031161279405952304,0.03779393161470528,False
49,20821.0,0.7313155749931981,0.0009998736019769874,0.019733868999018543,False
50,21351.0,-0.1334248175060414,0.6971770952046685,0.8451929158417106,False
51,21504.0,-0.20409529795085163,0.20436140772474948,0.43007814673364786,False
52,21711.0,0.1544692677534218,0.4106428871610419,0.6422951786935317,False
53,21869.0,-0.703512318804852,0.09651440196512581,0.28582770716599737,False
54,22256.0,-0.16854680863008797,0.36613185958747846,0.6038227492892858,False
55,22937.0,-0.19211642298001505,0.33023905871681114,0.5698211703021754,False
56,23442.0,0.1753744146467251,0.3656870889253517,0.6037929602983924,False
57,23502.0,0.1725645766589863,0.37401069425141537,0.6104173937902742,False
58,23737.0,-0.22807236057009225,0.24828155813641764,0.48281911744371436,False
59,23887.0,-0.14322804959697946,0.45987932231250617,0.6830074538552383,False
60,24016.0,-0.23689930326622965,0.14143896995638305,0.35047782861518056,False
61,24049.0,0.14204325283424202,0.4638719998504964,0.6861058125599043,False
62,24399.0,-0.18302279408453337,0.3463080577810282,0.584625193952179,False
63,24562.0,0.17908168867097413,0.35440814709682356,0.5938716327162734,False
64,24676.0,-0.5579026525414528,0.1851015998534345,0.40428126084688765,False
65,24884.0,-0.13339540925904972,0.6385390617851154,0.8092634577556834,False
66,24899.0,0.15993883077600288,0.4091337418550868,0.641479377890389,False
67,25011.0,0.9295381452456803,0.15178839853843581,0.36236267124141647,False
68,25044.0,0.4806051260804495,0.4593516213992487,0.6826677667197052,False
69,25071.0,1.224207178565296,0.024449543121096127,0.1319514465869307,False
70,25241.0,-0.15689599100878812,0.5764579931890724,0.7689176107234432,False
71,25890.0,-0.6592832741720437,0.3098076305180046,0.5495799448312164,False
72,26294.0,0.12749269812761227,0.5124937268447338,0.7250712584499738,False
73,27065.0,0.0104788328350498,0.9596472967302708,0.980420838212432,False
74,27897.0,-0.1662375144105723,0.3739302648793623,0.6104100002703299,False
75,27953.0,-0.26156281947680715,0.6872354571284237,0.8401169102715684,False
76,29323.0,-0.025350694147919656,0.9547968532021689,0.9772128834159478,False
77,30372.0,0.2699465994082276,0.17297086701842299,0.3897050148370655,False
78,30720.0,-0.6025107807057377,0.3220090093580354,0.5618723350878435,False
79,30877.0,0.04871260959848683,0.8083768498272508,0.9047050668230723,False
80,31345.0,-0.008719245440100762,0.9684056897429044,0.982985203119434,False
81,31595.0,1.0695364091706223,0.07820463296905132,0.25631379555526934,False
82,31921.0,-0.7770975609686539,0.00035694326300847836,0.011007440681696117,False
83,32505.0,0.8332044789949395,6.002504752818033e-08,5.429765757653312e-05,False
84,33331.0,0.07033891432851135,0.6140120814376122,0.7946820118175618,False
85,34526.0,-0.6437167174668518,0.09121289847409568,0.2768780796801758,False
86,35512.0,0.04803415325544434,0.7297755904547084,0.8640613039251592,False
87,36034.0,-1.357677917744322,0.0006657663942701121,0.01578899294436435,False
88,37277.0,0.04993603740051062,0.717924715611272,0.8565495098991606,False
89,38900.0,-0.09875448808404638,0.6216643678978298,0.799072434994783,False
90,39059.0,-0.028958994420626133,0.8343748750982433,0.916719296884299,False
91,39620.0,0.7789823925326045,3.671488437663638e-05,0.002486895581195745,False
92,40447.0,0.11478113099715373,0.5722140198857592,0.7654129423872786,False
93,40597.0,-0.07527490347228705,0.5890507514131947,0.7772305319542867,False
94,40824.0,-0.07924553941742155,0.5678568697172262,0.7631653238554524,False
95,41337.0,0.12217055634351798,0.564780703777647,0.7611987260375414,False
96,41717.0,0.09553981257883126,0.7574692543945524,0.8801872312551067,False
97,41796.0,0.8538899279222645,0.11740535253701163,0.31655119269479914,False
98,43223.0,0.32004750597470644,0.29762004841255313,0.5379959409689034,False
99,44603.0,-0.24855757585570137,0.2423104538657909,0.47598262336466884,False
100,45090.0,-0.3039271372616368,0.02939719072955628,0.14544507993132788,False
101,45514.0,-0.6809969416404864,0.29413536439388294,0.5344558721954469,False
102,46382.0,-0.6626441625347803,0.3073433894990611,0.5469271286236302,False
103,46450.0,0.13298108084676205,0.5029627196061136,0.7165848958294216,False
104,46691.0,-0.5424201491611288,0.2276009329266779,0.46023814325364276,False
105,46697.0,0.7831759034227735,9.973044823286509e-06,0.0011982196626362596,False
106,46790.0,0.909010543307598,0.19381306406954807,0.4158610022682238,False
107,46799.0,-0.17047270214003696,0.48651028521799283,0.705183379179261,False
108,46901.0,0.07541941138804,0.823545018512754,0.9109545242856844,False
109,47178.0,-0.12926134786921373,0.6641790136480074,0.8257992044959632,False
110,47194.0,0.07276763129214922,0.6797235373736935,0.8356057755596198,False
111,47363.0,0.06993797110409038,0.6903459881426747,0.8412961558259701,False
112,47903.0,0.27356663517555657,0.37333642837057,0.6099166238502818,False
113,48380.0,-0.10538356675272104,0.7268031582101813,0.8625121769689014,False
114,48566.0,0.10192501104320188,0.738455987444033,0.8692125773010007,False
115,48753.0,1.513126830720538,0.0006330014135600463,0.0153718799646405,False
116,49179.0,-0.14001276552415085,0.6383432381415105,0.8091590487901731,False
117,50230.0,-1.7491555603069757,0.0012419138043385368,0.022306571733209383,False
118,50393.0,0.8352131359025164,0.23264039718742988,0.4656998234432284,False
119,50483.0,-0.20032549237490543,0.36938816158816556,0.6067960796064674,False
120,50655.0,0.073844660771503,0.6001395555422959,0.783559643422134,False
121,50863.0,0.532171174496036,0.07186533161386513,0.24476074065243814,False
122,50970.0,-0.16040257347805198,0.3327513366510306,0.5726995020369331,False
123,51166.0,0.17724803614340368,0.7709269442294319,0.8869541048871736,False
124,51217.0,-0.4413155397119479,0.07722870724572982,0.25421877316643476,False
125,52096.0,0.0586496121945479,0.7051814866744642,0.8496775488790442,False
126,52913.0,-0.5594461889357554,0.21338779307153483,0.4424506230296313,False
127,52952.0,0.4858149789923337,0.0004059122331154296,0.011759801509773177,False
128,53275.0,0.380208752649272,0.5872722311701714,0.7760944812944011,False
129,53454.0,0.23891563128212495,0.37787496079950267,0.613826919875351,False
130,53589.0,0.9738451158364942,0.07400060856564629,0.24886848353267435,False
131,53736.0,0.23653610782690243,0.39982090347602517,0.6326094129286679,False
132,54512.0,0.22653291656551033,0.3986174762729441,0.6319689677220114,False
133,54541.0,0.31632980834008617,0.6263299730809221,0.8021819760109893,False
134,54892.0,-0.5883476193924766,0.08667802569712575,0.27002155632865277,False
135,55215.0,0.03693142646009822,0.8568255961305312,0.9276257589703798,False
136,55287.0,0.13679380753140888,0.36217145114622507,0.6009433051348629,False
137,55459.0,-0.4477096127507096,0.07288814047243623,0.2467590677575971,False
138,55735.0,0.4113632560901787,0.08770897363088204,0.27147868169386685,False
139,55960.0,0.18072586720236797,0.7665825572936851,0.884981635801645,False
140,56440.0,-1.442987368009288,0.00020865913444591827,0.007934364542660792,False
141,56665.0,0.38478074727592565,0.11281472770281621,0.3097126629271801,False
142,56854.0,-0.5572863878087289,0.21525030543749532,0.44454757715449233,False
143,58142.0,0.4475066897950449,0.11504667312616833,0.3132258933495252,False
144,59645.0,-0.0106446432475584,0.986929242012397,0.9919260832513427,False
145,59689.0,-0.034688217945489604,0.8476683182329667,0.9226172719870046,False
146,59765.0,0.6593824181149461,4.648921120151175e-05,0.0029002321126000577,False
147,60165.0,0.10604241954371152,0.755509583502113,0.8796585357626768,False
148,60594.0,0.4809521122081757,0.09049260617339855,0.2761817939768757,False
149,60602.0,0.3578533100214195,0.4574424928144388,0.6813307161773783,False
150,61431.0,-0.45718135868074505,0.06496878835092566,0.23084654584265077,False
151,61846.0,-0.9218368831133326,0.1292758052819246,0.3335604626420945,False
152,62661.0,0.23058355322811935,0.5766742216298949,0.7690170363381461,False
153,63157.0,-0.16533950635515765,0.5673796675388452,0.7627128533912277,False
154,64945.0,-0.16069702726089408,0.6740051050872,0.8323713960371253,False
155,64949.0,-0.06119153075763278,0.9152424440314908,0.9579555230895606,False
156,65207.0,0.21047283443687173,0.6103354586975286,0.7915401916561138,False
157,65510.0,0.028756382882978465,0.9322790043999463,0.9664830798145548,False
158,65901.0,-0.6663217278636595,4.7540745198159726e-05,0.00293212948367059,False
159,66115.0,0.08896675132897588,0.8240339096349786,0.9111630935201886,False
160,66727.0,-0.43280730857110994,0.22768652086081292,0.46024901004546076,False
161,66747.0,-0.9133313942299135,0.00017633388213678653,0.007195300897604854,False
162,67247.0,-0.6998027094013216,0.10579600364351241,0.2996127366424021,False
163,67817.0,-0.6225643434032627,0.0011473820340556977,0.021499429078110643,False
164,68297.0,-0.6500246636541422,0.00020904912567489513,0.007934364542660792,False
165,68573.0,-0.4429752038471097,0.2170390606964607,0.4469662310491521,False
166,69137.0,-0.03061665331624222,0.9238419950871032,0.9622246072414609,False
167,69227.0,0.19679665564938267,0.7787337171597567,0.8906753278236825,False
168,69851.0,0.5173853199692918,0.00510221806595043,0.05202305288202129,False
169,70380.0,0.5543325936559084,0.0004123006119252166,0.011840008313355096,False
170,70525.0,0.508056064657372,0.00114874885907915,0.021499429078110643,False
171,70874.0,-0.4010502253588103,0.18823485836493878,0.4081627775326051,False
172,71218.0,0.08069233195303284,0.9082808421996497,0.9548221461881946,False
173,72035.0,-0.5385657639338388,0.013385989700209567,0.09184887370150117,False
174,72057.0,-0.4935806661040884,0.02270662254710413,0.12601246817424094,False
175,72684.0,1.1256698019242657,0.02389684714226046,0.1300393520597209,False
176,72917.0,-0.8499693537951635,0.0010945474871858118,0.02080790363117686,False
177,73966.0,0.5627555600274904,0.3272763652918988,0.5675055823072782,False
178,74242.0,-0.5593278196101986,0.0030270594363712056,0.03729708306675305,False
179,74260.0,-0.08832000373996451,0.8846578014777683,0.9422056941759394,False
180,74366.0,0.4762753444158404,0.012356016859918018,0.08745624148851584,False
181,75144.0,1.3008576670895868,0.031935247706280596,0.15177631954977053,False
182,75197.0,-0.47544445291176746,0.464041929484002,0.6861226909714777,False
183,75291.0,-1.3685356304149785,0.016789298941733873,0.1048003680348023,False
184,75316.0,0.5669756358801297,0.0025008974250828823,0.03368367540699814,False
185,76942.0,0.15253924195245966,0.3730531982259755,0.60972344763059,False
186,77611.0,0.49321490605874274,0.19896377704294657,0.4238038341270521,False
187,77624.0,0.5478378927143415,0.020210668626932975,0.11740587339834212,False
188,77901.0,-1.5890454899330035,0.013954135115948363,0.09355907145374891,False
189,78222.0,0.5864781957680485,0.0006900400084684385,0.016073786034173605,False
190,78291.0,0.045182797409457735,0.8641797389105049,0.9312573777302091,False
191,78422.0,0.49530720096742586,0.19729486877579072,0.4209524203508169,False
192,82053.0,-0.3338851830299498,0.06590823893719143,0.23258580418179875,False
193,82129.0,-0.3575013156362512,0.313644978334558,0.5530565691718043,False
194,82637.0,0.9963119769185511,0.10096111010793196,0.2925608249390287,False
195,83021.0,0.09918188379492211,0.5161152710238192,0.7267215891644189,False
196,83595.0,0.6474183008381099,0.09903690738075537,0.2896175219215823,False
197,83651.0,-0.3270453606982905,0.21491364618987943,0.4441555512615522,False
198,84812.0,-0.07570314919228752,0.7238148510217395,0.8600054956043106,False
199,85171.0,-0.3141956923696901,0.4104122767116933,0.6421195248926824,False
200,85523.0,0.041963326768875216,0.8997014036341379,0.9496046382432596,False
201,86722.0,-0.0493804361847737,0.8185942596460002,0.9090710825124215,False
202,87900.0,0.0764210634557656,0.616423696173453,0.7957282937284853,False
203,88105.0,1.419283201672882,0.00620443689136008,0.058564915872935004,False
204,88188.0,0.5359003600232559,0.13771634467566019,0.3448648407880107,False
205,88663.0,-0.07654210441182308,0.7362297988478473,0.8681049822391248,False
206,89066.0,-0.08605458022331464,0.7048937609273753,0.8496137880153963,False
207,89108.0,0.09023589373354214,0.6908183749066944,0.8412961558259701,False
208,89400.0,-0.11130440261116042,0.6220752531038523,0.7992220230136485,False
209,89896.0,0.12157282544374283,0.39300373871764915,0.6277303684196707,False
210,90285.0,-0.12951009898976656,0.566866711641105,0.7623997696968675,False
211,90453.0,-0.854852739684957,0.021642298976450265,0.12274146049601235,False
212,90497.0,-0.06501101498314768,0.7749193911243122,0.8891198510019251,False
213,90956.0,0.15243104181140718,0.2820480418496583,0.5219283147422504,False
214,92295.0,0.16832113370435708,0.25420023852957,0.48976290344317225,False
215,92413.0,1.044829565883039,0.01333174267812279,0.09170853407542641,False
216,92975.0,-0.45308744046433047,0.05889900765340484,0.21776182836434246,False
217,93094.0,-0.13777322678555057,0.3200348655075789,0.5600481162477461,False
218,93876.0,0.7580872450606624,0.03906643961154825,0.16966364187352986,False
219,95035.0,-0.4708861791536906,0.20131728581812539,0.4262821109708321,False
220,96238.0,0.263675163230925,0.06829503868872314,0.23753670293903265,False
221,96562.0,-0.13480665911773052,0.3783637835388723,0.6138483041576839,False
222,97210.0,-0.14902085229889395,0.3296723901293895,0.5693451041131683,False
223,97938.0,-0.046952475117159956,0.7520662607103055,0.8777205956359924,False
224,98191.0,1.5376513447677267,0.01741830502738412,0.10736837085306906,False
225,101167.0,-0.012014422684011664,0.9446866582245601,0.9719267589778467,False
226,101242.0,-1.565972655904381,0.0004403472288493064,0.01231189744693833,False
227,101252.0,0.010590933520056356,0.9785213181898065,0.9877114477357587,False
228,101557.0,-0.11857232195575287,0.43986202503706395,0.6673238688717441,False
229,101953.0,0.4020407323189368,0.0028993348319837887,0.03630020715246139,False
230,101995.0,-0.5922574756612841,0.0517512506261576,0.20192660875159624,False
231,103677.0,0.3642744972755705,0.007414476445724658,0.06501142311659222,False
232,104134.0,-0.9179539938295735,0.10960106941310846,0.30529114921203293,False
233,104289.0,-0.41897016076747734,0.1232706429847626,0.3259690206089155,False
234,104529.0,-0.43052413121222266,0.11328856579928606,0.3102289055881055,False
235,105765.0,-0.8985140409773906,0.11749805344133044,0.316582211464829,False
236,106192.0,1.0434746097439942,0.1355880947408789,0.3420424746484408,False
237,106208.0,-0.030243119573559747,0.8445852560848288,0.9207886777833035,False
238,106376.0,-0.03392733858505356,0.8252320419443167,0.9119484007973845,False
239,107598.0,-0.33102166937910327,0.015086008789337068,0.0982944930421692,False
240,107784.0,-0.36526002957095416,0.03605449807363224,0.16226018929903732,False
241,108080.0,0.5862526209348933,0.4024117520226455,0.6345409018311762,False
242,108614.0,0.16550094128763995,0.23082735573717905,0.4634907411259857,False
243,108683.0,-0.35674634408285866,0.04821372958037389,0.19314209325533627,False
244,108922.0,0.07269419747026329,0.6312109999390387,0.8055791460890955,False
245,109728.0,-2.1258363467058228,0.000958403311139077,0.019265681374842,False
246,109966.0,0.3147326913694678,0.05596563836723371,0.2115275085223962,False
247,110286.0,0.0955212523137634,0.891547633181749,0.9454046215199111,False
248,110639.0,-0.3027387159060325,0.06855206724023498,0.2382749567379925,False
249,111324.0,0.9855910867500538,0.0006233728757195176,0.015206095653787334,False
250,111395.0,0.4186425153785236,0.44343386156591924,0.6701203629817699,False
251,112708.0,-1.5332565833737277,0.004727157136233236,0.04937258485597864,False
252,113465.0,-0.1856785479390928,0.44117303777854117,0.6683786915681876,False
253,114159.0,-0.19037062733844506,0.43037657666211104,0.6595684437715515,False
254,114416.0,-0.7574662844899784,0.1870751949984287,0.4067179173446424,False
255,114772.0,-0.9834865257214606,0.006901397473627791,0.06233074210437586,False
256,115403.0,-0.28293061441278594,0.3942580894528131,0.6285774566903178,False
257,115602.0,-0.9762169099123835,0.050437641359071105,0.19901875570800323,False
258,116612.0,-0.44220704306186687,0.004016563581064601,0.04467192384472976,False
259,116878.0,-0.028428742123913053,0.9465775159561133,0.9726475068100716,False
260,116891.0,0.4773246885957728,0.0008343240313934038,0.017863091441371597,False
261,117726.0,1.2949223372223175,0.023727196789239544,0.12962190294272535,False
262,117876.0,0.3966609741786259,0.057330398001302,0.2145196381606802,False
263,118049.0,0.380936103298796,0.069277109976249,0.23948351908546495,False
264,118550.0,-0.472965222520413,0.10499592184132016,0.29820270318878345,False
265,119179.0,0.931504972253507,0.0008453568534811603,0.018063678434129912,False
266,121701.0,-0.5413642205633455,0.0012453046955619425,0.022306571733209383,False
267,122308.0,0.5217518683035942,0.0015920642645832176,0.02596594358299521,False
268,122418.0,-0.32916077630163076,0.1591536946498369,0.3709713024316039,False
269,122721.0,-0.7559113011396157,0.21373272553467634,0.4428457216413269,False
270,123204.0,0.5235835435723195,0.0015068600269853127,0.025048951903408223,False
271,123678.0,0.5559606719166001,0.0006203101863079014,0.015206095653787334,False
272,124011.0,-0.08375657752590238,0.9048271977380355,0.9529107725438614,False
273,124653.0,-0.46926050097610694,0.004369324549847127,0.04728715651903346,False
274,125203.0,1.023090053922707,0.11458038157274152,0.3125835742578812,False
275,126193.0,-0.9238064036602756,0.07587766449748308,0.25157362496034785,False
276,126397.0,0.23055881221618954,0.40664663653881367,0.638843725078201,False
277,126671.0,-0.3438753855386426,0.1021062277323991,0.293683916808477,False
278,127246.0,-0.47111586121930876,0.06249091414669265,0.22506761476606427,False
279,127978.0,-0.6186286140036417,0.37686630928772574,0.61317677445725,False
280,128152.0,-0.10446458975860501,0.8637693380621383,0.9309189996688355,False
281,128308.0,0.10893710334687194,0.6085157101596482,0.790261187075605,False
282,128427.0,-0.7678886243192764,0.0852234723327888,0.2677721285902208,False
283,128683.0,-0.474744759021063,0.061132968653749634,0.2223110133120443,False
284,129174.0,1.3024360621425655,0.031742458539944875,0.15125741327967587,False
285,130408.0,0.19549761977135194,0.6359091136606707,0.8078031653092591,False
286,132049.0,0.0864960595106544,0.7982713256397955,0.900365627164254,False
287,132777.0,-0.14624829320231147,0.8218865727638878,0.9102539310470386,False
288,132878.0,-0.03386482508553144,0.8735227709358415,0.9363177326462486,False
289,133190.0,0.9164509364492242,0.11020512582789066,0.3063448504127409,False
290,133746.0,0.27959349508540426,0.15067663745705356,0.36161515310510906,False
291,133985.0,-0.3168443953193553,0.1542657035238442,0.36524953460644205,False
292,134424.0,0.08090858905459325,0.8110032623848829,0.9052380887596816,False
293,134731.0,-0.30418845859292665,0.18060618295900369,0.39909425172618523,False
294,134936.0,0.3118190806534406,0.5680283352669543,0.7632067804583227,False
295,135046.0,-0.3134844992537076,0.16255334234836652,0.37503008101838864,False
296,135346.0,0.710875966392482,0.0394088614189556,0.17056746040780027,False
297,135697.0,-0.19629262906194084,0.5026851470203518,0.7165848958294216,False
298,135769.0,1.435869973570506,0.00022252843953263617,0.008244185020910464,False
299,136863.0,0.550209209431698,2.5116129645971074e-05,0.0019900407832628905,False
300,136896.0,0.3132416742182609,0.18786691466235284,0.40793357260810004,False
301,137253.0,0.24904884163522273,0.4402061329595417,0.6674915844175919,False
302,138052.0,0.09549331282200638,0.763915993154784,0.8832377882405814,False
303,138140.0,0.14760534778317178,0.6424382932886373,0.8112689243425033,False
304,138277.0,0.2457471916007606,0.453221571228097,0.6787693371524548,False
305,138284.0,0.04911139428156662,0.8845797874429667,0.9422056941759394,False
306,138346.0,1.4197915998027208,0.028225138160351698,0.14184438644936004,False
307,138837.0,0.22193016875278548,0.5985973465453392,0.7825815002709452,False
308,140095.0,-0.8266914958902856,0.0030967715429802262,0.03768117262033394,False
309,140098.0,-0.15094818038736185,0.7148774712616821,0.8549074529630449,False
310,140107.0,-0.24879404827027662,0.4273746118930747,0.6569175038373444,False
311,140321.0,-0.26432271000314517,0.39228023688762154,0.6272207941398044,False
312,140637.0,0.7410497989355992,0.0006224143215731793,0.015206095653787334,False
313,141270.0,-0.1364320502623201,0.6818903201941467,0.8366817746205879,False
314,141498.0,-0.15243181355581076,0.7121372337907153,0.853189048411626,False
315,141815.0,1.109213331109975,0.11261457510715017,0.3093306876632298,False
316,142254.0,0.10062906727471274,0.7623920159619684,0.8825440483035005,False
317,142768.0,-0.5042998408231869,0.13807289397041894,0.3454208951483977,False
318,142926.0,-0.09787879484425213,0.7686704333110296,0.8859542953483994,False
319,143255.0,0.03367817261412584,0.9180792396845021,0.9594150080526311,False
320,143331.0,-1.0516195856335342,0.05352926719304779,0.20590368369260587,False
321,143337.0,-0.05220063329050259,0.9406004419775962,0.9704549162624473,False
322,143450.0,0.835111780165928,0.025863718894167255,0.13549742692866099,False
323,143591.0,1.124830459062561,0.0638650237496488,0.2281193921692786,False
324,143697.0,-0.09968994998553501,0.7841586185284953,0.8939551811933272,False
325,144058.0,-0.8436315802343798,0.002559813177123512,0.034010736888219976,False
326,144298.0,0.48392825506622605,0.00837206325419707,0.06996887341320872,False
327,144518.0,-0.030072177423794193,0.9268439148260688,0.9641202551607269,False
328,145041.0,-1.1910387535639533,0.028650300835848526,0.14292234171559545,False
329,145557.0,0.06975534750472104,0.8450870786211623,0.9210332537216227,False
330,146289.0,-0.07379858063980164,0.8361812242909806,0.9172461579759605,False
331,147813.0,0.11224330900013064,0.6870894482226293,0.8401169102715684,False
332,148479.0,-0.4400464526130329,0.06612609127271883,0.23293809722311662,False
333,149237.0,0.508103160366382,0.005086217331259936,0.051938748006422016,False
334,149935.0,-0.05007991175432716,0.8610343612346827,0.929355472924578,False
335,150302.0,0.3238015596690663,0.022152338206946547,0.12415520545972841,False
336,150551.0,0.5007401544151634,0.006571406334278247,0.06060545094187797,False
337,151064.0,-0.7218158286419203,3.390935761814174e-05,0.0024083685965690764,False
338,151542.0,0.19042379494986417,0.1846467748105349,0.4041009557597493,False
339,151862.0,-0.22312067611872716,0.12643191644388463,0.33030528351344585,False
340,152916.0,0.74884214853209,0.0005053733814799998,0.013315116640692713,False
341,153135.0,0.33867133831533736,0.5351787021082401,0.7406125460715128,False
342,153259.0,1.7348113276964454,0.012805893368023423,0.08910767468582965,False
343,154581.0,0.827243689793277,0.23710511983614732,0.4706624880207398,False
344,155082.0,-0.7018004464709033,0.08083553840201643,0.26006832275006275,False
345,156679.0,-0.9486791536842583,0.04072537921295391,0.17397638384754613,False
346,156768.0,-0.021993021349734687,0.9464132331050291,0.9726475068100716,False
347,159221.0,0.1323433399278075,0.3477687475716537,0.5860937362040524,False
348,160404.0,0.26122263042065375,0.649604165490203,0.8157627506242657,False
349,160934.0,0.368569727215893,0.20283659788798647,0.4281974465332737,False
350,162374.0,0.33778158678073367,0.02775709658502989,0.14086175008438498,False
351,163894.0,-0.4621997839736487,0.003688125723396056,0.04245451190611261,False
352,164170.0,0.09928426051024376,0.48077893571542984,0.6994402828858554,False
353,164780.0,0.9025288558895294,0.02117675302912578,0.12106611464836074,False
354,165276.0,0.11794918251076812,0.471832774132155,0.6923147828067778,False
355,165313.0,0.09128868915916143,0.578067402888849,0.7695944998932607,False
356,166350.0,-0.5363357495300225,0.07432886266506787,0.24922454144632225,False
357,166639.0,0.02627373637638738,0.9040058620175793,0.9524622683955394,False
358,167540.0,-0.39477683281011816,0.2311043183948618,0.4638752544704558,False
359,167630.0,0.144408786356159,0.6933863665018215,0.8429509472927845,False
360,167731.0,0.9332640503960584,0.01710952929402162,0.10583052182586575,False
361,167872.0,0.09478411507736088,0.5817991389661591,0.7721598163683966,False
362,169063.0,-0.5726535098908255,0.059877687540497965,0.22023688258087454,False
363,169693.0,-0.9307430808217719,0.18335665268014886,0.402413357226651,False
364,169868.0,-0.5336302046884118,0.0762262211541576,0.25237218418049057,False
365,170627.0,-0.36634306524870996,0.014927787179264834,0.0976151384523613,False
366,170798.0,0.31337959968698165,0.037324565429253206,0.16516842956972833,False
367,172109.0,-0.010054101501082852,0.9728966588722178,0.9853222895784388,False
368,172164.0,-0.44066736669931417,0.22848461630254177,0.46128337289974575,False
369,172227.0,1.377063754648502,0.0002924555973152703,0.0097380537081511,False
370,172246.0,0.3287223271063051,0.5473891922325453,0.749389542399329,False
371,173550.0,0.21581541900833162,0.14193028580203165,0.35093925309505963,False
372,173604.0,-0.5217768615223537,0.15349031966852866,0.36418304262336143,False
373,173774.0,0.0506976749708183,0.7270882430473187,0.8625121769689014,False
374,174596.0,-0.6193455011041434,0.0319631709476937,0.1518425473248206,False
375,174687.0,-0.5965308643818963,0.026443174156030116,0.1372087263210836,False
376,174878.0,-0.5851758078628276,0.029539061705513233,0.14597973262958527,False
377,176237.0,0.18062215475821836,0.36207187967351057,0.6009433051348629,False
378,176357.0,0.09112841200827868,0.5292560881622976,0.7362648772269307,False
379,176610.0,-0.188403840306467,0.20040732642152373,0.4252192197626349,False
380,176671.0,0.22516982162321109,0.5387371529325081,0.7430739256775573,False
381,177197.0,0.7720032440069735,0.09609417277072711,0.28531243036822834,False
382,177240.0,-0.87536938705756,0.1271429637457324,0.33120635264217063,False
383,178236.0,0.41900915474728945,0.3368227622901546,0.5759218698640267,False
384,178574.0,-0.6142309068842104,0.31253192870329877,0.5519808037818006,False
385,179138.0,0.9642261998439849,0.000628647333897921,0.015300374012246484,False
386,180820.0,-0.14944649028514334,0.36131953267682565,0.600171924591728,False
387,181558.0,-0.8955038983353507,0.001341654684637206,0.023527724720091875,False
388,181754.0,-0.8991322689439943,0.0014456410851107849,0.024329355006011737,False
389,181789.0,1.4324012089010902,0.026836845833146203,0.13819513872943842,False
390,181790.0,1.372809820234221,0.0003090673447740762,0.010074502480837291,False
391,182603.0,0.40801297919817187,0.5299547906947721,0.7366203605117136,False
392,182721.0,-0.27021332032854867,0.524062654876742,0.7322536305274706,False
393,183478.0,0.28205711840088626,0.04087947480079462,0.17436019605604147,False
394,183540.0,-1.0101603419456104,0.003919364342009551,0.044118948802842776,False
395,183828.0,-0.07763831075907658,0.8098061068418475,0.904866029785586,False
396,183890.0,0.29608022638509796,0.5243332518125022,0.7323388169520134,False
397,183897.0,-0.4757781850057309,0.03999513218707938,0.17202499893101608,False
398,184033.0,-0.12206152857117852,0.7011627018887017,0.8479413022506525,False
399,184078.0,-0.42696910259179965,0.23397681088811212,0.4667047389564919,False
400,184958.0,-0.3156565203359273,0.388561621893493,0.623940296694359,False
401,185046.0,0.3243993084941422,0.03207184885362123,0.15200333440212382,False
402,186189.0,-0.9859931704115075,0.03329566920629641,0.1545870356006619,False
403,186980.0,1.2826745793888779,0.01348073987688435,0.09203360463118215,False
404,187357.0,-0.01951693212875011,0.9665380534527809,0.9823755215571102,False
405,188142.0,-0.09088218940763382,0.771870164773953,0.8872869467988203,False
406,188413.0,0.06566248781499451,0.6757460211249624,0.8332170078164096,False
407,189382.0,0.35801912594760266,0.010071404917508988,0.07829970667529697,False
408,189573.0,0.3412452609821251,0.47853553656683306,0.6979045075148426,False
409,190005.0,-0.4165728497023018,0.3128570174968735,0.552115578756066,False
410,190128.0,0.43815569497714557,0.15332214402420777,0.36418304262336143,False
411,191696.0,-0.42533372851106677,0.30271838984465804,0.542523468177824,False
412,191705.0,-0.09296851901893899,0.8944139443823165,0.9471800221907967,False
413,192341.0,0.19431641973146044,0.17208486297553824,0.3885152220464783,False
414,192664.0,-0.039380892629381395,0.8986868290148736,0.9495080327970074,False
415,192679.0,-0.19388225821962388,0.172377370327757,0.38893293596088174,False
416,193130.0,1.3399123566470414,0.019228963538106297,0.11373655879198998,False
417,193245.0,0.3572336178917672,0.30532682981353165,0.5448500308443015,False
418,193320.0,-0.1511622823074476,0.29434539251521524,0.5346464191819676,False
419,194550.0,-0.08181467004004639,0.5606162367850425,0.7590638860447668,False
420,195134.0,0.04650937829818601,0.742495148510694,0.8716107750712213,False
421,195234.0,-0.02813729633493285,0.8434475857336431,0.9202556581705392,False
422,196566.0,-0.05517481291049113,0.6992723775252317,0.8469763064088809,False
423,196695.0,-0.0743557161876443,0.6038770749256528,0.7860757462906777,False
424,197177.0,-0.02955006204725283,0.8622019447103128,0.9300608277681055,False
425,197210.0,-1.0575291625306562,0.0030191307546462228,0.03724166402464176,False
426,197343.0,1.257507246948643,0.0011649758070798421,0.021605408874821555,False
427,197500.0,0.5942953905986054,0.35998118726844913,0.5987734887831774,False
428,198391.0,0.6988798005945444,0.2504154752287747,0.4854395387846301,False
429,198812.0,0.11219814871601752,0.8030906638123559,0.9026815521388375,False
430,199213.0,0.07321095260372495,0.6024322991967077,0.7850012572746461,False
431,199710.0,0.1636226973980954,0.5640646756659125,0.7608125907449125,False
432,199807.0,-0.3870318000918666,0.06455716667592695,0.2297218629462545,False
433,200009.0,0.07397269449285497,0.5911713725479861,0.7786048409440818,False
434,200055.0,0.414293913266493,0.31551618233273765,0.5551836860466636,False
435,200184.0,-0.11079626323164019,0.6446965209632123,0.8125225077640962,False
436,200436.0,-0.036327098936166646,0.9135976732563575,0.9571569098733482,False
437,202057.0,0.04783695950643628,0.93024001159079,0.9654608782692442,False
438,202389.0,0.046468290661863296,0.7581435171767074,0.880364557012533,False
439,202434.0,0.05562940564821235,0.694124126749375,0.8435644195996939,False
440,202591.0,0.2732188112857226,0.11596302750705804,0.31436713261326094,False
441,202879.0,-0.41067998347929763,0.24346851879489742,0.47733771965853083,False
442,203404.0,-0.8774806387424191,0.03304892596867201,0.15403438874621497,False
443,203421.0,0.4303119542757557,0.14062199690991856,0.3494675206094358,False
444,203499.0,0.2999698660734793,0.25478717364355485,0.4903749592022674,False
445,203757.0,0.06932090326795484,0.6304028965214691,0.8050615813812407,False
446,203857.0,0.0653603043804053,0.6468501844465977,0.8138101609174687,False
447,203936.0,1.0134128389288055,0.09518592231943294,0.28362426208549124,False
448,204440.0,-0.9191619721292938,0.018920229398927665,0.11259818537574551,False
449,204642.0,0.452735013178656,0.12517264775631473,0.32843826236277407,False
450,205080.0,-0.24146174329256295,0.6294930955040065,0.8045622926758496,False
451,205137.0,-0.44586213516379086,0.11801757472203905,0.3173348460757329,False
452,205551.0,-0.5853754931297223,0.3359153539466563,0.5751358307714439,False
453,205739.0,0.06351406358807099,0.7584898746366588,0.8804626802777695,False
454,205816.0,-0.31586028746211436,0.18158582240470778,0.40021247138332927,False
455,205822.0,-0.0227231644207396,0.9128565938862748,0.956842248612931,False
456,206224.0,0.13007997845380367,0.36891409034200606,0.6063843807786911,False
457,206358.0,0.34641457853086965,0.18866410794132563,0.4086906588910576,False
458,206850.0,-0.40632929412175467,0.1502063654773903,0.36095048031753696,False
459,207032.0,0.4138048077682954,0.14267067029403274,0.3514783239508253,False
460,207274.0,0.15410009520046908,0.2894410639853442,0.53015531031365,False
461,207655.0,0.5067733862987192,0.0902337156766485,0.27575647062782077,False
462,207877.0,-1.0230054398764434,0.027210536440018376,0.13967521754151555,False
463,208583.0,-0.08738110139355351,0.8368222573512301,0.9172461579759605,False
464,208950.0,0.15512688385889478,0.8112782505416817,0.9054021107102201,False
465,209012.0,-0.9473893970146612,0.17560624856606866,0.39303212952261346,False
466,209491.0,-0.34622505489172606,0.5940164175886776,0.7798749866451227,False
467,209852.0,-0.7306433247780797,0.023848245773537002,0.1300393520597209,False
468,209892.0,-0.8818883860475614,0.03211316884773604,0.15200333440212382,False
469,209939.0,1.32334657954086,0.0016664023851528013,0.02652288440454364,False
470,210384.0,-0.1626758744184147,0.26992875006377426,0.5079883117098248,False
471,210668.0,-0.22335123673298812,0.12387538489924967,0.3266233637295683,False
472,210717.0,-0.04583164298042314,0.9140035775445379,0.9573049820769932,False
473,211321.0,-0.04775059114028107,0.910408393755164,0.9560074914925805,False
474,212316.0,-0.07439721631815316,0.8608008975047987,0.9291958773284198,False
475,212543.0,-0.15524135085547372,0.438873389397286,0.666316107997804,False
476,212817.0,-0.08123282891515017,0.6432074216122001,0.8116716948101097,False
477,213082.0,0.000567611104763388,0.998724641898903,0.9991103381814561,False
478,213677.0,0.13746616503043213,0.36362574695542077,0.6022516190101767,False
479,214144.0,-0.11736091674544703,0.43750154391281976,0.6654246487844776,False
480,215506.0,1.199252054400045,0.06413455254673832,0.22885620246378843,False
481,216034.0,0.1465712389016196,0.35886380149114844,0.5977817940268653,False
482,216293.0,-0.6672354652183765,0.27251258233565023,0.5110787977286598,False
483,216336.0,0.5061833942434675,0.050521164497756045,0.19913116943469203,False
484,216360.0,0.6133921261886648,0.0955932898878698,0.28436973464862336,False
485,216793.0,-0.17250275075110338,0.46751685250981545,0.6890557276298773,False
486,217344.0,0.09040360478458581,0.8267518277584454,0.912740814624927,False
487,217345.0,0.2333675818934572,0.5622528320243836,0.7596976666812616,False
488,217460.0,0.08354631939861219,0.8357076789340953,0.9170649873463005,False
489,217604.0,-0.8649068427683348,0.03116091386514218,0.14980147033043328,False
490,218662.0,-0.44741411982443147,0.33582819026140875,0.5751358307714439,False
491,218880.0,0.012903801792588529,0.9328697481770586,0.9666190450994627,False
492,218956.0,0.6916514472111176,0.06539647406734632,0.23130619941383002,False
493,218979.0,-0.1855523094439458,0.20687887369279273,0.4333828945418111,False
494,219177.0,0.027251654472549715,0.9399239098661285,0.9700393650500879,False
495,219492.0,0.12196882466126946,0.43889084957939184,0.666316107997804,False
496,219625.0,0.023032035682331038,0.8797615447437801,0.9400972861080477,False
497,220096.0,0.40389506505269196,0.5339980570508439,0.7396648051684286,False
498,221572.0,-0.9349444115162254,0.006579298993720854,0.06061221624533932,False
499,221673.0,1.3486272003388828,0.0009073617990672656,0.018709121353934408,False
500,222287.0,0.18611171926348996,0.2402403457492144,0.47378841639458036,False
501,222455.0,-0.1295608236842948,0.4179664367931672,0.6494454153148912,False
502,222624.0,0.3374515230569606,0.12123578029537956,0.3225525478201826,False
503,223074.0,0.1728278741087314,0.2740435627737923,0.513077407714632,False
504,223129.0,-0.17001851233286697,0.25406896962193365,0.48960033112836676,False
505,223288.0,-0.17820996571115172,0.22559699899409266,0.4579868008380168,False
506,223498.0,0.18330711322131438,0.2147570843271789,0.44403583816600517,False
507,223887.0,0.1846451955279919,0.21228532560326635,0.44077222827533596,False
508,224021.0,-0.9443834334294837,0.17693873810379027,0.3950346850277511,False
509,224065.0,0.20643468635245482,0.16334207143565357,0.37628993748599737,False
510,224556.0,0.18182968986851744,0.26328926478494746,0.4998259827283324,False
511,224835.0,1.3889174355185379,0.031875813212550286,0.1517031022679985,False
512,225522.0,0.8911732288742931,0.14246665758670682,0.35145755194383904,False
513,225572.0,-0.18518954296117304,0.2294308079568351,0.4623522234382879,False
514,225664.0,0.076006132005598,0.6218939891719963,0.7990843010765516,False
515,226368.0,0.13564529062061834,0.3781128902246605,0.613826919875351,False
516,226887.0,0.04844690004350984,0.7621198894958434,0.8825440483035005,False
517,227065.0,0.12880184860538188,0.399519077039726,0.6326094129286679,False
518,227265.0,0.2056002641977718,0.5421203918213535,0.7453977125189335,False
519,227621.0,0.287165221076409,0.410387971856295,0.6421195248926824,False
520,228687.0,0.18110292806758366,0.5911802025850872,0.7786048409440818,False
521,228722.0,-0.04660894652602599,0.7625486617269222,0.8825440483035005,False
522,228780.0,0.7475843410106859,0.021853395701068368,0.12342279413896833,False
523,229753.0,0.03459676947359039,0.9190762899682541,0.9595626745797248,False
524,229971.0,-0.18146007502885708,0.5905796084001249,0.7786048409440818,False
525,230252.0,-0.22326546667443387,0.5220379818108742,0.7316620132417095,False
526,230904.0,1.2502478604254301,0.012060073566950704,0.08633479675967369,False
527,231179.0,0.43186590789658547,0.537509017142497,0.7422287725584283,False
528,231265.0,0.285885422705931,0.5501854031900775,0.7514170296462369,False
529,231349.0,-0.0901460340878043,0.6666383973595285,0.8278640662781925,False
530,232408.0,0.007493934238290582,0.983788377883323,0.9901168333016087,False
531,233241.0,0.048872478705048905,0.8967469565153444,0.9485967994399476,False
532,233907.0,-0.08716477986101169,0.8132089244509476,0.9065813777256893,False
533,234126.0,-0.2681044511558367,0.07853317472639633,0.256770364956335,False
534,234457.0,0.3056312172063738,0.5949565560372284,0.7798749866451227,False
535,234638.0,-0.9356865568862682,0.012493179923454814,0.08801618603856547,False
536,236952.0,0.41594484085072364,0.4253056537982644,0.655657173883304,False
537,239189.0,-0.3973836750398274,0.14269844367855133,0.3514783239508253,False
538,239211.0,0.09764284689091035,0.49965428158214586,0.7137448646630074,False
539,239262.0,0.06754046682406939,0.6378076636582558,0.8089031649737547,False
540,239320.0,0.07573123818190208,0.5996181015845017,0.7831151214242561,False
541,239395.0,-0.07369752558176652,0.8343686179522637,0.916719296884299,False
542,240593.0,0.43694498638024015,0.11059919853537438,0.30636415759559255,False
543,241065.0,0.5782253478036806,0.0014122625282496938,0.02411577365200629,False
544,241151.0,0.773742509636294,4.801571467454608e-05,0.0029446925581480096,False
545,241699.0,-0.0233352721158405,0.8792592901703888,0.9398693922776138,False
546,241747.0,-0.5964793740809585,0.07901796306840121,0.2572414961609698,False
547,243084.0,-0.15036178364826977,0.2790632037272612,0.5186151474849203,False
548,243446.0,-0.579757655719671,0.2662587064833608,0.5030000450534079,False
549,243611.0,-0.1202514660200357,0.3854717493488575,0.6213685534870579,False
550,243774.0,0.6522602939619999,0.0003982292604665933,0.011654825665894484,False
551,243926.0,-0.6257921962982396,0.23006174887488245,0.46298114275803653,False
552,243999.0,-0.0361387171828981,0.8048456308347887,0.9034419197456242,False
553,244933.0,-0.14635344915112644,0.28729920085168775,0.5275108434262529,False
554,246267.0,0.3028503889552987,0.5616114537546008,0.7594733188621142,False
555,246380.0,0.17045931577174425,0.21132053974476417,0.439694165023848,False
556,246408.0,0.4521921073295492,0.10754984616269861,0.3021538883909522,False
557,246489.0,-0.06234809866537612,0.6618226308968378,0.8241464561644114,False
558,247046.0,1.213709613280867,0.0018655817157210788,0.028243918443727072,False
559,247176.0,-0.3557204575714702,0.09248125779919139,0.27901168799617077,False
560,247250.0,-1.3378821171463031,0.027352116289858824,0.1401328795952246,False
561,248177.0,-0.31683125932511763,0.5620543569142624,0.7596976666812616,False
562,248234.0,-0.4582383804733855,0.11052652994169491,0.30636415759559255,False
563,248577.0,0.3715021292368438,0.07836715746645101,0.2565454319298727,False
564,248777.0,0.4559301626710451,0.10856300520035891,0.3038028928718474,False
565,249087.0,-0.296957512285518,0.029198224910068394,0.1447906493370454,False
566,249445.0,-1.2916964668920223,0.033188659580479625,0.15428817976278644,False
567,249575.0,-0.46175837642651085,0.10013340062155726,0.291406987599733,False
568,249954.0,0.4503518498643829,0.0014129555083073238,0.02411577365200629,False
569,250333.0,-0.8250738665495547,0.06599892706171193,0.23278506669044885,False
570,250766.0,-0.4539416770906822,0.10611477644427772,0.30004581878161884,False
571,251319.0,-0.3740273039736195,0.18825214186154007,0.4081627775326051,False
572,251390.0,-0.12458279011047771,0.5488010421698352,0.7501870435403049,False
573,251891.0,0.44868541712179966,0.11016444205186655,0.3063101994039476,False
574,252577.0,0.743895000100974,0.0016386297976992714,0.026390692068287227,False
575,252707.0,-0.7739327389430966,0.04213121531833971,0.17739889149750873,False
576,253006.0,-0.4858165992087682,0.29584938870776745,0.5359032001855079,False
577,255195.0,-0.26380420102481356,0.4266110098211116,0.6565688459968584,False
578,256161.0,0.3927231681773521,0.5454105355543221,0.7477924443987966,False
579,256188.0,-0.338419849682007,0.10634405284179185,0.30031645999674167,False
580,256910.0,0.3879515848717442,0.00616641781171363,0.058459795062141,False
581,256985.0,-0.20075622663964018,0.12377991136970778,0.32655646444669245,False
582,257102.0,0.18299763029352645,0.407894606442897,0.6402931684883464,False
583,257182.0,0.251652009378456,0.27645791880077303,0.5159302054556898,False
584,257862.0,0.2653843374643706,0.40365912900288253,0.6358612458752416,False
585,257943.0,-0.20785093670366664,0.5888100763642459,0.7771806151427394,False
586,259403.0,-0.16396072777593237,0.7755352137252975,0.8891668527990103,False
587,260588.0,-1.7257143601617302,0.0014453693850920196,0.024329355006011737,False
588,260732.0,0.31115084178986996,0.5510088339905871,0.7515959905714782,False
589,261024.0,-0.6600850729797412,0.27485861573416465,0.514057593693032,False
590,261350.0,-0.0905770946310385,0.813830394454093,0.9070878870314385,False
591,262071.0,0.14015188422722027,0.7394693583186128,0.8696199265492321,False
592,262290.0,0.30324283161699983,0.5611041797206358,0.7590980703220395,False
593,262914.0,-0.17771792477680104,0.5924967325439523,0.7792986831170001,False
594,263149.0,0.905084862571937,0.02783693670125317,0.14095327919095782,False
595,265229.0,-0.58836532672777,0.04605392272320425,0.18735102683343627,False
596,265696.0,-0.3169643923381621,0.07219282213710822,0.24514163068564437,False
597,265735.0,0.22787360160004763,0.08295947319651124,0.2630806548490008,False
598,266136.0,0.634880066893741,0.0030398260284615836,0.03736954874173328,False
599,266337.0,1.3354807782627311,0.007280361421585858,0.06414636625918384,False
600,266764.0,1.2111133368288756,0.045913127655542556,0.18720078872400342,False
601,266850.0,0.24154011393443892,0.06281168400860856,0.22591810136297086,False
602,267060.0,-0.15336160590927056,0.6814894283472224,0.8366266462194955,False
603,268151.0,-0.37913476306940896,0.08687641447045442,0.2701954370992744,False
604,268268.0,0.2710774685671318,0.4590415479436437,0.6825996518438391,False
605,268548.0,-0.4661390723645438,0.02857204476936979,0.14272873721652513,False
606,268620.0,-0.2571319853429015,0.145929818179316,0.35549106291213534,False
607,268826.0,-0.37948952163755384,0.09338933723424792,0.2804571854695343,False
608,269253.0,-0.061196432773890114,0.9066551670773673,0.954026932786431,False
609,269272.0,-0.1759047587045613,0.7596054385612254,0.8811195806349756,False
610,269422.0,-1.3026206216123364,0.022878881986820674,0.12651567191387592,False
611,269555.0,-0.37963730304012216,0.46683238685328904,0.6885143422951703,False
612,270724.0,0.6329905732723353,0.0034411865425713153,0.04073509260590145,False
613,270859.0,-0.043283532544815026,0.9339031070347837,0.9670386083810035,False
614,270991.0,-0.10154030100719603,0.8675285079733887,0.9333949800823802,False
615,271232.0,0.6335802179421357,0.27001721972378195,0.5080667221531726,False
616,271909.0,-1.1923462498437523,0.08796981107572724,0.27197729969439455,False
617,272386.0,-0.9410295786981521,0.17851674478119864,0.39668357514839536,False
618,273794.0,0.8158407097957168,0.002577594534272626,0.034121693499426044,False
619,274737.0,-1.0205814402899052,0.07516012601736745,0.250341567326948,False
620,274772.0,-0.8553166065009529,0.05666635532102931,0.2129893653080932,False
621,274860.0,-0.5781310242698168,0.04999912514896531,0.19800820995695675,False
622,275863.0,-0.0871076783986359,0.8618663687858356,0.929791237643634,False
623,276794.0,-0.6196323211790162,0.0015324707729119506,0.02539690112970874,False
624,277115.0,0.16233954510091525,0.6798759027156736,0.835661254612693,False
625,277302.0,-0.09670549748208146,0.8595098622710322,0.9290032415565125,False
626,278352.0,0.10943775049363862,0.6218016843790988,0.7990843010765516,False
627,278767.0,-0.6495223928261902,0.19373354040450413,0.4158610022682238,False
628,279307.0,0.11190938106867687,0.8098363407984309,0.904866029785586,False
629,279638.0,-0.4821032108197549,0.33521393356228946,0.5745692797755648,False
630,280239.0,0.4223214253247243,0.4877203577875706,0.7062438399262008,False
631,280336.0,1.532376930845418,0.0031047119555949374,0.037697593152106315,False
632,280494.0,0.4720890266445359,0.05679899754711875,0.21326638477135043,False
633,281976.0,0.7572569668782331,0.005696915112467561,0.05551168181852367,False
634,282526.0,-0.4704607112102067,0.3671871027964703,0.6047361554932007,False
635,283609.0,0.5631462496510169,0.16166866961987594,0.3737350362045429,False
636,284870.0,0.45455187745080783,0.06286802810462631,0.2259710083032181,False
637,286594.0,-0.2918238267667778,0.03993252562767539,0.1718745304077781,False
638,287429.0,0.6300190908742259,0.015429119819671547,0.0991963180088031,False
639,287719.0,-0.5743572605578271,0.00038709204504964843,0.011607414776281586,False
640,287921.0,-0.5885832191871748,0.3333396878534985,0.5733149655579659,False
641,288468.0,-0.2887901479812698,0.04491469614064177,0.18528654578443585,False
642,288861.0,0.5392709892572088,0.3479766728588915,0.586262111420653,False
643,289999.0,-0.3125128781292726,0.031500535030101105,0.1505672865485458,False
644,290311.0,0.892236327226988,0.025161882580730655,0.1340855353037954,False
645,290335.0,0.0983441256727964,0.6687530167017458,0.8293515361930138,False
646,291020.0,0.30303459589029075,0.03804733320884633,0.1668702230230412,False
647,291263.0,0.15935558289337673,0.49487162178053545,0.7103256334844696,False
648,291450.0,-0.4472666438141997,0.4126954514337652,0.6449302572836253,False
649,292712.0,-0.25521581077269606,0.22763874630389758,0.46023814325364276,False
650,293469.0,0.5712987269524162,0.32002599940197674,0.5600481162477461,False
651,293613.0,-0.6949020401008832,0.18249185392967288,0.40124550828571987,False
652,293763.0,-0.45018448206067196,0.5203225650090988,0.7300118189445222,False
653,294344.0,0.07768116694168109,0.5844608004586284,0.7736978035339526,False
654,294386.0,0.32543654624400964,0.5127618714989184,0.725281691843683,False
655,294434.0,-0.39631552717554425,0.26405345488165527,0.5006345193615984,False
656,294834.0,1.0840974313548428,0.01925606032118071,0.11373655879198998,False
657,294883.0,1.0972153843683599,0.055579836847304616,0.21058259301134086,False
658,296150.0,1.0135463465257042,0.05137160980683482,0.20106720187576574,False
659,296698.0,0.07760583628628125,0.7173148905577496,0.8559363677041191,False
660,298157.0,0.5606326432230598,0.32921151891799144,0.5690049340956084,False
661,299344.0,-0.26585528385154245,0.15080735716088928,0.36161515310510906,False
662,299447.0,-0.3767853149401433,0.4701595943365098,0.6909805573412962,False
663,299628.0,-0.46421446026577573,0.2168114782324453,0.4465822763212891,False
664,299872.0,1.3064864709117985,0.043622545216128746,0.1814553237788449,False
665,299998.0,0.10508787003082917,0.6601850700708706,0.8230514454598944,False
666,300291.0,-0.3969012076707776,0.44673820325497166,0.673504576886501,False
667,301800.0,-0.44262676957091635,0.37620823894133665,0.6128061875312439,False
668,301871.0,-1.1341527216240634,0.001443315928117981,0.024329355006011737,False
669,301984.0,-0.33208527628996043,0.5853347287472563,0.774288140452287,False
670,302226.0,-1.0382120676904074,0.013294818921192624,0.09157059605935655,False
671,302336.0,-0.7490922314601811,0.08552077556721388,0.26814789681747736,False
672,302874.0,-0.4998987416278755,0.33770455804871397,0.5763161689097558,False
673,303218.0,1.3530713945515285,0.012814103323954332,0.08910768198688294,False
674,303315.0,-0.4440599781801157,0.07963258235242628,0.25795633585066763,False
675,303659.0,-1.2004723819761152,0.047878849712281055,0.1923272483794767,False
676,303708.0,0.8718704397296118,0.0024431346496053804,0.03323336669356692,False
677,304517.0,1.3459796192936435,0.013285860521902742,0.0915669942636535,False
678,305194.0,1.3245563731679244,0.020689230044283885,0.11920466673604117,False
679,306606.0,-0.3927575173367258,0.28657606231289523,0.5269963794939642,False
680,306705.0,-0.3526525508650426,0.5184491387752437,0.7288907397235164,False
681,307292.0,0.10412859317596687,0.6680225836500545,0.8286970763338929,False
682,307694.0,-0.17893200543069376,0.3834286845497929,0.6195472418559098,False
683,307819.0,-0.2634605266841283,0.6296833963215038,0.8046160408557886,False
684,308395.0,0.7133686539706753,0.3081071190335874,0.5479198520821741,False
685,308598.0,-0.2328838797239863,0.25963476739480185,0.4962673410491215,False
686,309651.0,-0.2189889185870394,0.5371211919393083,0.7422287725584283,False
687,309652.0,0.46304684714996974,0.3964127469354548,0.6304850356021043,False
688,310513.0,1.3487261799059247,0.013113699576046668,0.0906105721820411,False
689,310747.0,1.1036356980484245,0.026836973969751838,0.13819513872943842,False
690,310832.0,-1.0593112363621704,0.0009100337240789837,0.018709121353934408,False
691,311346.0,0.16187782312301563,0.34729796829177195,0.5856640431578661,False
692,311498.0,-0.1385969300954213,0.41821556856607517,0.6494606576229965,False
693,311703.0,0.24617797235836159,0.19986645494479932,0.42477217450339816,False
694,312287.0,0.1276798332070372,0.45639767677385734,0.6802435798873222,False
695,312445.0,0.4165710274505247,0.06223743278702822,0.22482107584132824,False
696,312834.0,-0.3321900060484888,0.5067068136412257,0.7199746884509257,False
697,313159.0,0.6997194481228207,0.3175232946779498,0.5573601817155798,False
698,313477.0,0.0890690276169394,0.714637677779957,0.8547849955676308,False
699,314673.0,-1.6069113866820206,0.0003099846917180705,0.010074502480837291,False
700,315332.0,-0.20677748333474086,0.4615532680674385,0.6840743753238729,False
701,315600.0,-0.4225241726492767,0.22526152338206124,0.45776882137576785,False
702,316385.0,0.14356617866241583,0.3054139970990406,0.5448758833618946,False
703,316974.0,0.41744295311557533,0.06290565125952428,0.2260313950420841,False
704,317630.0,0.5569493999075633,0.3911620885276543,0.6258939373478313,False
705,317850.0,-0.013108751487144136,0.9430807645616698,0.9714262576506133,False
706,318058.0,-0.3989350548846461,0.25229185843377516,0.48738710149468395,False
707,318170.0,0.7160654874684274,0.3062615659627441,0.5460692014660952,False
708,318339.0,-0.15480580679071845,0.3699689208870075,0.6071069744865407,False
709,318615.0,-0.1002687760819802,0.7109443421054374,0.8526441838383906,False
710,320877.0,0.18059334925856513,0.5500384668778614,0.7513108793203959,False
711,323928.0,0.024220181529250345,0.9646466639409614,0.98142039765446,False
712,325121.0,-0.08323879743709689,0.5684114674044629,0.763249193304731,False
713,325428.0,0.04268728069962874,0.9377225652657479,0.9686084426159622,False
714,325661.0,-0.02337544440734699,0.8829087007401247,0.941568185343058,False
715,326263.0,-0.7915867691099403,0.08804850992229166,0.27198821149871255,False
716,326705.0,-0.26354907784555553,0.3665749485132712,0.6041863143200059,False
717,326755.0,0.4459979725125641,0.43781733928822447,0.6655240467684745,False
718,326949.0,-0.24705313319815636,0.6510753250090345,0.8166390101038064,False
719,327654.0,-0.3537184449531203,0.4317997959434513,0.6605589740115223,False
720,328908.0,-0.14439407172125038,0.3049461723574395,0.5444392600230272,False
721,328997.0,0.12934018244617226,0.3582424870058561,0.5970708116764268,False
722,329822.0,1.4106938314434252,0.04330973049058157,0.18054037038220544,False
723,330863.0,-0.253637511590998,0.4915738641480483,0.7088249595280373,False
724,331335.0,-0.3953611613425059,0.4691140543420652,0.6900979888715433,False
725,331796.0,0.06798210032475951,0.7461865849403024,0.8739593633499119,False
726,331959.0,-0.25101992758000213,0.31153146204114485,0.5510307454009774,False
727,332205.0,-0.8759073136157417,0.024350418814595275,0.13152772505466617,False
728,332672.0,0.2649001051112636,0.3504038388152185,0.5890713443300599,False
729,333374.0,-0.08061647403521507,0.7095369219027519,0.8520736816306336,False
730,333528.0,0.26557343809102213,0.22695537296169166,0.4595730031623265,False
731,333662.0,-0.1643179618804368,0.4963049616579226,0.7113399188406974,False
732,333878.0,0.2390406458525663,0.3731809880007381,0.6097967220755701,False
733,334225.0,-0.19573625103961453,0.27012084916738294,0.5081442404003289,False
734,334255.0,-0.15820528275571272,0.6946078495382808,0.8436411911792167,False
735,335552.0,-0.09383475488161641,0.6561916442163895,0.8199562907757464,False
736,335683.0,-0.31471676765440265,0.38387285575671015,0.619895841898109,False
737,335716.0,0.8043296199855273,0.16109771168417025,0.37325841202383525,False
738,336112.0,0.3776957917543481,0.09277697348008808,0.27951541690989623,False
739,336454.0,-0.1926105949878253,0.6873000705216147,0.8401169102715684,False
740,336728.0,0.25934494972342936,0.27057576301204644,0.5085006765054993,False
741,336775.0,-0.10075664130870561,0.6319256127051247,0.8056176104397142,False
742,336888.0,0.246372027606919,0.29232378071340037,0.5328369446652184,False
743,337312.0,1.3561302545417468,0.0126106238403957,0.08820123826513875,False
744,337437.0,-0.2508321833181625,0.5141878979759256,0.7261305145878225,False
745,337713.0,0.03886977583263448,0.8746498519065631,0.9368782457515041,False
746,337778.0,-0.18895916820507233,0.5386756282775105,0.7430739256775573,False
747,337842.0,-0.3050960672483564,0.2631964041820113,0.4998259827283324,False
748,338179.0,-0.49031893185175274,0.29134666930890896,0.5320605813169931,False
749,339269.0,-0.2037526968166443,0.6195430028231835,0.7980500399601616,False
750,339759.0,0.24185592860700605,0.09708594409548317,0.28676678181128434,False
751,340704.0,-0.29136459548194094,0.39198672609167506,0.6269361885553459,False
752,341192.0,0.19353452600609944,0.1893056269497811,0.40975325633895787,False
753,341198.0,-0.3284752133639383,0.13314525459147358,0.3381845280283774,False
754,341416.0,0.28669681422721244,0.487508448416084,0.7061521493937273,False
755,342155.0,-0.4766333301193123,0.49609618652525594,0.7112668864667018,False
756,342424.0,-0.002743266614949648,0.9870130719105088,0.9919260832513427,False
757,342680.0,-0.16361618399686229,0.66378264773467,0.8256630267827951,False
758,342818.0,-0.10715767818930844,0.8784369223474163,0.9395889254911691,False
759,343690.0,-1.2211848556831193,0.0005119472837540283,0.013423158853019269,False
760,344311.0,0.1866353398145069,0.6984315862301743,0.8461777397039307,False
761,345183.0,-0.058223300103121156,0.9285924674052785,0.9647338571943824,False
762,345400.0,0.8921294522172625,0.10177994389768327,0.293601193465148,False
763,345448.0,-0.05608682960106276,0.8488398382332659,0.923065312046042,False
764,345834.0,0.4611649963118573,0.2407662708913992,0.4740645511565642,False
765,346683.0,0.9759951440829773,0.060742244919361345,0.22148373147452718,False
766,346794.0,-0.6407253711972567,0.24046547391176423,0.4738160681271013,False
767,347035.0,-0.6021796622626286,0.3221597575236241,0.5619547112194985,False
768,347044.0,-1.2776194603741904,0.0002767278877098048,0.009405357066688007,False
769,347620.0,-0.282163340806487,0.16569306907075312,0.37921110368185224,False
770,347967.0,-0.11773116943535188,0.5692495877813162,0.7637132956823862,False
771,348003.0,0.2071072438256521,0.1475887020821158,0.35814097493102065,False
772,348541.0,0.43573663408005864,0.10365935141837809,0.2958775334332091,False
773,348809.0,0.07011953300147983,0.9083132916472905,0.9548221461881946,False
774,349060.0,0.18198307365857092,0.7794212361414696,0.8910602968210272,False
775,349193.0,-0.47366353421580787,0.4988637074388494,0.7131420431058104,False
776,349201.0,-0.08106023481469739,0.703909244385198,0.8490896305985065,False
777,350139.0,-1.2318042596538175,0.01013420237455774,0.07829970667529697,False
778,350959.0,0.7854308774007585,0.13154890895903015,0.3362287277490634,False
779,352040.0,0.42709158696745664,0.0981562022931163,0.2879845044653061,False
780,352813.0,0.8093490254058637,0.15860312444101382,0.37032413762254357,False
781,353115.0,0.21944314538400883,0.34310672090235295,0.5822396718527392,False
782,353521.0,-0.5458781666442054,0.12343023441744028,0.3262320902365021,False
783,353934.0,-0.36630389118385553,0.08263893618894962,0.26244752847602343,False
784,356595.0,-0.44066626035241485,0.14608293361707628,0.355784214586799,False
785,356639.0,0.18107746758423796,0.43983583114033925,0.6673238688717441,False
786,357173.0,-0.4107416403975806,0.14732435959499163,0.35791026451064617,False
787,357371.0,0.7995150739413857,0.2532310320223165,0.4885059272440458,False
788,358042.0,0.010263439274020542,0.9843091328203146,0.990373288417176,False
789,358551.0,-0.5862775312793571,0.1636040878193192,0.37647479856053967,False
790,359474.0,0.2342768157109442,0.626596128475097,0.8021819760109893,False
791,359554.0,-0.39526683501345194,0.3797242223305936,0.6149234473549399,False
792,359762.0,0.6108875353483275,0.06745746995959,0.23560194221729386,False
793,359988.0,0.4682474166873094,0.0020421672680014935,0.030014758049417032,False
794,360022.0,-0.45316655401774425,0.4066907598435872,0.638843725078201,False
795,360147.0,-0.5091418557008646,0.030877972499035206,0.14896906287867875,False
796,360471.0,0.6163417449510415,6.650200411522142e-06,0.0009559149225007843,False
797,360652.0,0.5928771708897747,0.3970104621026435,0.6306041214697389,False
798,360945.0,-0.5489377175020058,0.012509741894834876,0.08801618603856547,False
799,361217.0,0.35061340343972464,0.26609500698141236,0.50286582534527,False
800,361390.0,0.6564113523949844,2.1430329875220747e-06,0.0005169471795456026,False
801,361748.0,0.16934966868706025,0.5994321537766546,0.7831151214242561,False
802,362239.0,-0.04209512851158492,0.9483378118138975,0.9739079420283687,False
803,362323.0,-0.49864758375853613,0.36121020828858147,0.6001632468331575,False
804,362997.0,0.2076007061608936,0.7314936926999269,0.8646808269909296,False
805,363093.0,-0.8995732854343695,0.04490846458194498,0.18528654578443585,False
806,363102.0,0.11814843931465313,0.8461187682913247,0.921502882492458,False
807,363311.0,-1.1785226070568393,0.09173244900136769,0.2777564708444788,False
808,364436.0,0.114910649762343,0.6709531388400835,0.8307395685792694,False
809,364712.0,-1.0280871731168788,0.020946697709977542,0.12024135570693084,False
810,365331.0,-0.6045492018296419,0.08227861425185819,0.2619616754540235,False
811,365366.0,-0.2482593325770296,0.28350860676881395,0.5236183144955829,False
812,366332.0,0.2421181167419995,0.2956111073777143,0.5359032001855079,False
813,366637.0,0.09678147790310111,0.8297165409044224,0.9144711361269569,False
814,366745.0,-0.10441002805996796,0.7955420133284423,0.8989182226669485,False
815,367084.0,-0.20917264334809554,0.369533170287728,0.606850614746337,False
816,368425.0,-0.33724334186149435,0.1295015666158189,0.33380632433126567,False
817,369295.0,-0.14930141676891098,0.4279635486983043,0.6573450783583391,False
818,369553.0,-0.6564149008028929,0.2530449379629329,0.48823370095763186,False
819,370611.0,-0.34239143134335803,0.010142933883617079,0.07829970667529697,False
820,370637.0,0.010845222060135221,0.962235335738232,0.9812568066297459,False
821,370647.0,-0.3185835548875432,0.07393132937381014,0.24876769384770897,False
822,370824.0,-0.915567334194779,0.19059275202924736,0.4111455332427425,False
823,371234.0,0.8278860624006168,1.4453976642771212e-06,0.00039224479114320377,False
824,371282.0,-0.6715754952296503,0.05808323184173551,0.21568203527955684,False
825,371425.0,-0.07871727315215535,0.731666187669639,0.8646964036095733,False
826,371533.0,0.19654885158065874,0.7452869649144399,0.8733768761898139,False
827,371763.0,-0.19667978731994587,0.19840409570795825,0.4228307898684528,False
828,372706.0,-0.016710563924343367,0.9418961535144635,0.9709094152176377,False
829,372759.0,0.76111529821106,0.06464691257155156,0.2299286487431822,False
830,372764.0,0.20221665708644848,0.1869362115633604,0.4067179173446424,False
831,373021.0,-0.5191741103719665,0.03581200012917667,0.16147277775439978,False
832,373526.0,0.5883656287701035,0.4006825515305106,0.6330258439608628,False
833,373578.0,0.052482351521934714,0.8196504793879098,0.9095589811649725,False
834,373702.0,-0.21660956525761596,0.15881660756639082,0.37066314236361475,False
835,373943.0,0.3170068943148519,0.6255331012142096,0.8015773596600454,False
836,374214.0,0.12315614097003792,0.6778560144696217,0.8344671446374835,False
837,374246.0,-0.18614762660397882,0.2204797471208954,0.45097185886514407,False
838,374422.0,-0.18367174177788914,0.5694570620634137,0.7638028430369895,False
839,374613.0,-0.36879941925893683,0.5701727958615102,0.7641451596550367,False
840,374775.0,-0.22243943289951076,0.11101389176873994,0.30694238287052267,False
841,374829.0,-0.21095465519053377,0.16501897017202757,0.37814670070030804,False
842,375047.0,-0.45467705636287065,0.405070385527478,0.6377141457434045,False
843,375118.0,0.2967269069202392,0.06689548908384575,0.23424210774359538,False
844,376123.0,-1.2286567899307463,0.0007091964904516661,0.01627553468044997,False
845,376610.0,0.5817504251796282,0.24458623474263613,0.47820309404382483,False
846,376736.0,-0.058865737123961454,0.794474290970978,0.8986691211980082,False
847,376765.0,-0.39936301525294493,0.07903053141020697,0.2572414961609698,False
848,378717.0,-0.7182108453543472,0.07925172244356951,0.25749100482638343,False
849,379030.0,-0.0313871291297039,0.9541873251358708,0.9768653602140788,False
850,379347.0,1.148502583632154,0.006090989031813544,0.05820218832776058,False
851,380201.0,-0.3795825169722883,0.09195615212945372,0.2782006776380212,False
852,383656.0,-0.7270841364639926,0.026796911076916594,0.13818549631350577,False
853,384068.0,-0.43977451558325686,0.004667074566782118,0.04903545146404932,False
854,384230.0,-0.4607621035183135,0.4488885414156094,0.6752612412786086,False
855,384684.0,-0.1797392192338156,0.7677564039800557,0.8852767968136293,False
856,385389.0,0.41395727351333994,0.0709106860772522,0.24303553621113147,False
857,385757.0,-0.47661358855250985,0.03596944842886653,0.16201176875325565,False
858,385834.0,0.42906266008530586,0.05795789292148171,0.2153955717580738,False
859,385863.0,0.027919446793980285,0.9612666353160498,0.9811517937334951,False
860,386332.0,-0.6819133526633663,0.2623349706963434,0.49906170818591084,False
861,386814.0,0.32562402696821974,0.13898998597480244,0.3470752927896205,False
862,387270.0,-0.4549570874039264,0.5159365443891527,0.7266759036388027,False
863,387916.0,0.6843023146778031,0.17089923723182834,0.386965210711618,False
864,388415.0,-0.5042825368734207,0.20995784035490506,0.4375881941095941,False
865,389376.0,0.35999090547479534,0.0539088196639444,0.20655850245397686,False
866,389529.0,0.1304861121238536,0.8204754525476391,0.9099163299350861,False
867,390606.0,-0.35719476642171055,0.06717514934202791,0.23491824939037145,False
868,390670.0,0.36549105813374533,0.05060256569319643,0.1992349838954107,False
869,391430.0,0.3796061265754459,0.0366934860184233,0.16364448333959744,False
870,392901.0,0.669003612667014,0.1022680066841964,0.2939934355288538,False
871,393915.0,-0.6998209063679164,0.28100840794106463,0.5205369058362213,False
872,394294.0,-0.3985187625997752,0.11584867964380716,0.31436713261326094,False
873,394555.0,-0.5851482088820864,0.2419032097715552,0.47544076445233235,False
874,394789.0,-0.6997053505224793,0.24983286814701974,0.4846584715504319,False
875,394935.0,1.221655872018053,0.01868888913708117,0.11183455985833302,False
876,396334.0,-0.3305734073672962,0.49247816872861233,0.7095271290394936,False
877,396879.0,-0.3546615810243267,0.04012775930363201,0.1723552077821614,False
878,397027.0,-0.08267829981147175,0.6818293212788419,0.8366817746205879,False
879,397303.0,-0.8967657264112401,0.0724759964526591,0.24573957614793043,False
880,397656.0,0.1355531119214355,0.4353077188953949,0.6636608551417853,False
881,398183.0,1.458536297635277,0.03665471182514911,0.16364448333959744,False
882,399399.0,0.2786628610709566,0.6470627258516206,0.8138101609174687,False
883,400153.0,0.05991015477423296,0.7086871538092783,0.8516908279422596,False
884,401467.0,0.5798764004330121,0.030452364755660634,0.14810054633633343,False
885,402514.0,0.9051369663893796,0.19570865711456037,0.41839274013162325,False
886,403354.0,0.582074249022729,0.029823690968392647,0.1465689869517432,False
887,404012.0,-0.17904460804520383,0.4642441464716733,0.6861226909714777,False
888,404216.0,-0.2886072050404269,0.5950183914688997,0.7798749866451227,False
889,405849.0,0.19926752536385925,0.3104861473318552,0.5501394606755182,False
890,407383.0,-0.14919775883008518,0.7567835512607561,0.8801496967982049,False
891,407432.0,0.5454359884177296,0.004733061785368782,0.04937258485597864,False
892,407437.0,-0.322214597651044,0.5965921078866003,0.7810888108924191,False
893,407485.0,0.86912037842101,0.03980653730895567,0.1716368645372139,False
894,407855.0,0.13323350534284897,0.703725693691813,0.8490896305985065,False
895,409213.0,-0.3491724959418364,0.11543361398330429,0.3137202292087409,False
896,411202.0,0.07156670426432005,0.6643988680725971,0.8258297794107212,False
897,411339.0,0.09244587355038476,0.5720299817715614,0.765381353091182,False
898,412895.0,-1.3874646149515093,0.02208934264321418,0.12410963477851446,False
899,413284.0,0.0693822594225609,0.719419690906293,0.8571345592727597,False
900,413387.0,0.6077479860962972,0.02604566503732236,0.1361221444295302,False
901,413727.0,-0.9052740082637317,0.06973221545222638,0.24060495827524392,False
902,414054.0,0.5090334465287512,0.007730251168319422,0.06659672732706931,False
903,414348.0,0.043718013015281096,0.7917709002100254,0.8975671777314561,False
904,414387.0,-0.11251723145293982,0.5688495295591847,0.7635540550717138,False
905,414502.0,-0.33814334456416784,0.3083796470029205,0.5480336079038216,False
906,414622.0,-0.2764832064670279,0.1766090309614615,0.3945443570871917,False
907,415018.0,0.08572813638754889,0.8489298917598558,0.923065312046042,False
908,415031.0,-0.33628250869377985,0.30366577115914395,0.5429760442188267,False
909,416573.0,0.25355284306754167,0.4609165436699241,0.68378421231885,False
910,417825.0,0.14627463855523226,0.36373667565460327,0.6022516190101767,False
911,418147.0,0.43911765925200935,0.5306956351727486,0.7370395496161959,False
912,418964.0,0.06338236506664854,0.7159257248539407,0.8552080401519999,False
913,419854.0,0.09535872187758639,0.799991673481913,0.9012879725631723,False
914,420185.0,-0.06582728048282001,0.7050157312611454,0.849666455294741,False
915,420196.0,-1.3895541704692116,0.021907514143118312,0.12366410089628146,False
916,421194.0,0.11996113682277076,0.7498954198021541,0.8760347376186378,False
917,422784.0,-0.27131053874995087,0.20360796684111207,0.4288036392787092,False
918,423967.0,0.4560511967775817,0.45350202116004046,0.6788153892878567,False
919,425479.0,0.6410924594347203,0.359848430552976,0.5987361608909495,False
920,426559.0,-0.129707585113836,0.3324719550133719,0.5724001699714754,False
921,428627.0,0.3882016318895194,0.04988085431195606,0.197684072127157,False
922,428974.0,-0.08229738154063185,0.8694243245051786,0.9346935765577611,False
923,429088.0,0.3425505189017291,0.3836880458056345,0.619736473603685,False
924,429736.0,0.0932425735340291,0.5561993782209599,0.7555430172179352,False
925,430318.0,-0.2942660432600038,0.12850070217041903,0.33242972403715415,False
926,430380.0,0.21762225185828538,0.19013100082127812,0.4110344928243713,False
927,430654.0,-0.007894676695541475,0.9837833691949501,0.9901168333016087,False
928,430815.0,0.4104947433338615,0.05017474804150264,0.19825397258030827,False
929,430923.0,-0.3461595463500302,0.07152274678864322,0.24399952960799262,False
930,431285.0,0.8180414020098548,0.006433499816664235,0.05997585103301381,False
931,431323.0,-0.22427451671069765,0.3121297490366886,0.551729103695368,False
932,431925.0,-0.688557659832851,0.23056965356099854,0.46348770174159987,False
933,432377.0,0.13723304191895813,0.3983768373154256,0.6319422138037329,False
934,433533.0,0.8168900353002173,0.24302313160801867,0.47695102035889403,False
935,435098.0,0.12790674571779034,0.5408710614039326,0.7445035977098261,False
936,435764.0,-0.3805991257632385,0.5078422342838131,0.7209818798261564,False
937,436064.0,0.6227144216852263,0.060038212665838524,0.22024832662645394,False
938,436120.0,-0.34546347627290136,0.5478199909220562,0.7496994429196158,False
939,436176.0,-0.5213145399319098,0.0009217041166526311,0.018913229085565805,False
940,437087.0,-0.35736185667333864,0.5129497508451345,0.725292372726838,False
941,437934.0,-0.2648529456281086,0.5077013747175516,0.7208761834609578,False
942,439219.0,0.06191613974421257,0.7083739106574053,0.8516908279422596,False
943,440290.0,1.0082831839888606,0.0007485050773437573,0.016938999480658405,False
944,442161.0,-0.2527913512172981,0.2294342160301198,0.4623522234382879,False
945,443191.0,-0.2221737830503465,0.2958699105215798,0.5359032001855079,False
946,443695.0,-2.1077576485677083,0.002427312334146451,0.03311624127287679,False
947,443779.0,0.4008323262325019,0.17392366470286172,0.39084358378516887,False
948,444387.0,0.16423438028807125,0.4342925576856012,0.6626671881157776,False
949,444713.0,-0.18896729440557258,0.36323617542835246,0.6020657633646,False
950,444773.0,0.6851323070731825,0.005530409836312521,0.05447604244389511,False
951,446208.0,-0.02769823853989685,0.9186248379402692,0.9594604652979526,False
952,446773.0,-1.214274782875628,0.0051040581593139265,0.05202305288202129,False
953,447880.0,0.22113159953155387,0.11400379208856183,0.3114348235135915,False
954,448614.0,0.46862080380970206,0.24420478161990042,0.47771542701099645,False
955,448623.0,0.07596095370726279,0.6365147210142813,0.8081693308414779,False
956,448630.0,0.2607180407944606,0.0614944869334996,0.22295345880532336,False
957,449207.0,0.6995774998280111,0.029323427136821293,0.1451970972583754,False
958,449801.0,-0.49636664132639075,0.004803308406881048,0.04994244516924692,False
959,450127.0,0.24974411324795665,0.07104741815149138,0.24319113041930318,False
960,450397.0,1.3515286020868202,2.10297883905151e-05,0.0017943970051724522,False
961,451377.0,-0.08767344594615162,0.8665459499544942,0.9328001077703326,False
962,451779.0,0.3463007789817757,0.3476602607627489,0.5860937362040524,False
963,453235.0,-0.2767192418693645,0.17189971490566386,0.38825871937182294,False
964,454113.0,-0.09326949903644777,0.8581695372744947,0.9281978234301607,False
965,455622.0,-0.6362083988590288,0.32707603843185185,0.5674301417896358,False
966,456756.0,0.46755076189347555,0.037683255184618326,0.16602781733290461,False
967,457062.0,0.24436079263034843,0.17783140440276882,0.396133776891454,False
968,457405.0,-0.3309687437369155,0.03094750063477784,0.14917190026221733,False
969,458721.0,-1.384488537762434,0.032474806607415155,0.15293450139847786,False
970,459483.0,0.22890838796794,0.7438012577038212,0.8725778290689484,False
971,459853.0,0.5800552075289669,0.01575113524737719,0.10057563124134082,False
972,461742.0,0.7418541411768775,0.01037357042116658,0.07907662002932811,False
973,463312.0,-1.450255130586454,0.03772901000742607,0.16607802255904702,False
974,463558.0,-0.7896107468695381,0.08882083133791137,0.2732851825887267,False
975,464326.0,0.2304645032454567,0.7422290637930135,0.8714869104892549,False
976,464688.0,0.2258380830716515,0.22558273038527407,0.4579868008380168,False
977,466800.0,0.8518687503052238,0.0004423436208480837,0.01231189744693833,False
978,467087.0,0.932569663898453,0.004419262191811604,0.04762061991330124,False
979,467401.0,0.7322600923124363,0.0005581216539074621,0.014221621016820426,False
980,468646.0,-0.17136695789848927,0.7537879583950449,0.8783134701994646,False
981,468915.0,0.8547821892515124,0.0005998288850646671,0.014933813182057252,False
982,469842.0,-0.600311821824313,0.1454199150317827,0.3546468608559877,False
983,469879.0,-0.46553333175219025,0.06768684605062882,0.2360233581367092,False
984,470369.0,0.3476010955442532,0.019236404156162918,0.11373655879198998,False
985,471344.0,0.27865129118863846,0.06135550664298713,0.22267269294872125,False
986,472002.0,-0.13205809001325292,0.37938561913033864,0.6149234473549399,False
987,472260.0,0.045771044871341815,0.9479056470582166,0.9737404938787679,False
988,474233.0,0.5866126827147026,0.034172459396852005,0.15664782379764716,False
989,474307.0,0.22451311939150798,0.1456100882098878,0.35495115821206646,False
990,474521.0,0.8353869880104965,0.0016960342761991071,0.026681814591509145,False
991,474610.0,0.5975936179286035,0.03106080769962643,0.149585211880854,False
992,474985.0,0.4546571236105704,0.4052044318791033,0.6378326722806942,False
993,476084.0,0.4496374466652244,0.4103027985811528,0.6421195248926824,False
994,476161.0,0.48762025972712386,0.14764448298630284,0.35814097493102065,False
995,477034.0,-1.1371221337086816,0.07928949298313329,0.2575145013062478,False
996,477639.0,0.6842535811922031,0.01576303812443484,0.10059246257539108,False
997,478040.0,0.9827690321446727,0.12962931859415794,0.33380632433126567,False
998,479011.0,-0.8071005570486895,0.0022251271265751353,0.031935615048344655,False
999,479305.0,0.3526700354379716,0.40572072141715415,0.6381826446867422,False
1000,479419.0,-0.798578063222183,3.099741455087429e-07,0.0001349525018402436,False
1001,479490.0,-0.6820082763842555,0.23499504387793155,0.46796389677030764,False
1002,479623.0,0.4525181925365164,0.0016064211264227534,0.0259911578993416,False
1003,481659.0,-0.9326214359087392,0.00011554892494777115,0.005435737119147722,False
1004,481744.0,0.771982303899963,0.000605974062481686,0.01498370944929089,False
1005,482163.0,-0.6711949926133866,0.0003055573763735683,0.010027213687540198,False
1006,483468.0,-0.8713938700994968,6.62401557690083e-09,1.549310733314182e-05,True
1007,483809.0,-0.6750696216159608,0.0002809454263704587,0.009471604619144196,False
1008,484682.0,-0.674381130266183,0.2674445654469436,0.5042749275536864,False
1009,486078.0,0.7485350642478543,0.008227537102131472,0.06899141372827056,False
1010,486300.0,0.9537264939890608,0.0014449574997195762,0.024329355006011737,False
1011,487103.0,-2.187310943324083,0.0016444099339242347,0.026405252002885255,False
1012,487689.0,-0.3726091528463089,0.540405893078894,0.7443478644942443,False
1013,487841.0,0.034651362834670046,0.9574691044594431,0.9790282680737078,False
1014,488406.0,-0.9885033561661263,0.0009538650353909584,0.019210027753560024,False
1015,488732.0,0.9751386119811212,0.0012933576109944523,0.022940190959713693,False
1016,489164.0,-2.2056341389993177,0.0014961778086658446,0.024909524713294082,False
1017,489293.0,-0.027522023092721858,0.9528268629629534,0.9759918341848709,False
1018,489804.0,0.42553478173770753,0.4147941740357934,0.6466415083184055,False
1019,490204.0,0.6805647948890021,0.3309741708381491,0.570726707616856,False
1020,490669.0,-0.09505197183121777,0.6793868194572794,0.8356057755596198,False
1021,491025.0,-0.864220246642353,0.054102451440869906,0.2070081460664938,False
1022,491649.0,-0.43307308640406067,0.02096794563930614,0.12029970925722419,False
1023,491801.0,0.6214143046654139,0.27928971312245426,0.5187696502300208,False
1024,494396.0,0.46222983150072716,0.3973033990938222,0.630856680176406,False
1025,494565.0,-0.5539432730172089,0.23326557199847742,0.4662627416080403,False
1026,494923.0,-0.458964732835491,0.21896903739805418,0.44898165866185835,False
1027,496128.0,0.6886955655144812,0.01403040435655662,0.09386677169593166,False
1028,496360.0,-0.19908144809701647,0.7291128759061299,0.8638845493503027,False
1029,497274.0,-0.5612832497151389,0.42274017102709827,0.6534953797349974,False
1030,498431.0,-1.1121312352588266,0.11160383518967584,0.30793220663860843,False
1031,499281.0,0.7050590210114447,0.243410393909088,0.47733771965853083,False
1032,499907.0,0.36648406692786095,0.5236954172279267,0.7321841019852641,False
1033,501770.0,-0.5399589920254766,0.1566648239264037,0.36745822465884015,False
1034,502526.0,0.42047066181602655,0.42015758563446587,0.6511722718535303,False
1035,503694.0,0.05535818307925103,0.8806984909334667,0.940471845173581,False
1036,503715.0,-0.7780469258766252,0.0015753588409709025,0.02587068111760839,False
1037,504074.0,-0.6214261531744718,0.11355097338970366,0.3107217147270099,False
1038,504440.0,1.4946532770297214,0.008931411543150596,0.07284032479406441,False
1039,506840.0,0.4885462606827181,0.419164315786225,0.6502827851735704,False
1040,507236.0,0.41518379861718396,0.4472130571105489,0.6736749952452313,False
1041,507425.0,0.1625469196389951,0.7774435318023805,0.8897651673932114,False
1042,508111.0,0.35486829626796745,0.5368834156613824,0.7422146557570436,False
1043,508226.0,-0.6847391925981707,0.2601955150865082,0.49690751517664433,False
1044,509486.0,-0.36799711922758904,0.21050841969731465,0.4382564050276852,False
1045,509627.0,0.42815042508006207,0.09083843528478097,0.27647714427951237,False
1046,509903.0,-0.5404238042712621,0.02764553641237395,0.1408222889518157,False
1047,510486.0,0.27504470569846295,0.13051324553867924,0.33492228849228445,False
1048,511080.0,-0.5240266836267766,0.19292428061560224,0.41477382968555404,False
1049,511116.0,-0.32201933974465674,0.06360309557204907,0.2276484908415175,False
1050,511153.0,-0.517901087044113,0.04922307611262797,0.19615142848846426,False
1051,511526.0,-0.39737798293690163,0.11923382643622438,0.31910334959694664,False
1052,512572.0,0.4751307595833279,0.0743695652315456,0.2492379223798788,False
1053,512888.0,0.4463211834445135,0.0932822223706319,0.2804571854695343,False
1054,513052.0,-0.4320152194955629,0.10431320577669562,0.29691410255459205,False
1055,513338.0,0.07712247218685836,0.8250306817992317,0.9118937023654068,False
1056,514054.0,0.5367801477113867,0.053396597298775016,0.20561194170918864,False
1057,514346.0,-0.5964486489929499,0.13814914635890177,0.34553202389997206,False
1058,514797.0,-0.566444150843572,0.04166398140061732,0.17590918634916414,False
1059,515076.0,-0.5426756179698459,0.19731054028051187,0.4209524203508169,False
1060,515331.0,0.35177831799394055,0.5405440218529767,0.7443478644942443,False
1061,515395.0,-0.3612775998102673,0.028023339493836643,0.1412751617887378,False
1062,515676.0,0.4178751120101019,0.299067068972848,0.5396231771443261,False
1063,515949.0,0.4545534304226635,0.12043539020876798,0.32121035889832344,False
1064,516020.0,-0.7075109480067742,0.006539299965347478,0.06043148909363574,False
1065,516376.0,-0.342089070175834,0.46176091792338164,0.6842887049908952,False
1066,517489.0,0.3944622670495542,0.3393854147173671,0.5783295285357519,False
1067,517621.0,0.4109028848986124,0.4518883758397664,0.6779980209330411,False
1068,517934.0,0.6290954114882138,0.3010605574242251,0.5415119248147732,False
1069,518431.0,-0.8271715454260249,0.0009091462372157608,0.018709121353934408,False
1070,518826.0,0.10554997714115055,0.4909747538754739,0.7084316035249594,False
1071,519515.0,0.09983458056375835,0.5187441784397554,0.7290867532575848,False
1072,519982.0,0.09984496301114335,0.5149559236336503,0.7261305145878225,False
1073,520270.0,0.11359776243882037,0.459060208606221,0.6825996518438391,False
1074,520276.0,-0.15899998115562397,0.7397565659920604,0.8696415508718299,False
1075,520502.0,-0.27409055184897796,0.5301267873023212,0.7366862579478924,False
1076,520726.0,0.06594130449227771,0.6605651594487513,0.8233361816300603,False
1077,521810.0,-0.18199538470180981,0.70371407220539,0.8490896305985065,False
1078,522270.0,0.07772652850344101,0.6086129201631573,0.790261187075605,False
1079,522922.0,1.6178316269118411,0.012302665199995644,0.08733819425135485,False
1080,523064.0,-0.3564455613704343,0.4007566519079371,0.6330258439608628,False
1081,523174.0,-0.060797141205290894,0.6895981023404403,0.8412961558259701,False
1082,523668.0,-0.301313550754301,0.06300159992054269,0.2261544017735452,False
1083,523816.0,-0.4688774431778245,0.5031226567549822,0.7166246475626994,False
1084,523889.0,0.3299429464408761,0.37430236903793973,0.6106180065985627,False
1085,523896.0,-1.0162501960622419,0.013474896739514929,0.09203360463118215,False
1086,524032.0,0.06597226986506437,0.8756059282673093,0.9373473719271836,False
1087,524213.0,-0.8367102981260424,0.000877385743058621,0.01845740744360723,False
1088,524645.0,-0.11903414117316041,0.4486603669268002,0.675139602301492,False
1089,524912.0,-0.6798168388968429,0.0906642191223989,0.27644946589147196,False
1090,525163.0,1.1935772157950242,0.049193561064486226,0.1961058043903775,False
1091,525489.0,0.7261757752238418,0.021852723910258817,0.12342279413896833,False
1092,526067.0,-0.05390645000871114,0.7291102919479344,0.8638845493503027,False
1093,526183.0,1.6610084885276428,0.010156505074805188,0.07829970667529697,False
1094,527884.0,0.36917441540843143,0.4433944702909425,0.6701203629817699,False
1095,527885.0,0.08313595868797104,0.6244665657138686,0.8008724681975478,False
1096,529162.0,-0.6639709546132169,0.003792236753638729,0.04317437602051548,False
1097,529593.0,-0.5596071216769036,0.19624108562111475,0.4191650894170013,False
1098,529683.0,0.5907055240495609,0.09914697347244839,0.28972141004192015,False
1099,529702.0,0.07943031149810215,0.6974136913062517,0.8452909355883611,False
1100,529907.0,0.014572416794133035,0.9155849322362627,0.9581292238913169,False
1101,534164.0,0.2607662436714178,0.11386621880644988,0.31126109421909176,False
1102,534269.0,-0.3410773944765221,0.033165049827279997,0.1542444798093935,False
1103,534396.0,0.711329959237443,0.13905909650958798,0.34708817949219994,False
1104,534569.0,0.48614422769760407,0.03796398658632215,0.16677421060077982,False
1105,535638.0,0.09496109606223141,0.5173488547237726,0.727726030779799,False
1106,536271.0,0.6156075756171716,0.046078209428266556,0.18735102683343627,False
1107,536282.0,-0.06897926158781571,0.6962935594854418,0.8446580706532055,False
1108,536335.0,0.04974952954519227,0.93897080482882,0.969516606717097,False
1109,536472.0,-0.21011858082605855,0.4437804977181765,0.6705508494892547,False
1110,537056.0,-0.13221969663768957,0.5890124783326619,0.7772305319542867,False
1111,539339.0,0.181192587442139,0.6671959459100035,0.828366921291672,False
1112,539789.0,0.33427508829028096,0.025326476495451684,0.13450044146679452,False
1113,539820.0,0.31879881269650806,0.03200322794084341,0.15189988600693277,False
1114,540611.0,0.327947243843459,0.029640959007725894,0.14605202452513144,False
1115,540794.0,-1.0663948081748542,0.10000798005457497,0.291198128619209,False
1116,541219.0,-0.18585350667810346,0.30356663951398455,0.5429760442188267,False
1117,541399.0,0.34081897079560364,0.139403996554013,0.34752412586734255,False
1118,541973.0,-0.16604822981323628,0.27169435308549583,0.5102495160455116,False
1119,542340.0,0.2184765905258878,0.3146409607301797,0.554317991014891,False
1120,543254.0,0.40539204620511005,0.00580650002330949,0.056276390850914744,False
1121,543497.0,0.14840068120181374,0.7061364686539839,0.8500733467050011,False
1122,543596.0,-0.33855990992552465,0.02523078174757917,0.13416386277966666,False
1123,543657.0,0.43220877772855887,0.003748357848217395,0.04296222604523628,False
1124,543819.0,-0.03646430856210508,0.8807340831063588,0.940471845173581,False
1125,544125.0,-0.1389236460015218,0.6089852445773778,0.790261187075605,False
1126,544890.0,-0.049092101699240435,0.769135430598755,0.8861138929260757,False
1127,544991.0,1.115634508198549,0.0660794687558769,0.23293809722311662,False
1128,545485.0,-0.033853296231460675,0.824766298868061,0.911787165109767,False
1129,545791.0,0.8392324430698698,0.1437132249943276,0.3530226425239706,False
1130,546211.0,0.38865834619369677,0.22460689636742692,0.45691676538013853,False
1131,546416.0,0.022454636630863813,0.8819052204384994,0.9410283267335016,False
1132,546592.0,-0.2540597370295611,0.06103887748635631,0.22204323562814937,False
1133,547068.0,-1.0625225270915244,0.10123717626319227,0.2929645645963816,False
1134,547205.0,0.134428687833329,0.6765261884125293,0.8334685932604705,False
1135,547219.0,-0.23842412136261754,0.07309026697887304,0.2468656457415438,False
1136,547625.0,-0.34157777138494794,0.010286225430874443,0.07879814894293724,False
1137,548052.0,0.4180378067419365,0.295815909243439,0.5359032001855079,False
1138,548414.0,-0.3387701313695353,0.05640605902924382,0.2123050522754652,False
1139,548551.0,-0.7452415892884661,0.2508162405011905,0.4854395387846301,False
1140,548628.0,0.4734756496183301,0.010001627977688594,0.07811873116404017,False
1141,548742.0,0.3178115032791945,0.05625388339602091,0.21210228860024782,False
1142,549032.0,0.18592374962650746,0.6994812083459898,0.8470311761759527,False
1143,549300.0,-0.6076369470366125,0.005914189548452279,0.05711612771214367,False
1144,549382.0,0.6580836914575351,0.3471698981463693,0.5855390373491048,False
1145,549977.0,0.09543072606153088,0.5139502156144958,0.7261305145878225,False
1146,551012.0,0.1503238909803471,0.7089182874910338,0.8516908279422596,False
1147,551386.0,0.09240618717967994,0.5262656950752679,0.7340804574713483,False
1148,551471.0,-0.9562510836573794,0.0329885186823705,0.15397934839761135,False
1149,551545.0,0.16102067710941906,0.6947313319162614,0.8436411911792167,False
1150,552065.0,-0.1358111600893418,0.7473188041519617,0.8748048858805403,False
1151,552396.0,0.11139957290977563,0.4402800317300744,0.6674915844175919,False
1152,552727.0,-0.6638987709589861,0.002201319222914612,0.03182041896579049,False
1153,552919.0,0.29711731267140723,0.5229526027455568,0.7320702124504196,False
1154,553035.0,0.08099746839345208,0.5747201537530019,0.7676404138714809,False
1155,553048.0,-0.09230349308346329,0.5696611482844719,0.7639821799639168,False
1156,554883.0,-0.7757049784462996,0.12049572272414853,0.3212923287080895,False
1157,555241.0,0.021664664857275556,0.9352231931403079,0.9677643242648276,False
1158,555590.0,0.06304645979065315,0.9126972855043698,0.956842248612931,False
1159,556433.0,0.03344572295095648,0.8833492513965742,0.9416435356878928,False
1160,556454.0,-0.26771057468761494,0.12361709907581708,0.32645722614965106,False
1161,556467.0,0.1744832774801872,0.24655477363799838,0.48101223361618844,False
1162,557453.0,-0.08462427485253708,0.5720203711232891,0.765381353091182,False
1163,558358.0,0.4286298499040412,0.023490424043178536,0.12891231192553237,False
1164,559119.0,-0.2686051427124988,0.04414384035880318,0.18296349259061034,False
1165,559392.0,0.4637431260719751,0.20486795237981947,0.43059113557318224,False
1166,559709.0,-0.11136958094209379,0.45300612667341605,0.6787421370334283,False
1167,560374.0,0.8907384169687887,0.1206169805237951,0.3214577273719116,False
1168,560693.0,-0.4428662817766241,0.18553811682641586,0.4048273885730139,False
1169,560890.0,-0.07931547442995637,0.5931296781229038,0.7793756997971337,False
1170,560963.0,0.9036089799574393,0.005473529143174432,0.05421410098908156,False
1171,561384.0,-0.1513166851004111,0.5603711049085183,0.7589372910204022,False
1172,561490.0,-0.9322928191321955,0.017354654370235697,0.10715857405512429,False
1173,561579.0,1.2290747868305705,0.0785612975577531,0.25678496988539895,False
1174,562232.0,0.7705762646385858,0.007056226128634823,0.06299884774929909,False
1175,562464.0,-0.7907276491626758,0.14719466821890315,0.3578484921429694,False
1176,562661.0,0.5252860567945485,0.10808834978755585,0.30317804572194285,False
1177,563058.0,0.247391424572513,0.1907398004714099,0.4113005571342485,False
1178,563118.0,-0.02077931487084614,0.9631819467629633,0.9812876766338339,False
1179,563259.0,0.45014586368817194,0.4882108449236983,0.7062438399262008,False
1180,564114.0,0.5247563724253799,0.08145300861018717,0.26089477971778746,False
1181,564344.0,-0.9177327932139095,0.022151253123173526,0.12415520545972841,False
1182,565370.0,0.017318262565119064,0.9759732748593761,0.9864236404654123,False
1183,565574.0,-0.0940810780637096,0.5243424491341362,0.7323388169520134,False
1184,565993.0,0.9332868431895242,0.08679633398575533,0.27011875155257287,False
1185,566149.0,-0.40625529322007203,0.03140301668582565,0.15036601064165744,False
1186,566610.0,0.3369905717732639,0.5372557197868937,0.7422287725584283,False
1187,566681.0,0.5006630303485123,0.010922677695887482,0.0816207340614173,False
1188,567605.0,-0.07606167397137911,0.739307569883011,0.8696199265492321,False
1189,568277.0,0.49393444291905964,0.3871160196351476,0.6226321518950255,False
1190,568332.0,0.11948908089243121,0.7544071277732517,0.8787519446269607,False
1191,568464.0,-0.9235015322683646,0.0006978351944782928,0.016185899649704846,False
1192,568541.0,-0.9242523317552116,0.03800477609386518,0.16681405425642815,False
1193,568683.0,0.5137749072069063,0.4288850738884171,0.6581209325782821,False
1194,568942.0,-0.2586365877635905,0.14709065726293916,0.35783708753680066,False
1195,569583.0,-0.055803026082334714,0.8383669690668248,0.917799861430991,False
1196,570697.0,-0.16022641757679063,0.2887998861108134,0.5293717211073384,False
1197,571018.0,0.16532902251904946,0.27414545967248877,0.513077407714632,False
1198,571208.0,-0.0591391720895153,0.8365397067416518,0.9172461579759605,False
1199,571373.0,-0.22468968002286596,0.16605959375057736,0.3797297008979391,False
1200,572244.0,0.8076685714020122,0.15947238709030492,0.37124878535349765,False
1201,572347.0,0.5525155998400557,0.36390284628652836,0.6023885429800873,False
1202,572757.0,0.028612787613898544,0.9288254044858409,0.9647338571943824,False
1203,573232.0,0.12968854556630566,0.38981835105248813,0.6249270002932809,False
1204,573547.0,0.44263822466798175,0.10208461109011617,0.293683916808477,False
1205,574676.0,-0.23119789841307395,0.10667195268336636,0.30094429343783186,False
1206,576296.0,0.6550716274169054,0.06736967844657192,0.2354468317892911,False
1207,577735.0,-0.22577067822231642,0.18425250218340553,0.4035635414045333,False
1208,579478.0,0.2074219231756181,0.6249272820216336,0.801084748033164,False
1209,579908.0,-0.45536129964297745,0.32713563013014285,0.5674428355804891,False
1210,579914.0,-0.8219957124421243,0.20515562111341049,0.43099753574338506,False
1211,580387.0,0.7041509399487567,0.1294030111923502,0.33376199412574836,False
1212,580845.0,1.2855235651548123,0.06575732690168165,0.2322042236557431,False
1213,581020.0,0.03651943184660694,0.923795279131199,0.9622246072414609,False
1214,581298.0,-0.07737215479002388,0.7216402566226722,0.8585284989783981,False
1215,581942.0,0.10356542349873046,0.47536664144846935,0.695356989953409,False
1216,582107.0,0.22665562664356947,0.5930284608126452,0.7793370389977315,False
1217,583059.0,0.10833928899581449,0.484771609398101,0.7035961786356981,False
1218,583593.0,-0.0973653443289508,0.5293292172921472,0.7362722518844512,False
1219,583864.0,0.10992156756239907,0.47627609599112697,0.6959182961345649,False
1220,584993.0,0.4370965860600088,0.09727901848981299,0.28716044494571424,False
1221,585286.0,-0.4353889895647193,0.10193699134808998,0.293683916808477,False
1222,585438.0,1.6546033624780025,0.010441188981818965,0.07942474169421504,False
1223,585450.0,-0.014727982279427343,0.9685774997467546,0.983067672720993,False
1224,585532.0,-0.7319027864910218,0.22871940917698386,0.46149863690851783,False
1225,586828.0,0.8970314260112002,0.029305214908710325,0.1451970972583754,False
1226,587457.0,0.9078481898082276,0.11352376195423572,0.3107217147270099,False
1227,587704.0,-0.2991657031254067,0.17986087143867935,0.39843804350034756,False
1228,588471.0,0.007731623973275814,0.9834957919193387,0.9901168333016087,False
1229,588586.0,-0.7405313027393163,0.048398506508804055,0.19357619312935448,False
1230,588912.0,1.3292595842994448,0.0570245521255629,0.2137436164789314,False
1231,589106.0,-0.33241455861831304,0.3367781648089772,0.5759218698640267,False
1232,589406.0,0.21097418264475087,0.6859930497721379,0.8396507945825108,False
1233,590788.0,0.8866037078766593,0.12233693606731517,0.3246070854933122,False
1234,590877.0,-0.07931231997715815,0.6877108475851755,0.840286048011828,False
1235,590895.0,0.4045917051564689,0.3841083627643364,0.6200542786576613,False
1236,591123.0,-0.0788361437521698,0.6885491544490171,0.8406479666566281,False
1237,591634.0,-0.3017106413793878,0.6423552566498159,0.8112689243425033,False
1238,591917.0,0.1044264206772925,0.5956585517969705,0.7804313312922286,False
1239,592171.0,0.2011163099549298,0.29422772253348634,0.5345342139081162,False
1240,592337.0,0.0835904462024658,0.6762452177671643,0.8332170078164096,False
1241,592631.0,-0.10818260065873064,0.5940250378794085,0.7798749866451227,False
1242,592948.0,-0.30793792423926625,0.6354876211586308,0.8077538791190793,False
1243,593102.0,-0.07586944221380161,0.7430636644013536,0.871901271743654,False
1244,593309.0,0.08962725717028107,0.6580827568730077,0.8213738445275955,False
1245,593851.0,0.008992518301842167,0.9643625007327876,0.9814065714473947,False
1246,594230.0,-0.004711636062837782,0.9812863793611295,0.9890900550232218,False
1247,595150.0,0.12053869494539132,0.770510805387751,0.8869541048871736,False
1248,595727.0,1.33233723049808,0.056448635676567806,0.21231806662132488,False
1249,596041.0,0.20744614674503223,0.6909340101988051,0.8412961558259701,False
1250,596066.0,0.1238726553527677,0.7644258078831502,0.8835010801290029,False
1251,596306.0,-0.40146960128652354,0.27593077899592283,0.5154411643436142,False
1252,597652.0,-0.3016449347883222,0.3673619938088866,0.604784369862215,False
1253,597984.0,-0.38537778344038986,0.02217739175096681,0.12415520545972841,False
1254,598170.0,0.21917044611475428,0.6744982488017129,0.8325765852561512,False
1255,598175.0,-0.4993092964721848,0.0030144183939249955,0.037225838072873524,False
1256,598336.0,-0.46995515429461,0.005150507678153821,0.0522227938741134,False
1257,598393.0,-0.44607451162427936,0.007993727973251189,0.06805640560756208,False
1258,598417.0,0.4248603733072228,0.012529922641575476,0.08809087452998819,False
1259,598449.0,0.4708328746470205,0.004895365591330073,0.05065700047081787,False
1260,600498.0,-0.36180952442259345,0.6054436255588576,0.7878295115408993,False
1261,600716.0,-0.9089240698495316,1.2120168260546364e-06,0.00036545674018952995,False
1262,600758.0,0.36131245019059965,0.07792822869685818,0.2557167238525984,False
1263,602283.0,1.6446497725028857,0.010925373246544388,0.0816207340614173,False
1264,604687.0,0.033165346026308884,0.8601489737247202,0.9290381030632684,False
1265,605755.0,-1.2144784226800485,0.08218284095460247,0.26184171956624885,False
1266,605915.0,0.6572771923335423,3.108072359287047e-07,0.0001349525018402436,False
1267,607180.0,0.6896244983381907,0.206358973590105,0.4325922297029451,False
1268,608186.0,0.34466841410267807,0.24445095438537695,0.47811083060419224,False
1269,608213.0,0.5747231806114624,0.026206978722653804,0.13676767020884953,False
1270,608339.0,-0.46422367221077626,0.031580577398433174,0.15068446930109544,False
1271,608981.0,0.6468116865725322,0.01391607047604775,0.09347706993657075,False
1272,609748.0,-0.8998763163329053,0.0839072170190479,0.2652251354687467,False
1273,610036.0,-0.536481067066273,7.392092952184579e-05,0.004179227551873104,False
1274,610216.0,0.520522892992294,0.00011620947894890155,0.005435737119147722,False
1275,610617.0,0.6497188070615416,0.013445041819637791,0.09203360463118215,False
1276,610760.0,-0.5957087141241402,8.742621186516796e-05,0.004606852086390283,False
1277,611305.0,0.3379378966496562,0.0252124066210644,0.13416386277966666,False
1278,611428.0,0.6177134573446978,0.37759039162452734,0.613826919875351,False
1279,612261.0,1.1479244321234447,0.005152520703747163,0.0522227938741134,False
1280,613658.0,-0.2469069733261267,0.45047530296561655,0.6768019618946103,False
1281,614296.0,-0.8948025614092459,0.05362537092095723,0.2060169682265786,False
1282,614312.0,0.023512297396423368,0.8907355624552349,0.945120939415881,False
1283,614846.0,1.6736529106406135,0.00044771472757864137,0.012374595091561223,False
1284,615466.0,0.22814965637120516,0.676237265227238,0.8332170078164096,False
1285,617650.0,-0.958895700079111,0.13926058034189936,0.34735147049892406,False
1286,617766.0,-0.10542109488560658,0.7368154435229456,0.8683239213377021,False
1287,618058.0,0.9198505971309436,0.1088475915168752,0.3041288560915522,False
1288,618174.0,-0.6439612091381819,0.2592087496519097,0.49589548422126895,False
1289,618660.0,-0.30022716775398717,0.644006471171205,0.8122407172526878,False
1290,618961.0,0.381075322456109,0.1622484655618758,0.374724913547694,False
1291,619278.0,-1.2566533042651564,0.02820881879234884,0.14182803519728887,False
1292,619731.0,0.644039620269308,0.004075934569281058,0.045009430060575666,False
1293,619944.0,0.40745381868737435,0.04546949060920008,0.18653489061332837,False
1294,620125.0,0.6371437985909181,0.004234351745163225,0.04633456471143831,False
1295,620388.0,-0.6417760502316969,0.2609234826882565,0.4976079088369258,False
1296,620752.0,-0.6460923343303695,0.003926200326443678,0.044118948802842776,False
1297,620831.0,0.3758998736484651,0.016948911960685306,0.10531221484444134,False
1298,620908.0,-0.6773912274890246,0.002501063323633395,0.03368367540699814,False
1299,621467.0,0.3208584477942922,0.43700887766832414,0.6650497702767239,False
1300,622946.0,-0.48630556937697544,0.010548819383801115,0.0799277315257644,False
1301,624581.0,-0.043534558747964996,0.7853892218432507,0.8943978182027367,False
1302,624686.0,0.47215907706676186,0.2938691400590016,0.5343184402194395,False
1303,624687.0,0.060598160896307374,0.9116878583925221,0.9564484104427203,False
1304,625027.0,-0.23720867314236804,0.21876502279032273,0.44890251841001005,False
1305,625045.0,-0.2682312942008479,0.038525573095207086,0.16815843931229263,False
1306,625062.0,-0.09749972028858823,0.8232640441233255,0.9107824151331887,False
1307,625142.0,0.5037060074116244,0.29526441251860497,0.5356108285243077,False
1308,625729.0,0.18396605624533147,0.7625106943850146,0.8825440483035005,False
1309,625733.0,-0.04326212460744197,0.7873152062387425,0.8951066270979029,False
1310,625848.0,0.03984841674942455,0.9447396768549883,0.9719267589778467,False
1311,625953.0,0.7959283357187198,0.008816749446241683,0.07225118224592646,False
1312,626585.0,-0.7064397753924558,0.020138575961286494,0.11725014584692407,False
1313,626927.0,0.030848720883444522,0.8454330115230076,0.9210332537216227,False
1314,627103.0,-0.10440230977251591,0.6177757848115056,0.7967570049530199,False
1315,627833.0,1.085375168616378,0.05827376242449953,0.2161864973062004,False
1316,628497.0,-0.016928289512807587,0.919234899255285,0.9596359714768339,False
1317,628680.0,-0.02239510234956773,0.8880399237510967,0.9438061448174616,False
1318,628895.0,-0.38423404232549785,0.0018445948551371787,0.028043525423689184,False
1319,628971.0,0.05502444954098458,0.7510276852871862,0.8770742898109098,False
1320,628995.0,0.356515659856215,0.0754754496741613,0.2509298640774949,False
1321,629119.0,0.19575961528549327,0.720132668800294,0.8575076919512058,False
1322,629740.0,-0.3793253662875554,0.011946563133095748,0.08599971405491197,False
1323,630185.0,0.15611557429905026,0.7859861941039,0.8947942199893022,False
1324,631198.0,0.28433739388539675,0.36746189557553455,0.6048216643627639,False
1325,631765.0,0.18997867918370287,0.7280506812773048,0.863305157804096,False
1326,631979.0,-0.6579762419102776,0.13113243844443026,0.33571759889487984,False
1327,632040.0,1.021786705518225,0.022657066494648728,0.12580176818384242,False
1328,632372.0,0.8228810441853068,0.0035725988930875663,0.04178939761257062,False
1329,633425.0,-0.336333333216592,0.010779135403737145,0.0810301349082872,False
1330,634328.0,-0.12371962481333726,0.7769187271027784,0.8896058990396989,False
1331,634565.0,0.5220049342648354,0.29665168849608275,0.5367818100725085,False
1332,634611.0,-0.0010579340852968633,0.9985319618150603,0.9990841962856004,False
1333,634659.0,-0.07695104550159118,0.6370315222746366,0.8086746783172938,False
1334,634818.0,0.2677840475960804,0.144591996470147,0.3539671723503017,False
1335,634986.0,0.26687896661628485,0.14484487636822568,0.3541196245443896,False
1336,635492.0,0.03559891139675549,0.8249956209831548,0.9118937023654068,False
1337,635783.0,-0.040581115181065275,0.7981596460317395,0.900365627164254,False
1338,636066.0,0.5538105508012929,0.009289710608023536,0.07442983474681167,False
1339,636378.0,0.5827307132097024,0.006463010616166624,0.060116521198362215,False
1340,636436.0,0.20853597712264796,0.7009172997951004,0.8477389737354668,False
1341,636507.0,-0.015175555345512237,0.9714732595816133,0.9848496426915022,False
1342,636518.0,0.6715624911117447,0.07989464403997212,0.2583426753213874,False
1343,638145.0,0.5411432829462512,0.07996600687061647,0.25849642780838056,False
1344,638268.0,0.20025908534503858,0.4890880036397638,0.7069307962063429,False
1345,638727.0,-0.6585106985746321,0.0017313934155696712,0.026964527296999684,False
1346,639042.0,0.8164217794347615,0.24332744033344086,0.47733771965853083,False
1347,640878.0,-0.8833279724213724,0.01609311319798263,0.10191213104489388,False
1348,640923.0,-0.7237080557491156,0.13237861203033746,0.3372940488792822,False
1349,641393.0,0.29848634718446576,0.6035792819716249,0.7857823345888688,False
1350,641765.0,0.7303058702088887,4.444825224705519e-05,0.0028215542581390882,False
1351,641961.0,0.028709574049999652,0.853053568055359,0.9251182988812207,False
1352,642201.0,0.7328013572154715,4.342992055798617e-05,0.0027955474152134897,False
1353,642787.0,-1.0276165582469077,0.005054001870259885,0.05170705966227243,False
1354,643099.0,-0.3974933089905297,0.011833771072722191,0.08575139185206901,False
1355,643477.0,0.054964211588348855,0.937455429421676,0.9685968671589847,False
1356,644004.0,-0.16809473845737183,0.24860145809129855,0.4828218651359207,False
1357,644805.0,0.6913702790458833,0.0001583351867173779,0.006740111575753479,False
1358,644822.0,-0.7057784138720761,0.00011225426546131748,0.005321048260186032,False
1359,645078.0,0.14908158826497625,0.38654006222920034,0.622074481170937,False
1360,645515.0,-0.7230686228005265,0.0968845951371108,0.28647492626273435,False
1361,645844.0,0.05905725109269176,0.6819091349671433,0.8366817746205879,False
1362,647116.0,0.9463228345536421,0.17607903007203649,0.3936033507891178,False
1363,647624.0,-0.29097856554324125,0.2813468704231405,0.5208971991204486,False
1364,647854.0,-1.1514486259617966,0.09947382676782013,0.2903437455134949,False
1365,648383.0,-0.747604991971403,0.08602325890827406,0.26910157793928385,False
1366,651081.0,0.6791373906151932,0.0002521548079992204,0.008954851145437828,False
1367,651468.0,-0.03111180990692705,0.8320184447256258,0.9157011126139046,False
1368,651711.0,-0.12005430100326789,0.4931433816372734,0.709674056432799,False
1369,651967.0,0.29315156055373287,0.05379117772476213,0.20625335012444115,False
1370,652047.0,0.3362509512789859,0.026741077313912915,0.13802871813719672,False
1371,652154.0,0.06778346526012868,0.891580572132596,0.9454046215199111,False
1372,652565.0,-1.1508891886321655,0.0996390948521999,0.2906698131202983,False
1373,653375.0,0.5795400358717764,0.15716856131848236,0.3682467055173669,False
1374,653726.0,-0.2571305017052367,0.06917189640201901,0.23948351908546495,False
1375,653790.0,-0.5136492694455097,0.39862065186244905,0.6319689677220114,False
1376,653843.0,0.2565448031082173,0.07584035918125873,0.25157362496034785,False
1377,653926.0,0.39509428892252374,0.46949400081068643,0.6904697708711559,False
1378,654174.0,-0.45341642942188587,0.456223886439412,0.6802435798873222,False
1379,654990.0,-1.2532242545421735,0.02863671182721942,0.14292023305032955,False
1380,655072.0,-0.3081424058635662,0.03051881753749522,0.14822450307360654,False
1381,655338.0,0.6947241452370604,0.16451624993613764,0.37763245782549676,False
1382,655653.0,-0.28866943014244245,0.04254414748500546,0.1785143876883395,False
1383,655714.0,0.42654476362930877,0.005855427082145228,0.056618125650264584,False
1384,656228.0,-0.22389657817352912,0.4079472642344913,0.6402931684883464,False
1385,656621.0,-0.1400816135541127,0.5976989232381188,0.781877779193755,False
1386,657055.0,0.5855018053535601,0.14254842040767715,0.35145755194383904,False
1387,657271.0,-0.12817258275606955,0.36951738163667114,0.606850614746337,False
1388,657952.0,-0.13185512866707869,0.6225211853340751,0.7996010946169367,False
1389,658414.0,0.1383663815089457,0.7021105148442806,0.8487636671168879,False
1390,658870.0,0.6050531736197176,0.09790386763449732,0.28795905132239563,False
1391,658874.0,0.1438451334552522,0.31595556047152923,0.5554166168288988,False
1392,659880.0,0.1422853502918742,0.3036764223355594,0.5429760442188267,False
1393,659910.0,0.218972287645112,0.15452932732456834,0.3654500758405641,False
1394,660098.0,0.15921355294108297,0.25219487534347035,0.4872864670440318,False
1395,660169.0,0.2614243555455635,0.6676541379914319,0.8286970763338929,False
1396,660235.0,0.1724908390562786,0.21437009624337888,0.44348911658507295,False
1397,660352.0,-0.18056748715326687,0.19096125013726492,0.4114498551488707,False
1398,660469.0,0.19342629518832982,0.16478383611116146,0.37784717807069235,False
1399,660583.0,0.45536328896796285,0.34424475844953245,0.5831424552075023,False
1400,660783.0,-0.7884007970181196,0.14834410959251784,0.3585017883308503,False
1401,661327.0,0.663054250246445,0.34362184941727486,0.5824353192569889,False
1402,661399.0,0.8390410279235809,0.04578245029756135,0.18706381700168132,False
1403,662129.0,-0.4226772087822849,0.4177812574749741,0.6492506155892402,False
1404,662818.0,-0.9843321415035446,0.12906645423802618,0.3333372259704435,False
1405,663271.0,-0.13355144892504464,0.4371365262568039,0.6651411539834042,False
1406,663380.0,0.11499762012009655,0.5594577403362221,0.7586896905454454,False
1407,664432.0,0.050007122584632246,0.7956167207527154,0.8989182226669485,False
1408,666478.0,0.43048654137343656,0.3712097233642361,0.6078566219820157,False
1409,666499.0,0.22515951018121827,0.1209793644613156,0.3221071869579546,False
1410,666574.0,0.14079370142261446,0.24493901548377575,0.4787203840612866,False
1411,666604.0,0.3570042173432225,0.03250254307379104,0.15297324490418993,False
1412,666888.0,-0.1461088038734859,0.6753544528247045,0.8330650665241099,False
1413,667313.0,0.8328466724473378,0.015682622578259413,0.10031518449440538,False
1414,667744.0,0.4689642401685255,0.3129094692501021,0.5521183824300809,False
1415,668533.0,-0.7980129989940228,0.09694666673586907,0.28651131702092536,False
1416,671441.0,-0.24796419337800477,0.06928859472534239,0.23948351908546495,False
1417,671521.0,-0.9487880356367995,0.0817884486807956,0.26137891659609863,False
1418,671833.0,0.4436596416115838,0.3951474422606421,0.6293947888098709,False
1419,673033.0,-0.2168349946690277,0.12841598299408388,0.3322897486056688,False
1420,673114.0,0.22807681235556163,0.10775875555045725,0.30245874445353244,False
1421,674922.0,0.25764071212635664,0.056770423373259826,0.21323285318918178,False
1422,676051.0,0.06270275086906167,0.7404182321250831,0.8702078724250516,False
1423,676228.0,-0.13856431488069432,0.537798600498236,0.7424397568877467,False
1424,677140.0,0.5424386213655946,0.13301960184646638,0.33817372324163614,False
1425,677446.0,-0.06170035150293714,0.7034819886089093,0.8490434719090183,False
1426,677708.0,-0.26129984897447445,0.35174723371959143,0.5908722101557049,False
1427,677741.0,-0.15997043562921204,0.6408002054899874,0.8108983714844734,False
1428,678414.0,0.027750800185227624,0.8875849540113415,0.9438061448174616,False
1429,678479.0,-0.2465924018693676,0.1297093575337889,0.33380632433126567,False
1430,678673.0,-0.02368558944854112,0.9042876632871482,0.9526438844120724,False
1431,678853.0,0.032489121133380844,0.8695967848795784,0.9346938409612657,False
1432,678907.0,-0.4494121232765045,0.006141967944922375,0.05835030175882789,False
1433,679279.0,-0.8862373105704345,0.055929081697994265,0.21146296824511593,False
1434,679339.0,0.027831405114553794,0.8871335053219794,0.9436388241322966,False
1435,679641.0,0.0018501458601882792,0.9925189412565301,0.9954534886204965,False
1436,679913.0,0.5510041178366805,0.12692377127006246,0.3309380284636952,False
1437,680186.0,-0.2914564309845782,0.29384738860083726,0.5343184402194395,False
1438,680374.0,-0.17189175165628726,0.4707272032649047,0.6915327288548846,False
1439,680530.0,0.17307025910582505,0.4566985054413838,0.6805695264129613,False
1440,681237.0,0.4756994282176763,0.30583604571225825,0.5454896937572402,False
1441,682511.0,0.02909081130975794,0.9323711576616515,0.9664830798145548,False
1442,682873.0,-0.14811708572508353,0.8077695720561225,0.9045205627408731,False
1443,683380.0,-1.1922929598361707,0.03742118507424025,0.16539371497592747,False
1444,683981.0,0.6972833364312113,0.16284142529879045,0.3754553253225086,False
1445,685018.0,-0.9499149125698036,0.08133256156843652,0.2607685492891353,False
1446,685120.0,1.2255663220281177,0.0020140291602143484,0.029785131517883857,False
1447,685998.0,0.20121293818681465,0.38356172015510137,0.6196699616436412,False
1448,686263.0,-0.7006587716748827,0.02119075244881487,0.12106611464836074,False
1449,686401.0,0.22139251641394767,0.3559181329231779,0.5947036916344217,False
1450,686668.0,0.6958114291851095,0.16370415817535677,0.37647479856053967,False
1451,687019.0,0.044056181456500365,0.8662767376512797,0.9326932811178165,False
1452,687041.0,0.17351553361121122,0.6826155508443167,0.8372041472829873,False
1453,687077.0,0.04186813196314082,0.9486289621747932,0.9741147842595195,False
1454,688195.0,-0.41125773209026417,0.39294798466764,0.6277303684196707,False
1455,688264.0,-0.5165315837214082,0.014540949736386097,0.09589429488971513,False
1456,688497.0,-0.18328745814044223,0.5487903909946307,0.7501870435403049,False
1457,688700.0,0.053332872471248155,0.8372121573607193,0.9172461579759605,False
1458,688871.0,-0.593691928824739,0.03783051635522738,0.1662634861239853,False
1459,690139.0,0.3574462059295956,0.5128753815377347,0.725281691843683,False
1460,690385.0,0.9059807067536122,0.16252662113835822,0.37503008101838864,False
1461,691097.0,-0.37743184624599285,0.09325703058999459,0.2804571854695343,False
1462,691919.0,-0.27566687312818144,0.2570991154626098,0.493272750419551,False
1463,692180.0,-0.8665514303603339,0.13101271927670285,0.3355693883314322,False
1464,693277.0,-0.31001839500448347,0.11701553407804356,0.31612780331239493,False
1465,693696.0,0.14901276914062872,0.48212821278477763,0.7008841234470016,False
1466,694053.0,0.4849014039822866,0.08018871644219218,0.25890794675193224,False
1467,694602.0,0.054404724556882146,0.7039165225448833,0.8490896305985065,False
1468,695636.0,0.3197204006115825,0.5067712657524038,0.7199746884509257,False
1469,695800.0,-0.10289119701457541,0.5485402462147305,0.7501870435403049,False
1470,696024.0,-0.18845491832487166,0.26173329906686416,0.49835379080351005,False
1471,696336.0,0.2491952696029271,0.060421079258868055,0.2210552124553464,False
1472,696615.0,0.6424338078798938,0.014466622194249242,0.09575316092596067,False
1473,696760.0,1.2357027788665005,0.056430990061891714,0.21231806662132488,False
1474,697091.0,-0.24347177427135142,0.1453150419994107,0.35455041153149097,False
1475,697156.0,-0.17815024744486996,0.2929788010744377,0.5334607656068429,False
1476,697163.0,0.6969488616245056,0.00849881865752842,0.07069323871836859,False
1477,698235.0,0.5402930173387539,0.049656013909815264,0.19722503878194098,False
1478,699295.0,-1.6167933541661124,0.01234488459113428,0.08745624148851584,False
1479,700089.0,0.34019181633794293,0.18601810375139644,0.4054610600041558,False
1480,700416.0,-0.03618480767106902,0.8013207313843673,0.9019736590202272,False
1481,701223.0,0.31047503644980257,0.2701520415799446,0.5081442404003289,False
1482,702111.0,-0.18176342593558045,0.2844064058266729,0.5245932940099465,False
1483,703408.0,-0.27175237272449815,0.13747766411535417,0.34440804153523413,False
1484,703962.0,0.6700334759450268,0.012359085623526788,0.08745624148851584,False
1485,704019.0,-0.4717536972434412,0.007738497200052481,0.06660027472403371,False
1486,704099.0,0.06300544659722912,0.6494271351976357,0.8157093954671315,False
1487,704478.0,0.10162823262128037,0.46587946866280444,0.687856587640743,False
1488,704754.0,0.26559761909606294,0.2983917235107986,0.538988184679122,False
1489,705936.0,-0.5776178081519053,0.409352708948779,0.6415018946975656,False
1490,705945.0,-0.25108908893071863,0.18013480794635053,0.39868062772960056,False
1491,706379.0,-1.1899425448184435,0.037832410016236176,0.1662634861239853,False
1492,706414.0,0.5970737139002543,0.015598241546674349,0.09994084463649305,False
1493,706720.0,-0.6298230699074248,0.3004543897586117,0.5409574391822408,False
1494,707385.0,0.49340074252740906,0.07032943692552715,0.24166699519677026,False
1495,708218.0,0.0018918679445510123,0.9893781098130859,0.9932542627688461,False
1496,708300.0,-0.10194711888692883,0.4689221470510426,0.6900962454228671,False
1497,708796.0,0.37439037937489217,0.45434974224666586,0.6791471291775761,False
1498,708914.0,-0.10624990366155712,0.45354173248512947,0.6788153892878567,False
1499,709175.0,-0.44923992046769645,0.5212285891534482,0.7309050943367368,False
1500,709839.0,1.3914785007782684,0.01501396385037935,0.09794265480520904,False
1501,709928.0,0.14946679940544716,0.6407256804801816,0.8108983714844734,False
1502,710076.0,0.2626235676402121,0.10728318700517198,0.3018556233647335,False
1503,710382.0,0.11913147042991398,0.3847148184290554,0.6205169916860915,False
1504,710410.0,0.5686347043751022,0.038725788621784274,0.16864931640473282,False
1505,710774.0,-0.04233210605663845,0.8446059206356946,0.9207886777833035,False
1506,711677.0,0.26350608712682855,0.10316053345210824,0.29552025471548665,False
1507,713535.0,0.27468704577569436,0.06997673244182702,0.2412156244386418,False
1508,713592.0,0.13188799448441765,0.4740520842103545,0.6944447198520105,False
1509,713896.0,0.15779772780391918,0.28413824446006314,0.5243659713726598,False
1510,714266.0,-1.0183659064650605,0.14525895845508457,0.35455041153149097,False
1511,716359.0,-1.1176477156508426,0.03156896490946203,0.15068446930109544,False
1512,717267.0,0.3255978748256606,0.30917287036846014,0.5488260846851406,False
1513,717423.0,0.5643981561712011,0.013767824925896949,0.09299921566310602,False
1514,718024.0,0.30166740855147417,0.34563328425018186,0.5841272459186866,False
1515,718460.0,-0.5584087279548526,0.013701780415939665,0.09272620100687348,False
1516,719860.0,-0.10522815372965558,0.6023485680593075,0.7850012572746461,False
1517,720042.0,0.4047920162488623,0.014598643804332696,0.09615793598060159,False
1518,720165.0,0.07716842927700082,0.8682010865649279,0.9338409427925379,False
1519,720828.0,-0.4540396440110984,0.006902031507089799,0.06233074210437586,False
1520,720973.0,-0.3012392615987274,0.5637478979250939,0.7606747218339225,False
1521,721021.0,0.055350266546428134,0.9370170377110311,0.9684612058854611,False
1522,721331.0,0.4553556778104929,0.006703509842523636,0.06119983123683269,False
1523,721348.0,-0.45481074900295737,0.006928082667082848,0.062412315136888455,False
1524,721737.0,0.4339161945290659,0.010896657166494796,0.08155872184618068,False
1525,721747.0,0.49324691879529137,0.004113283846133217,0.0452836674947019,False
1526,721799.0,0.06814741823483823,0.8835014719735846,0.9417133226898332,False
1527,721899.0,-0.4561292591191139,0.007256528363479291,0.06398831469176905,False
1528,721927.0,0.23484982548494873,0.4567433440735535,0.6805695264129613,False
1529,722004.0,0.7148301759456908,0.010153116399528051,0.07829970667529697,False
1530,722067.0,0.24981491684499446,0.6815154942987509,0.8366266462194955,False
1531,722155.0,-0.28899233078614445,0.4152698663376283,0.6470151283328485,False
1532,722385.0,0.5421792575962814,0.012465856648499602,0.08798236275647801,False
1533,722447.0,0.5554430173003071,0.008899414394269122,0.07263394229307618,False
1534,722666.0,-0.018116444401709786,0.9679033704361825,0.982842498209592,False
1535,722759.0,-0.42281854297030463,0.04601834818786083,0.18735102683343627,False
1536,722766.0,0.05123327507898638,0.9122735838472951,0.9566930492379855,False
1537,722834.0,0.37890000743206875,0.007931211119268325,0.06769830541109431,False
1538,722881.0,-0.06184015872302415,0.7612411551497057,0.8821513534495147,False
1539,723406.0,0.9379539579180748,0.14817094178322485,0.35829707575337616,False
1540,723883.0,-0.5873420974009793,0.1780460611669587,0.39628665039313854,False
1541,723934.0,0.45525530309672646,0.0009448296199435288,0.0190989302131974,False
1542,724526.0,0.6402200943976961,0.0002910540683591911,0.009721205883196983,False
1543,725255.0,-0.31304217265014544,0.4865370393843593,0.705183379179261,False
1544,725268.0,-0.3011317641107101,0.17120936520027136,0.38742498629329697,False
1545,725383.0,-0.17972230364456454,0.4487162143670145,0.675139602301492,False
1546,725432.0,-0.6313550319187407,0.024316537375799314,0.13145219781588724,False
1547,725564.0,0.22730511193719904,0.39309210962778524,0.6277791452125362,False
1548,725885.0,-0.3654775474313368,0.0348627309929657,0.15840726033011412,False
1549,727835.0,-0.3068448551337044,0.5398365070345035,0.7439585631946982,False
1550,727932.0,0.35576932700619146,0.05710373869903277,0.21391308222571012,False
1551,727941.0,0.28059394217973666,0.3084372969761905,0.5480336079038216,False
1552,729004.0,-0.38742231290147117,0.3030483085108851,0.5426752200264144,False
1553,729007.0,-0.8802021059188508,0.01064943922887954,0.08050115795925307,False
1554,729142.0,1.299622016102927,0.01684655928381864,0.10503699082472792,False
1555,730287.0,0.5663724817061366,0.19409069169636123,0.41629212771468116,False
1556,730692.0,0.053963959256873716,0.754345190957623,0.8787519446269607,False
1557,731338.0,-0.4760430831632839,0.0436629484763098,0.1814553237788449,False
1558,732515.0,-1.0610596847146299,0.0004566045686422384,0.012516269173261357,False
1559,732856.0,-0.005181761956950748,0.9869073157106605,0.9919260832513427,False
1560,732947.0,0.5447740880608207,0.016522855874446657,0.10367115904610608,False
1561,733780.0,-1.0041237952926263,0.15101854698330636,0.3616382809406112,False
1562,734779.0,0.15018476350945775,0.7234668529799263,0.8597802374750493,False
1563,735004.0,-0.2522602979239694,0.6004415702453106,0.7838109151898486,False
1564,735712.0,-0.34728857521345957,0.4402262923390811,0.6674915844175919,False
1565,735988.0,-0.25217449322695834,0.6006512738268203,0.783944881254074,False
1566,737026.0,-0.49870111803861117,0.007458113270689058,0.06507863308145476,False
1567,738005.0,-1.068456560432952,0.09932193793427387,0.2899783852276877,False
1568,738159.0,-0.42612214335417864,0.10028904925495945,0.29168583611999227,False
1569,738166.0,1.2334997246031185,0.03123395727032777,0.14995338618726578,False
1570,738921.0,-0.29563651334261537,0.5546951053779825,0.7544437249565218,False
1571,739653.0,1.2508859413917572,0.003912191652614851,0.044118948802842776,False
1572,739891.0,-0.38069164749189177,0.009626441965071019,0.07583093434749341,False
1573,740412.0,-0.45080953427088666,0.000788552143761133,0.017504567526640282,False
1574,741124.0,0.4186155389585695,0.0011918753890037344,0.021823543854076838,False
1575,741996.0,-0.05719335036173619,0.9349311855440382,0.9675543921327614,False
1576,743620.0,-0.299069124906075,0.05609218299373032,0.2119107961797678,False
1577,744027.0,0.34462910707442435,0.16730712407011386,0.3816979469905603,False
1578,744165.0,-0.9244517048516154,0.0898948650769904,0.27518577563754393,False
1579,745029.0,-0.24997865026539734,0.10240295454608875,0.29420936487990174,False
1580,745481.0,-0.28631107983271326,0.058036451001105833,0.21560084723374534,False
1581,745963.0,0.2783449643914149,0.06456760975117665,0.2297218629462545,False
1582,748339.0,-0.05623226551983315,0.9141856252532933,0.9574032766159671,False
1583,748410.0,0.4298628320233088,0.0028331664260613574,0.03585502609154715,False
1584,748427.0,-0.9484205590179231,0.0028356031202974134,0.03585502609154715,False
1585,748766.0,0.4936040799924689,0.0004918125879480078,0.01306783366656482,False
1586,749487.0,-0.20113334170262306,0.14794969031337546,0.35822446028811256,False
1587,749491.0,-0.3858536922846398,0.07292438674525309,0.2467590677575971,False
1588,750005.0,0.5201451056363895,0.0016468314699173946,0.026405252002885255,False
1589,750044.0,0.18411977812490357,0.18593212902071132,0.4053611690138223,False
1590,750153.0,0.21589019821541547,0.11601609702890127,0.31436713261326094,False
1591,750555.0,-0.21999903487557387,0.11291422381512602,0.3098290949224451,False
1592,750804.0,-0.2104459928337149,0.1266748796244582,0.33059036794695223,False
1593,751036.0,0.3669903912307943,0.5720350188622503,0.765381353091182,False
1594,752148.0,0.22292598486305243,0.10818713309811404,0.30321472334113947,False
1595,752467.0,-0.13307825848860316,0.5979933387227694,0.7821686578907894,False
1596,753718.0,0.06546429581019553,0.888076522074081,0.9438061448174616,False
1597,754721.0,-0.42664939801312307,0.16710266938322743,0.38139181584418286,False
1598,754824.0,0.49889901904100986,0.028430158478470007,0.14254474378004245,False
1599,755013.0,-0.9637184935339524,0.07705401891665739,0.2540769669928056,False
1600,755298.0,0.39475121670030916,0.11114337013404008,0.30722212447288133,False
1601,756557.0,-0.8247285849643275,0.09866059383383886,0.28898023369301695,False
1602,757503.0,0.9904454825650559,0.15671231571720382,0.36749021108452096,False
1603,758152.0,0.24637104254817077,0.4588762460221175,0.6825638400390571,False
1604,758244.0,-0.7638690823997447,0.09980978187982162,0.29087855900077664,False
1605,758672.0,-0.1947528816748304,0.4365940127516386,0.6647815974777721,False
1606,759685.0,0.14838888570713835,0.3159047000321615,0.5554166168288988,False
1607,759694.0,0.0549902708491549,0.6906889700463029,0.8412961558259701,False
1608,760250.0,-0.5388057880995843,0.16721270233466298,0.38156272521395135,False
1609,763438.0,0.19426578851426407,0.1923948195108887,0.4140455522979177,False
1610,763795.0,0.20954198935093582,0.1533793864775855,0.36418304262336143,False
1611,765864.0,0.23691976299834347,0.10596431180891025,0.29989556846880455,False
1612,766452.0,-0.39641565969558407,0.3938843235679152,0.6283533959580179,False
1613,766801.0,-0.33908185583141814,0.26731992098788,0.5042150725149327,False
1614,767377.0,0.12492706000481962,0.7813645020957716,0.8922482295654955,False
1615,767558.0,-0.7526640431892196,0.06095990310200358,0.2218302876876463,False
1616,767594.0,-0.4569616341302069,0.02624744865320813,0.1368472887274612,False
1617,767829.0,0.2643888181016058,0.2665433423714437,0.5031457247116515,False
1618,769920.0,0.2250170847199491,0.14714563005266332,0.3578484921429694,False
1619,770911.0,0.294898112981092,0.6737506452185347,0.8323117185184271,False
1620,771206.0,-0.8747304262268009,0.03855539252702285,0.16815843931229263,False
1621,771598.0,-0.10630889435758525,0.6937577883554022,0.8432136146677742,False
1622,772302.0,-0.05961771174587534,0.684700594830253,0.8384955953161548,False
1623,772909.0,-0.012215271009763284,0.9341045348896049,0.9670386083810035,False
1624,773010.0,0.3577877177707257,0.5817626335176248,0.7721598163683966,False
1625,773146.0,-0.9140861094159656,0.026359063698986773,0.1369031753361251,False
1626,773869.0,1.2916942203996111,0.046131646090271095,0.1874581461512917,False
1627,775254.0,0.30101837148936017,0.11027386079562508,0.30636415759559255,False
1628,775602.0,0.2969321029380494,0.12392499847777644,0.3266233637295683,False
1629,775635.0,-0.3844825006216524,0.18707900150177795,0.4067179173446424,False
1630,775840.0,0.27013305477477423,0.16382543550441028,0.3765244764768947,False
1631,776098.0,-0.2804333067723529,0.14848678400142817,0.3585017883308503,False
1632,777061.0,0.2402957557524381,0.07191300288990296,0.24476074065243814,False
1633,777379.0,-0.6592795174373671,0.10100988092345305,0.29262403454072133,False
1634,777856.0,-0.21028976413668227,0.7003084649254763,0.8472869312334096,False
1635,778046.0,-0.4738941130716703,0.042291659550539255,0.17772975780917677,False
1636,778230.0,-0.4571029570802991,0.06689045145774204,0.23424210774359538,False
1637,778352.0,0.26804078621748184,0.04329811313420775,0.18054037038220544,False
1638,779351.0,-0.19484337094245177,0.42666390047552644,0.6565688459968584,False
1639,779823.0,-0.49513781675198554,0.0866904766287752,0.27002155632865277,False
1640,780071.0,-0.2761197404810903,0.033934902995025475,0.1560200643841599,False
1641,780605.0,-0.5456182452973904,0.0035921632570284434,0.041949356296921606,False
1642,781797.0,-0.5240601104348964,0.17908873894052407,0.3975477016767666,False
1643,781918.0,0.13907624526536194,0.4389682492505842,0.6663404203069628,False
1644,782189.0,0.3903285735886849,0.018900299843422005,0.11259818537574551,False
1645,782238.0,-0.42280197001057784,0.54597218525891,0.7482045285930398,False
1646,782505.0,0.4103159307759934,0.014763711139866716,0.09689243314586046,False
1647,783426.0,1.4113584612187275,0.013619561729669204,0.09245800035994947,False
1648,783604.0,0.5573478059730657,0.3596230583493745,0.5984529048570383,False
1649,783652.0,0.2730982513738398,0.07219878335347812,0.24514163068564437,False
1650,785069.0,-0.5475334541573456,0.2552728395584516,0.49104849785698956,False
1651,785075.0,0.1579044090299683,0.4001850700656882,0.6327924710804009,False
1652,785132.0,0.1117959825857541,0.5446279860667209,0.7470384808931986,False
1653,785162.0,-0.8332697172365006,0.1703566435620345,0.38625355221212093,False
1654,785726.0,-0.542904056427447,0.20016010280035304,0.4250733063079641,False
1655,785970.0,-0.23636002625774363,0.09647989414294335,0.28582770716599737,False
1656,786198.0,0.25884716741812613,0.17421958624489034,0.39130014663527507,False
1657,786605.0,-1.008748695116021,0.01691817572157867,0.10524171774082318,False
1658,787341.0,-0.5216128859446533,0.020936928007104193,0.12024135570693084,False
1659,787715.0,0.40664257977591345,0.3343425878835751,0.5738005994428788,False
1660,790554.0,-0.8947295349298956,0.11887655267475887,0.3185043550208512,False
1661,791596.0,0.3029628445839113,0.06929806915296279,0.23948351908546495,False
1662,791783.0,-0.43077931461755137,0.17521283615432492,0.39248308243947255,False
1663,792353.0,-0.17826858749771707,0.7837843640333679,0.893696149321293,False
1664,792448.0,0.9015544979703547,0.007207921228946934,0.06367857644259978,False
1665,792576.0,-0.8379217624106701,0.04192703086594779,0.17674482332033525,False
1666,794999.0,-0.09897989453969927,0.7621756010477272,0.8825440483035005,False
1667,795131.0,-0.40153764117847657,0.004963571737355391,0.05111913776944285,False
1668,795151.0,-0.5499260382699062,0.08503032979524952,0.2674599333316237,False
1669,795213.0,0.455348641567857,0.020295674914895572,0.1176242088048907,False
1670,795368.0,-0.4426935593105679,0.2713426577399691,0.509765411866972,False
1671,796161.0,-0.15300221430426197,0.7322239290049274,0.8652613487207149,False
1672,796284.0,0.3429211830066312,0.007116969634231073,0.06341528638092234,False
1673,796633.0,0.2125845062058484,0.25060920398299125,0.4854395387846301,False
1674,797259.0,0.0822198049066859,0.7987621189645207,0.9004810881529475,False
1675,797777.0,0.35908538499411613,0.00585740719532447,0.056618125650264584,False
1676,798703.0,-0.6874979988860836,0.28952194191978975,0.53015531031365,False
1677,799904.0,-1.0731232422074195,0.09777744775842227,0.2879220537387469,False
1678,800354.0,-0.20092950310694596,0.6882548736994535,0.8405116503667,False
1679,801621.0,-0.16474145749835079,0.7522899981367487,0.8777929624609704,False
1680,801672.0,1.1063831498712118,0.05359457296888793,0.2060169682265786,False
1681,802371.0,0.5859323172305988,0.15538918443561778,0.365893798313509,False
1682,802561.0,0.2652734007442867,0.2177314383177894,0.44779741624471464,False
1683,803271.0,0.28954013825486613,0.0269685350721051,0.13867524784827137,False
1684,803330.0,0.12571819195410489,0.692790589786359,0.8426985490958009,False
1685,803845.0,0.2606507347802073,0.17394429785961776,0.39084358378516887,False
1686,804376.0,0.6398690115326549,0.1653480931303622,0.37874098985652704,False
1687,805083.0,-0.05542957537263685,0.8453655303894718,0.9210332537216227,False
1688,805547.0,-0.36247427985779795,0.018742372285462428,0.11203108543980983,False
1689,807306.0,-0.09219181394902937,0.5704393564593666,0.7641598525527162,False
1690,807699.0,-0.4007756605071597,0.0011663537172404818,0.021605408874821555,False
1691,807830.0,0.19403070996981714,0.4375846545194351,0.6654246487844776,False
1692,808937.0,0.8871395849795489,0.10373841780543364,0.2960253746787545,False
1693,809814.0,-1.077140779145632,0.060274919437690554,0.22081817431526526,False
1694,811757.0,-0.4098975537423628,0.0009432869579055459,0.0190989302131974,False
1695,813270.0,0.6424811574811173,0.2632553241528823,0.4998259827283324,False
1696,813724.0,-1.0894350457394204,0.05736012194300566,0.2145568999625522,False
1697,814368.0,-0.24323060051678502,0.5888084843889485,0.7771806151427394,False
1698,814389.0,0.418382393316316,0.0008247705574759728,0.017863091441371597,False
1699,814426.0,0.43212324576378325,0.0011688510042238945,0.021614783050852425,False
1700,815822.0,-0.37352699233707587,0.003949256527364932,0.044236874044869735,False
1701,816564.0,-0.24247394423259,0.07717827462666907,0.25421877316643476,False
1702,818271.0,-0.0778550324438631,0.6931778076546197,0.8427917901087474,False
1703,818721.0,0.022304219871198072,0.91100985338293,0.9560392395100977,False
1704,819202.0,-0.09601778734187227,0.5778657671858859,0.7695944998932607,False
1705,819785.0,-1.4246009934599488,0.027691022693706303,0.14085000252562582,False
1706,820063.0,-0.138486392669037,0.37034881156250227,0.6072816167394522,False
1707,820777.0,0.5513227307236188,0.01710087906346814,0.10583052182586575,False
1708,821688.0,-0.5445042808897037,0.01846308628005959,0.11121909077139114,False
1709,822191.0,0.7181638824730994,0.03147193028256565,0.1504968296111234,False
1710,822385.0,0.5489283140095351,0.01762777798813163,0.10816819110297841,False
1711,822514.0,-0.2329353076141511,0.739438437275711,0.8696199265492321,False
1712,822643.0,0.673918600924803,0.0014677315557328054,0.024511116980737848,False
1713,822703.0,0.3208978227869587,0.5359237664388063,0.7413188041372039,False
1714,822781.0,-0.8849164789654149,0.0274909202599726,0.14049620500094284,False
1715,823789.0,0.09210865591056829,0.6879896663418524,0.8404375228607707,False
1716,824070.0,-0.5708115020303114,0.17802489330015012,0.39628665039313854,False
1717,825001.0,-0.3312742652286461,0.05777047778649058,0.21520196855605878,False
1718,825672.0,-0.7993795433321556,0.022786470973465277,0.12619752164130896,False
1719,825818.0,-0.49587957434114843,0.03652299893587652,0.16335276203087748,False
1720,826112.0,-0.3368267531539982,0.12192913745381019,0.32400019267101826,False
1721,826271.0,0.7792684208127161,0.015909961373455465,0.10111395240565518,False
1722,827124.0,0.5358149041932044,0.022152982582367687,0.12415520545972841,False
1723,828085.0,-0.7721433628525348,0.03560350565308833,0.16076374952756814,False
1724,828206.0,-0.2152404046585094,0.13678393069660325,0.34330394629170596,False
1725,828867.0,0.5801306352233825,0.01388638275128695,0.09335870609282292,False
1726,829031.0,-0.5675112439430576,0.020003697280624472,0.11661661330890367,False
1727,829211.0,0.18988314694927608,0.7536670024108411,0.8783134701994646,False
1728,829604.0,0.5522309662636942,0.01749865929941133,0.10761923325501982,False
1729,830931.0,-0.330821810918981,0.14093094478751036,0.34982972917183286,False
1730,831197.0,-0.1421200918309398,0.4806256245298277,0.6994402828858554,False
1731,831779.0,-0.3266507019107391,0.2723022795262818,0.510772635952616,False
1732,831812.0,-0.1848498638248119,0.5871556753673315,0.7760349270805289,False
1733,832689.0,0.9091160099371038,0.05837917074999523,0.21635571816019056,False
1734,832785.0,0.2424658384200866,0.7089708264657999,0.8516908279422596,False
1735,832828.0,0.6384734662486095,0.0037093069529386155,0.042653100608208344,False
1736,833101.0,-0.21111541062860106,0.3347960252311581,0.5743971635663381,False
1737,834463.0,0.48122272507577013,0.006672793719603484,0.0610735040693894,False
1738,834508.0,0.1502548358596432,0.6205095137225546,0.7982496766364459,False
1739,834521.0,-0.45817076964064307,0.010170666643221438,0.07829970667529697,False
1740,834626.0,0.46149832294416393,0.011894142662997296,0.08593064739195395,False
1741,835575.0,0.14613912613102018,0.6342192200146679,0.8069972584018583,False
1742,835692.0,0.41241312889187853,0.022741740543712634,0.12607844412768163,False
1743,835904.0,-0.45529157114499363,0.010089135448402195,0.07829970667529697,False
1744,836321.0,0.12945136821086556,0.8420643122313693,0.9196313330286566,False
1745,836824.0,-0.2246816054454638,0.30817356826949766,0.5479482528362648,False
1746,836940.0,0.652676894342913,0.0026802449370661187,0.0349428741761835,False
1747,837031.0,-0.3998016994876089,0.09050010512904162,0.2761817939768757,False
1748,837396.0,0.32055302570281985,0.41171539465381024,0.643787180778898,False
1749,837594.0,0.432625230916078,0.5052928815064304,0.7185843349603436,False
1750,837998.0,0.44382230697418334,0.01315314087581121,0.0908252825743834,False
1751,838434.0,-0.4747053338404218,0.007951382720156625,0.06774902623806921,False
1752,839140.0,-0.3843522121851164,0.006126747682120803,0.05833846148194852,False
1753,840006.0,0.09666768000581555,0.49217015847775136,0.7093078956818895,False
1754,840258.0,-0.08219285285729547,0.5594943319038499,0.7586896905454454,False
1755,842103.0,0.9668437212270115,0.006154300823281295,0.05839592258454411,False
1756,842199.0,-0.32107387289687506,0.19515031440522415,0.4178218269958004,False
1757,842358.0,0.9546492100243765,0.14101010188649238,0.34994619478232164,False
1758,842616.0,-0.33646797740207307,0.2579379218365024,0.49407378534237395,False
1759,842630.0,-0.21822964464868838,0.12798279578465216,0.33227774413833994,False
1760,842689.0,0.13396113104198218,0.3709733976865151,0.6076529699542963,False
1761,842748.0,0.7852268268668674,0.06360735815037517,0.2276484908415175,False
1762,843071.0,0.3025230827472663,0.14140419794267384,0.35047782861518056,False
1763,843151.0,0.45365477290272344,0.4847705146101965,0.7035961786356981,False
1764,843642.0,0.31902023545204883,0.12642077118052858,0.33030528351344585,False
1765,843713.0,-0.028056764424872788,0.8744645871839161,0.9368782457515041,False
1766,844533.0,-0.44319946854569936,0.007501334504534932,0.06535071111294277,False
1767,845025.0,1.1155041567615342,0.11060719793801264,0.30636415759559255,False
1768,845134.0,0.2793572731591909,0.21006652045187424,0.4375881941095941,False
1769,845271.0,1.0099554062173048,0.14863710835287594,0.3586254303557387,False
1770,845375.0,-0.24448316630104244,0.19037352920889405,0.4110344928243713,False
1771,845416.0,-0.062091508173568316,0.6820784665172953,0.8367949541190371,False
1772,845743.0,0.16593002345351038,0.22692044237710063,0.4595730031623265,False
1773,846917.0,-0.7032860950559411,0.1150411366915643,0.3132258933495252,False
1774,848664.0,0.15749870944980401,0.5140169051053701,0.7261305145878225,False
1775,848978.0,-0.32268611682790904,0.11313229075821661,0.3101138929748589,False
1776,849744.0,-0.1956191942763706,0.21821450813109514,0.4484510575090946,False
1777,850323.0,-0.3524136164186985,0.02907599325249556,0.1445808093247088,False
1778,850752.0,-0.36021824425520765,0.025835921885970597,0.1354731952734795,False
1779,851185.0,0.6599976352418808,0.17013611809359222,0.38604255056562364,False
1780,852375.0,0.9478889084718509,0.11874014779702864,0.3183075929743409,False
1781,852383.0,0.8825419437474267,0.20714926047688967,0.4334242911481568,False
1782,853568.0,-0.3710898280280108,0.023053248110087077,0.12722064475597114,False
1783,854769.0,0.34492972765105534,0.04040028176481906,0.1731326721504583,False
1784,854827.0,0.5872948496548769,0.011438860508927041,0.0840113875672551,False
1785,854829.0,-0.10207048533425384,0.7016332976234861,0.8484158901306608,False
1786,856112.0,0.2502612680976804,0.1455700729181259,0.3549333201990693,False
1787,856425.0,-0.3028121992570144,0.07645725225242933,0.2527629963588285,False
1788,856541.0,-0.28070782575104575,0.10128187699639146,0.2929645645963816,False
1789,856794.0,-0.26663602207063003,0.11928570899543384,0.3191635127299567,False
1790,857096.0,-0.31745792969251163,0.06505525663967776,0.23104349550171832,False
1791,857135.0,-0.2996711908776053,0.43236153057405813,0.6610259738565354,False
1792,857198.0,0.22860185871090677,0.18605265222300324,0.4054610600041558,False
1793,857217.0,-0.2897297651377349,0.09013166360288762,0.27559977701671695,False
1794,857429.0,-0.12267423911953133,0.3719380658850516,0.6086819998767128,False
1795,857462.0,-0.07508618122036212,0.5858790835934549,0.7748193777298918,False
1796,857590.0,-0.260580798981957,0.12728842830463175,0.33136230012400775,False
1797,857612.0,-0.2536655193256203,0.13979682450912956,0.34805729547243,False
1798,857805.0,0.2555745233240665,0.1431141036045825,0.35194916054094766,False
1799,858362.0,-0.2910692686264276,0.6125910059474647,0.7938015243595237,False
1800,858538.0,-0.19135582835353965,0.21341975699522334,0.4424506230296313,False
1801,858654.0,-0.29900378762562263,0.07110729069896558,0.24319113041930318,False
1802,858761.0,-0.10026978976094642,0.4697751010309566,0.6907895857072656,False
1803,859371.0,-0.2682785176954101,0.1024626198928142,0.29424120077685134,False
1804,859697.0,-0.09781842079894525,0.48201857528642317,0.700818595597927,False
1805,859876.0,-0.2941482494769808,0.6088348448994144,0.790261187075605,False
1806,860038.0,-0.2690152931263235,0.09659806291634378,0.28587022163492687,False
1807,860276.0,-0.0654358368670144,0.6349668505181223,0.8072311284230499,False
1808,861451.0,0.26836642717621606,0.09911393246694836,0.28972141004192015,False
1809,862117.0,0.4824646611634402,0.1377235453538486,0.3448648407880107,False
1810,862554.0,-0.2885069555607262,0.07572158190275233,0.25128638690136856,False
1811,862986.0,-0.31933538124326655,0.2894266113767434,0.53015531031365,False
1812,863243.0,-0.2342217649174758,0.08624605896347866,0.26925538396564874,False
1813,863292.0,0.4844291425124757,0.0008103935471923696,0.017843452240919214,False
1814,863461.0,-0.27179628579308235,0.09454968065395959,0.28203813781223724,False
1815,863542.0,-0.6884727062129241,0.05942534216312696,0.21911076398802418,False
1816,863579.0,1.473813936141918,0.0019111452514896535,0.02869396955087794,False
1817,863611.0,0.3742342758159075,0.3646078283446424,0.6031420263153144,False
1818,863950.0,-0.20504411074951462,0.13153481411642115,0.3362287277490634,False
1819,864241.0,-0.4784616754430254,0.38094490197972747,0.6164515371183574,False
1820,864448.0,-0.08526170828341967,0.808893962476765,0.9047913177255436,False
1821,865094.0,-0.21105091621087047,0.11651304943359844,0.31539879092312,False
1822,865295.0,1.053897728087559,0.015303168257759155,0.09918331405229659,False
1823,865311.0,0.4702737246526642,0.0011653148558155419,0.021605408874821555,False
1824,866194.0,0.1458946144520645,0.43291067681010603,0.6615340879934252,False
1825,866513.0,-0.19595766489710817,0.27845942104023436,0.5182028142279692,False
1826,867656.0,-0.3155927060586408,0.154789359367114,0.3655881284063234,False
1827,867697.0,0.10086394429759754,0.7028043841379755,0.8488863458125875,False
1828,868642.0,0.19440062045086792,0.15816574391276939,0.36985979107563804,False
1829,869452.0,-0.339152527934123,0.09400184005861716,0.28114418452367157,False
1830,870006.0,0.6348155718665601,0.18707865969722215,0.4067179173446424,False
1831,870165.0,0.10753453070851275,0.5590143645618266,0.7584178136881174,False
1832,870220.0,0.16139785443837518,0.5705656830328564,0.7641598525527162,False
1833,870292.0,-0.330805614578941,0.10318522106123859,0.29552025471548665,False
1834,870298.0,0.741651596096877,0.02501152088404745,0.13374387152528822,False
1835,870301.0,-0.6093953372796326,0.10242443020554111,0.29420936487990174,False
1836,870346.0,0.17641640621340665,0.3267670883100078,0.5672135758488097,False
1837,871393.0,0.12314840855722711,0.6684497197291345,0.8290701219903741,False
1838,871862.0,0.2928717950695416,0.30837175683970575,0.5480336079038216,False
1839,872595.0,-0.07568542800614061,0.5904796062858978,0.7786048409440818,False
1840,872597.0,-0.4821380245573745,0.00844612995668324,0.07036280942424909,False
1841,873444.0,-0.9974702398097715,0.12393775507796158,0.3266233637295683,False
1842,874833.0,0.33016551210609874,0.27046353741902285,0.5084449428176367,False
1843,874883.0,-0.5286368231970279,0.004675420752214744,0.04903545146404932,False
1844,875179.0,-0.009333902788071162,0.9471750837520321,0.9730821062018085,False
1845,875495.0,0.39194289149851647,0.20448784436928297,0.4302608161714609,False
1846,875573.0,-0.11109310686327306,0.43674720361794084,0.6649215841897262,False
1847,875953.0,-0.13818434568405488,0.3244608004408919,0.5648790322499679,False
1848,878453.0,-0.2505231699558083,0.6143686267317345,0.7946820118175618,False
1849,881354.0,0.4229022431020416,0.19204651971827505,0.4133779439900606,False
1850,881376.0,0.26824191216674104,0.15903759126046485,0.37083161789348185,False
1851,881879.0,-0.04546088648172836,0.9276564612167382,0.9643469533142782,False
1852,882046.0,0.09996444162431478,0.8695720688067673,0.9346938409612657,False
1853,883250.0,0.4813655758071466,0.08909800594339415,0.273595149792233,False
1854,883267.0,0.28328644625637023,0.13528922798288143,0.34152664412887856,False
1855,883333.0,-0.2506884692221411,0.6141523143453683,0.7946820118175618,False
1856,883695.0,0.450664957902204,0.11514543954279544,0.31333761500051255,False
1857,884683.0,0.2722455587424344,0.15297107620611725,0.3639626941194278,False
1858,884981.0,0.4968071378555632,0.4143063107916964,0.6462559280994201,False
1859,886630.0,0.6602254189656278,0.010003227666330338,0.07811873116404017,False
1860,888073.0,-0.5517803474183525,0.013654466437669948,0.09258913017873445,False
1861,888694.0,-0.7852663509907671,0.14999408607588968,0.36069689950238865,False
1862,889620.0,-0.2285481211794254,0.11588551858213138,0.31436713261326094,False
1863,889662.0,0.15351631520556,0.2989449794654914,0.5395447215633378,False
1864,890267.0,0.2507207169195336,0.28634445496903654,0.5269191670009348,False
1865,890462.0,-0.5859657028542495,0.2070097013541493,0.4333828945418111,False
1866,891495.0,-0.2686011637926726,0.06845278649536521,0.238006085011912,False
1867,892041.0,-0.05782563147264608,0.9243210190729231,0.962631167805486,False
1868,892042.0,0.235293486908419,0.09918336266432734,0.28972965600680123,False
1869,892462.0,0.3922685852792365,0.2013402471623635,0.4262821109708321,False
1870,892510.0,-1.0049999507265306,0.09799361912343893,0.28795905132239563,False
1871,893271.0,0.1626875242726102,0.545464815730048,0.7477924443987966,False
1872,894027.0,0.5963896557926435,0.14812219894742534,0.3582590172848267,False
1873,894083.0,0.4903760618692035,0.13630396882943926,0.3428005180497018,False
1874,894442.0,-0.17173790332820965,0.3749543992093553,0.6114060392695736,False
1875,894840.0,0.62928907920657,0.175435486369966,0.3928119233799465,False
1876,894860.0,0.37648339638296613,0.3168620071787256,0.5564775999438966,False
1877,895793.0,0.0726924968679429,0.6183225673741151,0.7970420934385487,False
1878,895904.0,0.17875019848055612,0.49820422220298677,0.7124357902992607,False
1879,897001.0,1.6355940426183706,0.0015796757186873215,0.025902386595696186,False
1880,897314.0,-0.7076881125468086,0.06305494080155312,0.22626822558706086,False
1881,897460.0,0.33120395916828366,0.23319859156238493,0.4662627416080403,False
1882,897544.0,-0.033617832606565555,0.8312063695519285,0.915364222530809,False
1883,898159.0,-0.0743412388715578,0.6372626686191819,0.8086843895091442,False
1884,898318.0,-0.27418211122477654,0.40162280599537076,0.6337961306227325,False
1885,898481.0,0.11447102736023962,0.6733557224670336,0.83216306447469,False
1886,899884.0,-0.9343605041607913,0.012594999272067706,0.08817402538704149,False
1887,899891.0,0.05123218597878096,0.8587190468149641,0.9285183039323075,False
1888,900256.0,0.5958512113399221,0.1486259974798249,0.3586254303557387,False
1889,900579.0,-0.0774880379027515,0.8474700093965329,0.9225117280384442,False
1890,900954.0,-0.14072845715748084,0.6041855791731136,0.7862887497810991,False
1891,901053.0,-0.21461872370009522,0.5149795433287069,0.7261305145878225,False
1892,902240.0,0.04749803943847247,0.7531301280524175,0.8779492341292974,False
1893,902782.0,0.05469529072445419,0.716660971787264,0.8556094598130777,False
1894,903137.0,0.5734156913695173,0.07904781541578,0.2572414961609698,False
1895,904457.0,0.8030172154908438,0.000489240110187502,0.01306783366656482,False
1896,905827.0,0.7130652509520645,0.3083132740101508,0.5480336079038216,False
1897,907021.0,-0.36874927013612735,0.3595764298933371,0.5984529048570383,False
1898,908730.0,-0.2090374587108424,0.1878163506915798,0.40793357260810004,False
1899,909266.0,-0.21383874017892374,0.355525208396132,0.5946864111727383,False
1900,909500.0,-0.33401748780563423,0.37448159933621655,0.6108185966633555,False
1901,909657.0,-0.055838810255837826,0.6970990030966309,0.8451926369500645,False
1902,910273.0,0.10920169935801471,0.4472134514727902,0.6736749952452313,False
1903,910293.0,-0.2620471854146218,0.3935466528473549,0.6280430633134427,False
1904,910797.0,0.3315275688781627,0.15411784150958976,0.36511330632618877,False
1905,910997.0,0.7723402632195141,0.08560695307872845,0.26824079623913644,False
1906,911310.0,-0.36568760560841096,0.030411949710205156,0.14810054633633343,False
1907,911801.0,0.5020103976841559,0.0028384107956720096,0.03585502609154715,False
1908,911989.0,0.33195461256270964,0.490670543044787,0.7081809260405748,False
1909,912490.0,-0.3694690275674346,0.010902045637845064,0.08155872184618068,False
1910,912618.0,-0.5470644225762542,0.14259740619855996,0.35145755194383904,False
1911,912859.0,-0.39511354930164805,0.4297726130436554,0.6589239709871298,False
1912,913042.0,-0.38621684440109366,0.006953977451469292,0.062487934797764204,False
1913,913301.0,0.3413392343962754,0.20628811189978963,0.4325922297029451,False
1914,914994.0,0.37494031193858535,0.2164185047880223,0.4462809402496167,False
1915,916040.0,-1.9598362740906663,3.686621190209071e-05,0.002486895581195745,False
1916,916043.0,-0.9521548152210444,0.173376523371529,0.3902378013117632,False
1917,916257.0,-0.574621320351723,0.21611718458677048,0.4459984864428505,False
1918,916394.0,-0.16410996827743132,0.3042675849298874,0.5435853578693101,False
1919,917525.0,0.8100287205074143,0.24704631860619744,0.4814202960960131,False
1920,917615.0,0.45669626652588996,0.02556613662509679,0.13482601715062487,False
1921,917620.0,-0.5681762640875325,0.12780502588225837,0.3320014178754972,False
1922,918383.0,0.45873766889269074,0.3790723184629259,0.6146924148278293,False
1923,918504.0,0.3609777115708955,0.027415118266964765,0.14030698198392388,False
1924,918533.0,-0.24886616447355825,0.3333730135975938,0.5733149655579659,False
1925,918779.0,0.34520640355688964,0.03474602305297519,0.15813873797533157,False
1926,918878.0,0.42037711447577797,0.04508167438055548,0.18564551418851657,False
1927,919238.0,0.5567774731446539,0.17697408321418273,0.3950346850277511,False
1928,919335.0,-0.6769892499737666,0.08240699530390962,0.26201755536729315,False
1929,919371.0,0.37930217317595,0.08677468421508006,0.27011875155257287,False
1930,919775.0,-0.7944479243000824,0.005982973729584838,0.05739237306614791,False
1931,920399.0,0.23222969527604775,0.10842680754295868,0.3034999989372915,False
1932,920747.0,-0.6278833266557156,0.09931824226294393,0.2899783852276877,False
1933,920932.0,-0.549050353960781,0.1412376970024216,0.35043090307686553,False
1934,921048.0,0.9009848155724804,0.004609341143853141,0.04879764225462995,False
1935,921176.0,-0.5683543194093928,0.12781519348702927,0.3320014178754972,False
1936,921552.0,-0.5484685370065745,0.14170649682493702,0.3505615196135453,False
1937,921557.0,-0.28500193500928095,0.0311840014647413,0.14984609822920178,False
1938,922308.0,0.23686668644677727,0.10603401121909459,0.29989556846880455,False
1939,922481.0,-0.5592367386458097,0.13397881976214587,0.3396403756464488,False
1940,922573.0,0.16899022299643146,0.3012397955712956,0.5415630972054346,False
1941,922662.0,-0.20506702928937767,0.15851993783125698,0.37032413762254357,False
1942,922948.0,-0.38435048137481115,0.42178451873212336,0.6526687028991017,False
1943,923296.0,-0.9732808874441568,0.1640610846762687,0.37682671903531456,False
1944,923513.0,-0.5656957230317954,0.22339403293831053,0.455369923197512,False
1945,924036.0,-0.24806686032659703,0.09044303716578761,0.27617722980958237,False
1946,924477.0,-0.2327394872902195,0.11186233805952181,0.30818925879089065,False
1947,924565.0,0.2304747156468976,0.11384396014156536,0.31126109421909176,False
1948,924983.0,0.8569648385220402,0.09985983635913237,0.2909228458610794,False
1949,925699.0,0.4012055397991061,0.044686900843609566,0.18458002612533556,False
1950,925754.0,-0.8269113102367032,0.006794058234407948,0.06176675220644747,False
1951,925774.0,-0.19529085691286535,0.20039899238994907,0.4252192197626349,False
1952,926762.0,-0.0959399621723615,0.5673663194069286,0.7627128533912277,False
1953,926995.0,-0.838595346462696,0.2308005746377915,0.4634907411259857,False
1954,927539.0,-0.5637969176929012,0.30190064705072583,0.5421226672846368,False
1955,927574.0,-0.5897645161835344,0.09981446091021597,0.29087855900077664,False
1956,927974.0,-0.5830308520754506,0.09753927162388648,0.28763636167448847,False
1957,928070.0,0.2627653217903344,0.0795141518699706,0.2576495876264271,False
1958,928159.0,-0.8114665841392927,0.007163029633039462,0.06358161290921535,False
1959,928855.0,-0.2707530597666619,0.13454092891800795,0.3404293201410201,False
1960,928992.0,0.15517894673094493,0.2732387282902481,0.5122636261814582,False
1961,929863.0,-0.9626855679274722,0.026794268671964275,0.13818549631350577,False
1962,930224.0,0.8633076146022313,0.03471332530564545,0.15812553344220787,False
1963,931394.0,-0.48086524042008605,0.13550097168349776,0.3419021496104993,False
1964,931911.0,0.48508468005207933,0.2525826832062047,0.487601818638334,False
1965,932160.0,0.1289103569031565,0.3415066511562833,0.5805880498514417,False
1966,933285.0,-0.2415565830797498,0.1864964770524193,0.4061021581552682,False
1967,933299.0,-0.048400320208411556,0.72938755364307,0.8638845493503027,False
1968,933450.0,0.5072111797673614,0.0080745395168804,0.06841966460978913,False
1969,933525.0,0.24219913266959261,0.12484477917031166,0.32773641545193055,False
1970,933766.0,-0.24167635936768364,0.5360481288330617,0.7413431568967875,False
1971,934572.0,-0.03823359719152457,0.7843657450978392,0.8939825874671402,False
1972,934661.0,-0.24313898828735267,0.5335819791479725,0.7396648051684286,False
1973,934926.0,-0.08411568939713654,0.5797093785030282,0.7709808017214372,False
1974,935088.0,0.003382701800330977,0.9935979365636891,0.9962595234988773,False
1975,935158.0,0.021314018138486428,0.9401962667591283,0.9702282037903164,False
1976,935335.0,-0.04139679633539699,0.7658298307009579,0.884841172140383,False
1977,936094.0,-0.9035251736483335,0.059994515135112475,0.22023688258087454,False
1978,936300.0,0.0683431972191097,0.6247973464860404,0.8010127785645409,False
1979,936784.0,-0.8730190796337305,0.06915628889123719,0.23948351908546495,False
1980,936790.0,-0.23741933062285414,0.5432984288737063,0.7460038859513152,False
1981,937088.0,-0.9638380807560358,0.13724295460417438,0.34405826148459884,False
1982,937397.0,0.49467024828897155,0.006343843142997081,0.05931302094507607,False
1983,937987.0,0.14696178956557632,0.30421459496697273,0.5435801528175291,False
1984,938441.0,-0.26192427392879764,0.5023812162464713,0.7163538167180964,False
1985,938952.0,-0.18657922596303902,0.1837996863567675,0.4032226344791251,False
1986,939458.0,0.5233306598495221,0.2599724711522327,0.49665631368487967,False
1987,939838.0,-0.3651465309632648,0.01538525433084085,0.0991963180088031,False
1988,940350.0,0.36948293421341605,0.014520263741421258,0.09587436916856919,False
1989,940508.0,-1.6559126433463107,0.00012328658191547174,0.005655441356846931,False
1990,941457.0,0.5072141140760384,0.2919451660476454,0.5326419232519704,False
1991,941695.0,-0.3899799674270776,0.01020255367541253,0.07837842897848762,False
1992,941882.0,-0.2591982365579531,0.5068011602444518,0.7199746884509257,False
1993,942221.0,0.15095384038297754,0.43585934313465435,0.6640355325932172,False
1994,942388.0,0.4357536683198301,0.003338087965114719,0.03988453056785171,False
1995,942792.0,0.36132768325396386,0.5780782391759705,0.7695944998932607,False
1996,942894.0,-0.3835113203569344,0.008813913357771541,0.07225118224592646,False
1997,943193.0,0.33771361795355526,0.02051270136920197,0.11843902838440817,False
1998,943257.0,0.30273322759941823,0.041628046714610796,0.17590261904825422,False
1999,943530.0,-0.38439418165028794,0.4217316848640296,0.6526687028991017,False
2000,943729.0,0.5311178229525881,0.04523157703040019,0.18598059419128563,False
2001,943767.0,-0.27924361706041884,0.5924520842698513,0.7792986831170001,False
2002,943777.0,0.3692487096923642,0.011642972433839457,0.08499291578300425,False
2003,944041.0,-0.35920470381293135,0.01343630466863057,0.09203360463118215,False
2004,944126.0,0.3107223580106079,0.6324188483708623,0.8057228137697423,False
2005,944400.0,-0.15444078277953172,0.33663867462271174,0.5759200650952775,False
2006,946052.0,-0.07235228973791438,0.6786828494937982,0.8351776818110395,False
2007,947597.0,0.1062340541372651,0.7906652699976393,0.8972309843253594,False
2008,947729.0,-0.11736525590882325,0.48826109992695554,0.7062438399262008,False
2009,948203.0,0.8481818995491852,0.10330826567572736,0.2955749140511388,False
2010,948513.0,0.06005497802438878,0.7717253249485979,0.8872400154063501,False
2011,948831.0,-0.1930181453201419,0.7828898745279289,0.8929567708312145,False
2012,949090.0,-0.39546771348784937,0.00954851288039294,0.07543603152595732,False
2013,949779.0,0.41362227792696626,0.42786700991486865,0.6573020651890601,False
2014,950333.0,-0.12449680564337771,0.5933562586497576,0.7794766882187264,False
2015,950544.0,-0.2534412067138126,0.08402200264134048,0.2652251354687467,False
2016,950791.0,0.7468263437769845,0.0008716941808224993,0.018409027884879827,False
2017,951653.0,0.8923212567678024,0.009609926608152988,0.07583093434749341,False
2018,951853.0,-0.2443080291080205,0.1009356643234993,0.2925608249390287,False
2019,952067.0,-0.26685400837750434,0.6090765428629827,0.7902851868010612,False
2020,952089.0,0.6727108937168811,0.12287561273043994,0.3253567178286543,False
2021,953421.0,0.1677388479278996,0.7478695275137595,0.8748048858805403,False
2022,955110.0,0.359508594755275,0.2611456042601877,0.4978460720485313,False
2023,957485.0,0.201456369994532,0.6994561748470838,0.8470311761759527,False
2024,957599.0,0.5701117928703792,0.007950163344894278,0.06774902623806921,False
2025,958178.0,-0.6734345120031985,0.0009492035835643221,0.019151681969499474,False
2026,958947.0,-0.48687845719715733,0.16648314227264366,0.38037771192791975,False
2027,959565.0,-1.0604701252425275,0.041405107084157386,0.17556735835880016,False
2028,959630.0,-0.3777050931726543,0.016360719312833734,0.10292407009019414,False
2029,959933.0,-0.019082429832481387,0.9083008088484954,0.9548221461881946,False
2030,960340.0,0.4534310795596599,0.047713534414908026,0.19189715304699023,False
2031,960412.0,0.013704328049434002,0.9341655317810412,0.9670386083810035,False
2032,960526.0,-0.739345028432105,0.25467305669293056,0.49024224692352564,False
2033,961787.0,0.4550232775863057,0.1262485968513956,0.3303033306391659,False
2034,962857.0,0.0036391552711452294,0.97892528443418,0.9879354743894593,False
2035,962910.0,-0.7857188622443358,0.10217224754452942,0.29379595949559384,False
2036,963075.0,0.6985173069684266,0.05746411338192708,0.21486027701430555,False
2037,964218.0,0.40526969824703596,0.15250328443223443,0.36359494261701475,False
2038,964903.0,0.02037073824088765,0.8829345373484214,0.941568185343058,False
2039,965319.0,0.40430569505140757,0.06193546988396475,0.22425267698146678,False
2040,966208.0,0.4264930359877077,0.1618561644577712,0.37397800451023977,False
2041,966234.0,0.09335700386943671,0.5164693378720789,0.7268604515235857,False
2042,966969.0,0.579998769269083,0.3403797417528916,0.5793073215314578,False
2043,967403.0,0.0449863140663473,0.9173777541000332,0.9592364229337883,False
2044,967441.0,0.5624767953116998,0.02832927276417166,0.1421702523601865,False
2045,967541.0,-0.563767430688561,0.32640591581105904,0.5671740381189445,False
2046,968112.0,0.5499101261324362,0.03352902170261609,0.15497289088207808,False
2047,968411.0,-0.33227915270432223,0.13591544812409265,0.34244571759301756,False
2048,968417.0,0.5874403487424396,0.02319016080474211,0.12791117659322948,False
2049,969080.0,0.9851389700379617,0.0016629744833760321,0.026507471390670823,False
2050,970202.0,-0.4866531782988097,0.17477143081348712,0.3918489898521084,False
2051,970204.0,-0.07808053180741621,0.6665002772593509,0.8277872436670771,False
2052,971173.0,0.0870937020471868,0.8084421140657578,0.9047050668230723,False
2053,972172.0,-0.059393066184802966,0.6761024441077268,0.8332170078164096,False
2054,973133.0,0.5893366907113556,0.15290430312502074,0.3639626941194278,False
2055,973424.0,0.09075056209997037,0.8888928758024333,0.9442149101512294,False
2056,973713.0,-1.2522593346314066,0.000782255526834239,0.017436106250073233,False
2057,973996.0,0.562393015893055,0.2808750314606745,0.5204242214542043,False
2058,974378.0,-0.3583890933395678,0.5559619708616915,0.7555041554461269,False
2059,974703.0,-0.04348676339811039,0.7629482699073584,0.8825635741207379,False
2060,974868.0,0.8602858662998709,0.18474121191411105,0.4041195579663634,False
2061,975790.0,0.5599875050566133,0.38849846192608317,0.623940296694359,False
2062,976082.0,0.5675950387198045,0.13066949128440764,0.33513349500623724,False
2063,976412.0,-0.5493888726124223,0.3389411491071503,0.577708123859957,False
2064,976980.0,-0.10109777903292957,0.464536239447606,0.6862467173657816,False
2065,977022.0,0.014573884400797724,0.9218151800927681,0.9613743202950392,False
2066,977448.0,-0.31506188852723727,0.15436753511028337,0.36524953460644205,False
2067,978382.0,-0.4188194296039379,0.005985091322973693,0.05739237306614791,False
2068,978502.0,-0.526200563516256,0.14218744427348967,0.35121735237642937,False
2069,979062.0,-0.9671504139821051,0.017876119116098335,0.10864796920786529,False
2070,979457.0,-0.44649270334664426,0.0069283131957577695,0.062412315136888455,False
2071,980111.0,-0.12401838628435619,0.8385756817754555,0.917799861430991,False
2072,980594.0,0.3756703445635948,0.024081494280215034,0.1307023102058671,False
2073,981355.0,-0.19783351392843618,0.4028997250880885,0.6350336163541747,False
2074,982106.0,0.7240643068298096,0.1845854233089444,0.4040481488240757,False
2075,982152.0,-0.42921598341490425,0.28634695220069223,0.5269191670009348,False
2076,982410.0,-0.713343079572352,0.24074546065785396,0.4740645511565642,False
2077,982874.0,0.26882630145706865,0.06240744333149074,0.22506073002104052,False
2078,983498.0,-0.3749167454256661,0.021944685278982263,0.12370139727097675,False
2079,983521.0,0.012485501884383951,0.9447344740790145,0.9719267589778467,False
2080,983525.0,0.7620824607303915,0.06430584720403545,0.2291661101115577,False
2081,983659.0,-0.23443497217308082,0.3184043870634437,0.5585455109201166,False
2082,983760.0,-0.014688555454697872,0.9721969919828736,0.9853222895784388,False
2083,987150.0,-0.0828434350037388,0.56095326626521,0.7590742104233121,False
2084,987225.0,0.4917809263024795,0.01531589554130312,0.09918331405229659,False
2085,987723.0,0.03573317979930813,0.8253448837485287,0.9119624097201017,False
2086,987761.0,-0.2875796131907611,0.06249228842974829,0.22506761476606427,False
2087,988395.0,-1.1748757213706817,0.0928296307224894,0.2795964599036133,False
2088,988411.0,0.444046715056282,0.3564628680289691,0.5947189275678556,False
2089,989115.0,0.07207843830978672,0.6523375699862831,0.8173042846492501,False
2090,989184.0,0.09825836613562229,0.4965874324073803,0.7113399188406974,False
2091,990715.0,0.4346165740354095,0.020676712813945827,0.11919581391151458,False
2092,990832.0,0.6121394793498671,0.2031903344230753,0.4285603984508194,False
2093,990879.0,-0.5232904920496441,0.45487899395322606,0.6795127245812348,False
2094,990963.0,-0.24161514755495722,0.2777971035737916,0.517550540903567,False
2095,992257.0,-0.3032281963384136,0.4375195194090302,0.6654246487844776,False
2096,992652.0,0.3393776869644334,0.07666212961226694,0.2532412148169903,False
2097,992924.0,0.866125356086364,0.015377355712031457,0.0991963180088031,False
2098,994015.0,0.22329117806749754,0.1550201811276218,0.365893798313509,False
2099,994018.0,-0.13246162405538248,0.8500322819399301,0.9237451109299791,False
2100,994132.0,0.3162877372172165,0.09779535809624688,0.2879220537387469,False
2101,994285.0,0.34589399295863427,0.06919531164571202,0.23948351908546495,False
2102,994777.0,0.29960730655489043,0.11014136302343248,0.3063101994039476,False
2103,994788.0,-0.015966984529250175,0.9554659921899579,0.9778055383446773,False
2104,994885.0,0.10785405435868238,0.48637916933347985,0.7051750879010182,False
2105,995401.0,-0.12051181135537982,0.43792058394096695,0.6655411691180988,False
2106,995802.0,-0.005610326193246265,0.9707899507546471,0.9843927992005319,False
2107,996233.0,0.08193966119006094,0.5992905547576749,0.7831151214242561,False
2108,996359.0,-0.023067028662126482,0.8701306433098052,0.9349878822697218,False
2109,996581.0,-0.9486267882156985,0.020179335876892104,0.11732549059649908,False
2110,997015.0,-0.1756036682072174,0.2509815326093631,0.4855171942477853,False
2111,997034.0,-0.5140830643172318,0.10506090379765791,0.298309210233737,False
2112,997043.0,-0.010715570820055732,0.9395715695482728,0.9698601547590815,False
2113,997185.0,0.2433849478288812,0.23633411841597787,0.46976869719931147,False
2114,997543.0,-0.05202034951076673,0.8841611916999391,0.9418931004622544,False
2115,997856.0,-0.4742133777067655,0.4357447511200274,0.6640355325932172,False
2116,998212.0,0.9937059308002939,0.1553330195023979,0.365893798313509,False
2117,998328.0,-0.10759376208764304,0.4441386896000607,0.6708119487419867,False
2118,998661.0,0.046792918614061124,0.8729069832615737,0.9359644767375398,False
2119,998765.0,0.047021675989230696,0.7373909134416327,0.8688134554877807,False
2120,999158.0,0.09131385889461477,0.5128648198898245,0.725281691843683,False
2121,1000280.0,0.2453534202559197,0.2052372816241134,0.4310286045027424,False
2122,1000365.0,0.41708774099170676,0.5515423692241705,0.7518513648032615,False
2123,1001139.0,0.9941333146494097,0.15519900934385683,0.365893798313509,False
2124,1001836.0,0.05935034903183223,0.671746987936882,0.8309759035959947,False
2125,1001996.0,0.21323204623653574,0.12189755628192649,0.3239955860529657,False
2126,1002127.0,0.40068596458061384,0.5372712147719035,0.7422287725584283,False
2127,1002828.0,0.07776031043151878,0.5748640188264641,0.7676404138714809,False
2128,1002882.0,1.3299700126218266,0.007515001261214982,0.06539987588517378,False
2129,1003053.0,-0.05449917098981666,0.696270834812901,0.8446580706532055,False
2130,1004231.0,-1.1188369371047546,0.015626234415042992,0.10001342840524274,False
2131,1005454.0,-0.3865826344405886,0.22335883624104985,0.455369923197512,False
2132,1005704.0,0.3027438856106772,0.2741365111890945,0.513077407714632,False
2133,1005927.0,-0.48715793273431013,0.12475616094574324,0.32758300122545786,False
2134,1006090.0,-0.27597491131795854,0.318609151186671,0.5586859740580944,False
2135,1006155.0,-0.30212691195904906,0.2748287593272493,0.514057593693032,False
2136,1006708.0,0.4852946094092751,0.4882490900238561,0.7062438399262008,False
2137,1007139.0,-0.08817689389978323,0.5598725955236882,0.7587406008522303,False
2138,1007329.0,-0.12678099161445078,0.40163818439027577,0.6337961306227325,False
2139,1007421.0,-0.2794519972781403,0.4743265737877107,0.6946593306078791,False
2140,1008141.0,-0.09469765824797832,0.5309224452976421,0.7372602205073436,False
2141,1008221.0,0.5652563003229671,0.1948845101398077,0.4174173949423072,False
2142,1008773.0,1.0104451378161785,0.14846807783362193,0.3585017883308503,False
2143,1009198.0,-0.026488688756831386,0.959257778663742,0.9802073978532353,False
2144,1009206.0,0.8681202398147025,0.006739490285673049,0.06139898502158991,False
2145,1009454.0,0.7736574656268126,0.06030914645588417,0.22086902320466353,False
2146,1009809.0,1.0234783202306759,0.07425413573318555,0.24915877693469218,False
2147,1009981.0,0.5305870442987728,0.22069173311432372,0.4512728243227529,False
2148,1010339.0,-0.17053399760216625,0.283743851085872,0.5238162420981531,False
2149,1010733.0,0.11116234644161992,0.4540184814253952,0.6790259873067876,False
2150,1011965.0,-0.11135296810134758,0.45796364622710606,0.6816392951865126,False
2151,1012330.0,-0.5163806322029871,0.46082982323430394,0.6837490064527568,False
2152,1012724.0,0.9813560441653173,0.16060951526322845,0.37303453098388867,False
2153,1012795.0,-1.1886148039275093,0.01702800484441322,0.10562228147777457,False
2154,1013332.0,0.6254678154401181,0.193781593041848,0.4158610022682238,False
2155,1013455.0,-0.17320107036771648,0.6984571669965195,0.8461777397039307,False
2156,1013852.0,-0.021094976008605826,0.9623714455151375,0.9812568066297459,False
2157,1013921.0,-0.17447762433578992,0.4258693353227851,0.6560902121670212,False
2158,1014915.0,0.30884235724296677,0.030236815121266004,0.1476476060015036,False
2159,1014958.0,0.3249371761914616,0.020445216935404586,0.11823805531902865,False
2160,1016239.0,-0.04928362533802752,0.8215357281122861,0.9102539310470386,False
2161,1016861.0,0.5958499116325342,0.2333130782361869,0.4662627416080403,False
2162,1017204.0,-0.719729596074662,0.23655039561751684,0.47002645880068555,False
2163,1017223.0,-0.16095677938198977,0.24002161077356338,0.4736053488722791,False
2164,1017967.0,0.6807274633546019,0.2630965335796681,0.4998259827283324,False
2165,1019199.0,-0.35652583422131584,0.4762176683007895,0.6959182961345649,False
2166,1019250.0,-0.24102809394126545,0.15365229677836287,0.3642692880783103,False
2167,1019991.0,-0.057962645762873036,0.6706206204141232,0.8307185706487854,False
2168,1020368.0,0.6299433277670786,0.19038981390335688,0.4110344928243713,False
2169,1020396.0,0.06089576367211258,0.8883402891880945,0.9439050351543428,False
2170,1020397.0,0.2955003928466918,0.6072854322602844,0.7892820123545723,False
2171,1020536.0,1.2820607408409908,0.04768842748123035,0.19186726475491309,False
2172,1020863.0,-0.10785505418914887,0.842570103120691,0.9198530090893192,False
2173,1021107.0,-0.02176673952131885,0.8714990218968648,0.9350718476515238,False
2174,1021257.0,0.011472066003196188,0.9325604585884522,0.9664830798145548,False
2175,1021338.0,0.1087246580571708,0.4261347984842958,0.656312888414732,False
2176,1021450.0,-0.03090618677088057,0.8766423115878268,0.9381792657286661,False
2177,1021537.0,0.011984874696109517,0.9292975769357351,0.9649475080777937,False
2178,1021993.0,0.31280366290452144,0.4263871633543518,0.6564221611418931,False
2179,1022057.0,-0.017745278665293747,0.8969685957202129,0.9486159495852409,False
2180,1022076.0,-0.02422851490986533,0.9520494403727643,0.9756888855028659,False
2181,1022492.0,-0.06512512912558452,0.6319498421860686,0.8056176104397142,False
2182,1022750.0,0.14841143973028245,0.7845930684832848,0.8940951504412952,False
2183,1023274.0,0.06378621681525866,0.641196175373588,0.8111157771448896,False
2184,1023331.0,-0.07307042418869356,0.6591104549429695,0.8220312071454955,False
2185,1023492.0,-0.026870910580342994,0.9586811535116583,0.9798949078501931,False
2186,1023635.0,0.16499837898976483,0.7994998494293807,0.9008273682329174,False
2187,1023935.0,-0.31255282228406644,0.4233593122193288,0.6540798938429853,False
2188,1024031.0,-1.134461127574865,0.03719102519348598,0.164846295824945,False
2189,1024499.0,0.41603513840130724,0.4251128204635304,0.655657173883304,False
2190,1024735.0,-0.20074630649855396,0.2801113889098554,0.5195154578733283,False
2191,1026225.0,0.9283604460646595,0.07445546078879994,0.24929206461194173,False
2192,1026712.0,0.04742439025052952,0.7232042845981697,0.8595965010244265,False
2193,1026757.0,0.09024735271629461,0.882158858830555,0.9412064490471471,False
2194,1031077.0,-0.23892807327229876,0.1813454481691048,0.4001026097308197,False
2195,1031329.0,-0.06321112586052,0.7639635746423222,0.8832377882405814,False
2196,1031584.0,1.049333752437856,0.10549242448086565,0.29898701507566494,False
2197,1031791.0,0.18420450771555255,0.17243158175433798,0.38897440148448437,False
2198,1031975.0,0.001658260575967685,0.9910032647662091,0.9944846481498752,False
2199,1032873.0,-0.049664790039544486,0.7395174151981541,0.8696199265492321,False
2200,1033433.0,-0.016243283692705363,0.9374199041176209,0.9685968671589847,False
2201,1033438.0,-0.9022408916356421,0.07069902305158922,0.24260200372271343,False
2202,1034079.0,0.6296031072000186,0.19056101743096068,0.4111455332427425,False
2203,1034732.0,0.014041254559117783,0.9244479964000294,0.9626710476709822,False
2204,1034917.0,-0.11504587581699821,0.45049595783330104,0.6768019618946103,False
2205,1035167.0,-0.010637049665693482,0.9503109467809487,0.974824230869659,False
2206,1035760.0,-0.05574421088033776,0.7769197533759876,0.8896058990396989,False
2207,1036174.0,0.03712969460847296,0.8006371379149035,0.9017870612237971,False
2208,1037303.0,0.11039063451176723,0.7893806254383623,0.896477853796036,False
2209,1037395.0,0.5420914119385144,0.0007035328616488151,0.016214117225473224,False
2210,1038073.0,-0.05103965834252147,0.7329978214085935,0.8657046405603616,False
2211,1038147.0,-0.190322718961568,0.29870396205836214,0.5392369047303377,False
2212,1038305.0,0.563089884487891,0.3546417997210931,0.5940797432056275,False
2213,1039921.0,0.19482376236761212,0.70893106444668,0.8516908279422596,False
2214,1040478.0,0.0032657776514836215,0.994592772728577,0.9967966529377439,False
2215,1040628.0,0.017909441618279995,0.9032922283069975,0.9520160403799033,False
2216,1040900.0,-1.3469796574189428,0.00019825144433072739,0.007713331283906975,False
2217,1041998.0,0.05117246573803058,0.72131450316759,0.8583714805107169,False
2218,1042103.0,-0.4049700500083791,0.4556567952227996,0.6800330599124946,False
2219,1042251.0,0.22863102166966792,0.39332025765726897,0.6280340003340645,False
2220,1042414.0,0.027285791710988883,0.8515266906015327,0.924239798668097,False
2221,1042572.0,-0.5059621812910038,0.4699801061266648,0.69081029817264,False
2222,1042763.0,0.49371970662165654,0.36589524141762375,0.6037929602983924,False
2223,1042772.0,0.5608473471123772,0.42313378374661786,0.6539176000241368,False
2224,1042978.0,1.6965424591205989,0.002957037763751101,0.0368949941672623,False
2225,1044564.0,0.8159117348910467,0.2435561821655413,0.4773929861695469,False
2226,1044629.0,0.06295689663297965,0.6616114717096837,0.824072578933863,False
2227,1044876.0,-0.33954392469227845,0.4780556088963276,0.6974857035711876,False
2228,1045045.0,-0.024065108618494188,0.8671476839148011,0.9331702298894782,False
2229,1045850.0,-0.5949378013199371,0.1604160741462677,0.37279308175074627,False
2230,1046006.0,-0.1878619969321081,0.18316143999108414,0.40239170837952204,False
2231,1047133.0,-0.4485343354014574,0.4897527275371323,0.7074154732705827,False
2232,1047890.0,0.25147663759927197,0.23895250000056723,0.47237832589804357,False
2233,1047901.0,0.07348623790476833,0.8744791768448891,0.9368782457515041,False
2234,1047960.0,-0.4019072372743186,0.4008183539615414,0.6330258439608628,False
2235,1048243.0,0.2827779725374069,0.1877115688247411,0.4078480943940282,False
2236,1048819.0,0.2638134298117536,0.21964350792690784,0.44993966381328265,False
2237,1048992.0,0.7472324769197007,0.28566738518444473,0.5261181855018615,False
2238,1049535.0,-0.22008444587007658,0.11131944966600935,0.3073393598418511,False
2239,1049642.0,0.32066028697144816,0.6470746659492098,0.8138101609174687,False
2240,1049788.0,-1.1078701705982827,0.08740621982264471,0.2709093787353105,False
2241,1050545.0,0.6437309086650523,0.16566840799522028,0.37921110368185224,False
2242,1050767.0,0.16841912816278704,0.4003489165709252,0.6329431239990377,False
2243,1050804.0,-0.1523035473780706,0.44671115032217407,0.673504576886501,False
2244,1050923.0,-0.22381719630874233,0.2627769037448817,0.49955223995633813,False
2245,1051398.0,-0.8555896566695849,0.049314872453222316,0.19637305226695828,False
2246,1051618.0,0.5424489502790403,0.09180022713988406,0.27781049660821594,False
2247,1051697.0,-0.13689389770007687,0.5040089636183429,0.7173223154683509,False
2248,1051733.0,-0.17809078393380007,0.1995128544808596,0.4244829548000257,False
2249,1052496.0,0.18778410192981793,0.3350705901421466,0.5745050159521404,False
2250,1053314.0,-1.0137872356275426,0.02370962103661628,0.12959110591765846,False
2251,1053408.0,-0.1258274625603983,0.5157766631458166,0.7266392833806411,False
2252,1053486.0,0.4544869494109254,0.36353605011545076,0.6022516190101767,False
2253,1053598.0,0.1168858928240093,0.5423965287355278,0.745441758744666,False
2254,1054026.0,0.7397110996455878,0.0009932519220422216,0.01967472557256992,False
2255,1054321.0,0.3215298315344654,0.06151876907081179,0.22296702446199063,False
2256,1054349.0,-0.3254797094170685,0.059548920603816315,0.21949186185209713,False
2257,1054427.0,0.3061246250871842,0.07648342250234574,0.2527629963588285,False
2258,1054502.0,-0.2807593939388512,0.10380488280087675,0.2961371886474421,False
2259,1054713.0,0.11884851557570257,0.539058651395523,0.7432340481263053,False
2260,1055351.0,-1.0562649930741208,0.04231959820700179,0.17777834308707602,False
2261,1055718.0,0.34106795837552684,0.048131422110129954,0.19293448560024395,False
2262,1055833.0,0.6240842598338472,0.11178431010180474,0.3081283941777517,False
2263,1056427.0,-0.031924873200066206,0.9509039243398687,0.9751593858015375,False
2264,1056945.0,-0.4913681698076581,0.00025341433428708617,0.008960301624385408,False
2265,1058414.0,-0.3272100352100645,0.05532042962917037,0.20996617609253299,False
2266,1058502.0,-0.3299432944108582,0.021818039750060827,0.12335146952443243,False
2267,1058536.0,-0.36534172717472846,0.013476497320413495,0.09203360463118215,False
2268,1058588.0,-0.2713523465539134,0.11181186040222604,0.3081283941777517,False
2269,1059107.0,-0.3490435220508009,0.015845985681977086,0.10094376442362751,False
2270,1059495.0,-0.6212231310703894,1.9985051244247675e-06,0.000493040298309792,False
2271,1059651.0,-0.4018924622881619,0.009924432941725072,0.07772514142030157,False
2272,1059767.0,-0.39690537292558414,0.2880198989178399,0.5282067921529232,False
2273,1059808.0,-0.26500771430912407,0.1265429183583413,0.33043622294438174,False
2274,1059938.0,0.6968886200774361,0.2517931275766752,0.48668347575584214,False
2275,1060135.0,-0.45711667129202843,0.003798390520459906,0.04317437602051548,False
2276,1060814.0,-0.35362088376382017,0.3245127264035744,0.5648790322499679,False
2277,1061539.0,-0.29714467854111737,0.4395901240849395,0.6670978326495203,False
2278,1061747.0,1.0632455983477132,0.05091171543040794,0.19992767256187305,False
2279,1062419.0,-0.43065186305756864,0.006364675799819586,0.059456588474218246,False
2280,1062678.0,-0.40976767375205164,0.009619320197350071,0.07583093434749341,False
2281,1062948.0,-0.02257552877169869,0.9600018541180119,0.9806907704169978,False
2282,1062994.0,0.6703823228050237,0.3017797960192828,0.5420153559729796,False
2283,1063739.0,-0.6131291035877862,7.55277012991204e-06,0.0009621016206474894,False
2284,1063849.0,-0.2925948629252272,0.05199005495805873,0.2026398730950548,False
2285,1063926.0,0.6148441659960482,7.379742765298722e-06,0.0009621016206474894,False
2286,1064218.0,0.6236670220890443,6.7525379193482866e-06,0.0009559149225007843,False
2287,1064443.0,0.23853408194163395,0.3957251330643297,0.6298753316826409,False
2288,1065529.0,-0.2310754986794107,0.1661766536101034,0.3799173493971509,False
2289,1066202.0,0.784247167835706,0.03403499411227011,0.15621913539364088,False
2290,1066203.0,-0.9185076891214247,0.10936728095467094,0.3049832833095773,False
2291,1066389.0,-0.7017685667423859,0.24857147522458894,0.4828218651359207,False
2292,1067111.0,0.3589302778313663,0.4915312393727596,0.7088249595280373,False
2293,1068861.0,0.35425759183581246,0.4973097878938572,0.7116362659977113,False
2294,1068961.0,-0.1128848123704785,0.766163594709656,0.8849463603105957,False
2295,1070043.0,-0.3568853724785776,0.2510947741879735,0.4855171942477853,False
2296,1070644.0,-0.08594483720922053,0.8877496972678611,0.9438061448174616,False
2297,1071686.0,-0.34148557321978057,0.07311589599807124,0.2468656457415438,False
2298,1071923.0,-0.6187757772437134,0.0861654050777991,0.26911298427927083,False
2299,1071969.0,-0.6684281246236276,0.3030731756728101,0.5426752200264144,False
2300,1072471.0,0.6451480982790143,1.1450008566166817e-06,0.0003551138371021166,False
2301,1072550.0,-0.6193459786082428,0.08601440345507742,0.26910157793928385,False
2302,1072838.0,-0.36784591840492753,0.08525716333226369,0.2677721285902208,False
2303,1073732.0,-0.2404396377572503,0.1594779443669608,0.37124878535349765,False
2304,1073863.0,-0.5041374989713665,0.3802500871783403,0.6155106913690552,False
2305,1075043.0,-0.603958633217186,0.1008275041284076,0.29241371866111787,False
2306,1075309.0,0.7684665374058721,7.146820371596987e-09,1.549310733314182e-05,False
2307,1075799.0,-0.18107084471026225,0.39205900850684583,0.6269594191723352,False
2308,1075892.0,-0.16264537495594364,0.4641159303782826,0.6861226909714777,False
2309,1075927.0,0.5819699008600636,0.2266370255500075,0.45949662165583327,False
2310,1075939.0,0.7900638606427769,1.7670719037324821e-07,8.718893415916406e-05,False
2311,1075970.0,1.0317030248383001,0.08929026998502922,0.27403050061845974,False
2312,1076345.0,0.12203821824725974,0.823270111219424,0.9107824151331887,False
2313,1076415.0,-0.40617156183187725,0.037257258655596884,0.16503884371334784,False
2314,1076509.0,0.7014753756222876,2.9655569330344607e-06,0.0005277232870178536,False
2315,1077429.0,0.5365670318701149,0.03663060490459492,0.16364448333959744,False
2316,1077815.0,0.7180248556579502,0.2376429690491687,0.47099040150241483,False
2317,1078107.0,0.9093703251767247,0.11297454990227992,0.3099162848595523,False
2318,1078573.0,-0.3523907297754144,0.1188926436245499,0.3185043550208512,False
2319,1079179.0,0.6893516610342993,1.7535305242073789e-07,8.718893415916406e-05,False
2320,1079745.0,0.7168646877262915,7.161847039326416e-06,0.0009621016206474894,False
2321,1080337.0,0.6674867394936778,0.18169019428623184,0.40021247138332927,False
2322,1080459.0,-0.5547042717919795,9.311106142685645e-05,0.004767549866927013,False
2323,1080525.0,0.4380895662708677,0.001365787179323337,0.023730416110361346,False
2324,1081136.0,-0.23104917977468412,0.1847071962924704,0.4041195579663634,False
2325,1081849.0,0.5788098093498404,0.02202316331682634,0.12388801194714066,False
2326,1082696.0,0.6049351581561688,0.017457364855108997,0.10754806782191156,False
2327,1082795.0,-0.7006236834190138,0.2493459351146128,0.4838487890005581,False
2328,1083149.0,0.8752333434940972,0.1497330911160543,0.360228879446979,False
2329,1084324.0,-0.27751206185032173,0.043658105235703695,0.1814553237788449,False
2330,1084552.0,0.557207405994838,0.00011072365282939055,0.005271514260802783,False
2331,1084909.0,0.584602648852013,0.00019386992770189807,0.007597321535032865,False
2332,1085073.0,0.5847978317757488,0.00014273988491678047,0.006222656428801815,False
2333,1085116.0,-0.5323198109419779,0.2872272164592105,0.5275108434262529,False
2334,1085224.0,0.6863113507443197,0.07360991133587912,0.24799366466510483,False
2335,1085780.0,-0.5850534773483622,0.3361587245141033,0.57546174966103,False
2336,1085979.0,-1.0109279719582172,0.06357580908317123,0.2276484908415175,False
2337,1086084.0,0.08409283359326511,0.8565699945446618,0.9274880090555914,False
2338,1086091.0,0.5326673286272547,0.03515480892665732,0.15925384604757292,False
2339,1086124.0,0.8122564074903214,0.13643143686164522,0.3428005180497018,False
2340,1087319.0,-0.15846819845479668,0.5621072854650497,0.7596976666812616,False
2341,1087691.0,-0.06856217441771614,0.6188668899399075,0.7975872598712802,False
2342,1087715.0,-0.22620487215932933,0.10829286971391341,0.30321472334113947,False
2343,1087848.0,-0.3776226468004006,0.3698430002240648,0.6070838904328177,False
2344,1088090.0,0.0049660388099123515,0.9724495813444637,0.9853222895784388,False
2345,1090240.0,-0.1369443610336077,0.35894442500848533,0.5977817940268653,False
2346,1090729.0,1.0086886570315334,0.06408824176139083,0.22884140273680836,False
2347,1091563.0,-0.24881127141024478,0.25914950531505176,0.49589548422126895,False
2348,1091701.0,-0.3971291437376319,0.34586997444227796,0.5842679699575241,False
2349,1093039.0,0.14851794523998424,0.8321027890210553,0.9157011126139046,False
2350,1093254.0,-0.09902560245305701,0.4998239426461791,0.7138590638071223,False
2351,1093893.0,0.3088534995085406,0.15547167168300738,0.365893798313509,False
2352,1094056.0,0.0925183863010134,0.5282318401365366,0.7354054924563428,False
2353,1094323.0,-0.06676592869963799,0.6501197469588031,0.8160414506101665,False
2354,1094391.0,0.10800176304606735,0.46134842408658167,0.6839874863947509,False
2355,1095125.0,-0.4439981994821929,0.5260461721766598,0.7339628790459695,False
2356,1095574.0,0.13664131927217318,0.7408844572539907,0.8705572083961987,False
2357,1095602.0,-0.16815459551207584,0.2643288247400743,0.5009234274709333,False
2358,1096110.0,-0.22365143830811973,0.28230221015252127,0.5223096115912081,False
2359,1096635.0,0.15366693776349383,0.4749397769582792,0.695088483063519,False
2360,1097155.0,0.18119950219013486,0.38535927620998056,0.6212795103608109,False
2361,1097251.0,-0.2808769735675606,0.6655018804061741,0.826831053200071,False
2362,1097583.0,-0.17970625284993497,0.22849568826180866,0.46128337289974575,False
2363,1097623.0,0.011320759356330465,0.9693129369017272,0.9834462968565519,False
2364,1097877.0,0.2453247526006865,0.09753933185847923,0.28763636167448847,False
2365,1098011.0,0.23778781980386793,0.25375159076687176,0.4891624077027869,False
2366,1098034.0,0.3911165218371834,0.5765756321004304,0.7689800327374582,False
2367,1098367.0,0.808481397145918,0.04264149343291053,0.17855819323941868,False
2368,1098510.0,0.9443619948737977,2.713448118671154e-07,0.0001280629536007625,False
2369,1099391.0,-0.23297005445488606,0.12834046964732984,0.3322897486056688,False
2370,1100177.0,0.9908906696399897,0.08401949388561794,0.2652251354687467,False
2371,1100413.0,0.11697143543302163,0.8571244921670115,0.9276257589703798,False
2372,1100432.0,0.16709195619397832,0.7287586094248109,0.8637993781727803,False
2373,1100446.0,-0.3646895984041909,0.4001953306280011,0.6327924710804009,False
2374,1100452.0,0.21855805417680954,0.10867472093991551,0.30387258415399176,False
2375,1101292.0,0.18374127887648042,0.21885245573515488,0.4489488013238099,False
2376,1101332.0,0.15619118162039125,0.6255297870828146,0.8015773596600454,False
2377,1101372.0,-0.2367490359440816,0.195235805127123,0.4178436489005752,False
2378,1102698.0,0.06033385873246688,0.7770970544547685,0.8896212324516465,False
2379,1102854.0,0.13325645763368166,0.5359622270722041,0.7413188041372039,False
2380,1102957.0,0.09985289507687656,0.751770957328362,0.8774702948171365,False
2381,1103398.0,-0.14016320649303335,0.5426487440672667,0.745441758744666,False
2382,1104072.0,0.04540331519352134,0.8318766548176542,0.9157011126139046,False
2383,1104536.0,0.08087770630991549,0.7125286244195289,0.8534147873854118,False
2384,1105088.0,-0.3563342768583302,0.07253138899235309,0.24573957614793043,False
2385,1105454.0,0.045697219446049625,0.8864817426539883,0.9433646008553235,False
2386,1105677.0,-0.07636426124345806,0.6010107643000977,0.7841930662620644,False
2387,1105952.0,1.1715121607646986,0.04087186841884077,0.17436019605604147,False
2388,1106262.0,0.0633237536527186,0.6559503291733075,0.819800642767686,False
2389,1106274.0,0.21143620837801444,0.15452350432486003,0.3654500758405641,False
2390,1106287.0,0.06261781115150081,0.7687833685328201,0.8859903880904303,False
2391,1106555.0,0.2532443718451723,0.49212103235493304,0.7093078956818895,False
2392,1106733.0,0.49044638244323274,0.4836248525742162,0.7023073946077749,False
2393,1106752.0,-0.056158115335474025,0.7034432507686307,0.8490434719090183,False
2394,1108199.0,1.0233460350402945,0.032933485571087585,0.15395908091048913,False
2395,1108340.0,-1.1883898357272318,0.06658636229558733,0.23398995232068648,False
2396,1108752.0,0.04201352617489797,0.8424508603558167,0.9198153378759194,False
2397,1109712.0,-0.07434193353977409,0.6516671148743807,0.8168414009193306,False
2398,1110018.0,-0.1216976386118092,0.39984523825844986,0.6326094129286679,False
2399,1110174.0,-0.06626844078544586,0.68684025193513,0.840073344761221,False
2400,1110458.0,-0.12164044923422973,0.45763632491822076,0.6814438969259442,False
2401,1110771.0,-0.36585282293090043,0.46464967840383015,0.6863208952338516,False
2402,1110794.0,-0.07881068229126362,0.629829179351667,0.8047075967352102,False
2403,1111620.0,-0.0771021024713758,0.6377881456108537,0.8089031649737547,False
2404,1111953.0,-0.2549679801104572,0.6946614844402836,0.8436411911792167,False
2405,1112368.0,0.3304465993554656,0.024998241259793327,0.13373874266883023,False
2406,1112775.0,-0.10664261401033795,0.518924390204339,0.7290867532575848,False
2407,1112917.0,0.6441729222288975,0.10654437208404965,0.3007432475399494,False
2408,1113566.0,0.05346135970014998,0.7160013680578967,0.8552080401519999,False
2409,1113841.0,-0.9182090768897803,0.04761021909633034,0.19169470633926775,False
2410,1114895.0,-0.27918555485948043,0.06953562221289739,0.24000291863942802,False
2411,1115129.0,0.6838070762481043,0.05336092106889069,0.20561194170918864,False
2412,1115926.0,-0.09435393625090653,0.5499511362634716,0.7513108793203959,False
2413,1116159.0,0.38654406543262176,0.14206745289513065,0.3510453451346786,False
2414,1116367.0,-0.06109341544077933,0.7019128930205494,0.8486594401579487,False
2415,1116811.0,0.6359550590567948,0.10289937906839706,0.2950104282289508,False
2416,1116854.0,-0.28692565674244136,0.24071961448275703,0.4740645511565642,False
2417,1117037.0,-0.29033931630658355,0.41886340019573837,0.6500920545088631,False
2418,1117289.0,-0.12284899152993303,0.4358185948503557,0.6640355325932172,False
2419,1117393.0,0.3855180361312712,0.58198024056845,0.7721598163683966,False
2420,1117411.0,-0.07788490694626875,0.626524173314525,0.8021819760109893,False
2421,1117553.0,-0.10386695657975217,0.5110158407193092,0.7240669561425533,False
2422,1118646.0,0.12430271656511044,0.7560589455667157,0.879914390970719,False
2423,1118726.0,-0.06422927295433836,0.6874950266183641,0.8401169102715684,False
2424,1119882.0,-0.1353509045975192,0.35293297384049965,0.5920486296287291,False
2425,1119970.0,-0.12464296809979303,0.3919740587027452,0.6269361885553459,False
2426,1120646.0,0.09328072947550407,0.5157103224436096,0.7266392833806411,False
2427,1120833.0,0.18430135774963535,0.47075517607114503,0.6915327288548846,False
2428,1120871.0,-0.017360489714924404,0.9369979890874812,0.9684612058854611,False
2429,1121398.0,-0.03551423701978182,0.8711259093702849,0.9349878822697218,False
2430,1121822.0,0.8558133939925402,0.13585235195058726,0.34244571759301756,False
2431,1121894.0,-0.1115759043457023,0.6890499720755761,0.8410538856603041,False
2432,1122511.0,0.145701494007529,0.8352293760107922,0.9168305115832118,False
2433,1123120.0,1.2230771384256827,0.08003777702277835,0.25865140505574846,False
2434,1123154.0,-1.5249915912022276,0.011805710725044515,0.08571972569923625,False
2435,1123423.0,0.057950096934883594,0.7928660268830763,0.898218591112686,False
2436,1123670.0,0.08377450099586836,0.5592547949219271,0.7585543919627038,False
2437,1124001.0,0.07909193543934429,0.7186042550107951,0.8568539634406592,False
2438,1124410.0,-0.3208782694653993,0.08402423621130252,0.2652251354687467,False
2439,1125180.0,0.05101034787359415,0.8153831255579891,0.9074209378646679,False
2440,1125237.0,-0.07973682749223968,0.7770408311199284,0.8896212324516465,False
2441,1125877.0,1.3796448461940851,0.00039788892087002796,0.011654825665894484,False
2442,1126137.0,0.9698388577880716,0.09090068584169932,0.27647714427951237,False
2443,1126171.0,-0.05971735867604079,0.6735308957302983,0.8322342485090937,False
2444,1126461.0,-0.0041018265260909445,0.9800332018770113,0.9887778052212063,False
2445,1126610.0,-0.0712157320404464,0.6088435658512553,0.790261187075605,False
2446,1126622.0,-0.715501949180677,0.08246296840659254,0.262118747307046,False
2447,1126644.0,-0.15484714210554418,0.3636978227450955,0.6022516190101767,False
2448,1127104.0,-0.32368481641286795,0.08302781447068519,0.26314362805234676,False
2449,1127518.0,-0.34212057659917944,0.30360161034245736,0.5429760442188267,False
2450,1127870.0,-0.3081617598407126,0.13087592161416584,0.3352981187448124,False
2451,1127995.0,-0.029853970199748017,0.8300902940562362,0.9146919238636123,False
2452,1128021.0,-0.07533412153177353,0.5877231851622329,0.7765958825241677,False
2453,1128959.0,0.3061004551847073,0.12966463402297898,0.33380632433126567,False
2454,1129133.0,0.4030683136726954,0.04293123925328725,0.17937590534812667,False
2455,1129213.0,-0.36526327997578023,0.06549242977482701,0.23153911399183588,False
2456,1129267.0,2.124989582894486,0.0022339865576526887,0.031935615048344655,False
2457,1129315.0,0.3699638999648135,0.06418600787680696,0.22896454666537616,False
2458,1129444.0,-0.3186988500019795,0.014341552150173343,0.09515742578858902,False
2459,1129614.0,-0.44389258557631844,0.025579758678617538,0.13482601715062487,False
2460,1130000.0,-1.3737730530683883,0.03377574539149475,0.15555185245001082,False
2461,1130551.0,0.39521744080418747,0.05085350093533339,0.19978818409447843,False
2462,1130820.0,-0.3979976937183026,0.04608265699173421,0.18735102683343627,False
2463,1131122.0,0.3201843144160933,0.11209391028162348,0.30859228914710196,False
2464,1131128.0,0.5811638096800913,0.3394322824782382,0.5783295285357519,False
2465,1131167.0,1.1986276270143832,0.03643406897981309,0.16323457635968783,False
2466,1132049.0,-0.2662670334941212,0.18790123104933212,0.40793357260810004,False
2467,1132059.0,-0.30049422110027435,0.13617289090271,0.3428005180497018,False
2468,1132104.0,-0.31422987887577813,0.1195279145144498,0.31950195031525563,False
2469,1132324.0,-0.2062886964140529,0.12748594413508602,0.3316894273363589,False
2470,1132545.0,0.29707128239680014,0.1443292851844503,0.3534960267773483,False
2471,1132925.0,-0.3170496018857569,0.11777809187911017,0.316998796519234,False
2472,1133283.0,-0.3006744513855944,0.13593722681790074,0.34244571759301756,False
2473,1133549.0,-0.34629885759319723,0.009098225663402749,0.07365017539570598,False
2474,1133868.0,-0.07317033182844955,0.9168039689190516,0.9588502825528765,False
2475,1134068.0,-0.23361981273177262,0.7191548797653876,0.8571161988835534,False
2476,1134360.0,-0.2932287848200169,0.02751142777065911,0.14053484632964924,False
2477,1134492.0,0.16746936860796577,0.6140204068172797,0.7946820118175618,False
2478,1135105.0,0.0854585966261713,0.7046074226002517,0.849362973051164,False
2479,1135614.0,0.273034690987861,0.6348294691960354,0.8072311284230499,False
2480,1136236.0,-0.2666305631406431,0.6814783873277179,0.8366266462194955,False
2481,1136487.0,0.08991077146011281,0.6066485122087313,0.7888280722778807,False
2482,1137065.0,-0.37251791563110725,0.11248860594420056,0.3092866812371573,False
2483,1137350.0,0.14507863077341865,0.5399481822132873,0.7439585631946982,False
2484,1137495.0,-0.2860582817367915,0.20630440325930005,0.4325922297029451,False
2485,1138135.0,-0.039613268447517086,0.8572794103069223,0.9277009270144195,False
2486,1138864.0,0.35469352253502373,0.008704354486903947,0.07190697713496373,False
2487,1138898.0,-0.09752421128221034,0.858332927970488,0.9281978234301607,False
2488,1138937.0,-0.10137543052144703,0.592989126572646,0.7793370389977315,False
2489,1139123.0,-0.03451784329309887,0.8592829270496224,0.9288504454415109,False
2490,1139133.0,0.1746457694574984,0.6623765276397742,0.8246470016664467,False
2491,1139205.0,-0.19389086866886412,0.31057159051308847,0.5501394606755182,False
2492,1140379.0,-0.09178239037506548,0.6288439541498599,0.8040166221786489,False
2493,1140548.0,0.23276038837931828,0.08729656616642516,0.2708988638469254,False
2494,1141937.0,-0.04909224660014761,0.836863469491681,0.9172461579759605,False
2495,1141951.0,-0.6323429732176296,0.021411628609585582,0.12187898718251258,False
2496,1143583.0,0.14173333060949544,0.33888395628115203,0.577708123859957,False
2497,1144683.0,0.46682727628937565,0.07379319748601285,0.248379894173851,False
2498,1144684.0,0.5348300533882832,0.03860195252465641,0.16828280909845195,False
2499,1145040.0,-0.32882471114665857,0.5285760820152009,0.7356960341421984,False
2500,1145311.0,-0.1464723576371605,0.8087109339847918,0.9047913177255436,False
2501,1145367.0,-0.9732626425950465,0.1640539748405581,0.37682671903531456,False
2502,1145383.0,0.08096746679170345,0.6712146386085479,0.8307907528045367,False
2503,1145390.0,-0.6896748353628124,0.020839966756288717,0.11986591923876226,False
2504,1145693.0,2.057871097050684,0.003085468230772762,0.03762966742680053,False
2505,1146214.0,-0.1041106612198745,0.5909986342008287,0.7786048409440818,False
2506,1146820.0,0.1413980654616352,0.4634328353707605,0.6856431004429066,False
2507,1147565.0,-0.1757716206900145,0.7598568459397521,0.881222869944018,False
2508,1148273.0,0.6878678336896458,0.02555899474651139,0.13482601715062487,False
2509,1148276.0,-0.6808867774385451,0.030314643803964522,0.1478905041470027,False
2510,1148623.0,-0.694201940237545,0.027198493085335212,0.13967521754151555,False
2511,1148778.0,-0.027410316949769864,0.9640903903369512,0.9813579507790328,False
2512,1148979.0,0.00809999049776701,0.9753233970575341,0.986134079271566,False
2513,1149570.0,0.04871234254352784,0.827566584371392,0.9129649556056454,False
2514,1149571.0,-0.058965485391662784,0.7930757727136521,0.8982201942793776,False
2515,1150249.0,-0.5454747531996536,3.076041167635816e-05,0.0022714576105229106,False
2516,1150533.0,0.3930323431998216,0.4320754199564032,0.6607360026226282,False
2517,1150640.0,0.08201595466503722,0.7201201514462068,0.8575076919512058,False
2518,1150829.0,0.9783979409745623,0.08803727973396169,0.27198821149871255,False
2519,1151107.0,-0.09729928082623412,0.7123300309458386,0.853271075470876,False
2520,1151130.0,0.5808501533057284,0.00010192825685450612,0.005052197388838648,False
2521,1151373.0,-1.0125033442870979,0.02387587420839231,0.1300393520597209,False
2522,1151467.0,0.9599158513076834,0.09423561882170145,0.28141063062161464,False
2523,1151587.0,-0.028594636500189452,0.9625453877337273,0.9812568066297459,False
2524,1151612.0,-0.11612233340341041,0.6240309680169673,0.8008724681975478,False
2525,1152453.0,-0.09189202777739892,0.6638816282615388,0.8256630267827951,False
2526,1153066.0,0.14542659781744194,0.5291128864346254,0.736254375368268,False
2527,1153265.0,-0.1015970113504967,0.5819551979030336,0.7721598163683966,False
2528,1153348.0,0.3158633918382027,0.022586810305886426,0.12554010541238975,False
2529,1153548.0,-1.1880538404352587,0.004538075265745444,0.04843737169092113,False
2530,1153594.0,-0.6118122824827037,0.055430940489375,0.21015810788397724,False
2531,1153821.0,-0.3420609298626296,0.01073133579617146,0.08095111193011897,False
2532,1153961.0,1.307048720840622,3.2016432961579186e-06,0.0005516482219014953,False
2533,1154273.0,-0.20380378652782954,0.2574868784182247,0.4937325676081663,False
2534,1154517.0,-0.32519983634545196,0.6423997822367437,0.8112689243425033,False
2535,1154538.0,-0.15346929060178255,0.7413871135499817,0.8709629025547946,False
2536,1154860.0,0.9759540853565771,0.08880362419931226,0.2732851825887267,False
2537,1155744.0,-0.8248839780608106,0.20360131088082384,0.4288036392787092,False
2538,1157744.0,-0.306078747812206,0.6150613706605123,0.7949150111346422,False
2539,1158342.0,-0.6349463499597253,0.050085982750562086,0.19813532899320385,False
2540,1158435.0,0.33086614355994703,0.0847764342839156,0.266970755483581,False
2541,1158792.0,0.29381016041883823,0.1558114856044428,0.3662480892672643,False
2542,1160543.0,-0.3338414462596574,0.032652661530813795,0.15349956748520638,False
2543,1160552.0,-0.22679871929702833,0.1367813021064025,0.34330394629170596,False
2544,1160560.0,0.2671433893161253,0.6421543494131663,0.8112689243425033,False
2545,1160841.0,-0.2293447934272842,0.13121831443879378,0.335858241743246,False
2546,1160894.0,0.02796136485426677,0.8951676161953259,0.9474497341848931,False
2547,1162309.0,-0.20505344781129753,0.17581667242809956,0.39325983499011347,False
2548,1162513.0,0.3122035164623525,0.13085042118100287,0.3352981187448124,False
2549,1163155.0,0.12467125507814897,0.5310653852775085,0.737310566672933,False
2550,1164203.0,-0.2698920061596255,0.5752412686910718,0.7679552295709734,False
2551,1164631.0,-0.5687916055714475,0.07922988382016857,0.25749100482638343,False
2552,1165058.0,0.2876370298103744,0.047817024033872405,0.19217097219092372,False
2553,1165857.0,1.326587553450284,0.028685458488272333,0.14303199443738915,False
2554,1165871.0,-0.10309065097195563,0.7980229177648637,0.900365627164254,False
2555,1166638.0,0.40589022238170536,0.15314029762902567,0.36402524069644565,False
2556,1167099.0,-0.18693714381266813,0.18403231203323892,0.4033686071160702,False
2557,1167334.0,0.24212528050851567,0.23154126318356655,0.4643230023753214,False
2558,1167370.0,-0.4385045380363576,0.4711843880239328,0.6917374265620491,False
2559,1168642.0,0.09859186320769273,0.5660426049015235,0.7622061133353331,False
2560,1169106.0,-0.11006640024201958,0.46355250200101844,0.6857266842765133,False
2561,1169451.0,-0.0182972907349657,0.9408347803209918,0.9704549162624473,False
2562,1169619.0,-0.7703069283166903,0.012324231098460814,0.08738048894434496,False
2563,1169626.0,-0.043045363205508266,0.8613475708923966,0.9294515365101121,False
2564,1170071.0,-0.47933740607401376,0.30222610136645256,0.5422504575625687,False
2565,1171004.0,-0.2883243498499492,0.2761247210288759,0.5155372973457943,False
2566,1171376.0,0.14197849213115507,0.3888036291417298,0.6242365618005438,False
2567,1172368.0,-0.26561779881167824,0.19023926422202408,0.4110344928243713,False
2568,1172526.0,0.07972336923134848,0.7480221749942823,0.8748048858805403,False
2569,1173386.0,0.4867660671132395,0.071525242120003,0.24399952960799262,False
2570,1173825.0,0.01723824161115594,0.9441794286767663,0.9716598121242225,False
2571,1174146.0,0.04780125727850856,0.8473860701268806,0.9225117280384442,False
2572,1174608.0,0.10984929633865945,0.6905362685789797,0.8412961558259701,False
2573,1174629.0,0.6172750359663017,0.07408475435675353,0.2489975544582264,False
2574,1175289.0,-0.2601061012697563,0.6888495945580204,0.840920192187057,False
2575,1176524.0,-0.4705968886410977,0.36695141423848465,0.6045858801652316,False
2576,1178413.0,-0.26690794926312045,0.6812287445557411,0.8366266462194955,False
2577,1179367.0,-0.5904246200734008,0.024656871287249898,0.1324346055532398,False
2578,1180852.0,-0.25382952221484845,0.2009382837894164,0.4260127090886943,False
2579,1181477.0,-0.002895111825440961,0.987878750707273,0.9924911949885243,False
2580,1181534.0,0.14556064005023472,0.5283696198110953,0.7355029780776404,False
2581,1181724.0,0.3392912004352773,0.018718219200941834,0.11194835781059152,False
2582,1181943.0,-0.037981654128037515,0.8418755977428745,0.919557216089646,False
2583,1182635.0,0.08459605755367339,0.6342302549867532,0.8069972584018583,False
2584,1183075.0,-1.1024318602586138,0.06943532899280774,0.23973298225729267,False
2585,1183232.0,0.36996553314178304,0.017222175805196374,0.1064616847183409,False
2586,1183583.0,-0.19403304488099318,0.6546046465424769,0.81889976954291,False
2587,1183594.0,-0.40942401354495744,0.008235609719795579,0.06899141372827056,False
2588,1183756.0,0.3954003800495851,0.01136967251443102,0.08367308145366015,False
2589,1184043.0,-0.4126842638141997,0.00808051681526943,0.06841966460978913,False
2590,1185518.0,-1.0912657776164858,0.0346465315999969,0.15795384314068306,False
2591,1185616.0,0.5024359468389448,0.0036647560248312732,0.042365204099620316,False
2592,1185776.0,-0.46442528241044406,0.0061823124548704535,0.05855933830507746,False
2593,1186513.0,0.507240431203704,0.0028672113704640823,0.03602266137313381,False
2594,1188709.0,0.1927534359349093,0.15344140310801652,0.36418304262336143,False
2595,1188925.0,0.14108175506150494,0.292566075673794,0.5329425661082453,False
2596,1189389.0,0.12257415407958,0.3612590193282221,0.6001632468331575,False
2597,1190154.0,0.19417372686255607,0.6274029991145949,0.8026469717606278,False
2598,1190240.0,0.5946845459062016,0.1187605482769305,0.3183075929743409,False
2599,1190393.0,0.7678904153703341,0.09802993053312806,0.28796272910266296,False
2600,1190517.0,-0.44972004839134366,0.04689735360701385,0.18972666011297198,False
2601,1190574.0,-0.06661349102481087,0.6271969695341343,0.8024779708030443,False
2602,1190944.0,0.0886364913054565,0.513059782468004,0.7253534694829621,False
2603,1191294.0,0.9787491224221916,0.04146982177470859,0.17567364227913407,False
2604,1191395.0,0.791116972024362,0.22271825443277976,0.4544609352614208,False
2605,1191872.0,-0.22915764219515003,0.5313693031050771,0.7375033608497139,False
2606,1192468.0,0.15122347336043257,0.26827344536260134,0.5053988631397149,False
2607,1192992.0,1.0919956936616608,0.02849953020831556,0.14256660748263675,False
2608,1193272.0,0.12501112464353706,0.3599261116462535,0.5987734887831774,False
2609,1193685.0,0.16283800535416432,0.23405102216461207,0.4667047389564919,False
2610,1193983.0,-0.32525217575203136,0.6423812394369948,0.8112689243425033,False
2611,1194488.0,-0.16179450621021207,0.2304045711079456,0.4634133072775152,False
2612,1195127.0,0.45105858122324294,0.05266290064597817,0.2041627808971761,False
2613,1195225.0,-0.2405276861096169,0.24807292616477622,0.48281911744371436,False
2614,1196950.0,-0.2991320244429624,0.6231963581584345,0.8001888417092272,False
2615,1198378.0,-1.0490330400470866,0.054123340517267214,0.20701510264796885,False
2616,1198803.0,0.03500275378556424,0.8175528950064631,0.9085316006649424,False
2617,1199316.0,0.12863444139363497,0.7667029975086659,0.884981635801645,False
2618,1200802.0,0.12670576400255154,0.7702343929765266,0.8868152668392232,False
2619,1201095.0,-0.23937176030497725,0.6067181552692792,0.7888280722778807,False
2620,1201101.0,-0.07710253982731335,0.5850879275931516,0.7740559968340842,False
2621,1201265.0,1.3788099255434774,0.015938376178679835,0.10123526823848428,False
2622,1201565.0,0.23639541291969055,0.7357825909792455,0.867766191338517,False
2623,1201801.0,1.213260924838298,0.00012516233429995648,0.005708559406832049,False
2624,1202527.0,-0.3295696949747376,0.5276972437261037,0.7352270030351503,False
2625,1203083.0,-0.8391297441638854,0.016774709655891326,0.10476954736173782,False
2626,1203172.0,0.7228406922697641,0.107556206793426,0.3021538883909522,False
2627,1204348.0,-0.6365435190960838,0.017604937599499576,0.10815030992788223,False
2628,1204406.0,-0.04682217009349772,0.7429440946341535,0.871901271743654,False
2629,1204497.0,0.5727811862516661,0.2025653248776182,0.4278744116650215,False
2630,1204710.0,-0.6660764645424926,0.12639843861544836,0.33030528351344585,False
2631,1205261.0,0.535914651681464,0.02681655302002169,0.13819513872943842,False
2632,1205913.0,-0.028515481188177757,0.8413117513478165,0.919496482166789,False
2633,1206616.0,-0.727212845056352,0.10559897614271943,0.2991327990681679,False
2634,1206649.0,4.0071415570129554e-05,0.9997846263739206,0.9997846263739206,False
2635,1207173.0,0.8043190883481142,0.0731963964077093,0.24706059794952873,False
2636,1207177.0,-0.3327665506270432,0.5235875731309727,0.7321841019852641,False
2637,1207447.0,-0.00957972919221265,0.9482495643082042,0.9739079420283687,False
2638,1207948.0,0.6808316198000259,0.12967717335913295,0.33380632433126567,False
2639,1208701.0,0.8996314776407034,0.07160494104739741,0.2441946701443603,False
2640,1208744.0,0.04189725922884188,0.7748377912570721,0.8891198510019251,False
2641,1209028.0,-0.15500759353867824,0.4588992081626015,0.6825638400390571,False
2642,1209657.0,0.03494107179290884,0.8130043271966455,0.9065813777256893,False
2643,1209713.0,-0.3217632419002038,0.6459316377785062,0.8133187550558425,False
2644,1209855.0,0.0455508259445579,0.7561346327936312,0.879914390970719,False
2645,1209936.0,-0.7070525296093678,0.11545944870464485,0.3137202292087409,False
2646,1210190.0,0.6545385222368476,0.13316588922837244,0.3381845280283774,False
2647,1210885.0,0.9599123856846412,0.04566231697900928,0.18690213077192525,False
2648,1211130.0,-0.4488730741698625,0.33096681119356985,0.570726707616856,False
2649,1211640.0,0.9342153232443885,0.18163035201439384,0.40021247138332927,False
2650,1212063.0,-0.7531217382565065,0.09360245777864717,0.2807615283353625,False
2651,1212722.0,0.5333101179046259,0.3064840043531462,0.5462863493026933,False
2652,1212807.0,0.7592515174153052,0.09089056533747708,0.27647714427951237,False
2653,1212912.0,0.6155372728363425,0.010950199992505887,0.08168933030495024,False
2654,1213053.0,-0.3084246907687546,0.019864976011751634,0.11587234725801782,False
2655,1213159.0,0.9287648301821883,0.053206966706652994,0.20553794434189263,False
2656,1213249.0,0.6510737444639468,0.1352013243174718,0.3415262597479486,False
2657,1213514.0,-0.34983248798955324,0.0100716299928481,0.07829970667529697,False
2658,1213806.0,0.047338039229818926,0.9137000878740048,0.9571718253109749,False
2659,1214428.0,-0.2213509941940258,0.620476510180967,0.7982496766364459,False
2660,1214839.0,-0.33345608525883097,0.407565722431658,0.6398793631755347,False
2661,1215579.0,-0.35422189748278277,0.12205444781888028,0.32409516415703166,False
2662,1215869.0,0.20920798643344912,0.1211865335218527,0.322500569105102,False
2663,1216690.0,0.6124463088045446,0.007753862894503736,0.066617004266711,False
2664,1216787.0,0.221603649248458,0.1004441875095837,0.29168583611999227,False
2665,1217023.0,-0.1913084526286823,0.15256850444967543,0.36359494261701475,False
2666,1217769.0,1.5708868413665373,0.003791333269606745,0.04317437602051548,False
2667,1218677.0,0.4062680264738683,0.00217873936708275,0.03161793560118082,False
2668,1219190.0,-0.4470166619356218,0.46259035292714545,0.6848347019929697,False
2669,1219372.0,-0.28456702160354863,0.03675705190198917,0.1637359249537922,False
2670,1219521.0,0.3643066959848367,0.005674527977486813,0.05539298668670805,False
2671,1219872.0,-0.4878469391231981,0.4859931838908218,0.7048037423025879,False
2672,1220022.0,-0.39119735869509625,0.16417521614541913,0.3770090905983763,False
2673,1220669.0,0.6333562991098703,0.009246170282518229,0.07434372357911664,False
2674,1221141.0,-0.27347743387922563,0.22484594678955058,0.4571460483986836,False
2675,1221582.0,0.3065711769306271,0.5937844252146326,0.7798584314222428,False
2676,1221668.0,-0.6793746746394504,0.13046795421055757,0.33489284410465364,False
2677,1222576.0,0.5183086002144031,0.03627278756284216,0.16270293760109575,False
2678,1222658.0,-1.0785070316469465,0.04768198203757998,0.19186726475491309,False
2679,1222901.0,-0.08278349540680405,0.8686599894073563,0.9341494140099914,False
2680,1223507.0,0.4271111802627915,0.04450154822566177,0.18402449751983183,False
2681,1223665.0,-0.18630951437908397,0.2072536290203116,0.43355909481894056,False
2682,1224268.0,-0.9202516941288644,0.047152591612582694,0.19041718078667602,False
2683,1225161.0,0.38988812260058836,0.04580521654449276,0.18706381700168132,False
2684,1225454.0,0.41579502823421916,0.03251121842413322,0.15297324490418993,False
2685,1225647.0,0.47237032094794723,0.32649802627153357,0.5672135758488097,False
2686,1226222.0,-0.15881180905478412,0.2697047445826632,0.5076547602644025,False
2687,1226889.0,-0.1691117463548028,0.23673907440755837,0.470229213667712,False
2688,1227387.0,-0.037591840122796275,0.7873310064975382,0.8951066270979029,False
2689,1228564.0,-1.085008339209192,0.0007447426064807987,0.016938999480658405,False
2690,1228814.0,1.0206048251430477,0.040761611321347674,0.174062663608666,False
2691,1229275.0,-0.9842625096318316,0.05856103724814432,0.21681969894586192,False
2692,1229992.0,-0.3401292823639012,0.5145188435949519,0.7261305145878225,False
2693,1230221.0,-0.1449159984944,0.34435136503138863,0.5831493154797184,False
2694,1231348.0,-0.5062088943271288,0.01194726566511352,0.08599971405491197,False
2695,1231451.0,-0.05015507872868443,0.8388131573898541,0.9179672168027891,False
2696,1231473.0,0.29613885757276565,0.6724354209310418,0.8315403492170645,False
2697,1232035.0,-0.8051275066995532,0.00930734082522253,0.07442983474681167,False
2698,1232218.0,0.2917362602745726,0.034564013503043466,0.15778967801319216,False
2699,1232228.0,-0.11002564879066135,0.8751962906845042,0.9370936807437653,False
2700,1232485.0,0.3375239924830018,0.013048687748442917,0.09033386830953308,False
2701,1232939.0,-0.10626448537878895,0.6642909860579227,0.8257992044959632,False
2702,1235178.0,-0.7099470559638377,0.2740922469346777,0.513077407714632,False
2703,1235651.0,0.19744978039371394,0.14931719231060872,0.3595470546875904,False
2704,1236023.0,-0.29855859447000355,0.5508448097887676,0.7515611375385962,False
2705,1237975.0,0.7249961659548672,0.11827112446214491,0.31762322019707645,False
2706,1238181.0,0.2898107685417814,0.4797788526884427,0.6988727114778645,False
2707,1238938.0,0.6875987562303439,0.01146838894622744,0.08417130629567199,False
2708,1239403.0,0.09609026496251159,0.6459346833105867,0.8133187550558425,False
2709,1239469.0,-0.17825426589939525,0.19038977338109841,0.4110344928243713,False
2710,1239692.0,-0.19102533671512698,0.7850987501290267,0.8942546623977529,False
2711,1240589.0,-0.07660790919799199,0.5774837293478831,0.7694494826533895,False
2712,1240684.0,-0.14020687261826204,0.8073643031406975,0.9044313220425461,False
2713,1241097.0,0.6959897431983928,0.100362751758331,0.29168583611999227,False
2714,1241744.0,0.6042601935570708,0.3203982268775329,0.5603172356524011,False
2715,1242105.0,-0.1307808823307073,0.34293681156099387,0.582198794103001,False
2716,1242590.0,0.17383760085638117,0.44059060200551187,0.6677758984599038,False
2717,1243187.0,-0.2969086302842113,0.11415401674583227,0.3117337991889332,False
2718,1243354.0,-0.4719520741939606,0.5003706175890128,0.7140935016709332,False
2719,1243411.0,0.027167714400769094,0.960094273144027,0.980692889336446,False
2720,1243630.0,0.06681078028422056,0.6030786087039259,0.7855072563276996,False
2721,1244437.0,0.857437877907244,0.02757779164238326,0.14060917251201047,False
2722,1245097.0,-0.6858595069778546,0.009544319603122232,0.07543603152595732,False
2723,1245189.0,-0.6832496918151791,0.009767228290370312,0.07677281903835607,False
2724,1245218.0,-0.715193148539289,0.007345181445268513,0.06456027901893904,False
2725,1245434.0,-0.6634252912111467,0.012180342829673734,0.08664326436180103,False
2726,1245526.0,0.09120924573587841,0.5082873281401655,0.7211421967012804,False
2727,1245660.0,-0.6876831222573694,0.009315656111265757,0.07442983474681167,False
2728,1246089.0,0.07898114209971711,0.5747739540837569,0.7676404138714809,False
2729,1246130.0,-0.746729224593456,0.005124781288217026,0.05213636446447593,False
2730,1246180.0,-0.03288008145193007,0.8559888246898962,0.9273212267473875,False
2731,1246248.0,-0.7237813844433693,0.0067313404741708455,0.06139898502158991,False
2732,1247422.0,-0.08963377721204503,0.597526238045885,0.7817496436977976,False
2733,1248002.0,0.36428658702018296,0.0047753643834496035,0.04969950180474156,False
2734,1248031.0,-0.5493745111444504,0.0002062842558497779,0.007912422605121339,False
2735,1248287.0,0.18628243902800853,0.7595783761477781,0.8811195806349756,False
2736,1248633.0,0.3485045307906959,0.0071694052695421085,0.06358161290921535,False
2737,1248809.0,0.34818787567765874,0.0069725888418169625,0.06260335142921682,False
2738,1248854.0,-0.2448776862187811,0.6701978657892168,0.8303844119554786,False
2739,1248926.0,-0.2991408505558225,0.47774736794152856,0.6972234040071649,False
2740,1249079.0,-0.6117509740553875,0.015405804600138406,0.0991963180088031,False
2741,1249087.0,0.8260580292003277,0.07487779308228092,0.24978440193858614,False
2742,1249459.0,-0.3415954384437679,0.007766419951906522,0.066617004266711,False
2743,1250005.0,0.3580527775644476,0.006652063386078386,0.06098661153368317,False
2744,1250058.0,-1.1009582201783867,0.021714128708181155,0.1230202855570493,False
2745,1250077.0,-0.2906030728796487,0.5027477784625969,0.7165848958294216,False
2746,1251178.0,-0.5008588373169893,0.00011008512937013979,0.005271514260802783,False
2747,1251317.0,-0.9526894204188661,0.17321059652485699,0.39000228692746786,False
2748,1251506.0,0.2948746267928786,0.1617710663617834,0.3738609591988842,False
2749,1251969.0,0.3385470879755861,0.30436082812443255,0.5436624632698231,False
2750,1252293.0,-0.48760142042367993,0.00018075278505418367,0.007195300897604854,False
2751,1252431.0,0.15399122422573755,0.4943176168160082,0.7100041661044296,False
2752,1253109.0,-0.15265006834433228,0.5537901656346689,0.7535906039819896,False
2753,1253930.0,0.05568842957348247,0.6902641784305105,0.8412961558259701,False
2754,1254469.0,-0.16215487206456858,0.504405114460979,0.7176038686073299,False
2755,1254738.0,0.028084085175779722,0.8437734272403342,0.9204261433719052,False
2756,1255026.0,-0.12857177935265596,0.6152198753981897,0.7950252080294463,False
2757,1255205.0,-0.07901106010454877,0.5646357592942153,0.7611879317507307,False
2758,1255499.0,0.07637638243302272,0.5809113652192731,0.7720118596296779,False
2759,1256558.0,-0.5809471725419586,0.22738196177552347,0.45989029161045414,False
2760,1257563.0,0.052118909072728786,0.7260584568180837,0.861916507957163,False
2761,1257825.0,0.12937405207271807,0.684060309841759,0.8382547179808805,False
2762,1257955.0,-0.38824380202023917,0.17108528457785888,0.3873056859421602,False
2763,1258820.0,1.8556035569698552,0.0077114023271856414,0.06653996205214638,False
2764,1259512.0,-0.09613185147501921,0.8352455884659992,0.9168305115832118,False
2765,1260068.0,-0.1022360819911067,0.4944497353641536,0.7100041661044296,False
2766,1260189.0,0.02127536342026881,0.9536806710253192,0.9766229890547019,False
2767,1260476.0,0.05745545685305273,0.756233169037044,0.8799347250398877,False
2768,1262566.0,-1.1473706091303195,0.04527641404005639,0.18604515236653754,False
2769,1263826.0,0.8928681733867695,0.04013947169721824,0.1723552077821614,False
2770,1264453.0,-0.7828339927460692,0.009293542525137302,0.07442983474681167,False
2771,1264583.0,-0.5188760825046786,0.3665121617114396,0.6041863143200059,False
2772,1264785.0,-0.0215640885097496,0.8893009828844128,0.9442409086537995,False
2773,1264806.0,0.15092983183019684,0.3625408375415724,0.601372370341346,False
2774,1264941.0,0.21149951548609977,0.26323117979690996,0.4998259827283324,False
2775,1265349.0,-0.2316911019085746,0.15614202590543552,0.36678677585014124,False
2776,1265839.0,-0.060101403704843966,0.6778021161398226,0.8344671446374835,False
2777,1265940.0,-0.07830699924637424,0.616781471900434,0.7958692882942114,False
2778,1266271.0,1.0042445474304134,0.000974979357183229,0.01943229014869165,False
2779,1266975.0,0.5774737354260879,0.34237628025705,0.5816110363365068,False
2780,1267054.0,-0.16703621368648788,0.5413615138806684,0.744895326806269,False
2781,1267817.0,-0.20345998788681527,0.18280711548184256,0.4016945827035225,False
2782,1267924.0,-0.463286529842378,0.5082311349301613,0.7211421967012804,False
2783,1269416.0,0.8479127569331582,0.0001471328865278203,0.0063630577022290415,False
2784,1270398.0,0.1719569535250905,0.49428733769198097,0.7100041661044296,False
2785,1270835.0,-0.2665698944381724,0.34262157749732663,0.5818456232374031,False
2786,1271102.0,0.265965947221509,0.047891345220610365,0.1923272483794767,False
2787,1271404.0,-0.3112036009047885,0.5882357538741433,0.7767058883717097,False
2788,1272064.0,-0.7687721056613,0.009153566637355825,0.07387506754535128,False
2789,1272102.0,-0.619218817853807,0.06154697632485253,0.22299480240529845,False
2790,1273296.0,0.250025520956789,0.2908636906533132,0.5315362562359789,False
2791,1273416.0,0.37380793601078044,0.029773084864989204,0.1464637823682103,False
2792,1273469.0,-0.4147452176350775,0.4929188750678086,0.709583781911012,False
2793,1273781.0,-0.43029697863964067,0.20269377210457676,0.4279791667370513,False
2794,1275721.0,-0.617776927357274,0.05472236330436668,0.20864462721071314,False
2795,1275938.0,-0.7818317090912603,0.0066633152085976526,0.06103821653107808,False
2796,1276392.0,0.1533114330846795,0.7316340349727197,0.8646964036095733,False
2797,1276852.0,0.20888796525655998,0.3144616456113838,0.5543165253510184,False
2798,1276965.0,-0.3083325069172219,0.3090046948089116,0.54870701163925,False
2799,1277013.0,-0.534696038141397,0.18094598469775316,0.39954610738285407,False
2800,1277330.0,0.15326416630335551,0.45072329641051473,0.6768019618946103,False
2801,1277394.0,1.2968360774738685,0.009187908924782587,0.07400093657014778,False
2802,1277612.0,-0.15496596755358527,0.4434309768897168,0.6701203629817699,False
2803,1277689.0,0.2199201888869915,0.47430259407586445,0.6946593306078791,False
2804,1277720.0,0.36522923652545736,0.21976445739910483,0.45001757877141724,False
2805,1278512.0,0.15110578254083354,0.7521919404167615,0.8777728997230645,False
2806,1278902.0,-0.5089101253241342,0.11401584418636689,0.3114348235135915,False
2807,1279189.0,1.0961319838178065,0.0020862222721615416,0.030520138496379426,False
2808,1280632.0,0.19660132464160252,0.2382230517030837,0.4715732806030758,False
2809,1280733.0,0.1248931744286971,0.7941158916592177,0.8986691211980082,False
2810,1281239.0,0.1733263691177725,0.2938378373719483,0.5343184402194395,False
2811,1281796.0,0.2081689070862472,0.3094927789466115,0.5493041392193374,False
2812,1282203.0,0.17010265980729655,0.4008543706531018,0.6330258439608628,False
2813,1282891.0,-0.26957239947404177,0.33378775916485426,0.5734384864012156,False
2814,1283089.0,-1.355495936981491,0.02537535869505169,0.13450564077311117,False
2815,1283390.0,0.15020048210582526,0.597528953824102,0.7817496436977976,False
2816,1283827.0,-0.42896793655686666,0.24783676141843272,0.48247274842128535,False
2817,1284536.0,-0.5195638610232617,0.0017748967576270993,0.02737304476631464,False
2818,1284593.0,-0.6106463160162516,0.24140862824837386,0.47500203028043825,False
2819,1284919.0,-0.4757252676048943,0.006457534744568245,0.060116521198362215,False
2820,1285023.0,-0.37296482664212355,0.4747358839559934,0.6949833066402296,False
2821,1286227.0,0.20912160192685508,0.29048024576917275,0.5309752048883748,False
2822,1286605.0,-0.05011040601320847,0.7546353643362138,0.8789234849645494,False
2823,1286945.0,0.8320555938715737,0.1471828663124436,0.3578484921429694,False
2824,1287285.0,-0.29728582503024037,0.3267839523811581,0.5672135758488097,False
2825,1287776.0,-0.00909340011613552,0.9763946427306047,0.9866176262335071,False
2826,1287814.0,-1.4607206663557508,0.015269623781803002,0.09913383143030598,False
2827,1288309.0,0.20485943055005348,0.308855401435592,0.5485316398205744,False
2828,1289775.0,-0.09821288409976306,0.7118074980509668,0.8530216815349132,False
2829,1290467.0,0.5600008060158882,0.24473805467723664,0.47841375536131886,False
2830,1291152.0,0.41584040251744003,0.0035696420796964804,0.04178939761257062,False
2831,1291160.0,0.1376386595403165,0.39979120190374295,0.6326094129286679,False
2832,1291606.0,0.025498278038747314,0.8810823072363633,0.9405200555660068,False
2833,1292041.0,-0.08160364613994764,0.745769198373048,0.8737147873084231,False
2834,1292695.0,0.12235685464052629,0.396799282336871,0.6306041214697389,False
2835,1292823.0,-0.24662516241437674,0.4189215956968676,0.6500920545088631,False
2836,1292829.0,0.6481922613342848,0.19190620191739682,0.41319916195938045,False
2837,1292851.0,-0.44511097663545535,0.010766703081271605,0.08103003308710603,False
2838,1293191.0,0.4092989851880813,0.003733506953990914,0.042885944958276585,False
2839,1293990.0,-0.9436914322002059,0.011157308649937936,0.08266732528376593,False
2840,1294204.0,-0.1925642676453413,0.5206847620356283,0.730331191613483,False
2841,1294217.0,1.0376748358979164,0.03741930206732549,0.16539371497592747,False
2842,1294863.0,-0.553507866465306,0.05361829953824728,0.2060169682265786,False
2843,1295128.0,-0.012824345129103437,0.9642983155061854,0.9814065714473947,False
2844,1295406.0,0.014092160336336373,0.9338356207929834,0.9670386083810035,False
2845,1295826.0,0.2396252635448984,0.10701823805741201,0.3013444809632185,False
2846,1296138.0,0.3423592185080162,0.10434250732787868,0.29691410255459205,False
2847,1296239.0,0.04786431874168501,0.7701152026774314,0.8868152668392232,False
2848,1296473.0,0.09830402684480269,0.5646913144594372,0.7611879317507307,False
2849,1296935.0,0.8573955112172359,0.008064234488341275,0.06841551071886186,False
2850,1296949.0,-0.2539522723709039,0.4055385484131425,0.6380581420572474,False
2851,1297032.0,0.08944236465287654,0.6010581585721213,0.7841930662620644,False
2852,1297176.0,-0.10759411019382725,0.5276402987728113,0.7352270030351503,False
2853,1297595.0,-0.38828367236299527,0.28594911676195445,0.5264548274170651,False
2854,1297896.0,-0.650340258271007,0.055300537551042056,0.20996409063188579,False
2855,1298083.0,-0.2970856431333858,0.5373065461559992,0.7422287725584283,False
2856,1298279.0,-0.20865122505361522,0.1531227368019997,0.36402524069644565,False
2857,1298741.0,1.310979693507884,0.04289952774105088,0.17936992676249894,False
2858,1298859.0,0.14690528462496938,0.3874032845222801,0.6230018745910149,False
2859,1299051.0,0.46628762135703555,0.47273609520143606,0.6930582730583246,False
2860,1299949.0,-0.5523946820566188,0.03813964707224799,0.1670051911937281,False
2861,1300104.0,0.020050962900338476,0.9680523687699466,0.982842498209592,False
2862,1300431.0,-0.27835231430660434,0.04552052620504078,0.18662593671928587,False
2863,1300678.0,0.3204798566743512,0.4626340736724502,0.6848347019929697,False
2864,1301306.0,0.16413925566567586,0.27521404401198024,0.5143678456869913,False
2865,1301943.0,0.0153030391125092,0.9264320325995286,0.963904889664323,False
2866,1302445.0,-0.3926840786940644,0.07413706898979416,0.2489975544582264,False
2867,1302648.0,0.8193732020935507,0.01019253595001248,0.07836579306402107,False
2868,1302827.0,0.16705676509977613,0.2606752197907747,0.4974735426914309,False
2869,1303866.0,-0.24561607301574506,0.26082531960947575,0.49758503415832317,False
2870,1304076.0,-0.6167793211218674,0.3105705557890376,0.5501394606755182,False
2871,1304128.0,-0.2124006221340176,0.48938951224260924,0.70724495126095,False
2872,1304512.0,-0.25676859278234143,0.2395418699992436,0.47311262715461955,False
2873,1304663.0,0.15548613067248024,0.3098506920651354,0.5495799448312164,False
2874,1304833.0,0.34551357456116194,0.16948661185452343,0.38513233654612766,False
2875,1305021.0,0.048594108804980746,0.785843248220395,0.8947271302110748,False
2876,1305661.0,-0.11730610991775751,0.6267455938589506,0.8022787053465693,False
2877,1305987.0,0.06920584074978821,0.8068047731917766,0.9042050790432604,False
2878,1306246.0,-0.5596432074153821,0.029590718597326385,0.14597973262958527,False
2879,1306448.0,-0.8119446950522312,0.01088773295040172,0.08155872184618068,False
2880,1306501.0,-0.19151410660096985,0.2280331591045962,0.46060661371053063,False
2881,1306861.0,-0.14199566039415684,0.7180654574004939,0.8565495098991606,False
2882,1310075.0,0.814522361771894,0.1802481468601029,0.39868062772960056,False
2883,1311274.0,0.30694932541977316,0.0991538496827023,0.28972141004192015,False
2884,1312036.0,-0.3064520629511935,0.10043621879594214,0.29168583611999227,False
2885,1312869.0,-0.45922475741388535,0.010103389868855055,0.07829970667529697,False
2886,1313213.0,0.29963908346375523,0.10870698844769451,0.30387258415399176,False
2887,1314273.0,0.32712327854375745,0.07713813463365214,0.25421877316643476,False
2888,1314285.0,-0.9209798509764517,0.15559005344405108,0.365893798313509,False
2889,1314547.0,-0.5048266925769578,0.0027559583506731504,0.03544541219971214,False
2890,1315183.0,0.30375079722856485,0.10269385377918737,0.29459349439034854,False
2891,1315232.0,0.3271482302260886,0.07951214992143057,0.2576495876264271,False
2892,1317097.0,1.2544249362008122,0.005029542643676964,0.05150536358218249,False
2893,1318113.0,0.35400903641755765,0.06077947767463185,0.22154507392818293,False
2894,1318462.0,-0.5396998827870683,0.0018193272645062111,0.027766433520454912,False
2895,1319657.0,-0.31992463783310476,0.09168762801823602,0.2777564708444788,False
2896,1320154.0,0.3369000201406477,0.0775971019287215,0.2550156044312055,False
2897,1320630.0,2.5473280762735264,0.00023563824846908383,0.008501201541035536,False
2898,1321339.0,-0.13599417354494864,0.5167547350575499,0.7271678310927799,False
2899,1322496.0,0.6991352336927428,0.018376737452424526,0.11079148837024963,False
2900,1322561.0,-0.21175534202558832,0.14804190961330935,0.35822446028811256,False
2901,1322833.0,0.01435882346535936,0.9276023321050355,0.9643469533142782,False
2902,1323388.0,-0.14615865500311814,0.6958811013888188,0.8445770932214404,False
2903,1323674.0,0.06335677543827127,0.7569044145196907,0.8801496967982049,False
2904,1324613.0,1.10544197038231,0.002201458873912748,0.03182041896579049,False
2905,1325966.0,-0.34653255539081596,0.44109820596236965,0.6683786915681876,False
2906,1326290.0,0.5487785779503042,0.03552847602176101,0.16062540908630396,False
2907,1326970.0,0.5448649494796481,0.2253818489708717,0.4578925642108951,False
2908,1327243.0,0.008686392701132625,0.9522816550737824,0.9757558245779879,False
2909,1327500.0,-0.4121735707265496,0.15117241917352442,0.36176733027526625,False
2910,1329903.0,0.1715262176205622,0.29796677288363743,0.5383878236133218,False
2911,1330184.0,-0.6642864855894648,0.0052747341556047805,0.05306509662566255,False
2912,1332057.0,0.021141227505674723,0.9105456117021838,0.9560074914925805,False
2913,1333073.0,0.8593434858513642,0.18531464927042846,0.40455533682386097,False
2914,1333798.0,0.04372757220379426,0.7554268597246326,0.8796585357626768,False
2915,1334324.0,-0.057075823984944804,0.8270938410562213,0.912740814624927,False
2916,1334881.0,-0.3001226128483252,0.44196224089486724,0.6692941022480168,False
2917,1335167.0,-0.5716791497652228,0.11786481081709274,0.3170811701163672,False
2918,1335370.0,-0.05714530413664864,0.7255544600496469,0.8616008821615706,False
2919,1335444.0,0.39755676465679174,0.4270257555059914,0.6568214990370133,False
2920,1336540.0,-1.2478626199883154,0.02932198112542237,0.1451970972583754,False
2921,1336568.0,0.3576847152201307,0.1326755718994956,0.3379149068439758,False
2922,1337579.0,-0.0925821942772901,0.5528110828757444,0.7527300934039395,False
2923,1337602.0,-0.05631529964755652,0.7171081692396392,0.8557837705690724,False
2924,1337735.0,-0.5939918279522078,0.010483320885908445,0.07957793581575955,False
2925,1337936.0,-0.34407854600992877,0.47492230425250215,0.695088483063519,False
2926,1338837.0,-0.09951302895965325,0.5519801356311265,0.7522370725176223,False
2927,1338892.0,0.33434266825398185,0.06612871318741533,0.23293809722311662,False
2928,1338973.0,0.053771577556373684,0.7752949636851916,0.8891668527990103,False
2929,1338986.0,-0.10574197933609383,0.8032142233640049,0.9026815521388375,False
2930,1339088.0,0.7332595697386315,0.013319772686199886,0.09168429455212414,False
2931,1339852.0,-0.13019739978804062,0.4315038241476631,0.6605519688510623,False
2932,1339865.0,0.11055205316983176,0.5079215454655722,0.7210001799436101,False
2933,1339943.0,-0.4504531716874875,0.1744239457380037,0.3914710761533961,False
2934,1340071.0,0.14354619626457313,0.38849510654937763,0.623940296694359,False
2935,1340700.0,-0.38457724176293706,0.2696473977187536,0.5076348425662627,False
2936,1340929.0,0.07742557525175968,0.5641741607828319,0.7608535861967499,False
2937,1340945.0,0.10704652609493322,0.4269243052813576,0.6567833523000477,False
2938,1340973.0,0.08175347460363347,0.5415350504038553,0.745033707351111,False
2939,1341185.0,0.256781960192554,0.24036248059033072,0.47378841639458036,False
2940,1342502.0,-0.023713355146546565,0.8881602735431018,0.9438061448174616,False
2941,1343246.0,1.0032034740875222,0.15138043715564267,0.36193275011691195,False
2942,1343343.0,-0.026838986863576997,0.8438758559648842,0.9204453794713443,False
2943,1344009.0,-0.29989431528083055,0.44239863440274324,0.6695519384118683,False
2944,1344590.0,-0.06372198810767263,0.8713148419234727,0.9349878822697218,False
2945,1344849.0,-0.17378033001427773,0.6905943726150926,0.8412961558259701,False
2946,1344966.0,-0.4557184326237024,0.09569258259395592,0.28452668023778815,False
2947,1344972.0,-0.3247063683072896,0.40558278951589194,0.6380581420572474,False
2948,1345365.0,-0.020800394918627174,0.938153233334988,0.9688720263394328,False
2949,1345371.0,0.18169069709737312,0.2849343984808947,0.5252501166113054,False
2950,1345702.0,0.027449836472407396,0.8488802675553215,0.923065312046042,False
2951,1345977.0,-0.20986849678184824,0.20525368230139682,0.4310286045027424,False
2952,1346024.0,0.01965668551728439,0.8910576300964738,0.9452264227227296,False
2953,1346062.0,0.01840127509943132,0.8999290534399472,0.9497112458769811,False
2954,1346757.0,-0.43206663787201066,0.1562850853763151,0.3669640064373568,False
2955,1346838.0,0.23187591887860692,0.30465425680400016,0.5440861454935149,False
2956,1348144.0,0.14521519437227948,0.3777528367026716,0.613826919875351,False
2957,1348925.0,-0.2642693804724264,0.08678246422163138,0.27011875155257287,False
2958,1349671.0,2.567144613960122,0.0002100106798343197,0.007943086862723138,False
2959,1349769.0,0.0703780633310039,0.602617731632393,0.7850012572746461,False
2960,1350519.0,-0.18560574856043893,0.7910678018871912,0.8974582548134751,False
2961,1350970.0,-0.6491398325212792,0.0033498997082259956,0.03991736871067572,False
2962,1351285.0,-0.304935294280026,0.5266993272515882,0.7344022090322402,False
2963,1352054.0,-0.05156086944047222,0.9325056807459576,0.9664830798145548,False
2964,1352772.0,0.24957294642992583,0.07535459308468351,0.25068161444506265,False
2965,1352878.0,-0.1249157082023344,0.7565188139489168,0.8799841111675409,False
2966,1353085.0,1.1846734895430682,0.003649626292984948,0.04228035582748304,False
2967,1354187.0,-0.2566941375392999,0.06117968630670337,0.22233193667869605,False
2968,1354216.0,0.2840059984071559,0.2126366749627573,0.4412862956828134,False
2969,1354583.0,-0.41857865939264405,0.0029977059956151136,0.03710387523649038,False
2970,1354697.0,0.29248217227471435,0.300760465121918,0.5411494859768639,False
2971,1354869.0,-0.29352667600418336,0.036235364146320066,0.1626242246550714,False
2972,1354965.0,0.36985701770403184,0.008993094420047264,0.07317844072684637,False
2973,1355139.0,0.8633046638103801,0.18327232304897126,0.402413357226651,False
2974,1355626.0,0.33551341755998254,0.017285893500599697,0.10679474897496284,False
2975,1355760.0,0.3602938618651484,0.010072981214605552,0.07829970667529697,False
2976,1356314.0,-0.34427901579167436,0.015009643862133536,0.09794265480520904,False
2977,1356396.0,0.33344025015720236,0.017833586470326464,0.10863276157990673,False
2978,1357687.0,0.12980737574646284,0.631933023096292,0.8056176104397142,False
2979,1357808.0,0.5832905850964862,0.3375962983621527,0.5763161689097558,False
2980,1358039.0,0.2059777443168928,0.14743708580789702,0.35791026451064617,False
2981,1358373.0,0.07270108328836293,0.7901820057229552,0.8968450096322331,False
2982,1358401.0,-0.2533813480915029,0.07254167835149684,0.24573957614793043,False
2983,1358438.0,0.028029564686933378,0.9680840157399316,0.982842498209592,False
2984,1358489.0,0.2518500686316665,0.07302199127029135,0.2468656457415438,False
2985,1359085.0,-0.23240429690251613,0.10033046789249081,0.29168583611999227,False
2986,1359240.0,0.13565938790231513,0.6166445321756,0.7958293460242466,False
2987,1359553.0,0.12473766358160376,0.40626782969216363,0.6385805518836427,False
2988,1359617.0,-0.39035472232804524,0.05434013597277708,0.20755178606069502,False
2989,1359705.0,0.08956539097844668,0.8354906902972281,0.9169195676045305,False
2990,1360479.0,-0.20851339437883598,0.6769571209069711,0.833904851049157,False
2991,1360484.0,0.10655250235876457,0.5663045629838632,0.7622061133353331,False
2992,1361611.0,0.34285652593787,0.3944026768786508,0.6285774566903178,False
2993,1361986.0,0.8117747591989319,0.18178936308227509,0.4002684657724333,False
2994,1362027.0,-0.2431203298289545,0.302852414637615,0.5425973153425211,False
2995,1362051.0,-0.05501510374040325,0.7486178474926796,0.875107337339332,False
2996,1362251.0,0.34612977427458047,0.5070376591308162,0.7202164079907105,False
2997,1362424.0,0.6043037717843683,0.32045301791462116,0.5603172356524011,False
2998,1362436.0,0.020356314696278258,0.9465293757970941,0.9726475068100716,False
2999,1362572.0,0.8902796594048485,0.02128374717180859,0.1214057149500695,False
3000,1362586.0,0.03199460572644111,0.8521643554116888,0.9245621267360201,False
3001,1363179.0,0.0590548933863436,0.7304698696456436,0.864223930956458,False
3002,1363987.0,0.15063176399739572,0.5677131334764846,0.7630666250479494,False
3003,1364756.0,0.24200340796170677,0.26131075559772676,0.49789858732900194,False
3004,1364909.0,-0.37365453596037923,0.4939619872490015,0.709970201088105,False
3005,1365071.0,0.4819597168661732,0.03091089569842616,0.14906164940311684,False
3006,1365517.0,-0.00435021350197921,0.9813449924090372,0.9890900550232218,False
3007,1365541.0,-0.47394899734757423,0.03224908559259396,0.15226786607551432,False
3008,1366521.0,1.2081380199474105,0.01167985254620593,0.08513964721375636,False
3009,1367350.0,0.4067753982286526,0.062337078672573785,0.22495644580810786,False
3010,1367656.0,-0.06038169236924339,0.9259527622892559,0.9635909533745445,False
3011,1368611.0,0.14920450017564263,0.35643900924375976,0.5947189275678556,False
3012,1369519.0,0.29927868731002844,0.04457222003578014,0.18424655311820007,False
3013,1369761.0,-0.40028882190547826,0.38919202461110525,0.6244906765932813,False
3014,1370045.0,0.15875516303897957,0.5720441195420323,0.765381353091182,False
3015,1370689.0,-0.0564530644593807,0.6746777235074295,0.8327034324813128,False
3016,1370809.0,0.5211381041150569,0.08741326597759605,0.2709093787353105,False
3017,1371847.0,0.2630004325934595,0.08896019826512708,0.273595149792233,False
3018,1372597.0,-0.2978080568626985,0.2625881742011532,0.4994558666468404,False
3019,1372778.0,0.2464710717609656,0.34985722030637806,0.5884507436428473,False
3020,1372873.0,0.5549039610469975,0.052194427518550496,0.20307186763937837,False
3021,1374221.0,1.396412559161315,0.030977590313714394,0.14925066260779837,False
3022,1374484.0,0.8177996238412457,0.20754051001225204,0.43407557537244623,False
3023,1374533.0,-0.12419031481693607,0.7579164502123741,0.8803563672829202,False
3024,1375568.0,-0.10724671695692461,0.8601646489720616,0.9290381030632684,False
3025,1376037.0,-0.4353945501942744,0.033243241403970725,0.15440966428759187,False
3026,1376959.0,-0.6383277448179219,0.16929684644673074,0.38480164100070613,False
3027,1377329.0,-0.1711389595763301,0.46034954685074314,0.6833915325308564,False
3028,1378983.0,0.8547589347484856,0.0652635912599444,0.23121288613795576,False
3029,1380022.0,0.2976694283110026,0.6708742372966239,0.8307395685792694,False
3030,1380963.0,-1.2834268680555563,0.03434879628167661,0.15725693109978892,False
3031,1381221.0,0.39029723054878646,0.15975827977919832,0.37158262845579554,False
3032,1382327.0,-1.2620090288148162,0.03747226977608059,0.16541744140681366,False
3033,1382388.0,0.5039541039234787,0.0811977456389475,0.26069255513480477,False
3034,1382401.0,0.3893608363585448,0.1606574327360368,0.37303453098388867,False
3035,1382559.0,0.09008766927157746,0.5564783774706555,0.7558274258563521,False
3036,1383467.0,-0.12352000168498115,0.41889001464097986,0.6500920545088631,False
3037,1383936.0,-0.5107262522578668,0.34654466312367466,0.5848479972337514,False
3038,1385669.0,-0.18139825437144996,0.3969129586073951,0.6306041214697389,False
3039,1385853.0,0.39152593672748875,0.1585520771351193,0.37032413762254357,False
3040,1385909.0,0.2734460566392147,0.673823618824499,0.8323117185184271,False
3041,1386988.0,0.01937903046511134,0.9110336152457348,0.9560392395100977,False
3042,1387399.0,-0.0422895646356997,0.8075388858765603,0.9044402193757802,False
3043,1387788.0,-0.11193871771618197,0.7744638532383581,0.8891198510019251,False
3044,1388262.0,-0.1870498585214454,0.632065174591856,0.8056678569979564,False
3045,1388392.0,0.8538292918548471,0.1881595506653083,0.4081627775326051,False
3046,1388676.0,-0.33586421332806626,0.03388792071611486,0.1558700760056893,False
3047,1388849.0,0.0941430372082281,0.5774946969301856,0.7694494826533895,False
3048,1389048.0,0.07204048513782169,0.9180869330497313,0.9594150080526311,False
3049,1389150.0,0.9247991425253494,0.006279458001537753,0.058996990914335766,False
3050,1389194.0,-0.03479147303018784,0.8370209830278835,0.9172461579759605,False
3051,1389446.0,0.13943944402968425,0.41469003071616545,0.6465757373490342,False
3052,1389834.0,-0.1468188877126926,0.6662222557089921,0.8275366272709817,False
3053,1391037.0,-0.06387872302870523,0.7056412526635517,0.8497599065523468,False
3054,1391045.0,0.09108401755696022,0.591154690540887,0.7786048409440818,False
3055,1391050.0,0.4009169728197793,0.12808439743496608,0.3322897486056688,False
3056,1391545.0,0.10587587517121777,0.5319452834500505,0.7380196896536679,False
3057,1391919.0,-0.05438586595369119,0.7477751893788334,0.8748048858805403,False
3058,1391978.0,-0.45598531537610465,0.45365215808335946,0.6788153892878567,False
3059,1393679.0,-0.03565311080109967,0.8331185196906817,0.9166187914856905,False
3060,1393795.0,0.04027950452132419,0.8115797885360352,0.9054021107102201,False
3061,1395576.0,0.3827661391616094,0.4268122343078378,0.6567040118230445,False
3062,1395628.0,-0.05122138243500248,0.7630322762621,0.8825635741207379,False
3063,1396557.0,-0.3617510005190974,0.05796135100003074,0.2153955717580738,False
3064,1396706.0,0.3804615066062959,0.09213674964392762,0.27851417916592436,False
3065,1396870.0,-0.01478149735352242,0.9220058853474076,0.9614192012916531,False
3066,1397480.0,-0.8585510736511206,0.21971745276572205,0.4500062169380968,False
3067,1397655.0,-0.17074414133745325,0.4321109979380965,0.6607360026226282,False
3068,1398770.0,0.8616664860579555,0.1840891828330734,0.4033686071160702,False
3069,1398831.0,-0.2669067503717549,0.6425217721138923,0.8112799623469001,False
3070,1399145.0,0.1573004657105476,0.2645027803025285,0.5010180110392173,False
3071,1399476.0,-0.2865427569885469,0.0820651717494108,0.26175396154101055,False
3072,1399970.0,0.5474984886479789,0.34068645834976413,0.579556731764095,False
3073,1399981.0,0.5266973003923621,0.35940093341568874,0.598358455863083,False
3074,1400020.0,0.022751016184007423,0.8738866501682057,0.936548314241863,False
3075,1400102.0,0.018862046099073243,0.9573212236563924,0.9790282680737078,False
3076,1400773.0,0.5724389967510184,0.01890784423076837,0.11259818537574551,False
3077,1400954.0,-0.3073395829858988,0.05094426000056571,0.19992767256187305,False
3078,1401294.0,0.14745335967506037,0.28658566738637065,0.5269963794939642,False
3079,1401296.0,-0.6393170569138408,0.08009403028334545,0.2587561603350342,False
3080,1401402.0,-0.1797803430687479,0.5486742342880974,0.7501870435403049,False
3081,1401505.0,-1.1111656002525658,0.0006700132915678606,0.015845303442198533,False
3082,1402183.0,0.45573242028549016,0.31092852179110725,0.5505920234979558,False
3083,1402371.0,0.01463480022613703,0.9174593907183525,0.9592364229337883,False
3084,1402413.0,-0.016115051648882092,0.9080546508054685,0.9548221461881946,False
3085,1402425.0,-0.00875386197892522,0.949965346588435,0.9746572624969246,False
3086,1403377.0,-0.5044844151056048,0.2946304028196754,0.5347534495231618,False
3087,1403495.0,-0.07170009318028753,0.6039710636128905,0.786103824402629,False
3088,1403636.0,0.10740783785762646,0.437541160279306,0.6654246487844776,False
3089,1404447.0,0.11538623021088598,0.6591507659721411,0.8220312071454955,False
3090,1404546.0,-0.8592862744270525,0.13437020795172722,0.3400766163012355,False
3091,1405062.0,-0.3176778258229277,0.6501268046869387,0.8160414506101665,False
3092,1405130.0,-0.12884657014213005,0.34480384895599253,0.5834653390107913,False
3093,1405174.0,0.9081950977320201,0.0501418280127696,0.19825397258030827,False
3094,1405653.0,-0.1543653961936815,0.6109058224526516,0.7920906238322424,False
3095,1405678.0,0.12493276002793237,0.6806496118415244,0.8362706889122521,False
3096,1405855.0,-0.17454808011028433,0.5603760836046544,0.7589372910204022,False
3097,1406312.0,-0.19092127709408088,0.524079083884654,0.7322536305274706,False
3098,1406806.0,0.10277832127274378,0.4685567089024192,0.6897454672004014,False
3099,1406855.0,-0.19783984830313878,0.5141309139756365,0.7261305145878225,False
3100,1406919.0,-0.09688989034238628,0.49114370527480916,0.7084954382235048,False
3101,1407217.0,0.3651476170659932,0.1012893607489839,0.2929645645963816,False
3102,1407350.0,-0.18050206440531932,0.7668963832039287,0.884981635801645,False
3103,1407504.0,-0.1792681450073343,0.5496502725643565,0.751064162724835,False
3104,1407876.0,-0.17685880728823464,0.30246573784882413,0.542419557962826,False
3105,1408298.0,-0.1340676777188096,0.4434322571837746,0.6701203629817699,False
3106,1408378.0,0.5497307354359446,0.04162239184552124,0.17590261904825422,False
3107,1408394.0,-0.17587044335646765,0.30272359712142605,0.542523468177824,False
3108,1408577.0,-0.2635209863810179,0.3908882371444669,0.6256401967270994,False
3109,1408632.0,0.17039186413167418,0.3171779086586197,0.556934034048741,False
3110,1408796.0,-0.2928698119645566,0.3405138614019347,0.5794447351493967,False
3111,1409206.0,-0.12887056343315978,0.8427964449514286,0.9200075834621638,False
3112,1409209.0,-0.23148803820029196,0.4570690229936349,0.6808678804166195,False
3113,1409329.0,-0.5929046475774233,0.3020096652366431,0.5422287324088259,False
3114,1409343.0,0.0557955174396597,0.7000878843177492,0.8472236349287672,False
3115,1409384.0,-0.16924464697218583,0.3246297641604275,0.5649921580826425,False
3116,1409794.0,0.5190915047011415,0.1477763951998426,0.358151986300598,False
3117,1409844.0,0.26644219181891093,0.2665675783341049,0.5031457247116515,False
3118,1409904.0,0.5288968394023117,0.4500733524611098,0.6763991566667076,False
3119,1410114.0,0.08034801412414044,0.5822125404114571,0.7721598163683966,False
3120,1410430.0,0.2278746419659094,0.11859705175042384,0.31802643200366865,False
3121,1410520.0,-0.19171008998246242,0.1848786480756297,0.4041195579663634,False
3122,1410883.0,-0.5199670072739855,0.4577510529268201,0.6814438969259442,False
3123,1410999.0,0.5344205160699561,0.4106101121206461,0.6422951786935317,False
3124,1411234.0,-0.25533270908785805,0.06272319472459503,0.22572229294288046,False
3125,1411368.0,0.5306331561583147,0.3556613709197068,0.5946864111727383,False
3126,1412160.0,-0.20019007876944223,0.17625073879542943,0.39390606745406354,False
3127,1413646.0,0.5227962037342367,0.3628462817132637,0.601603236291046,False
3128,1413852.0,1.4045311945399903,0.004734855903737795,0.04937258485597864,False
3129,1414936.0,0.10825788866741112,0.4558038604297844,0.6801032171773621,False
3130,1415059.0,-0.6392542541830082,0.10938748166133941,0.3049832833095773,False
3131,1415078.0,0.07333648070825954,0.6155756286243391,0.7952955782810285,False
3132,1415384.0,-0.28357911713987116,0.09225641226015159,0.27864311493710225,False
3133,1416411.0,0.5043853420861013,0.06426966774092423,0.22911239518152135,False
3134,1417286.0,-0.2092526807679193,0.14588020204338165,0.3554499647993059,False
3135,1417325.0,0.3254598880955136,0.5512789338426871,0.7516810484690829,False
3136,1417522.0,-0.019386733679889023,0.9104440139418836,0.9560074914925805,False
3137,1417996.0,-0.2789296234403228,0.302068657464856,0.5422449606054262,False
3138,1418265.0,0.13287855296896126,0.39993776074558335,0.6326094129286679,False
3139,1418525.0,-0.3827789510265267,0.4834666163022395,0.7022655051466359,False
3140,1418659.0,0.0903624913043149,0.5632703637154447,0.7603904735892492,False
3141,1419498.0,0.23845842404649936,0.10422635507734819,0.2968706506008478,False
3142,1420205.0,-0.0064540226055561645,0.9705609338019942,0.9843444769149441,False
3143,1420755.0,-0.41637155299204887,0.3841423329316234,0.6200542786576613,False
3144,1420883.0,-0.017954206265725615,0.9376341161347549,0.9686084426159622,False
3145,1420996.0,0.9464801303132673,0.17597645969569176,0.39345509165741177,False
3146,1422082.0,0.5545165209016673,0.23269975516868457,0.4656998234432284,False
3147,1422737.0,0.017344183440585678,0.9044940698919051,0.9527688625595954,False
3148,1422752.0,0.01961172127654156,0.8942140636245544,0.947179318954385,False
3149,1423824.0,-0.011424831013778267,0.9370133157988857,0.9684612058854611,False
3150,1423880.0,-0.12392834860001813,0.7051319813826438,0.8496775488790442,False
3151,1425270.0,0.2669821259291777,0.7030978342862068,0.8490054837328415,False
3152,1425556.0,-0.03192980679417939,0.8370174521611365,0.9172461579759605,False
3153,1426758.0,-0.9226748256627553,0.12887166295922295,0.3329133511238375,False
3154,1427370.0,1.4267741565467076,0.008655780303071155,0.07166660489354003,False
3155,1428618.0,-0.10169070647076177,0.4753470233168202,0.695356989953409,False
3156,1428972.0,-0.12467199286981116,0.3797377132696235,0.6149234473549399,False
3157,1429418.0,-0.08585565159357529,0.5525136927297607,0.752608374273002,False
3158,1429837.0,-0.08129340991425194,0.6691701110555024,0.8297739953743978,False
3159,1430202.0,0.07919325692345093,0.5825118826182558,0.7722479831242265,False
3160,1430808.0,0.012951137088477532,0.9424950899607907,0.9710969343738031,False
3161,1430901.0,0.6380075817036178,0.2424992451650619,0.4762007718349582,False
3162,1431094.0,-0.46342070501013644,0.37118454771128645,0.6078566219820157,False
3163,1431369.0,-0.02801687078966915,0.8783988837269914,0.9395889254911691,False
3164,1431652.0,0.08823097835253284,0.6926104930539341,0.8425738991483195,False
3165,1432140.0,0.0517954045319733,0.7741227497460127,0.8889349887329914,False
3166,1432789.0,0.008886343492041635,0.980793592392275,0.9890347315451025,False
3167,1433192.0,-0.4494021489942993,0.23226271924370395,0.4654258477737505,False
3168,1433220.0,0.03278770326773866,0.8817273758586452,0.940931052393393,False
3169,1433662.0,-0.5098625513941657,0.1842375301299263,0.4035635414045333,False
3170,1434273.0,0.11277392376844463,0.5099665171882307,0.7227688398065341,False
3171,1434403.0,0.06961012284530524,0.7003874374903164,0.8472869312334096,False
3172,1434524.0,0.06664097760946822,0.7112267362016086,0.8526441838383906,False
3173,1434868.0,0.11301066089265233,0.8718301443640051,0.9352422390622863,False
3174,1436768.0,-0.2814852211665028,0.2784588430254761,0.5182028142279692,False
3175,1437212.0,0.255494762832915,0.7153062240455427,0.8551224089048558,False
3176,1437375.0,0.993777271239555,0.003277915195996481,0.03944763797399312,False
3177,1438170.0,1.0013647380502457,0.12248644774650737,0.3247582740420449,False
3178,1438438.0,0.9704242592705905,0.16529113800183945,0.37869043963908133,False
3179,1439572.0,-0.09092323951968241,0.6965847151484762,0.8447578016910635,False
3180,1439698.0,0.33529253115781704,0.4678873552208514,0.6894145840806762,False
3181,1439708.0,-0.8647490385135568,0.15476682918003565,0.3655881284063234,False
3182,1439756.0,-0.8391516368543686,0.16741054813660552,0.3817734243745489,False
3183,1439937.0,-0.8464403171865474,0.16374002454080308,0.37647479856053967,False
3184,1440032.0,-0.8519762667700664,0.16105332283676718,0.37323523044259344,False
3185,1440112.0,0.11377176267262262,0.8709925755631357,0.9349878822697218,False
3186,1440254.0,-0.042985658297801016,0.8393418833121999,0.9182681055587513,False
3187,1440426.0,-0.1509054182596296,0.7724535643871504,0.8876326825697575,False
3188,1441384.0,-0.05114088675047149,0.8059838637277587,0.9040811596462164,False
3189,1441615.0,-0.4057192313224966,0.0923518693190759,0.2786987882842838,False
3190,1442244.0,-0.36077681419072616,0.1351023769904843,0.34145199120645103,False
3191,1442656.0,-1.1972788258435905,0.005782287739450414,0.056091808232112815,False
3192,1442714.0,0.8986182382068855,0.04515746626749335,0.1858166400051707,False
3193,1442933.0,-0.6243880877968107,0.02560277550193785,0.13484625331078864,False
3194,1443144.0,0.38533604058594306,0.11026223038260528,0.30636415759559255,False
3195,1443590.0,-0.4615369291753668,0.09636661906293778,0.2855745700049658,False
3196,1443709.0,0.53397110211754,0.05433258634328398,0.20755178606069502,False
3197,1444695.0,-1.2540804406694106,0.03873263434334398,0.16864931640473282,False
3198,1444931.0,-0.20149769125634115,0.7564865579691616,0.8799841111675409,False
3199,1445456.0,0.12874549965228366,0.3752657822681444,0.6117299994775052,False
3200,1445994.0,0.2769885945435104,0.062318678287382,0.22495644580810786,False
3201,1446482.0,-0.7790849028468239,0.17478883545498933,0.3918489898521084,False
3202,1446993.0,-0.131056681551307,0.3754394853683366,0.6118790995888755,False
3203,1447393.0,0.19089239322850643,0.19812053908290866,0.4223484783474025,False
3204,1447711.0,-0.1302437033016295,0.7465397342159771,0.8742786508700433,False
3205,1448527.0,0.152959264028562,0.3097864194592687,0.5495799448312164,False
3206,1449015.0,-0.2656095148012918,0.06752939757966649,0.23570148254896453,False
3207,1450525.0,0.26949440059752605,0.06536996681636685,0.23130619941383002,False
3208,1450802.0,-0.529345050353878,0.41499422340117753,0.6467713273538811,False
3209,1450957.0,0.005484853430933342,0.9919934253372009,0.9950830047302747,False
3210,1451241.0,0.45660244383199217,0.4531501582640378,0.6787560325591458,False
3211,1451387.0,0.2208902425135073,0.13290103612638382,0.3381717644519213,False
3212,1452077.0,0.8194677071397638,0.032400226081147725,0.1527778874380374,False
3213,1452413.0,-0.24889933013014104,0.08660260093994267,0.2699251828000134,False
3214,1452867.0,0.2221318585068845,0.12865173317823705,0.3325034675356579,False
3215,1453972.0,0.2475861922441022,0.08907320042243945,0.273595149792233,False
3216,1454355.0,-0.2527606642435988,0.08376595601481358,0.2649415654256414,False
3217,1455051.0,-0.2855744049331458,0.05039275369822707,0.1989139423251836,False
3218,1455268.0,-0.1646211792609796,0.2964065381300528,0.5366065662778058,False
3219,1455307.0,-0.2565999215198162,0.07902275752448891,0.2572414961609698,False
3220,1455929.0,0.3122044176981379,0.036848770666431045,0.16398151029303937,False
3221,1456531.0,-0.2624209417173655,0.4680059512082179,0.6894581959597816,False
3222,1456799.0,0.45018401955308995,0.4335249339607253,0.6619655588892492,False
3223,1456943.0,0.09564667533011045,0.6067096743743391,0.7888280722778807,False
3224,1457126.0,0.15888868988275298,0.31167519216793393,0.5511948861164749,False
3225,1457509.0,-0.14648465009996664,0.34635878602546877,0.584625193952179,False
3226,1458136.0,0.10291968954521542,0.5058639470301042,0.7191138220287823,False
3227,1458399.0,-0.24797690697680475,0.6345983517956969,0.8071906619102754,False
3228,1459067.0,0.1196841709439192,0.44242673973904334,0.6695519384118683,False
3229,1459147.0,0.09140286156512578,0.5569858241166421,0.7561382092028701,False
3230,1459171.0,-0.09830143539426663,0.5272935275025081,0.7350418956003244,False
3231,1459381.0,-0.11278366222072242,0.46730047365372,0.6889238953566659,False
3232,1459972.0,-0.8412513770693328,0.22923922108162922,0.46226857604330024,False
3233,1460861.0,-0.10801728052671361,0.48829073365594095,0.7062438399262008,False
3234,1462281.0,-0.2905585792906358,0.05476230550746906,0.20872209162995245,False
3235,1462777.0,0.25522814595932464,0.0959320379724234,0.28498693820215,False
3236,1463109.0,-0.3098270631219364,0.042474840245890454,0.17829249453563065,False
3237,1464026.0,-0.8120855398047845,0.0034880642090921276,0.041245029400539264,False
3238,1464134.0,-0.2688329526804689,0.07144877476113747,0.24389196541891422,False
3239,1464303.0,0.479403428723423,0.4604000255548736,0.6833915325308564,False
3240,1464788.0,-0.2129254902822741,0.15292955666633506,0.3639626941194278,False
3241,1465011.0,-0.23394860115553465,0.1152846611876657,0.3135485160820802,False
3242,1465291.0,1.5129385053604143,0.0010285412245156235,0.02000972869015209,False
3243,1465564.0,-0.9214452717143381,0.0909494509999896,0.27647714427951237,False
3244,1466180.0,-0.09217858775029963,0.8597930237485519,0.9290381030632684,False
3245,1466872.0,-0.3790869416477939,0.10425342423679701,0.2968706506008478,False
3246,1467922.0,-0.21957380360634543,0.13590703592489095,0.34244571759301756,False
3247,1469350.0,-0.5951071797948262,0.10348973554636262,0.2958069924321483,False
3248,1469859.0,-0.14393056909569152,0.38121281442729826,0.616793128723852,False
3249,1471479.0,0.00438717285315335,0.9879331676907717,0.9924911949885243,False
3250,1474635.0,-1.0786731708144837,0.019830771905327334,0.11579506671991835,False
3251,1475768.0,0.0382937454070647,0.922442292492466,0.9616590373159111,False
3252,1476439.0,0.4601830137218074,0.4785027943106117,0.6979045075148426,False
3253,1476591.0,-0.5306667453935549,0.41373238152649405,0.6458247054170395,False
3254,1476768.0,-0.5130005871328137,0.0012167656124401096,0.02200278156268354,False
3255,1477059.0,-0.38376074218748346,0.015421820599830195,0.0991963180088031,False
3256,1477348.0,0.8689264699015153,0.18035635536961878,0.3987308019424057,False
3257,1477947.0,0.4821822044203899,0.33513462693855256,0.5745240643427019,False
3258,1477998.0,0.011078418254493905,0.9838231380922295,0.9901168333016087,False
3259,1478477.0,-0.42378186949079394,0.007331259725064096,0.06449013315686447,False
3260,1478947.0,0.4426211724929062,0.004945714634739002,0.051026440904674675,False
3261,1479334.0,-0.43041278250373155,0.37148089087212577,0.6080254931267982,False
3262,1479465.0,-0.42385829529964403,0.007444722153993578,0.06506639209468622,False
3263,1479488.0,-0.4231129374613993,0.007464942602156541,0.06508590517783876,False
3264,1479592.0,0.4794383295003884,0.3379320511387007,0.5763161689097558,False
3265,1481726.0,1.008374110027901,0.0010986493200909567,0.020849367778998838,False
3266,1482607.0,-0.6965780995988904,0.0038832851898214483,0.04393182580819599,False
3267,1482931.0,-0.40044968123989355,0.0031880732518273355,0.03853734426345849,False
3268,1484434.0,0.35587243782417244,0.5146841256031143,0.7261305145878225,False
3269,1485334.0,0.22786264918524324,0.6340505700174179,0.8069972584018583,False
3270,1485530.0,1.3771867876850963,0.011300615916774476,0.08327779075124707,False
3271,1485533.0,-0.17887687598604535,0.49059667672212537,0.7081684741780147,False
3272,1486759.0,-0.12318852374711463,0.8303591482673613,0.9148024514809914,False
3273,1486896.0,0.406322565143611,0.4795939171618273,0.6986970837191835,False
3274,1488681.0,0.07406048095961601,0.7368046803736031,0.8683239213377021,False
3275,1488765.0,0.04712017470383806,0.9046545108471583,0.9528454022167576,False
3276,1489493.0,-1.0717739444185033,0.013600143450118249,0.0924418015973911,False
3277,1491447.0,0.9004644348976799,0.07132031662816757,0.24360668250432943,False
3278,1492473.0,-0.1547269459969602,0.799350871249461,0.9008226250771387,False
3279,1493324.0,0.2743273662807144,0.42813029614354353,0.6573450783583391,False
3280,1493526.0,0.1477545713149389,0.7575926480416905,0.8801872312551067,False
3281,1494119.0,0.3108096636868979,0.03669375149226902,0.16364448333959744,False
3282,1494779.0,0.7190005211007542,0.23716273542657754,0.4706624880207398,False
3283,1494935.0,0.08607372394894154,0.6695179242288644,0.8300156541233809,False
3284,1495034.0,-0.9462515389558593,0.09903825346595242,0.2896175219215823,False
3285,1495188.0,0.821326578251506,0.00239841960175483,0.03286037135237179,False
3286,1495660.0,0.3280704883920623,0.026305495161907062,0.13689227955540276,False
3287,1496343.0,-0.9739576778355586,0.08949571631698246,0.2743507485514952,False
3288,1496634.0,-0.8636601200467835,0.15530840337422677,0.365893798313509,False
3289,1496889.0,-0.9753698031445761,0.08908173780660446,0.273595149792233,False
3290,1497049.0,-0.984302620847729,0.08616135102756832,0.26911298427927083,False
3291,1497298.0,0.9589133228610625,0.09461714060097637,0.2821618300064831,False
3292,1497562.0,-0.1379075012696848,0.5084362649380559,0.7212592336516723,False
3293,1498713.0,-0.08614844678954538,0.8633336353604504,0.9306903380834739,False
3294,1498954.0,-0.9614434247400603,0.0936929365605713,0.2808410479826227,False
3295,1499321.0,-0.13693032206215225,0.8220278657270176,0.9102539310470386,False
3296,1499641.0,-0.09025076833917867,0.8974905074091527,0.9489412111254665,False
3297,1500046.0,0.00728521631024108,0.9762878803354548,0.9866176262335071,False
3298,1500159.0,-0.3602460809220796,0.19560521422889815,0.4183831725033871,False
3299,1500535.0,-0.4531786327181001,0.365024654512583,0.6034188250639833,False
3300,1501708.0,-0.6977944048367315,0.13277838652944332,0.3380285558949426,False
3301,1501856.0,0.14176486370142033,0.76709278777132,0.884981635801645,False
3302,1501891.0,-0.9337659283311558,0.010364517655568218,0.07906313362698034,False
3303,1502170.0,0.9341126685532394,0.010335816855049718,0.07899597834353868,False
3304,1502223.0,1.3603529073573917,0.035559202027545686,0.16064766460993007,False
3305,1502477.0,-1.0067367892559158,0.04361144670032368,0.1814553237788449,False
3306,1503702.0,-0.039827894911523,0.8564252671824062,0.9274238103815862,False
3307,1503726.0,-0.054208506701353354,0.8041974475907506,0.9034419197456242,False
3308,1503911.0,0.0510033772508906,0.8140539261729174,0.9071507410540004,False
3309,1504400.0,0.1589135481255507,0.4460053007804005,0.6729757492314773,False
3310,1504450.0,-0.0532508354705592,0.7684905596643229,0.8858410348472151,False
3311,1504554.0,-0.254768020308455,0.06521336767161906,0.23118586089987747,False
3312,1505345.0,1.1516145476151962,0.000859000835946738,0.018247463941686578,False
3313,1505470.0,-0.044138128050595304,0.8209577995334311,0.9100793417009185,False
3314,1505683.0,-0.010227965438400002,0.9460357598401244,0.9726475068100716,False
3315,1505854.0,-0.40149615232746855,0.13779939770378916,0.34489565646175496,False
3316,1506438.0,0.02938453806981229,0.8786757196041284,0.9397068902761392,False
3317,1506729.0,1.074781033147863,0.0002179783433992017,0.008187387258125725,False
3318,1509006.0,-0.1309012960800169,0.5953172307231706,0.7801724664372832,False
3319,1509656.0,0.2512779307467337,0.25955936778190175,0.4962673410491215,False
3320,1509660.0,0.041132478477676176,0.9495197414490499,0.974476391550481,False
3321,1510259.0,0.3156567069870192,0.026629644985501123,0.13777069960944294,False
3322,1512705.0,0.6939303925907547,0.22701960273867755,0.4595730031623265,False
3323,1512922.0,-0.30641328232035747,0.35240648565984073,0.5916134243485263,False
3324,1512936.0,-0.582168437863404,0.22662999001395978,0.45949662165583327,False
3325,1513623.0,0.24018753126308745,0.466161226407657,0.6880854110219088,False
3326,1514035.0,0.43364153758428736,0.11895385469165261,0.3185897095183541,False
3327,1514183.0,0.19862422187501827,0.5975259977261882,0.7817496436977976,False
3328,1514625.0,0.17921549037175827,0.28759515598808594,0.5276953039639407,False
3329,1515040.0,-1.1608237982704863,0.025551312977683528,0.13482601715062487,False
3330,1516292.0,0.3579801795715152,0.1281068377110495,0.3322897486056688,False
3331,1516534.0,-0.15502282214380092,0.7990223109948937,0.9006632591744104,False
3332,1516901.0,-0.11930112530021933,0.8446147272858916,0.9207886777833035,False
3333,1517184.0,-0.3475126453964717,0.13694844997016564,0.34347861007997876,False
3334,1517213.0,-0.3715758044432121,0.11168623831697613,0.30801679800070525,False
3335,1518134.0,0.34492964624133404,0.025064496841616806,0.1338293719703642,False
3336,1518312.0,-0.8598633842495275,0.009931346950710114,0.07772514142030157,False
3337,1518846.0,-1.5230779766442122,0.02905170473296201,0.14457772832251278,False
3338,1518894.0,-0.3681373307251527,0.1132513912173501,0.3102053625193882,False
3339,1519220.0,0.10026669629036786,0.798777742775194,0.9004810881529475,False
3340,1520422.0,0.39572647508181547,0.10513709136753374,0.29834914041437216,False
3341,1520832.0,0.02628718534526979,0.8997024131968803,0.9496046382432596,False
3342,1520857.0,0.006336270052195054,0.9758155043018634,0.9863626549815697,False
3343,1520879.0,0.8293891616598841,0.00223593435621759,0.031935615048344655,False
3344,1520956.0,-0.5003417612515699,0.05767723814200786,0.21505035401230677,False
3345,1521257.0,0.07573379425844678,0.8472932372443542,0.9225043219947308,False
3346,1521397.0,0.34037479542141497,0.1857807985778097,0.4051126091928735,False
3347,1521480.0,-0.6691352870779677,0.07891800836296797,0.2572414961609698,False
3348,1521561.0,0.39351199735039954,0.10911216728158576,0.3046328641567936,False
3349,1522335.0,-0.13764967994466895,0.8211337887997341,0.910119935838168,False
3350,1522695.0,-0.6063764688373129,0.31879326792407525,0.5586859740580944,False
3351,1522721.0,0.8788806510203467,0.007889450364387998,0.067433058035773,False
3352,1522807.0,0.08359301327516988,0.8316711202381294,0.9157011126139046,False
3353,1522870.0,0.34795535813643286,0.5242130067464194,0.7323388169520134,False
3354,1525089.0,-0.5374939871925059,0.03951173833995397,0.17074041388543007,False
3355,1525586.0,0.38095467343536676,0.005573082613348792,0.054796930949185814,False
3356,1525701.0,0.6739565270142851,0.04514123936189895,0.1858166400051707,False
3357,1526059.0,0.2245882069948533,0.7121829541831177,0.853189048411626,False
3358,1527306.0,0.03383412642696408,0.8383674178411394,0.917799861430991,False
3359,1527763.0,0.14201930165883947,0.7666248926646909,0.884981635801645,False
3360,1528161.0,-0.015326953443080271,0.9418249833572053,0.9709094152176377,False
3361,1528478.0,0.3856897851739673,0.005611225377120815,0.055017005380803834,False
3362,1528678.0,0.7092161367177385,0.1737072285741601,0.39071528515799997,False
3363,1529051.0,-0.5129393076354601,0.1815960620043717,0.40021247138332927,False
3364,1529681.0,0.5539083754963925,0.14920549109734033,0.3594287036793845,False
3365,1529765.0,-0.5896677131021637,0.030831821186792573,0.1488125473466578,False
3366,1529772.0,0.3656772734199141,0.026636857500230964,0.13777069960944294,False
3367,1530024.0,1.2653889891098442,0.07011625504716712,0.24123226157789582,False
3368,1530158.0,-0.3599517350254148,0.11840485233552023,0.31774651967912787,False
3369,1530185.0,-0.14062415164064673,0.3727561408361458,0.6095612999060503,False
3370,1530690.0,0.40559838874111487,0.015497421665350794,0.09948226621962324,False
3371,1532934.0,-0.36003306153552955,0.012389257262827517,0.08755559087759941,False
3372,1533610.0,-0.17461371301260414,0.21740784409985325,0.44741804443637756,False
3373,1534726.0,0.24114186798633358,0.128145324195858,0.3322897486056688,False
3374,1535312.0,-0.12278189230562142,0.8402015795220453,0.9188613422073829,False
3375,1535410.0,0.537269018492645,0.20488283880566432,0.43059113557318224,False
3376,1535498.0,-0.2269466731123,0.32664585652540873,0.5672135758488097,False
3377,1535509.0,1.314684308700811,0.059818441311738774,0.22018622598810594,False
3378,1535602.0,0.69236347254261,0.2278971878152899,0.4604790090676508,False
3379,1535729.0,0.10644683024814547,0.7915015094290964,0.8975671777314561,False
3380,1536403.0,1.6048365813474388,0.0007708387202063555,0.017252483108948433,False
3381,1537102.0,-0.1684313680330465,0.7954442537795166,0.8989182226669485,False
3382,1538109.0,0.10456200134077451,0.7271164377192461,0.8625121769689014,False
3383,1538194.0,-0.5481836985666952,0.1419598581612535,0.35093925309505963,False
3384,1538309.0,-0.9818904580828259,0.039581515804005804,0.17097387745821052,False
3385,1538386.0,0.029216235205321392,0.8430935601473781,0.9201608246415135,False
3386,1538469.0,0.12392509490144499,0.3864934122194934,0.622074481170937,False
3387,1539419.0,-0.00398830543317355,0.9812061046118188,0.9890900550232218,False
3388,1539688.0,0.04011874142831283,0.7765442262817821,0.8895512427489178,False
3389,1539742.0,0.049568625198793424,0.7232330579323895,0.8595965010244265,False
3390,1540323.0,0.2760596968150519,0.05218606606085707,0.20307186763937837,False
3391,1540462.0,-0.06909168551693935,0.636416763920449,0.8081693308414779,False
3392,1540677.0,0.2873744039756613,0.5229971330032797,0.7320702124504196,False
3393,1540888.0,0.5003733844590184,0.027664093572187597,0.14085000252562582,False
3394,1541188.0,-0.34394979089973154,0.017077928126777584,0.10581102158457231,False
3395,1541779.0,-0.33685779814970174,0.020241146969290292,0.11745214994264298,False
3396,1541995.0,0.8447836780852314,0.19282206571778826,0.41471835216298625,False
3397,1543261.0,-0.189157244585452,0.5328610288101885,0.7390068311913373,False
3398,1543646.0,-1.2609014323760155,0.05155383080905493,0.2016443634568584,False
3399,1544118.0,0.4918661890964838,0.2865527896801504,0.5269963794939642,False
3400,1545537.0,-0.16850925032293343,0.7694569568284071,0.8862295526348039,False
3401,1546118.0,-0.23469465268399217,0.5299070296120049,0.7366203605117136,False
3402,1546126.0,0.32135721566784325,0.22687216492159645,0.4595730031623265,False
3403,1546419.0,-0.3243332579060824,0.025119889501032618,0.13399119075307017,False
3404,1546578.0,-0.016684610423241486,0.9287560987121063,0.9647338571943824,False
3405,1546593.0,-0.30899616049068696,0.03279206888290489,0.15367926520594247,False
3406,1547283.0,-0.3815305395653648,0.014132226205710443,0.09417146437261317,False
3407,1547532.0,0.2141798313191651,0.17793639300029115,0.3962863245831269,False
3408,1548239.0,0.29125562586824627,0.0525222629443579,0.20376310373874373,False
3409,1548426.0,0.14586511482814235,0.8106724304801451,0.9050549452701816,False
3410,1548831.0,0.31046067874167466,0.03809707517727778,0.16695347236550273,False
3411,1548975.0,0.27151410643381846,0.07250567607082449,0.24573957614793043,False
3412,1549084.0,0.32615706859641813,0.028328303977035427,0.1421702523601865,False
3413,1549587.0,-1.2126314181637396,0.02589938306729585,0.13561881485552169,False
3414,1550146.0,-0.5401226871003945,0.16604813388199513,0.3797297008979391,False
3415,1550479.0,-0.14781134998865772,0.820037329426935,0.9096405273919884,False
3416,1550683.0,0.21752789442168463,0.7377331539816632,0.8689431224590248,False
3417,1551619.0,-0.3355766188376692,0.5814495692485506,0.7721598163683966,False
3418,1552325.0,0.5442695619374625,0.29653760751615676,0.5366648432123844,False
3419,1552999.0,0.73026436880049,7.389333975064676e-05,0.004179227551873104,False
3420,1553114.0,-1.0493027121185028,0.1333960757814092,0.33840018756887047,False
3421,1553246.0,-0.7123751413262281,0.00012213811134995206,0.0056417412710797,False
3422,1553929.0,-0.43288891282067354,0.07212304814692323,0.24511449205850083,False
3423,1554011.0,0.4583175143041058,0.48030713268995073,0.699079367839825,False
3424,1555697.0,-0.4799923946385177,0.4034403151224587,0.635701062658483,False
3425,1558713.0,-0.8004405942409126,0.04116125447402149,0.17487491871448269,False
3426,1559570.0,-0.44494003784268776,0.43885573966392805,0.666316107997804,False
3427,1560115.0,-1.223660608868173,0.0244968879314631,0.1319514465869307,False
3428,1562814.0,-0.4681468185538469,0.34927450468539045,0.5877189192931195,False
3429,1563754.0,-0.7244951082560567,0.23349837825920772,0.46649466194945255,False
3430,1564081.0,-1.1961860334295484,0.02794451318437162,0.14117638128575358,False
3431,1564507.0,1.8024089979792666,4.923449997632057e-05,0.0029857011019159764,False
3432,1565855.0,-0.49408917414511133,0.38985571635534205,0.6249270002932809,False
3433,1567112.0,0.1058212847279034,0.5036158451110684,0.7170448581690252,False
3434,1568263.0,-0.7243029735603448,0.011337326341676167,0.08349164005352429,False
3435,1569051.0,-0.5727743711967066,0.3777850844537238,0.613826919875351,False
3436,1569769.0,-0.3741874537538352,0.36163341999641196,0.6004176772806747,False
3437,1571466.0,0.042435630302542215,0.7802374459681208,0.8915346966217662,False
3438,1571494.0,0.7505193089749282,0.01416422580064697,0.09426895834826662,False
3439,1572075.0,0.01721162114957303,0.9093684291972539,0.9554001450770607,False
3440,1572234.0,1.1663753630118123,0.05460778175343932,0.20850069325838333,False
3441,1572344.0,-0.4387354296200702,0.2047422933089009,0.4304624431276621,False
3442,1573886.0,-0.5651017333936472,0.14725701326435617,0.3578484921429694,False
3443,1573963.0,-0.47731968316638645,0.49550636173935675,0.7106251230916525,False
3444,1574126.0,0.6039594539881822,0.06426847497953826,0.22911239518152135,False
3445,1574433.0,-0.5049334700137209,0.24698120147270972,0.4814202960960131,False
3446,1574705.0,-0.10299761344173004,0.6088591526346341,0.790261187075605,False
3447,1574815.0,-0.024029941746220102,0.8729345336242149,0.9359644767375398,False
3448,1574858.0,0.018150871344566638,0.9039406941851865,0.9524622683955394,False
3449,1575993.0,-0.050471862879182317,0.7396894518691477,0.8696415508718299,False
3450,1576057.0,-0.01080650980195989,0.9436119205767355,0.9714441765800895,False
3451,1576619.0,-0.6405994181673866,0.36011555733234374,0.5987774783602261,False
3452,1577212.0,-0.04148763305911575,0.7847673302137745,0.8940951504412952,False
3453,1578743.0,-0.021356612050351373,0.8876061964860301,0.9438061448174616,False
3454,1579735.0,-0.49085762097348856,0.3929928670639935,0.6277303684196707,False
3455,1579826.0,0.638068232877989,0.13199240753926592,0.33707316069417304,False
3456,1580330.0,0.07861254752252109,0.5694347935435822,0.7638028430369895,False
3457,1580889.0,0.7514007013507591,0.014107640202674708,0.09406537739559825,False
3458,1580905.0,-0.6600096754389939,0.22668486520925954,0.4595077893270798,False
3459,1581486.0,-0.6338920758373701,0.3652251178997315,0.6036112446409234,False
3460,1582000.0,-0.611920822324481,0.23752334177297463,0.47099040150241483,False
3461,1582279.0,0.39213421638060975,0.06874459061483193,0.2386926375861392,False
3462,1582438.0,-0.10613218237695482,0.5780998205554719,0.7695944998932607,False
3463,1582595.0,0.008652827276317832,0.9545152246560125,0.9771088988722194,False
3464,1583072.0,-0.5595266441447956,0.42427791299801926,0.6551261373532715,False
3465,1583435.0,-0.003816799545609248,0.9783403589728977,0.9876206264903566,False
3466,1584033.0,0.005056369580283923,0.9715126645730637,0.9848496426915022,False
3467,1584417.0,0.3358776836384625,0.578760312520931,0.77000161691564,False
3468,1584877.0,-0.14707049040590187,0.40138098629961344,0.6336519206344247,False
3469,1585103.0,-0.13367278969887395,0.44679009287514454,0.673504576886501,False
3470,1585120.0,0.24818672717633283,0.24925780103967884,0.48376424643048704,False
3471,1585654.0,-0.12916686190856716,0.45977283667951674,0.6830074538552383,False
3472,1586362.0,1.0807244064892,0.09546828792721526,0.2842531986543551,False
3473,1586382.0,-0.16292168723864808,0.3517460654649639,0.5908722101557049,False
3474,1586485.0,-0.5116472403528936,0.37336674025657507,0.6099166238502818,False
3475,1587145.0,-0.9945741903439362,0.0023877936617898183,0.032768015421907055,False
3476,1587420.0,-0.1297729065915819,0.45766783665383975,0.6814438969259442,False
3477,1587837.0,0.40215768653206097,0.3266024946289756,0.5672135758488097,False
3478,1588229.0,0.6544246522135542,0.145212646168765,0.35455041153149097,False
3479,1588297.0,-0.9784688838570976,0.0028056943523668007,0.035765868597620036,False
3480,1588655.0,-0.31838225804917575,0.36603077459040173,0.6038227492892858,False
3481,1590428.0,0.5974144529943797,0.01311275043340168,0.0906105721820411,False
3482,1590816.0,0.24486045137665768,0.6520098136739425,0.8170822589968421,False
3483,1590869.0,-0.34165081553667986,0.06052622273461371,0.2212162113751622,False
3484,1590907.0,0.5903027762453941,0.013477086824596952,0.09203360463118215,False
3485,1591050.0,-0.8436892190567329,0.030137222455382834,0.14750947284750873,False
3486,1591405.0,-0.08634140011291061,0.6349903770809919,0.8072311284230499,False
3487,1591470.0,-0.7853741321265182,0.028208350584676724,0.14182803519728887,False
3488,1591777.0,-0.046320124867615525,0.7984264879855466,0.900365627164254,False
3489,1592570.0,-0.6982277557549752,0.25083651525039063,0.4854395387846301,False
3490,1592734.0,-0.049492394050598035,0.7575997706629547,0.8801872312551067,False
3491,1593793.0,0.7538683763750398,0.2150196986716217,0.444171555479169,False
3492,1594016.0,-1.235685469811934,0.056383521027701486,0.21229383307516464,False
3493,1595910.0,0.5365539811745448,0.19347297729147236,0.41562421699959085,False
3494,1597959.0,0.3399189500270927,0.36622060070846624,0.6038773538949417,False
3495,1598005.0,-0.6338323090874927,0.003775028934794184,0.04317437602051548,False
3496,1598102.0,0.6379925886205277,0.003880711492048945,0.04393182580819599,False
3497,1598580.0,-0.42855334922219007,0.09054699376114805,0.2762472223938342,False
3498,1599949.0,-0.7947745968890404,0.00038124276290138405,0.011545031180702821,False
3499,1600804.0,0.24935025852652093,0.4463102099789225,0.6731419264084686,False
3500,1601361.0,0.5291727367093985,0.19994656297513444,0.42480369781458444,False
3501,1601487.0,-0.7645852249580027,0.0009991423602590524,0.019733868999018543,False
3502,1602197.0,1.3421609693553722,0.0005206320057242235,0.013527767639524669,False
3503,1602334.0,-0.5112543597206863,0.37355252675993034,0.6100365093995853,False
3504,1602381.0,0.4592089972540341,0.004171318942259051,0.045783283233793735,False
3505,1602560.0,0.21499012959379676,0.30870770661996216,0.548359050132497,False
3506,1603455.0,-0.4830318560950272,0.05464937590761061,0.20858613765018044,False
3507,1603561.0,0.09646519614047835,0.6455684836240254,0.8131406230841026,False
3508,1603617.0,-0.46753671577095157,0.4159404109569373,0.6475022459397037,False
3509,1603973.0,-0.394005142626672,0.5737618765571637,0.7669234293840675,False
3510,1604703.0,-0.2235780814521522,0.1427901525604995,0.35155071581860337,False
3511,1605371.0,-0.8406001295692909,0.14299472707015293,0.35188118180617334,False
3512,1607251.0,-0.528764828432006,0.0672979334545129,0.23527184143276572,False
3513,1608023.0,-0.5740680461474168,0.22996247270667872,0.4628671687800848,False
3514,1608143.0,0.4148797347722424,0.5229785260586584,0.7320702124504196,False
3515,1608608.0,0.48895761296048307,0.45148286785951436,0.6776613012465471,False
3516,1608620.0,0.6458430029621791,0.009327817496800742,0.07442983474681167,False
3517,1609087.0,-0.4181799558270871,0.09635812155673652,0.2855745700049658,False
3518,1609287.0,0.4040270518838833,0.3658859989311885,0.6037929602983924,False
3519,1611623.0,2.2787996094343006,0.0003932768672008791,0.011654825665894484,False
3520,1611754.0,-0.5088147605102815,0.08492891470841385,0.26722948677547714,False
3521,1612064.0,-0.5332414397242081,0.0711090417273946,0.24319113041930318,False
3522,1612068.0,0.4903302617409246,0.10136822746157828,0.29302243923017274,False
3523,1612372.0,-0.4969338881741572,0.0925684196726274,0.27906174656312766,False
3524,1612680.0,-0.5439107873489222,0.0236465369361345,0.12931141483211084,False
3525,1613565.0,-0.2852963141001547,0.41818710536977266,0.6494606576229965,False
3526,1613737.0,0.5231604752607097,0.019278174265553966,0.11373655879198998,False
3527,1615164.0,0.6479377503318992,0.2592642130740898,0.49591419082277444,False
3528,1615888.0,0.1721458296240564,0.23982505111105404,0.47332744178372577,False
3529,1616168.0,-0.6250869258402928,0.04404101286223714,0.1826768034465358,False
3530,1616242.0,-0.1186098644406214,0.7070640309436713,0.8510012258447226,False
3531,1616594.0,0.09231372609763312,0.5768465294343854,0.769057857652942,False
3532,1617472.0,-0.003959245984164125,0.9835482546446065,0.9901168333016087,False
3533,1617972.0,2.261940376899874,0.00043542526282218917,0.012250606370243543,False
3534,1618056.0,-0.3907155160069574,0.3060587299278463,0.5457971929303058,False
3535,1619117.0,-0.3232926683939993,0.5539579852423467,0.7537244835554868,False
3536,1620105.0,-0.2677513647655766,0.4166033150509324,0.6477910019879489,False
3537,1623345.0,-0.47378512235359993,0.4096794797292126,0.6416203653817057,False
3538,1623352.0,-0.34870740347625595,0.5913878516482057,0.77868936555571,False
3539,1623639.0,-0.48663398255189005,0.3970070467010631,0.6306041214697389,False
3540,1624697.0,-0.14279428621860518,0.29337263627948323,0.5337847748598376,False
3541,1625751.0,0.034315004534393304,0.9203454282552477,0.9605099470047925,False
3542,1626081.0,-0.28551880644788474,0.4894945468751497,0.70724495126095,False
3543,1629100.0,0.07271061842068845,0.6306861410170723,0.8052338344789838,False
3544,1629697.0,0.3837034718328347,0.5838124600940778,0.7733110743528023,False
3545,1630064.0,0.09105998527584819,0.8347325787580673,0.9168291148860488,False
3546,1631493.0,-0.7670632542315494,0.0013551615693441733,0.023649965973040196,False
3547,1631628.0,-0.11166147650586628,0.5724668990348091,0.7655695686858263,False
3548,1632374.0,0.9397085265507316,0.071073373035816,0.24319113041930318,False
3549,1632633.0,2.259492088499304,0.0004413525888654327,0.01231189744693833,False
3550,1634035.0,-0.17425102625790376,0.7497524508461824,0.8760347376186378,False
3551,1634435.0,-0.2956693438218695,0.46259137241261516,0.6848347019929697,False
3552,1634623.0,0.16861232280060356,0.24633549901046137,0.4808437046859483,False
3553,1635275.0,0.10317362383861377,0.5846288137825446,0.7738171201208036,False
3554,1636906.0,-0.6775418290709083,0.26529524415217387,0.5019661626759364,False
3555,1637604.0,0.5947258232205019,0.010044807281557823,0.07829970667529697,False
3556,1638801.0,-0.8660728619545784,0.08083957984234465,0.26006832275006275,False
3557,1640342.0,0.9480945916778409,0.0005209218676482093,0.013527767639524669,False
3558,1640509.0,-0.46713786005991614,0.41631337654178796,0.6477473637553988,False
3559,1640643.0,-0.4779758723331064,0.4055199427293312,0.6380581420572474,False
3560,1641503.0,0.958578617244762,0.11469367720948559,0.31266640295609466,False
3561,1642578.0,-0.12559757578404898,0.41017019850203384,0.6421109755897861,False
3562,1643042.0,-0.020110436473211618,0.9679553330644887,0.982842498209592,False
3563,1644384.0,0.1996954925620691,0.6675971748802079,0.8286970763338929,False
3564,1645662.0,-0.804202926992008,0.0005151729223169505,0.013442793441707927,False
3565,1647460.0,0.555014050312366,0.047593166019661876,0.19169470633926775,False
3566,1648207.0,-1.085418268067117,0.0019138124325044335,0.02869396955087794,False
3567,1649120.0,0.5639270447618765,0.1777386200062087,0.396133776891454,False
3568,1651132.0,-0.37222074027629887,0.3190031432586671,0.5589635383491253,False
3569,1652004.0,0.2833842418667971,0.641512824652105,0.8111174414221379,False
3570,1652399.0,-0.4775243169621808,0.40586532226694083,0.6382343273648505,False
3571,1653020.0,-0.18744238106167188,0.5553572706963308,0.754965957847047,False
3572,1653525.0,-0.5231998558376255,0.38978533737752635,0.6249270002932809,False
3573,1653694.0,-0.9823803025492589,0.0062828670195276045,0.058996990914335766,False
3574,1655296.0,0.2689922651452507,0.3000702740541069,0.5405108832798524,False
3575,1655304.0,1.2808238189499,0.0009320103838273929,0.019052679315341527,False
3576,1656004.0,0.46436981290179513,0.0005679800302689934,0.014338193554813776,False
3577,1656141.0,-0.7534841925571579,0.0008619125632148847,0.018273556393940574,False
3578,1656336.0,-0.3237197076177258,0.6181998948275543,0.796978605505119,False
3579,1656634.0,0.039889325724485225,0.9105463066531763,0.9560074914925805,False
3580,1656728.0,0.25048149168497336,0.33053168542790534,0.5702354490336796,False
3581,1656751.0,0.32595612067210505,0.1767842363633838,0.39485450323550025,False
3582,1656758.0,0.6591354025582155,0.11957720010589175,0.31950195031525563,False
3583,1657680.0,0.3373711939585876,0.148420571288531,0.3585017883308503,False
3584,1657767.0,0.37319712389017856,0.1635740503518966,0.37647479856053967,False
3585,1658314.0,0.2833117821158918,0.6416458286035834,0.8111174414221379,False
3586,1658431.0,-1.1418050615347086,0.028033781528598915,0.1412751617887378,False
3587,1658685.0,-0.5178543582574268,0.08593462054177399,0.26897932698412824,False
3588,1659167.0,-0.823199850798995,0.04028423003520991,0.17284004625778795,False
3589,1659435.0,-1.1143541659791258,0.03211214446524977,0.15200333440212382,False
3590,1659519.0,0.11085619183881357,0.831792424761161,0.9157011126139046,False
3591,1660046.0,0.5392528475890341,5.4396633798062365e-05,0.0032266418572566504,False
3592,1660708.0,-0.7497125663768567,0.023283966575190985,0.12835633482892403,False
3593,1661109.0,-0.2397639918444917,0.49945932341097254,0.7137363398274911,False
3594,1663260.0,-0.6193404248197565,0.0035487015025717195,0.0415995192337106,False
3595,1663379.0,-0.4897508833651286,0.3940114956889423,0.6284153373058284,False
3596,1663426.0,0.36701102427670174,0.19105652867862033,0.4115734508446961,False
3597,1664122.0,-0.2141577875749664,0.6341895045449705,0.8069972584018583,False
3598,1664606.0,0.16885048907206715,0.23852356295793176,0.4717881333652239,False
3599,1665788.0,0.6639441639709346,0.34288646856010385,0.582198794103001,False
3600,1666064.0,-1.133792701967797,0.029184556800602314,0.1447906493370454,False
3601,1666223.0,-0.6909711674113389,0.027956256730589036,0.14117638128575358,False
3602,1667210.0,-1.4943038614603965,0.0011916079462321795,0.021823543854076838,False
3603,1668472.0,0.5651051219990297,0.0030866084830906983,0.03762966742680053,False
3604,1668729.0,-0.49617956153868686,0.3878507623683313,0.6234443988609858,False
3605,1668946.0,-0.35004876247403394,0.5425162540790658,0.745441758744666,False
3606,1668969.0,0.6300487992357422,0.09324409456191492,0.2804571854695343,False
3607,1670954.0,0.1251064128101345,0.3924908073990128,0.6273726570926644,False
3608,1671212.0,-0.33853326092521063,0.09690796215907513,0.28647492626273435,False
3609,1671378.0,-0.43787057644739974,0.12751174392212122,0.3316894273363589,False
3610,1671585.0,0.4782596889586287,0.2433296699457996,0.47733771965853083,False
3611,1671863.0,0.2545325143000199,0.5691345636885254,0.7637132956823862,False
3612,1672587.0,-0.3329020409184493,0.03516641814611076,0.15925384604757292,False
3613,1674067.0,0.32290448046475195,0.0409283443635859,0.174392823072739,False
3614,1674881.0,0.48545843113568266,0.48816344218863184,0.7062438399262008,False
3615,1675487.0,-0.35683804460841967,0.08353195570878814,0.2644325981974031,False
3616,1675922.0,0.6830487832682298,0.042152198326655684,0.17741842296853333,False
3617,1675927.0,-0.3318736928045479,0.10944777571786236,0.30502069458726466,False
3618,1676263.0,-0.6225431158846327,0.035874281074612255,0.16165019554375926,False
3619,1677197.0,-0.3831708528085369,0.0070263210470586064,0.06296356823387275,False
3620,1677593.0,1.09321212460089,1.623590845104854e-05,0.0015719243144312362,False
3621,1677615.0,-1.0089940172003253,7.195238422477424e-05,0.004132503337354097,False
3622,1677802.0,-0.7879085974337161,0.021002445944466645,0.12043399404500021,False
3623,1678456.0,-0.31382622376709557,0.08054473467029197,0.2597783658685711,False
3624,1679055.0,0.36989789134937145,0.04259807406752044,0.17853362702816,False
3625,1679501.0,0.4092737357606769,0.024464301804996258,0.1319514465869307,False
3626,1680262.0,-0.25662797746993093,0.06650748459991666,0.23378845379925367,False
3627,1681211.0,-0.2896901445288491,0.04381405887579141,0.1818744203046714,False
3628,1682979.0,0.24114368127088562,0.1515480944443262,0.36202785325553716,False
3629,1683448.0,0.6055514369363264,0.06145793357188748,0.2228953788582822,False
3630,1684160.0,1.3528765588103921,1.3541984030629956e-05,0.0014140016559641175,False
3631,1684933.0,0.6138434880352999,0.0012077714038168782,0.021970290598546605,False
3632,1685036.0,0.11028876222190451,0.4627231457846667,0.6848731589163564,False
3633,1685162.0,-0.09220149478444598,0.5362261716598139,0.7414949163525197,False
3634,1685442.0,0.5888265059081218,0.06889177403567855,0.23899655070543008,False
3635,1685789.0,-0.35297400165173987,0.02998938841216907,0.14703469341196712,False
3636,1685875.0,-0.6315059622509401,0.3669844647083106,0.6045858801652316,False
3637,1686635.0,0.6138582307579619,0.057919501112143515,0.2153955717580738,False
3638,1686899.0,-0.40837290275668087,0.5598635560804294,0.7587406008522303,False
3639,1687182.0,-0.4607632731206135,0.5105159195834775,0.7234530426995625,False
3640,1687857.0,-0.3146364515196704,0.5841450583044866,0.7734684810801661,False
3641,1688641.0,-0.34698605689404644,0.52524560586832,0.7333171770676031,False
3642,1689917.0,-0.7831899036996115,0.19775010927548345,0.4218073169945712,False
3643,1691714.0,1.5539270329657944,0.010263545363487997,0.07873553704640437,False
3644,1692040.0,0.501973563059878,0.3156441242665107,0.5552854799303621,False
3645,1692243.0,0.6644473152452341,0.2023541021312583,0.4275946619884775,False
3646,1692665.0,0.2175228560350973,0.7377286332173724,0.8689431224590248,False
3647,1692751.0,-0.41827327720703583,0.011025840201217935,0.08203255338191959,False
3648,1692826.0,1.600582499820014,0.021738503296839084,0.12309413317015558,False
3649,1693774.0,-0.4101091605945116,0.5003614461337598,0.7140935016709332,False
3650,1695617.0,-0.5476794530660134,0.36802960031106563,0.6052054705918221,False
3651,1695778.0,0.5327669454359456,0.32921681551477144,0.5690049340956084,False
3652,1695981.0,0.3049294224195518,0.05698598811804036,0.21367285009372297,False
3653,1697541.0,-0.3463652650769751,0.02772988196363256,0.14085000252562582,False
3654,1697726.0,-0.3214501660394885,0.5561506755258422,0.7555430172179352,False
3655,1697830.0,0.24897470268403754,0.5776296683723662,0.7695348613380013,False
3656,1698143.0,0.48984378119105765,0.003917689389809589,0.044118948802842776,False
3657,1699359.0,0.05306232250841095,0.8574413299304843,0.927783655940531,False
3658,1699447.0,-0.1480211854253508,0.2514414644612861,0.4860903110823261,False
3659,1700343.0,-0.5656667391266303,0.002453606221583975,0.033258563881772396,False
3660,1700672.0,-0.42455785340033514,0.20821105518087252,0.4350192198518131,False
3661,1701078.0,-0.08064926520249144,0.5381645793781008,0.7427560723648168,False
3662,1701314.0,1.1510435199115339,0.001646699581593821,0.026405252002885255,False
3663,1702019.0,0.12173513197853633,0.5848568323666928,0.7739165861091296,False
3664,1703676.0,0.11461369327482496,0.7110774747591436,0.8526441838383906,False
3665,1703800.0,-0.6337869451001208,0.01025420269066036,0.07871949802483606,False
3666,1704457.0,1.3859384412077527,8.360553297236842e-05,0.00451511472843313,False
3667,1705037.0,-0.5333822380754301,0.0036599476143681677,0.04235472425795998,False
3668,1705473.0,0.012714444147480283,0.925447046067385,0.9633417419506584,False
3669,1705494.0,0.38187670569470167,0.3312878290948976,0.5709954564663566,False
3670,1705643.0,-0.2257114066605733,0.11143420157818644,0.3075561297053684,False
3671,1705770.0,1.0557948209088788,0.0053935721798806435,0.053762374667221655,False
3672,1706475.0,0.3307979607938096,0.23414425814950737,0.4667834567884118,False
3673,1706524.0,0.2240696180715422,0.6162360748081477,0.7955807079022886,False
3674,1706906.0,-0.04120752811600259,0.9494235973154893,0.9744762975376018,False
3675,1707270.0,-0.8579282993953629,0.15807776356455447,0.3697337046958067,False
3676,1707334.0,0.021911646160256024,0.872117042013908,0.9353993663007942,False
3677,1707339.0,1.1462229086810192,0.0017264776022295992,0.026964527296999684,False
3678,1707371.0,0.024107678577278552,0.8603928657400797,0.9290381030632684,False
3679,1707992.0,-0.08644484673879615,0.8289597611873364,0.9140028651791301,False
3680,1709215.0,-0.3121393815551869,0.6080075044270938,0.7900312976485641,False
3681,1710377.0,0.1889962285797835,0.17260836371964186,0.3891305894448001,False
3682,1711187.0,-0.4161695926678336,0.0026867883204521603,0.0349428741761835,False
3683,1712078.0,-0.1726127699883564,0.21805942594495253,0.4482172067094224,False
3684,1712399.0,-0.6211551019455772,0.2141093962997845,0.44334165363298783,False
3685,1712935.0,0.14593575413440546,0.3005834482811446,0.5410103351171985,False
3686,1713062.0,0.8685255481953473,0.0019871377287110133,0.029517618135634895,False
3687,1713291.0,0.32802243206149184,0.41536911388631964,0.6470768845057405,False
3688,1714826.0,0.9264351921863723,0.0010924743260882675,0.02080790363117686,False
3689,1714920.0,1.1536084755960587,0.002520205367269575,0.03381561095390759,False
3690,1715328.0,-0.5081321079869883,0.15167863007462698,0.3622454537681232,False
3691,1716989.0,0.42469119710303144,0.09655736547007944,0.28582770716599737,False
3692,1717523.0,-0.11767280505322325,0.39056980147130743,0.6254994386206908,False
3693,1719057.0,-0.0967091767154049,0.4899789349312175,0.7075590446558955,False
3694,1719075.0,-0.052622866257757805,0.8068291474539863,0.9042050790432604,False
3695,1719464.0,1.260131252313263,0.0007272190721866675,0.016618869533865845,False
3696,1719896.0,-0.5258079872293648,0.18063105101158436,0.39909425172618523,False
3697,1720293.0,-0.2814756370178733,0.6437446130054199,0.8120683061213054,False
3698,1720328.0,-1.5285673194332041,0.004868303322395931,0.05042503107309908,False
3699,1720687.0,-0.11868051811069268,0.39095848355996876,0.6256603772731034,False
3700,1720757.0,-0.688789971836889,0.04990196462904378,0.19769555695192348,False
3701,1721434.0,0.47520489937580185,0.40825090086601895,0.6404500487700866,False
3702,1722378.0,-0.9090414259855919,3.867843515698013e-06,0.0006266483785507751,False
3703,1722662.0,-0.8874617145822878,7.670459947570298e-06,0.0009621016206474894,False
3704,1722755.0,-0.911485867157086,3.677344547249964e-06,0.0006141165393907439,False
3705,1722854.0,0.21273599261260173,0.29289124162493013,0.5334453737984256,False
3706,1723512.0,-0.9822483810997246,0.0004480162018409544,0.012374595091561223,False
3707,1724457.0,-0.37145216831304706,0.4964617046136124,0.7113399188406974,False
3708,1724711.0,-0.38866500211589894,0.1713141524601646,0.3875813099114395,False
3709,1724790.0,1.2391720955986982,0.0008912856046360247,0.018605586996777015,False
3710,1724928.0,1.1924176296267506,0.0017752762335776606,0.02737304476631464,False
3711,1725822.0,-0.37289975425651495,0.2931446988579747,0.533576680998672,False
3712,1726194.0,0.310514377114715,0.5890626979629587,0.7772305319542867,False
3713,1726406.0,0.6674094415264917,0.34030196088302633,0.5792657653105301,False
3714,1727654.0,1.2794641879750217,0.0005939461638807912,0.014855496794760342,False
3715,1727855.0,-0.6685615208775095,0.0750031052576079,0.250048743111589,False
3716,1728818.0,-0.9331774082385491,0.005351684644149842,0.05348088858196953,False
3717,1729103.0,0.10370307035885426,0.7828227487614609,0.8929567708312145,False
3718,1729449.0,-0.729611854289073,0.00472812508872915,0.04937258485597864,False
3719,1729586.0,0.18041124880232898,0.6247436491524954,0.8010127785645409,False
3720,1729821.0,0.9467062297491209,0.0008293192566181428,0.017863091441371597,False
3721,1730396.0,-0.7007304628284518,0.007127282301678972,0.06341528638092234,False
3722,1731999.0,0.414426487171239,0.4479341127008872,0.6743862404116686,False
3723,1732241.0,-1.0573565262878641,0.13047092010304748,0.33489284410465364,False
3724,1732491.0,0.08981599662303555,0.8633598333951319,0.9306903380834739,False
3725,1732935.0,-0.6669524540981566,0.017829714162066884,0.10863276157990673,False
3726,1733101.0,-0.4206769505251846,0.4641972580247731,0.6861226909714777,False
3727,1733156.0,-0.8113738592143467,4.5848436708841905e-06,0.0007009644795415196,False
3728,1733349.0,1.2388663862650833,0.007369824380355435,0.06472446897148726,False
3729,1733987.0,-0.766377183861556,0.0015395740006067843,0.025424026061460332,False
3730,1734246.0,0.8643261352879859,0.0002331009559894618,0.008501201541035536,False
3731,1734370.0,-0.7168251738508742,0.15148412539786635,0.36202785325553716,False
3732,1735301.0,1.034952079150402,0.11044993276575459,0.30636415759559255,False
3733,1736411.0,-0.5544914593071066,0.20363728793014702,0.4288036392787092,False
3734,1737295.0,-1.3109105932787706,0.003357265878900544,0.039942223299881154,False
3735,1737606.0,0.734401021142483,0.004427676760375678,0.04762061991330124,False
3736,1738033.0,1.089127782910564,0.012148995707745606,0.0865905111014961,False
3737,1738483.0,-0.10063182215489207,0.8406414677781908,0.9192266679492557,False
3738,1738565.0,-0.061407984888106774,0.8396662625703413,0.9185304121939992,False
3739,1738714.0,-0.024452259642957094,0.8865280786112534,0.9433646008553235,False
3740,1739041.0,-0.4170999786882717,0.04112280698535447,0.17484844098159918,False
3741,1739224.0,0.13042441713536843,0.7705706119547697,0.8869541048871736,False
3742,1739283.0,1.234356903766116,5.2464200003673404e-05,0.0031638827279993043,False
3743,1739546.0,0.7164528152581315,0.005523701489289566,0.054459382076510666,False
3744,1739811.0,0.4536552700686567,0.38444535381702677,0.6202476300520693,False
3745,1739814.0,1.0720499281829132,0.013584938507174281,0.09239630795449676,False
3746,1739844.0,1.5704310596927322,0.003795320405772924,0.04317437602051548,False
3747,1739895.0,-0.7416491072553044,0.025039752948963996,0.13380703716580272,False
3748,1740783.0,-0.6002750225896634,0.012980796668730274,0.09004135031107816,False
3749,1741603.0,-0.8488086716857417,0.00909856151134424,0.07365017539570598,False
3750,1741986.0,0.3723664877408523,0.4927548738625679,0.709583781911012,False
3751,1742048.0,-0.044999449605864675,0.7625719015019599,0.8825440483035005,False
3752,1742246.0,-0.6476076579653456,0.35492797724307457,0.594375685432517,False
3753,1742328.0,1.1018034091126458,0.013889848948863104,0.09335870609282292,False
3754,1742513.0,0.24717003959643194,0.648908582862745,0.8154552751765567,False
3755,1743398.0,-0.22652834097533206,0.1146971549121298,0.31266640295609466,False
3756,1743709.0,0.2786039430701897,0.06885451978763898,0.23894367400729574,False
3757,1744039.0,0.3899443209650656,0.5777192965409552,0.7695598188675996,False
3758,1744184.0,-0.04303857690147576,0.8893522846684888,0.9442409086537995,False
3759,1746376.0,1.0162194368391675,0.11704576287930944,0.31612780331239493,False
3760,1746443.0,-0.8995311723867394,0.08402664586614647,0.2652251354687467,False
3761,1746541.0,-0.8796004746984967,0.006816405952813755,0.06190981860209616,False
3762,1747233.0,1.0239705169115991,0.11425227264576654,0.3119236467730875,False
3763,1747763.0,-0.6185792903856333,0.3768876498552531,0.61317677445725,False
3764,1748152.0,0.9972068340224332,0.008668655202691668,0.07166660489354003,False
3765,1748807.0,-0.13346860130327884,0.5994541925116843,0.7831151214242561,False
3766,1749427.0,-0.10205485027863215,0.471435318149141,0.6919186558286812,False
3767,1749429.0,0.10013375527618323,0.45069608204577444,0.6768019618946103,False
3768,1749791.0,-0.007978738239846947,0.9574725097992153,0.9790282680737078,False
3769,1749987.0,-0.09549881382250378,0.7086573217485169,0.8516908279422596,False
3770,1750516.0,-0.008935478025269242,0.9517700372653517,0.9756319096464796,False
3771,1751312.0,1.1204441301881505,0.009867396788364019,0.07738196607035572,False
3772,1751788.0,-0.28175149351951245,0.16920980946675565,0.3847449689488129,False
3773,1752197.0,-0.6771269268673572,0.0160464461979337,0.10174309198514621,False
3774,1753012.0,1.0174608950439847,0.11667525905693273,0.31568044293694036,False
3775,1753447.0,-1.0847953654838431,0.056882592102190994,0.2135064098441505,False
3776,1753746.0,0.28717690495085757,0.15995828056092437,0.3718088084558531,False
3777,1754146.0,-0.5321046585031801,0.3817799460929553,0.617545413188176,False
3778,1755381.0,-0.5499742642517087,0.00903613199157011,0.07341857243150714,False
3779,1755411.0,0.23232211768360428,0.740134437027188,0.8699685234358555,False
3780,1755571.0,0.21912700948733072,0.23124080948735548,0.4640634104243379,False
3781,1755576.0,-1.0719450324460518,0.05990131543847698,0.22023688258087454,False
3782,1755744.0,0.1441478722712088,0.2879847762118552,0.5282067921529232,False
3783,1755877.0,-0.8814475572899092,0.057297781231280646,0.21447152250536256,False
3784,1756150.0,-0.05022390001234708,0.8422358238777787,0.9196730578607071,False
3785,1756257.0,-0.8273945730423249,0.06526132116195085,0.23121288613795576,False
3786,1757585.0,0.040634335248658116,0.8711182448665129,0.9349878822697218,False
3787,1758309.0,0.4854128443996827,0.42501560074858546,0.655657173883304,False
3788,1758400.0,0.22027792382183103,0.5555878091561886,0.7551847819171583,False
3789,1758528.0,-0.33502808705190185,0.33285480637506143,0.5727867665189113,False
3790,1759731.0,-0.6422511378610828,0.02580974327741857,0.1354731952734795,False
3791,1759843.0,-0.01717493331775681,0.9494063397151665,0.9744762975376018,False
3792,1760004.0,0.8122035857209433,0.13645702795879885,0.3428005180497018,False
3793,1760135.0,0.016189744839504985,0.977538513227243,0.9871783943698692,False
3794,1760833.0,-0.530458511427639,0.3832563064112821,0.6194531277686819,False
3795,1760904.0,0.6580409499537648,0.25189393598253274,0.4867916459124787,False
3796,1761082.0,0.8848260455613322,0.0008937279877332029,0.0186199359775643,False
3797,1761860.0,0.10982579497989578,0.4802974008865807,0.699079367839825,False
3798,1762374.0,0.38022161488661005,0.3948773097649757,0.6291491556581258,False
3799,1762705.0,-0.598181028047759,0.01779121101771111,0.10861844521780321,False
3800,1763040.0,-0.012127745691185687,0.9732562716696131,0.9854208403109459,False
3801,1763326.0,-0.536937432476864,0.19310420757659102,0.41507845014730604,False
3802,1763832.0,0.1372163975429685,0.8216376607990291,0.9102539310470386,False
3803,1764213.0,0.36491527670063095,0.414049350558941,0.6460407791170483,False
3804,1765039.0,-0.28784381460330427,0.3823902888454128,0.6184217201157562,False
3805,1765393.0,-0.889804170497446,0.00700723561495983,0.0628624319011479,False
3806,1765409.0,-0.3211690955825592,0.5764007695289611,0.7689176107234432,False
3807,1765683.0,-1.1620132116712845,0.003670335565569614,0.042384566557721444,False
3808,1765790.0,-0.7198566605989742,0.0889823695848675,0.273595149792233,False
3809,1765968.0,0.5038144904831796,0.11469314739259515,0.31266640295609466,False
3810,1766283.0,0.18067978269710944,0.20225358033534138,0.4274654623325799,False
3811,1766388.0,0.4725521761624961,0.0051228615767175585,0.05213636446447593,False
3812,1766412.0,0.0673618789219182,0.8322191616026073,0.9157363405166045,False
3813,1766642.0,1.7239565661761276,0.00017654381768398306,0.007195300897604854,False
3814,1766648.0,0.8359313565225294,0.23232354224428933,0.46546180344440025,False
3815,1767392.0,-0.568829381111484,0.013266157595754335,0.09152358030880872,False
3816,1767848.0,-1.1611470969756303,0.0036841531360426007,0.04245380285747604,False
3817,1767900.0,-0.7319706810305675,0.019051263312344115,0.11319182444197885,False
3818,1767986.0,-0.1866878775683528,0.1883828203996639,0.4081627775326051,False
3819,1768204.0,1.0001206437034853,0.15263144404713758,0.36359494261701475,False
3820,1768744.0,-1.2145575717939705,0.006650980572507296,0.06098661153368317,False
3821,1768841.0,-0.18574887766700068,0.6705238648585801,0.8306935121022468,False
3822,1769014.0,-0.6681795906902537,0.005973436342069294,0.05739237306614791,False
3823,1769045.0,-0.281931732112056,0.16958420221536863,0.38527344391959534,False
3824,1769229.0,1.1255868780282379,0.0017055896436230416,0.026754588990647567,False
3825,1769236.0,-1.2217878749482303,0.059294804135088204,0.2187780757601572,False
3826,1769311.0,0.060508630200398233,0.7213325329542846,0.8583714805107169,False
3827,1770120.0,1.780381003893114,0.00010592641520302592,0.005156193888021732,False
3828,1770278.0,0.29362678256372965,0.6295739578884618,0.8045709103931309,False
3829,1770455.0,-0.2990006762578316,0.3641178343639949,0.6025151054910312,False
3830,1770456.0,-0.004054819770022505,0.9913430341380932,0.994733650912276,False
3831,1770550.0,0.3058291631479916,0.026930237166001392,0.13855109742703747,False
3832,1770639.0,0.5676943168292454,0.11599509688447115,0.31436713261326094,False
3833,1770773.0,-0.7188505061746283,0.26806722734236915,0.5050980303422005,False
3834,1771167.0,0.693395928187998,0.05285001815411454,0.20466890726468545,False
3835,1771573.0,0.3112442653632851,0.475769481482504,0.695646244813117,False
3836,1772240.0,-0.47587205959162093,0.0013879701794865394,0.023925747448558365,False
3837,1772243.0,1.2165367175050061,0.006541409459698019,0.06043148909363574,False
3838,1773843.0,0.009909809001611564,0.9503974974936528,0.974824230869659,False
3839,1773988.0,0.17765617427453087,0.4262798123006618,0.6563499804998133,False
3840,1774430.0,0.4509637294569623,0.24037408583658945,0.47378841639458036,False
3841,1774661.0,-0.15162616678749236,0.5122712767703003,0.7249940950901707,False
3842,1775208.0,0.9489377710574913,0.0006654726187747302,0.01578899294436435,False
3843,1775939.0,-1.1236367120441055,2.517945986798e-06,0.0005232893959143246,False
3844,1776271.0,-0.39068986464720457,0.007805296277156167,0.06687173724430165,False
3845,1776415.0,-0.03086656782875445,0.859173212207296,0.9288243420486205,False
3846,1776503.0,0.18523140021625756,0.4275398710917379,0.6569854615941131,False
3847,1777143.0,0.47500280488315966,0.001895298182142116,0.028613994112868805,False
3848,1778527.0,0.7492410542165604,0.13373873807800452,0.3391901873450325,False
3849,1779378.0,0.42128254866167947,0.002715077682372733,0.03510660023656462,False
3850,1779571.0,-0.010999702418051482,0.9654203940360634,0.9816610086513893,False
3851,1780187.0,-1.0505308191186538,0.000429367461855187,0.012137457808432435,False
3852,1780521.0,0.09339018122647934,0.775553363638971,0.8891668527990103,False
3853,1781024.0,-0.21198495940825024,0.7276886729271345,0.8630023538319725,False
3854,1781455.0,0.2938799897137425,0.09002639245912715,0.2753554494628981,False
3855,1781868.0,1.2616553518641311,0.0012144539321302832,0.02200278156268354,False
3856,1781967.0,-1.121035556504043,0.004097500802529903,0.04515570681366711,False
3857,1782455.0,-0.27427833410379254,0.053973469900675516,0.20670327583947878,False
3858,1783629.0,-0.6974354756239576,0.022003045822715086,0.12388125643442544,False
3859,1783893.0,-0.905720210902186,0.019865355895639904,0.11587234725801782,False
3860,1784513.0,0.5936994217181478,8.533495427332492e-05,0.004563108022842079,False
3861,1784854.0,-0.37670100102449017,0.01908772185520676,0.11334640084150405,False
3862,1784901.0,-0.4362268534976286,0.44785631598761727,0.6743626453108039,False
3863,1785025.0,0.06994756634466075,0.8337246196906511,0.916719296884299,False
3864,1785281.0,0.4350400112877429,0.2575470298408027,0.4937606868459755,False
3865,1785742.0,0.8970395701177991,0.19979722693369045,0.4247549742195867,False
3866,1785870.0,0.09929582527900027,0.6059786422947447,0.7882442375206057,False
3867,1786690.0,0.008238434744942846,0.9836886363683388,0.9901168333016087,False
3868,1787340.0,0.8791715817103078,0.1753104647789896,0.39261297610396784,False
3869,1787482.0,-0.18771229631766514,0.47089363578323,0.6915865746224441,False
3870,1788033.0,0.4055718771079927,0.2075918762738785,0.4340993675501736,False
3871,1788123.0,0.20637738040278344,0.15802869637478292,0.36969859895436824,False
3872,1788622.0,1.2159448705119624,0.006562975215862664,0.060579163238256135,False
3873,1788838.0,0.08289437397475616,0.6696580960263494,0.8300469512255845,False
3874,1789380.0,-0.18876843510710617,0.1954960127199336,0.4182320098689159,False
3875,1790046.0,-0.6973929199735802,0.12053598301127161,0.32132075038982155,False
3876,1790211.0,0.2047484113797591,0.18244156609461284,0.40124550828571987,False
3877,1790431.0,0.05326924111692562,0.7959048316164888,0.8990163316542129,False
3878,1790655.0,-0.9963757571676237,0.1243992744916407,0.3272792352415802,False
3879,1791094.0,0.10721339371200561,0.4855440711520757,0.7043406243960687,False
3880,1791794.0,-0.22272345692934534,0.128569702753197,0.3324309247616928,False
3881,1792344.0,-0.33896490078030334,0.033578324019067615,0.15497527270874492,False
3882,1792493.0,-0.7814852506615604,0.0002661889985978087,0.009261158909548761,False
3883,1792590.0,-0.23646721302840515,0.10394443736434744,0.2963660793014587,False
3884,1792596.0,1.1219208616095284,0.00027106288800712104,0.009370661303558276,False
3885,1792815.0,0.21289949555801382,0.14797994249312457,0.35822446028811256,False
3886,1792979.0,1.8715157320206446,0.007197228559332045,0.06367857644259978,False
3887,1793472.0,-0.22781416206829996,0.11322841037171748,0.3102053625193882,False
3888,1793649.0,-0.25355267621615085,0.43197429416634137,0.6607131130302432,False
3889,1794083.0,-0.24701259134700096,0.0868956490938339,0.2701954370992744,False
3890,1794436.0,0.19383756657782739,0.1810678419575182,0.3996525873218504,False
3891,1795383.0,0.0938246303627564,0.539978288496519,0.7439585631946982,False
3892,1795674.0,0.21762949748823546,0.4577695897175481,0.6814438969259442,False
3893,1795874.0,0.0799717994783064,0.6446710239661311,0.8125225077640962,False
3894,1795885.0,0.05037224529216189,0.7670279685960802,0.884981635801645,False
3895,1795955.0,0.050847942588832455,0.7458167866605111,0.8737147873084231,False
3896,1796831.0,0.8276480382548244,0.01039903325603702,0.07915954137046413,False
3897,1796963.0,0.32607087059443024,0.2762627377491801,0.5157062800115821,False
3898,1798013.0,-0.057447417313605406,0.7336769171730289,0.866223943431937,False
3899,1799451.0,0.995897697015888,0.12456500982781361,0.3274771571036369,False
3900,1801056.0,0.09153413570153567,0.6653750284299856,0.8267680784807113,False
3901,1801454.0,0.11340430965365339,0.6698667044172932,0.8300688443435751,False
3902,1802306.0,-0.6566255475187306,0.004666949956812403,0.04903545146404932,False
3903,1803193.0,-0.358192848579908,0.14409615194620495,0.3533593008702299,False
3904,1803238.0,0.00594298708871413,0.9730410002397742,0.9853222895784388,False
3905,1804157.0,-1.0896066070318913,0.0006469154807330257,0.015535990140170342,False
3906,1804323.0,-0.3203644779769168,0.10617828159845023,0.3000690566912724,False
3907,1805796.0,0.15177344818576266,0.33648200426282626,0.5758335419002016,False
3908,1806287.0,-0.15214923562963711,0.3411533137427246,0.5802599844370535,False
3909,1806781.0,-0.22958005004352436,0.12521014924707877,0.3284572668141711,False
3910,1807635.0,-0.5420684620951003,0.17779294290866843,0.396133776891454,False
3911,1808441.0,1.7755017480694746,0.005956203986666954,0.057317902726303,False
3912,1808973.0,0.22308370575811362,0.6831608492083271,0.8375548924956393,False
3913,1809944.0,-0.44947988648064324,0.40754095685312114,0.6398793631755347,False
3914,1810414.0,0.26014698902562106,0.09558962767992712,0.28436973464862336,False
3915,1811954.0,0.4908733192537352,0.3929777146737952,0.6277303684196707,False
3916,1812148.0,1.688426245008062,0.0006598200684758564,0.01574142163363829,False
3917,1812760.0,-1.0373951565807922,0.13793138456339232,0.34514642218433006,False
3918,1812941.0,0.6458479829797765,0.020814341410651114,0.11979834359099568,False
3919,1813065.0,0.24106737711960224,0.09022593870482072,0.27575647062782077,False
3920,1813128.0,-0.24076372859760653,0.09219613845422878,0.2785762050778478,False
3921,1814243.0,0.21351510229766524,0.5520332123146365,0.7522370725176223,False
3922,1814858.0,0.23341321700518433,0.16083186726711163,0.3731203075837779,False
3923,1815307.0,-0.8124603077456034,0.2456783869994573,0.47999260095016355,False
3924,1815675.0,1.5630946613536674,0.00045085191536091944,0.012421313556453758,False
3925,1816055.0,0.21040730450147893,0.13635076095088092,0.3428005180497018,False
3926,1816265.0,1.042757128083122,0.024354742271753018,0.13152772505466617,False
3927,1817932.0,-1.0021002441853206,0.15189015133880523,0.3624773907612882,False
3928,1818692.0,0.3670672515552549,0.029603507139376494,0.14597973262958527,False
3929,1818824.0,1.273390302044968,0.0004901661730066432,0.01306783366656482,False
3930,1819009.0,0.2541639385445727,0.0766839127686271,0.2532412148169903,False
3931,1819549.0,-0.13302015527255964,0.5235431332660481,0.7321841019852641,False
3932,1820611.0,-1.008841172060484,0.14913013002687445,0.35933575170737453,False
3933,1820908.0,1.2411119055312834,0.03023372094613726,0.1476476060015036,False
3934,1821106.0,1.568214091457531,0.024564979862802,0.13213719346418024,False
3935,1821151.0,1.5460264151027738,4.6024267693706955e-05,0.002887823270608029,False
3936,1821252.0,0.01611567365235897,0.9574555766738027,0.9790282680737078,False
3937,1821845.0,-0.7371943162356505,0.14015520268279263,0.3487015184785043,False
3938,1822023.0,-0.5105093365907158,0.0004525102038756872,0.012435438640685026,False
3939,1822489.0,-0.5666768413779071,0.2571561948064707,0.493272750419551,False
3940,1822668.0,-0.11737688114547318,0.6121875482816206,0.7933734284380363,False
3941,1822989.0,0.2677648029382543,0.10474084308232692,0.29771192764039245,False
3942,1823094.0,1.2332229865542614,0.02342503892540459,0.12864831968147994,False
3943,1823272.0,-0.509826428185346,0.0004923762293528338,0.01306783366656482,False
3944,1824382.0,0.06671277608997123,0.7155746272369741,0.8551748171983272,False
3945,1824802.0,1.5105613087974463,0.00010134492332751138,0.005046326342752918,False
3946,1824986.0,-0.21453758698368003,0.1408588566009137,0.3497307612998441,False
3947,1825409.0,-0.06863046854770567,0.6428258217064384,0.8113807319329522,False
3948,1825527.0,-0.23249886941454342,0.14151364245311446,0.35047782861518056,False
3949,1825558.0,1.6103426959798472,3.295725661505028e-05,0.002393298401409986,False
3950,1826079.0,0.05549589001454017,0.890408949042018,0.9450775168042741,False
3951,1826182.0,0.9640077193401388,0.16806874333699573,0.38287223691985073,False
3952,1826197.0,0.12045842776023,0.6833951268818569,0.837747498848397,False
3953,1827658.0,-1.0044017411436035,0.15089079703147007,0.36161515310510906,False
3954,1827799.0,-0.8849551535568139,0.20593926712334842,0.4320585126834069,False
3955,1829119.0,0.44403426231568344,0.10313091407187315,0.29552025471548665,False
3956,1829434.0,0.4651770372820707,0.09038162883325496,0.276130757383896,False
3957,1829490.0,-0.22720008485132817,0.15937669460970633,0.37117228491490284,False
3958,1829555.0,0.06811466773040693,0.6454370120820049,0.8130693705640203,False
3959,1829705.0,0.058526803948812274,0.6922459535479768,0.8423192271901455,False
3960,1830426.0,-0.18812281310893564,0.2352448593017106,0.46837544895819305,False
3961,1831011.0,-0.07825902662784154,0.8577119625300198,0.9278915042120156,False
3962,1831097.0,-0.6202658693134164,0.09173039302217918,0.2777564708444788,False
3963,1831141.0,-0.20248879721935278,0.20076386777206837,0.42575915950398296,False
3964,1831841.0,-0.14794115123818072,0.8198453931936762,0.909589303262199,False
3965,1831980.0,0.26123012210380075,0.10042170786584623,0.29168583611999227,False
3966,1832116.0,0.26845466217677827,0.0955846534166969,0.28436973464862336,False
3967,1832291.0,0.4119808283224323,0.011823746455932682,0.08574299574790428,False
3968,1832416.0,0.7580974255431354,0.028006703749474456,0.14126987416382214,False
3969,1832430.0,0.11070600788936175,0.48328255862271374,0.7020921003545982,False
3970,1832928.0,-0.2883008326224655,0.06929146231205933,0.23948351908546495,False
3971,1833034.0,-0.25137715927846377,0.11373505876868584,0.311059224725141,False
3972,1834491.0,-1.2220671318241134,0.08027795367231089,0.259118997060046,False
3973,1834501.0,-0.27449533354678146,0.506191186757249,0.7194847888241374,False
3974,1834636.0,-0.7641934663626937,0.11201745670693604,0.3085383132590182,False
3975,1834918.0,0.2806139332217429,0.1745083756826057,0.39154369946975703,False
3976,1835334.0,-0.1861956042503632,0.24719875917703088,0.48148977765416656,False
3977,1835513.0,0.5479447496960601,0.12201049444780128,0.32409516415703166,False
3978,1836180.0,0.07387303223464484,0.8239758352679946,0.9111630935201886,False
3979,1836305.0,0.4727253164423496,0.07188231687874266,0.24476074065243814,False
3980,1836335.0,-0.597062641872519,0.1707816120525001,0.3868022350996359,False
3981,1836739.0,0.12861742663155845,0.6018732316181372,0.7849646856125228,False
3982,1836988.0,-0.14944770086297257,0.34560563780605624,0.5841272459186866,False
3983,1837006.0,-0.12941029337790638,0.59963450681331,0.7831151214242561,False
3984,1837093.0,-0.2849408117186071,0.03624025789411495,0.1626242246550714,False
3985,1838183.0,2.272057295144438,0.00040842424405200257,0.011759801509773177,False
3986,1838318.0,0.1274734458165116,0.6025525128759527,0.7850012572746461,False
3987,1838552.0,-0.1013791929517503,0.689681129839895,0.8412961558259701,False
3988,1838746.0,-0.08996628891390648,0.5734078115080949,0.7666389695677265,False
3989,1839156.0,0.8097723106761656,0.03069718480991837,0.14855904641625675,False
3990,1839647.0,-0.7833058066060907,0.10326193700007746,0.29552025471548665,False
3991,1839674.0,1.7341150437476118,0.0013685159359821467,0.023730416110361346,False
3992,1840012.0,-0.3110067200995354,0.07013625219160195,0.24123226157789582,False
3993,1840016.0,-0.29771375047606763,0.025354211720871916,0.13450564077311117,False
3994,1840102.0,0.5989377373916593,0.00841296907663584,0.07019429617746506,False
3995,1840319.0,-0.6896590032738045,0.16775049514894466,0.38238799345690766,False
3996,1840872.0,0.5113425424912983,0.00047417162673079715,0.012835743162500756,False
3997,1841051.0,-0.1928666840267793,0.222729818110618,0.4544609352614208,False
3998,1841309.0,-0.19272533655031165,0.20193258205156617,0.4270364656477208,False
3999,1841654.0,1.3918741869810065,0.00048312513188874097,0.012975978324632449,False
4000,1842136.0,-0.03277905044902783,0.8906085768104975,0.9451125331193617,False
4001,1843162.0,-0.2886365043537068,0.09180158925229577,0.27781049660821594,False
4002,1843170.0,0.4317510186167241,0.452389224588481,0.6782714133850776,False
4003,1844054.0,1.8588127528821585,0.0020849219900099616,0.030520138496379426,False
4004,1844658.0,-0.16699094628133443,0.3376438382255784,0.5763161689097558,False
4005,1844823.0,0.14775977687528272,0.38912556771521295,0.6244763509090238,False
4006,1844932.0,0.4885165261841404,0.005025218449569032,0.05150536358218249,False
4007,1844965.0,-0.1661136446583168,0.3300880546088207,0.5696511657835849,False
4008,1845047.0,1.2517588630961796,0.0010258457741035502,0.02000972869015209,False
4009,1845223.0,-0.18170848886649638,0.29440945292679427,0.5346464191819676,False
4010,1845896.0,1.428164814966273,0.00048118352937477507,0.012960911194449585,False
4011,1845933.0,-0.3504304687299113,0.011611761558541052,0.08482212094075581,False
4012,1845940.0,1.1932968091870273,0.0036167637468642036,0.042079282392509035,False
4013,1846108.0,-0.6491840065868193,0.23432750056292437,0.4668915232398209,False
4014,1846892.0,0.12021545191035504,0.48081284116943823,0.6994402828858554,False
4015,1847024.0,0.6405584904549215,0.02232956499905361,0.12468489097979782,False
4016,1847140.0,0.5857990321920725,0.0016890047587794976,0.026609791954356237,False
4017,1847233.0,0.06012424688736747,0.8499599020424468,0.9237451109299791,False
4018,1847442.0,0.3388465889981025,0.01672842559637063,0.10460084092661474,False
4019,1847669.0,-0.16303501408960805,0.3419325071683379,0.5810390365235296,False
4020,1848063.0,0.05100843947866514,0.8922312340865156,0.9458604973186876,False
4021,1848554.0,-0.025618092885016857,0.8657755079910501,0.9324330924935855,False
4022,1848901.0,1.3458007370059875,0.0013908011644440652,0.023925747448558365,False
4023,1848937.0,-0.04725435409072768,0.7557272191703942,0.8797232133077351,False
4024,1848959.0,-0.01956343322308003,0.897477618848632,0.9489412111254665,False
4025,1849160.0,-0.057682626162802744,0.7526011784666576,0.877872962847149,False
4026,1849329.0,-0.05214626593048721,0.9137998489408219,0.9571839583376069,False
4027,1849387.0,0.5086702943201825,0.003925310220372552,0.044118948802842776,False
4028,1849748.0,-0.06591550774079476,0.6638753032512864,0.8256630267827951,False
4029,1849827.0,-0.030911050479553486,0.8646743938283604,0.9316169275441044,False
4030,1849861.0,0.06092247264594201,0.692148235644922,0.8423192271901455,False
4031,1850910.0,-0.3564263114670845,0.4763733918584597,0.6959366827727026,False
4032,1851107.0,0.35292145995258634,0.5869118565294544,0.7759016200983105,False
4033,1851297.0,-0.10066298130932186,0.611080701638236,0.7922227417034579,False
4034,1851400.0,0.267525746199618,0.1759202636800406,0.39341047841920906,False
4035,1852463.0,-0.20420308623479835,0.504302884586969,0.7175524724330251,False
4036,1852573.0,0.28439343533662476,0.15366090005624902,0.3642692880783103,False
4037,1852683.0,-0.30054358972208073,0.13228799027825114,0.3372442777055933,False
4038,1852766.0,0.7995245965855309,0.009345726831865896,0.07442983474681167,False
4039,1853146.0,-0.13722064679543303,0.6577570188697254,0.8212505681885057,False
4040,1854008.0,0.07174887651176806,0.6716774947993028,0.8309759035959947,False
4041,1854376.0,-0.04543273401714386,0.798149600787335,0.900365627164254,False
4042,1854431.0,-0.3034112240917185,0.03349561542769768,0.15497289088207808,False
4043,1854452.0,-0.34955963891595626,0.014455606704372343,0.09573862768515057,False
4044,1854483.0,-0.3093468303246391,0.03189089871615637,0.1517031022679985,False
4045,1854590.0,0.46630198274462054,0.47274076495711326,0.6930582730583246,False
4046,1854848.0,0.41266059965530866,0.013617639727063027,0.09245800035994947,False
4047,1855010.0,0.9683654796055449,0.0008332147059218707,0.017863091441371597,False
4048,1855187.0,-0.5337170833057698,0.12250486427714265,0.3247582740420449,False
4049,1856273.0,-0.47224662702671394,0.1995607010401715,0.4245015500276429,False
4050,1856775.0,-0.3136258004810148,0.0581988565387744,0.2159824231550072,False
4051,1856916.0,0.21382323834874126,0.5229757402543098,0.7320702124504196,False
4052,1857055.0,0.31358593581896066,0.6543855241308691,0.8188305319239868,False
4053,1858014.0,-0.35325425941960753,0.24757600048212494,0.48205156685802086,False
4054,1859593.0,-0.28424540019093536,0.3525884623191409,0.5917693754202769,False
4055,1859653.0,0.2758816731486696,0.4830950577153333,0.7020222619009735,False
4056,1859822.0,-0.48126394860048166,0.0044246881417241285,0.04762061991330124,False
4057,1860054.0,1.4062674155007642,0.0008227519501420285,0.017863091441371597,False
4058,1862341.0,-0.2004243792062962,0.5125261875713173,0.7250712584499738,False
4059,1862631.0,-0.5773061027542444,0.4096390270579421,0.6416203653817057,False
4060,1863049.0,-0.2774908832287756,0.16490492641094737,0.37796515544569964,False
4061,1863051.0,-0.41259575959855077,0.14054458782099538,0.34943002766763737,False
4062,1863700.0,0.4671075583093237,0.007307397777687293,0.06433236243049113,False
4063,1864635.0,-0.3545135531880672,0.04577399126912367,0.18706381700168132,False
4064,1864896.0,-0.20310683140892,0.2492158152569491,0.48376424643048704,False
4065,1865317.0,0.08912131830437028,0.7821928066147307,0.8929567708312145,False
4066,1865561.0,-0.20283201091132688,0.24455599780012693,0.47820309404382483,False
4067,1865933.0,0.2211463807937859,0.17284823983927108,0.3895095792931882,False
4068,1866035.0,0.31070053016511534,0.053390320624091055,0.20561194170918864,False
4069,1866610.0,0.7362174541946735,0.003507678260876213,0.04134185398676579,False
4070,1866803.0,2.085021782198857,0.0027130627563995086,0.03510660023656462,False
4071,1866815.0,0.4399963494591634,0.01244190638118962,0.08787045788406854,False
4072,1867339.0,-0.33666472706756373,0.5188712194186043,0.7290867532575848,False
4073,1867501.0,-0.34354517289861164,0.08055402851346019,0.2597783658685711,False
4074,1868137.0,0.09037275617882276,0.7823946857698842,0.8929567708312145,False
4075,1868508.0,1.23776219058421,0.030686075492085307,0.14855904641625675,False
4076,1869364.0,0.07407439796514576,0.8182973097568214,0.9090703650638658,False
4077,1870046.0,0.9517153369009088,0.0010210545465371937,0.01997111483578823,False
4078,1870494.0,-0.3104733566439276,0.5517716082570979,0.7520694133137616,False
4079,1870572.0,-0.8955359474151343,0.019263167661089726,0.11373655879198998,False
4080,1870719.0,0.4976411172194964,0.4772426462944948,0.6967111687511787,False
4081,1872029.0,-0.22589336714325647,0.1572302541673934,0.3683069505798565,False
4082,1872287.0,-0.31487941065079994,0.2209196075252516,0.45161625982798614,False
4083,1872400.0,-0.3040337460071247,0.23775751495560984,0.47113140285563065,False
4084,1872916.0,0.6249930239123351,0.00019552768167870952,0.007634722966267596,False
4085,1873077.0,-0.5172353371653924,0.02242081656824176,0.12506575737320877,False
4086,1873415.0,-0.4327226236385374,0.04934083168380187,0.19640437401087982,False
4087,1873709.0,-0.4407440024125878,0.44309095170042306,0.6701203629817699,False
4088,1874147.0,-0.059966001911806996,0.702311861634628,0.8487636671168879,False
4089,1874601.0,-0.45303922548949405,0.04039210306764343,0.1731326721504583,False
4090,1875006.0,-0.2904429693391376,0.2635851760026589,0.5002000586094902,False
4091,1875098.0,-0.1334932467286105,0.8164205837271932,0.908203057630527,False
4092,1875869.0,-0.337233119715755,0.500271942467455,0.7140935016709332,False
4093,1876394.0,-0.32851986674512856,0.4950714223814132,0.7103979585602269,False
4094,1878357.0,-0.1085709533672127,0.8502439064162064,0.9237451109299791,False
4095,1878959.0,0.2437096027027627,0.5655823146589328,0.7619517099306848,False
4096,1878990.0,-0.36374763287888073,0.05419876929740346,0.20723058849007203,False
4097,1879326.0,-0.9832228313626253,0.159694577858967,0.37158262845579554,False
4098,1879372.0,-0.15091528756762476,0.7724980149457852,0.8876326825697575,False
4099,1879409.0,-0.1243085714575953,0.8200591617741132,0.9096405273919884,False
4100,1879699.0,1.2863315796812316,0.00042209245090611935,0.01196295967254811,False
4101,1879877.0,1.101309820969199,0.00484396502225335,0.05026887219556416,False
4102,1879942.0,0.1379072407612394,0.3776043306629992,0.613826919875351,False
4103,1880683.0,-0.32432198902521303,0.0667806742937122,0.23424210774359538,False
4104,1881138.0,-0.9908151047267033,0.12653888353973802,0.33043622294438174,False
4105,1881178.0,1.2606962263844768,0.0005625850865346072,0.01430117929743577,False
4106,1881440.0,-0.10304013024541349,0.5238928014866168,0.7321841019852641,False
4107,1881588.0,0.7401362565187424,0.0635760185088443,0.2276484908415175,False
4108,1882425.0,1.0856638075739247,0.005473851191527719,0.05421410098908156,False
4109,1883147.0,1.1932299571723897,0.002844669426088231,0.03585502609154715,False
4110,1885379.0,-0.16784667445710671,0.412221094886724,0.6442994938798257,False
4111,1885928.0,-1.0304097027571932,0.01158726147181863,0.08475722592762214,False
4112,1887877.0,-0.39706603095538695,0.4671716933939164,0.6888275919303127,False
4113,1888007.0,0.23462853939157557,0.41290202935746245,0.6449302572836253,False
4114,1888244.0,1.2470669260174823,0.07428456527349844,0.2491838553905518,False
4115,1888282.0,0.26751756140496064,0.3562970093804904,0.5947189275678556,False
4116,1888545.0,-0.4334028065495807,0.24573133580945813,0.48000965452792294,False
4117,1889423.0,-0.43164209859409225,0.45264720058402663,0.6783787549191904,False
4118,1890585.0,0.14123578071330156,0.45369006442039617,0.6788153892878567,False
4119,1891169.0,0.39836732015807447,0.004008540552025511,0.04462841814588402,False
4120,1892618.0,1.09770707380805,0.004986700820866636,0.05126007330540467,False
4121,1894207.0,0.45886788736899053,0.04594222949431093,0.18720078872400342,False
4122,1894490.0,1.535653857937024,0.027706334474320714,0.14085000252562582,False
4123,1894614.0,0.10201268395577748,0.4726632751668259,0.6930582730583246,False
4124,1894968.0,-1.163534817805714,0.055214651523420186,0.20978475403805605,False
4125,1895655.0,-0.3761519005943041,0.14035697339216469,0.3491029120360034,False
4126,1895925.0,0.03143875967775613,0.8414076991086356,0.9195087661153971,False
4127,1897075.0,-0.454357918249245,0.5164303697064169,0.7268604515235857,False
4128,1897353.0,-0.6630824917865175,0.3434970850245798,0.5823302917291604,False
4129,1897370.0,-0.16080412053288995,0.7916473146403029,0.8975671777314561,False
4130,1897772.0,0.38054806096800986,0.08201591643567442,0.26175396154101055,False
4131,1897790.0,-0.6072254510814344,0.030434767758974562,0.14810054633633343,False
4132,1897877.0,0.4107807075477623,0.5575647210929272,0.7567348146366248,False
4133,1898196.0,0.795975980299356,0.041042693302851256,0.17464462399155248,False
4134,1899021.0,-0.05049720372969298,0.836515569571479,0.9172461579759605,False
4135,1899324.0,1.2609898525062277,0.026709385752359108,0.13793072423494676,False
4136,1900396.0,-0.6491011850129226,0.024124366652961818,0.13076024267912026,False
4137,1901506.0,-0.0339538059129202,0.8953341784973413,0.9475336363058048,False
4138,1901700.0,-0.017660184918405684,0.9454713510240521,0.9724361867885243,False
4139,1901959.0,0.021354131895345803,0.9340161897834532,0.9670386083810035,False
4140,1903648.0,-0.665437204574867,0.019319671140102385,0.1138518079401799,False
4141,1903768.0,-0.0002267138257985371,0.9988342137213414,0.9991103381814561,False
4142,1904054.0,1.214396235986937,0.0002736109348682314,0.009391208939530766,False
4143,1904345.0,0.006939318486943312,0.96343790961582,0.9812876766338339,False
4144,1904532.0,-0.04567259256276289,0.7505075335631638,0.876655469367066,False
4145,1905648.0,1.258382836986367,0.027965637873956145,0.14117638128575358,False
4146,1906788.0,-0.33725425333088527,0.5002147711803424,0.7140935016709332,False
4147,1907546.0,-0.38179984393050004,0.46432586714661217,0.6861226909714777,False
4148,1908247.0,-0.6625966849114632,0.04060331121915814,0.1736599461323726,False
4149,1908252.0,-0.4055486680951539,0.28081304479571834,0.5204242214542043,False
4150,1908405.0,-0.16618518651640599,0.29947734515408475,0.539825071678444,False
4151,1908527.0,-0.4038710513134131,0.30408979076036596,0.543527114046809,False
4152,1908626.0,-0.18832567446906356,0.7570235275133962,0.8801872312551067,False
4153,1908854.0,-0.023546484449795582,0.9272439209582358,0.9643316065185371,False
4154,1909143.0,-0.01059296821907308,0.9672911817078524,0.9826675772089649,False
4155,1909724.0,-0.31049209738333783,0.08066372955045083,0.25990049993177317,False
4156,1910200.0,-0.7538205794588737,0.001781343560489613,0.027423291895836505,False
4157,1911801.0,0.39293626395315023,0.18121523635779305,0.3998966031030379,False
4158,1912246.0,-0.2931388861312021,0.38588037750202064,0.6217502594306715,False
4159,1912763.0,0.012861838846910702,0.9605802945606864,0.9808201577891309,False
4160,1913681.0,-0.018798576882477554,0.9419623710709253,0.9709094152176377,False
4161,1915776.0,-0.03030193452640025,0.8698925231966682,0.9348265854172689,False
4162,1916061.0,-0.6662988399253873,0.12616081898063056,0.3302835290644426,False
4163,1916761.0,1.266662856114941,0.000524741774263801,0.013594443817741194,False
4164,1916865.0,0.051050981727919095,0.8444989316048854,0.9207886777833035,False
4165,1917514.0,0.09972282531832681,0.5700823060003521,0.7641451596550367,False
4166,1917791.0,1.0011066780856706,0.001382633061828558,0.023898856506606683,False
4167,1917945.0,0.16267294377102764,0.34834143976702237,0.5864215770271445,False
4168,1917965.0,0.7931267830107215,0.0013895434326136318,0.023925747448558365,False
4169,1918161.0,-0.20738191269209777,0.23590310749139304,0.46930192551215194,False
4170,1918550.0,-0.4834926147763179,0.3152560605891533,0.5549058760653899,False
4171,1918948.0,-0.2965434061305877,0.3805544980264589,0.6159115962542435,False
4172,1919461.0,-0.4420872959744126,0.3768252453751351,0.61317677445725,False
4173,1920483.0,-0.0692855109798811,0.7414618316452195,0.8709629025547946,False
4174,1920484.0,-0.27190065074437647,0.44598756527809685,0.6729757492314773,False
4175,1921679.0,0.026970498970541337,0.8980219053188834,0.948990243597788,False
4176,1921763.0,-0.1972919655097755,0.33150077858440374,0.5712717814786002,False
4177,1921839.0,0.01651828338487825,0.9189333377738128,0.9595057119598632,False
4178,1922226.0,-0.4509485502317157,0.36728859757656457,0.604784369862215,False
4179,1922580.0,-0.9990430049651605,0.15311866949860772,0.36402524069644565,False
4180,1922855.0,-0.2470693326822136,0.46496014751853776,0.6865926270322035,False
4181,1923685.0,-1.6845060574509128,0.009142863279164946,0.07384358697569604,False
4182,1924265.0,0.17243413557370188,0.5985725910654839,0.7825815002709452,False
4183,1924619.0,1.3672299118599314,0.024116505956912476,0.13076024267912026,False
4184,1924726.0,-0.17487410514674212,0.3957392687310558,0.6298753316826409,False
4185,1924795.0,0.17594693040606574,0.5911403249351892,0.7786048409440818,False
4186,1926181.0,-0.1557070929283379,0.2671074936263358,0.5039895434232358,False
4187,1926187.0,-0.1345215078248621,0.34814481578683165,0.5863633786448499,False
4188,1926315.0,-0.4564831500525003,0.4530531348862462,0.6787421370334283,False
4189,1926464.0,0.06301363026431887,0.8485869461226334,0.923065312046042,False
4190,1926890.0,-1.8114007957570948,0.0027125453512612235,0.03510660023656462,False
4191,1927256.0,0.19259392706291617,0.3741722069700271,0.6105891922218347,False
4192,1927852.0,-1.8233336688024226,0.0025502467175208374,0.03395011500654271,False
4193,1928062.0,-0.02651005047981054,0.9018815034149983,0.9509396522165913,False
4194,1928123.0,-0.14746393707605776,0.2938837939091426,0.5343184402194395,False
4195,1928889.0,0.14110106469099054,0.3146667398096507,0.554317991014891,False
4196,1929004.0,0.12727963822752286,0.6975682583017739,0.8453838834281294,False
4197,1929421.0,-0.3122566012345721,0.3556207120181375,0.5946864111727383,False
4198,1930791.0,0.17177803756374715,0.5998196771799532,0.783236207841741,False
4199,1931622.0,0.6279548817920096,9.882307174686748e-05,0.004966316869501141,False
4200,1931626.0,-0.26537337290036767,0.5816591745721035,0.7721598163683966,False
4201,1932060.0,-0.3107787061909584,0.07095159965482041,0.24303553621113147,False
4202,1932181.0,-0.6286441892658452,0.0036047800613540504,0.041984857903431566,False
4203,1932601.0,-0.4514322433424832,0.0009087637901804953,0.018709121353934408,False
4204,1933249.0,0.028685671637430854,0.9256565905377732,0.9634674743779392,False
4205,1933879.0,-0.6362851875490534,0.22229185116202937,0.4538232169200355,False
4206,1934354.0,0.43566209159277625,0.5338780528008706,0.7396648051684286,False
4207,1935272.0,0.07093481820255888,0.808294996538101,0.9047050668230723,False
4208,1935875.0,0.29316737931884007,0.06130255167207298,0.22255491585296058,False
4209,1936080.0,-0.8426261309395905,0.0794659959878144,0.2576495876264271,False
4210,1936814.0,0.3682212915615992,0.030314210855314758,0.1478905041470027,False
4211,1937178.0,0.18233940113210162,0.2439917285494647,0.4777107103344945,False
4212,1937523.0,-0.8147010277860944,0.10292072701087393,0.2950104282289508,False
4213,1937716.0,0.7144400229070675,0.19037319541325542,0.4110344928243713,False
4214,1937835.0,0.3505619899540045,0.03943999062902937,0.17063415634839132,False
4215,1938133.0,0.3828326562669898,0.02607088890810703,0.1361884018756024,False
4216,1938182.0,-0.27063107190158187,0.6377601019425184,0.8089031649737547,False
4217,1938226.0,-0.38064879391770834,0.026640322292051655,0.13777069960944294,False
4218,1938680.0,-0.3325432833822064,0.051263246062803,0.20074406061029096,False
4219,1938729.0,0.3201586339949742,0.05991383657266951,0.22023688258087454,False
4220,1939371.0,-0.8274035781573985,0.09764075779235289,0.2878393390592684,False
4221,1939817.0,1.440142591484659,0.026011520308120366,0.13611230363040172,False
4222,1939837.0,0.08049293802059859,0.9085127726338786,0.9548708507882216,False
4223,1940320.0,-0.29521007634665797,0.08294809302657273,0.2630806548490008,False
4224,1940621.0,-0.08237615449054853,0.8745808887583871,0.9368782457515041,False
4225,1940681.0,-0.4384793311601714,0.40060069318611014,0.6330258439608628,False
4226,1941089.0,-0.45912579796847236,0.016551093378802565,0.10367115904610608,False
4227,1941580.0,0.2461644454748417,0.11487446676866585,0.3130711365236926,False
4228,1941835.0,0.23597282722384127,0.12776711441596036,0.3320014178754972,False
4229,1941918.0,0.2392418642156689,0.12535724838688148,0.3287636944285089,False
4230,1941969.0,0.28822142517896726,0.06538675884628559,0.23130619941383002,False
4231,1942071.0,-0.3944225403424963,0.22792756478309423,0.4604790090676508,False
4232,1942246.0,0.23101464628388785,0.13893985838318762,0.34702995001139014,False
4233,1942432.0,0.30006727295203733,0.06065172127143984,0.22142677784458534,False
4234,1942673.0,0.21216590702365112,0.1639386069847186,0.3767048219346148,False
4235,1942963.0,-0.21155469821230266,0.16558784799956366,0.37913016031117136,False
4236,1944073.0,0.13691929717572227,0.3659469263752302,0.6037929602983924,False
4237,1944917.0,0.16336268368110624,0.2831507667814556,0.5232552899919477,False
4238,1944944.0,0.18112527017710184,0.23360019211746033,0.4665556734931061,False
4239,1945183.0,0.4274551175134777,0.003751766350356613,0.04296222604523628,False
4240,1945458.0,-0.5055752745355565,0.00025142908147646865,0.008954851145437828,False
4241,1945729.0,0.1697074193089147,0.22397211745407855,0.45605277339411415,False
4242,1945773.0,-0.20164311830716797,0.14946424335039613,0.359661795958446,False
4243,1946033.0,0.1570013133421823,0.5333698363229039,0.7396179833016252,False
4244,1946065.0,0.19027206344522582,0.17564366534834558,0.3930348355712825,False
4245,1946791.0,0.2129051925185319,0.13637639139803695,0.3428005180497018,False
4246,1946807.0,1.2393873671830262,0.029455909093066855,0.14566919963792288,False
4247,1947175.0,1.2402741828397321,0.029333692702682383,0.1451970972583754,False
4248,1947397.0,0.5462844295992031,0.06984724444780117,0.24092527438223124,False
4249,1947626.0,-0.23104148141157216,0.09816146167863958,0.2879845044653061,False
4250,1948556.0,-0.3297332030413893,0.5099482269402723,0.7227688398065341,False
4251,1948590.0,-0.8300803914770907,0.0077666151237861915,0.066617004266711,False
4252,1949407.0,-0.2913946841928927,0.03603615724254797,0.16224491367393537,False
4253,1951931.0,0.22690856513346178,0.4951516309964695,0.7103979585602269,False
4254,1952139.0,-0.007532984715425403,0.9758220683415086,0.9863626549815697,False
4255,1953246.0,-0.10546854312552281,0.45628233518801986,0.6802435798873222,False
4256,1953290.0,-0.8987747962560652,0.11732998969869209,0.31650522817577104,False
4257,1953423.0,0.05213448522650692,0.7761464946577239,0.8893771983014455,False
4258,1954423.0,-0.7481606055167668,0.21861073263216724,0.4487555791834673,False
4259,1955759.0,0.16878051534062447,0.530510432066742,0.7369623194661307,False
4260,1956367.0,-0.8619720473246131,0.0843119001017791,0.2658163449331432,False
4261,1956616.0,-0.9362878230739999,0.0004068050794447718,0.011759801509773177,False
4262,1956623.0,-0.992002217540138,0.00017457106994014476,0.007177912743182846,False
4263,1956907.0,-0.15070320708669668,0.3349425325254775,0.5744669285138345,False
4264,1956917.0,-0.07844056209001697,0.5810084689098931,0.7720463863406646,False
4265,1957283.0,-0.3491644088900976,0.24689302432844115,0.4814202960960131,False
4266,1957666.0,0.3547083888443931,0.24011828016546488,0.47364781595422883,False
4267,1957692.0,-0.49216173172840333,0.3673835223280926,0.604784369862215,False
4268,1958347.0,-0.12375008799219923,0.6309678086097478,0.8054556035276818,False
4269,1959399.0,-1.5875679718801847,0.008724787919999621,0.07196624078388746,False
4270,1959523.0,-0.22511049010242465,0.4340020334449256,0.6624145209567868,False
4271,1960501.0,0.37546249635264806,0.21364798954580622,0.4428392068970262,False
4272,1961187.0,-0.12392272017774461,0.8293635319377146,0.9142623275295919,False
4273,1961321.0,0.08287444905052273,0.8917244356476112,0.9454648123612833,False
4274,1962264.0,-0.7212349135111783,0.023746652024370363,0.12966293145097602,False
4275,1962524.0,-0.013226138629840782,0.9651033278345297,0.9815885496051217,False
4276,1963356.0,-0.6595157720693661,0.033583765917846384,0.15497527270874492,False
4277,1963991.0,0.8248255141545173,0.027787175670472068,0.14088266786687265,False
4278,1964410.0,-0.1998447635471588,0.15742172463511353,0.3685963806976181,False
4279,1965876.0,-0.8503213597083182,0.07690883461815788,0.25367529619571677,False
4280,1966363.0,-0.03922344316033722,0.8978880865471826,0.9489412111254665,False
4281,1966388.0,0.19713222973488856,0.1589014182532045,0.37078136180965926,False
4282,1967115.0,-0.22782348223298604,0.10670967244025635,0.30094429343783186,False
4283,1967929.0,0.2537356081277474,0.1501046582739669,0.36082975875885104,False
4284,1967973.0,-0.880802268612475,0.006821201570530355,0.06190981860209616,False
4285,1968482.0,0.18822467098910106,0.27423560891600696,0.5131576512296596,False
4286,1968667.0,-0.04519835109350342,0.8810643893161617,0.9405200555660068,False
4287,1968797.0,-0.005624339415483293,0.9840209367745504,0.9902240909138541,False
4288,1969421.0,0.9865418665329682,0.048067920748932146,0.19281144343152393,False
4289,1970547.0,-0.7675161083199438,0.06244620084378817,0.22506761476606427,False
4290,1970866.0,-0.17596452769891752,0.8016683407629339,0.9019736590202272,False
4291,1970924.0,-0.20934198848901706,0.4872955200325912,0.7059379247235791,False
4292,1971354.0,0.1297127057359078,0.43389545997272205,0.6623449891722539,False
4293,1971444.0,0.08715234454881265,0.8417442005112613,0.9195313655569027,False
4294,1972205.0,-0.024720228511191232,0.852112488369747,0.9245621267360201,False
4295,1972401.0,0.006241002620122012,0.9627215491711972,0.9812568066297459,False
4296,1972932.0,-0.39107791947026793,0.03855418572498757,0.16815843931229263,False
4297,1973462.0,1.2224930760689527,0.008197705601596968,0.06892619701649022,False
4298,1974296.0,1.048623412568893,0.0009445428650018314,0.0190989302131974,False
4299,1975022.0,-0.516273319315627,0.3688732343548284,0.6063843807786911,False
4300,1975045.0,-0.04034678609578091,0.7564398318426109,0.8799841111675409,False
4301,1975130.0,-1.0581778895897613,0.000548150416273522,0.01409993547073242,False
4302,1975235.0,0.045710446926861645,0.7251664221913775,0.8612343011911818,False
4303,1975850.0,-0.020806003429407798,0.8744256157062579,0.9368782457515041,False
4304,1975907.0,-0.029712649774690375,0.8193332249167118,0.9094858529983543,False
4305,1976755.0,0.02830504146891598,0.8271424590940034,0.912740814624927,False
4306,1976809.0,0.5214894040838948,0.29738292098878677,0.5377463946915343,False
4307,1977231.0,-0.7238771155002948,0.2339435641351033,0.4667047389564919,False
4308,1977505.0,-0.14888232789388905,0.2805053022726642,0.520137522406862,False
4309,1977868.0,0.1121985606459992,0.41075041430857295,0.6423708035325687,False
4310,1978307.0,-0.6546497363479861,0.14522147701936036,0.35455041153149097,False
4311,1978336.0,0.18111697843297625,0.23128475229309803,0.464065801504913,False
4312,1979983.0,0.3181511027698491,0.03623113140769845,0.1626242246550714,False
4313,1981152.0,-0.7030167562045293,0.15951966498301764,0.3712662871763843,False
4314,1981195.0,0.6800350304604745,0.09903808778400579,0.2896175219215823,False
4315,1981344.0,0.20704427964091296,0.48693529446714345,0.7055102271010201,False
4316,1981409.0,-0.8176645318279803,0.17850717490882906,0.39668357514839536,False
4317,1982736.0,-0.11965259256914759,0.8352025658490695,0.9168305115832118,False
4318,1982833.0,-0.19897590941154503,0.7293209631537921,0.8638845493503027,False
4319,1982920.0,0.4741321625245165,0.008379505797989068,0.06996887341320872,False
4320,1982924.0,-0.6056357226482936,0.06802683180906087,0.23698050683162894,False
4321,1983012.0,-0.7736289635970703,0.23319634715750864,0.4662627416080403,False
4322,1983274.0,0.4202903442327802,0.018490297774154077,0.11132123257817111,False
4323,1983530.0,-1.022519938708735,0.03907499812840393,0.16966364187352986,False
4324,1983696.0,-0.377868347857914,0.05052035188935423,0.19913116943469203,False
4325,1984022.0,-1.0824932489912116,0.00458689661259264,0.04874049483577721,False
4326,1984266.0,-0.9095904449597196,0.042579378703512354,0.17853362702816,False
4327,1984297.0,0.42266123195937644,0.09059707872842217,0.2763223629100935,False
4328,1984792.0,-0.06566347468233077,0.6211491877771851,0.798693962724632,False
4329,1985650.0,0.8483364156836601,0.017624550900395188,0.10816819110297841,False
4330,1985711.0,0.5562137498117974,0.00021908050668503496,0.008200410000227774,False
4331,1986390.0,-0.6885379940247709,0.32527921615290206,0.5655783904116213,False
4332,1986767.0,-0.22539038434057462,0.11290696541831724,0.3098290949224451,False
4333,1987329.0,-1.0042557330506026,1.3680145648309823e-06,0.00038463563807866795,False
4334,1987668.0,-0.9734743124826637,2.901602114195974e-06,0.0005277232870178536,False
4335,1987704.0,0.18073228604272223,0.19924496924558743,0.42424561419396856,False
4336,1987844.0,1.2508956645033484,0.03920501243102703,0.1700596033854977,False
4337,1988401.0,0.34733357473856297,0.6200075799443805,0.7980500399601616,False
4338,1988662.0,0.11236867877952542,0.796917632157679,0.8995986789799922,False
4339,1989122.0,-0.1616237589428062,0.8175424422709028,0.9085316006649424,False
4340,1989249.0,-0.5817894389439098,0.031215669817882524,0.14993190082881186,False
4341,1989508.0,-0.415652989192582,0.26586482254126337,0.5026933720058202,False
4342,1989847.0,1.2367611603295865,0.04151318948133327,0.1757510420514324,False
4343,1990358.0,0.24750260192704238,0.07949733329368476,0.2576495876264271,False
4344,1990840.0,-0.6884270385916923,0.09269990328103532,0.27936075794437487,False
4345,1991446.0,-0.5393318624187908,0.012116409198933406,0.08647180924025122,False
4346,1992242.0,-1.0118871860702248,0.002530951506386106,0.03387605252998912,False
4347,1992427.0,-0.6725819833251255,0.10034995931249019,0.29168583611999227,False
4348,1992890.0,-0.5565877385178362,0.033374821971360734,0.15477056661001126,False
4349,1992900.0,-0.12821506553129852,0.8547860107329969,0.9263879938604913,False
4350,1993675.0,-0.7303803754421323,0.22966918963857325,0.4625341472220246,False
4351,1994573.0,-0.3264318734476337,0.1341212238317002,0.33984264348578563,False
4352,1995676.0,-1.6165846512466366,0.007555976792403809,0.06556365154399947,False
4353,1995747.0,-0.684383864157904,0.2333149999581405,0.4662627416080403,False
4354,1995800.0,-0.5791972969358113,0.11834046723183911,0.3176522680023772,False
4355,1995914.0,0.8073860706647504,0.06196320078388075,0.22427827426109553,False
4356,1995958.0,1.4173453092483683,0.028500187769444654,0.14256660748263675,False
4357,1996809.0,-0.7175356854582655,0.08784616382957733,0.2716723955470262,False
4358,1997352.0,-0.6113099758486435,0.2871212498850547,0.5274498506519325,False
4359,1997359.0,0.6588741776966915,0.31012864228513654,0.5498034316519936,False
4360,1998320.0,-1.6264565959690067,0.00719235303178667,0.06367857644259978,False
4361,1998637.0,1.2445634779043804,0.04021672597319722,0.1726186478604412,False
4362,1998797.0,1.8511715631870673,0.0021766555666182987,0.03161793560118082,False
4363,1998913.0,0.6148596984712581,0.15575369460806315,0.3661915432034927,False
4364,1999441.0,-0.5103039612933862,0.025389411141787634,0.13450564077311117,False
4365,1999457.0,-0.7325212024722089,0.08141041712386407,0.26089477971778746,False
4366,1999574.0,-0.724411779885271,0.08493244858363852,0.26722948677547714,False
4367,1999907.0,-0.7212966183991817,0.08613824044552967,0.26911298427927083,False
4368,2000262.0,-1.6466527719530832,0.0065072099590678355,0.06023103374872012,False
4369,2000342.0,0.24354482513796416,0.09967806526174983,0.2907053730296331,False
4370,2000481.0,1.2399249737896227,0.040933570377932785,0.174392823072739,False
4371,2000631.0,-0.042292457566900685,0.7720784089660847,0.8874087797965027,False
4372,2000763.0,1.256921622930832,0.038309401757304684,0.16747827469816445,False
4373,2001916.0,-0.1127344589166874,0.836585550257476,0.9172461579759605,False
4374,2002238.0,1.2571708983746703,0.03824233325148315,0.16733494988238995,False
4375,2002256.0,-0.6362545248371567,0.14163434204826805,0.3505615196135453,False
4376,2003519.0,-0.18465840684798757,0.7480367527170129,0.8748048858805403,False
4377,2004531.0,-0.4593097027548276,0.14514225977841141,0.35455041153149097,False
4378,2005331.0,0.2732985304464241,0.05138281142361808,0.20106720187576574,False
4379,2005378.0,-0.7466956513155151,0.2194936410371842,0.44974003803304785,False
4380,2006085.0,-0.8267669013871333,0.12953996375114205,0.33380632433126567,False
4381,2006125.0,1.3590038043132313,0.024995341825421524,0.13373874266883023,False
4382,2006335.0,-0.726074685949324,0.002810528412139096,0.035765868597620036,False
4383,2007053.0,0.2706490204301281,0.38850834906249526,0.623940296694359,False
4384,2008333.0,-0.39441588881532896,0.10135816902210289,0.29302243923017274,False
4385,2008956.0,-0.43344195077393277,0.001817381527747575,0.027766433520454912,False
4386,2008983.0,0.38554047579903367,0.36312682925250855,0.6019764403689646,False
4387,2009042.0,0.6608648916902926,0.24986012474286462,0.4846584715504319,False
4388,2010419.0,-0.07829668651773102,0.7075872326673585,0.851370278923911,False
4389,2011252.0,-0.1747874419831267,0.40983060457765663,0.6416718899019851,False
4390,2012151.0,-0.16403901949791166,0.6989639822542211,0.8466972466655027,False
4391,2012459.0,-0.08576181914905116,0.5881087064501084,0.7766326044423268,False
4392,2012679.0,1.1352659411515877,0.0798468827937849,0.2582651706574896,False
4393,2012774.0,0.3721151350675631,0.5667092534816839,0.7623997696968675,False
4394,2013098.0,-0.8147109942878611,0.15325711259088043,0.36418304262336143,False
4395,2013152.0,-0.6061697712327028,0.0220384846678884,0.12388801194714066,False
4396,2014610.0,1.1663055833346085,0.07191650913844726,0.24476074065243814,False
4397,2014697.0,0.6149003076074137,0.15547915560655476,0.365893798313509,False
4398,2015301.0,0.5064144308127607,0.21654280949909394,0.44645245909072456,False
4399,2015446.0,0.1726973559192404,0.592015438231407,0.7790432273005119,False
4400,2016590.0,-0.526158700388504,0.07185112457576005,0.24476074065243814,False
4401,2016688.0,1.1450783801407372,0.0772375415847906,0.25421877316643476,False
4402,2016939.0,0.4896090014414131,0.0028468756964147605,0.03585502609154715,False
4403,2016941.0,-0.5309272864962946,0.0114377181751664,0.0840113875672551,False
4404,2017379.0,0.3935610084048935,0.5445530469379588,0.7470384808931986,False
4405,2017912.0,-0.36590967826167337,0.22715783091061473,0.4596939326127373,False
4406,2017990.0,-0.5180543416666604,0.009167160454380709,0.07392981183677756,False
4407,2018540.0,0.48910308592951807,0.0028297088330030847,0.03585502609154715,False
4408,2018585.0,0.4976324449852738,0.224717527757129,0.45705616709830155,False
4409,2018904.0,-0.8025941644334269,0.04972212754169414,0.19741539665877467,False
4410,2019594.0,-0.09043362917372547,0.5141568341315628,0.7261305145878225,False
4411,2020100.0,0.08061112012186723,0.5607245068403754,0.7590638860447668,False
4412,2020352.0,0.05872432520865222,0.6717032668565651,0.8309759035959947,False
4413,2021215.0,-0.3893405730291884,0.010556973828428136,0.0799277315257644,False
4414,2021345.0,0.2930418316584007,0.5916159488350907,0.7788093631423713,False
4415,2021838.0,-0.5737624218464995,0.005766979482719963,0.05599334730315313,False
4416,2022340.0,0.5041605326048522,3.307183419728216e-05,0.002393298401409986,False
4417,2022691.0,-0.48287104749517906,8.589243329298413e-05,0.004570403742134033,False
4418,2024319.0,0.24428570870884656,0.0956984716304159,0.28452668023778815,False
4419,2025185.0,0.06495427390438602,0.8927341682970487,0.9460733571087049,False
4420,2025231.0,0.3001339410387025,0.03270232778900171,0.15353969210623422,False
4421,2025513.0,0.3169408093599104,0.021988003510166953,0.1238608085640178,False
4422,2025872.0,0.13120864871936858,0.7508125187952527,0.8769173543708272,False
4423,2026631.0,1.3188263962243485,0.0004841336915224451,0.012975978324632449,False
4424,2027544.0,-0.3358687056729278,0.014635374420582154,0.09634141257454171,False
4425,2028550.0,0.43074179002039426,0.07308538652608916,0.2468656457415438,False
4426,2029024.0,0.32235416405905765,0.017039056161044185,0.10563047094696437,False
4427,2029927.0,0.34163374177146244,0.4080830024756615,0.6404020637767441,False
4428,2031445.0,-1.0718399120631508,0.04908295836355612,0.19573677921983895,False
4429,2031920.0,0.8995435300911415,0.0003373256045110518,0.010644387898161242,False
4430,2032148.0,-0.37599888722369224,0.21502731681649312,0.444171555479169,False
4431,2033147.0,-0.010254770755880244,0.97708267388223,0.9869330419479685,False
4432,2033623.0,0.4804917123627144,0.20778474142219902,0.4344189846182531,False
4433,2035631.0,-0.48974040896253446,0.00028503227057121236,0.00957902568746288,False
4434,2035725.0,0.3597377977704394,0.38371707407557504,0.619736473603685,False
4435,2036785.0,1.3494658457546875,0.026018703826170757,0.13611230363040172,False
4436,2037381.0,0.5719743906025421,0.07560782773915783,0.2512160912484109,False
4437,2037590.0,-0.2814890833903103,0.28571779857517027,0.5261181855018615,False
4438,2037796.0,-0.1480711566888329,0.6725096937610879,0.8315403492170645,False
4439,2038246.0,-1.0648792008331052,0.0632734587077648,0.2268274089408147,False
4440,2039258.0,-0.4372234826664478,0.17138433601679123,0.38765929724156467,False
4441,2039436.0,-0.4033117160173081,0.5074953112261046,0.7207721579693006,False
4442,2039660.0,0.39915229053548307,0.010387913173325332,0.0791303842080326,False
4443,2040272.0,0.6817431128242362,0.1725718938684597,0.3891305894448001,False
4444,2040643.0,0.7015294163259591,0.0039570709071919405,0.044236874044869735,False
4445,2041501.0,0.1871310146349718,0.7449132377747414,0.8730331673553032,False
4446,2042514.0,-0.4657301346797879,0.04201044835432224,0.17702772394649374,False
4447,2042739.0,-0.6950485977260238,1.2560080037566496e-08,1.9477095543969187e-05,False
4448,2043028.0,-0.32142596204295587,0.19793356419482944,0.42203277142700324,False
4449,2043746.0,-0.6806948252108422,0.2629153200650479,0.4996403710269775,False
4450,2044283.0,-0.6224268571112725,0.016760571401775604,0.10474150982514346,False
4451,2044427.0,-0.6007385754265216,0.03361246109208062,0.15497527270874492,False
4452,2044669.0,0.7213883043929858,0.0029967839310105168,0.03710387523649038,False
4453,2045514.0,1.0211999085322634,0.0496263737252753,0.1971794607569046,False
4454,2045986.0,0.5889399057978224,0.056268105993569906,0.21210228860024782,False
4455,2046095.0,1.3069539912673853,0.031142278764543858,0.14980147033043328,False
4456,2048230.0,0.3344144368386136,0.024140352494606818,0.13076024267912026,False
4457,2048862.0,-0.2188825598341783,0.736139473931687,0.8680927745278069,False
4458,2048883.0,0.7190344415249557,0.004623204082260309,0.04879764225462995,False
4459,2049469.0,-0.8188589852559647,0.04147872364453437,0.17567364227913407,False
4460,2049604.0,-0.8946552210421814,0.02229076643349832,0.12459643132627408,False
4461,2050264.0,-0.6251986497123447,4.1640936203396165e-07,0.00016143298660280906,False
4462,2050652.0,1.3775613562490152,0.023019929230906414,0.12710138952262925,False
4463,2050782.0,0.7061529509927318,0.004168968031342261,0.045783283233793735,False
4464,2051229.0,-0.6937750219834481,0.2539001787880693,0.48936193905264425,False
4465,2051734.0,-0.8657236807029622,0.1314447258320629,0.3362287277490634,False
4466,2051850.0,0.4703031547212107,0.21751622582982025,0.44752438047435533,False
4467,2053042.0,-0.5292901169335071,0.4150624055131768,0.6467847275115611,False
4468,2053335.0,-0.4566238820712036,0.02418268005620458,0.13085891924730844,False
4469,2053568.0,-0.5941144681940886,0.01404240373740585,0.09386677169593166,False
4470,2053870.0,-0.013749704962704418,0.9686874132138654,0.9830873102502345,False
4471,2054128.0,0.4660427111017319,0.22167456884646022,0.4527332915951695,False
4472,2054671.0,-0.5106060273120063,0.4316447090578698,0.6605589740115223,False
4473,2054852.0,0.061609354061442495,0.775945935051378,0.8893771983014455,False
4474,2055456.0,1.6252363921001503,0.011916595250382757,0.08593064739195395,False
4475,2055885.0,0.2752217353940864,0.16231111018099062,0.3747898534385563,False
4476,2056666.0,0.6576077840892911,0.2069920112758828,0.4333828945418111,False
4477,2057409.0,0.6356801217170489,0.031095808978463056,0.14968736428435322,False
4478,2058200.0,1.4041964799575757,0.009749164642749114,0.07668636391089974,False
4479,2058271.0,0.5278823268314669,0.004337125236324083,0.04707949444029793,False
4480,2058293.0,0.4867490160059728,0.008434087129643367,0.07031644838116648,False
4481,2058354.0,0.27812149546865195,0.279745502665366,0.519349654768693,False
4482,2058526.0,-0.6897999452503742,0.25665930530366987,0.49284216505772804,False
4483,2058901.0,-0.8976459732016933,0.11765488177673435,0.31680297737255547,False
4484,2060719.0,-0.29547724578772094,0.5114152811576326,0.7242675748775863,False
4485,2060738.0,-0.3592517982721767,0.012092700234842633,0.08645729397187343,False
4486,2060772.0,0.1438219107642543,0.534391930395935,0.7399288804154296,False
4487,2061431.0,0.08137476926086995,0.8816311344396555,0.9409208499009399,False
4488,2062276.0,0.7285047649859333,0.002041107598680817,0.030014758049417032,False
4489,2062316.0,1.2086141087637046,0.000466967543851024,0.012672331721257165,False
4490,2063430.0,-0.43043913267522094,0.06475577642204464,0.23024040388512762,False
4491,2063648.0,0.7890705837168591,0.0008863115511784294,0.018537402481776207,False
4492,2063663.0,-0.5057830117258821,0.0029656842136287073,0.03693971624876268,False
4493,2064245.0,0.23103044782858057,0.23592635721048488,0.46930192551215194,False
4494,2064404.0,-1.1227454387081128,0.019261917570126307,0.11373655879198998,False
4495,2064470.0,1.3886723268346064,0.02194109810216374,0.12370139727097675,False
4496,2065057.0,-0.13002859411144366,0.5503813810240763,0.7514955837756413,False
4497,2065171.0,-1.8154717946903456,0.0007988901489392965,0.01764985834538932,False
4498,2065691.0,0.11453683798734991,0.6313707173454216,0.8056176104397142,False
4499,2066114.0,-0.07286049880084386,0.8939390104768479,0.9470728048727488,False
4500,2066355.0,1.4008059488829228,0.0024026255687769216,0.03286037135237179,False
4501,2067562.0,0.5320998042663738,0.002280721013632698,0.03194480851997798,False
4502,2068326.0,0.1093997805188271,0.7384786266941806,0.8692125773010007,False
4503,2069068.0,0.6720817440849528,0.07763235948690343,0.25505425612298327,False
4504,2069208.0,-0.1759866434222562,0.20144882455336116,0.4263456795723797,False
4505,2069454.0,-0.4033179292510899,0.08187425999643656,0.26154184891465077,False
4506,2069526.0,-0.6878009280789146,0.022992909270622686,0.12701680922779096,False
4507,2069612.0,-0.583761391353715,0.20884305419013915,0.4357922632129874,False
4508,2070569.0,0.15718513489530728,0.5235628556958852,0.7321841019852641,False
4509,2070574.0,0.5098741266200713,0.32832982552422124,0.5686056566792314,False
4510,2071032.0,0.03408811028568959,0.8799934153978695,0.9400972861080477,False
4511,2071997.0,0.01618746904558517,0.9441266692357297,0.9716598121242225,False
4512,2072917.0,0.08130010954296027,0.5702050477389035,0.7641451596550367,False
4513,2073060.0,-0.10577085948484907,0.4606167033807312,0.6835262221733202,False
4514,2074006.0,0.07554423949699471,0.7659566332218365,0.8848934922970451,False
4515,2074059.0,-0.34580596466416735,0.036859961779365825,0.16398151029303937,False
4516,2074124.0,0.10810303854896873,0.822464762327515,0.9104481944794182,False
4517,2074170.0,0.10480265651663104,0.4693951751775785,0.6904179710775902,False
4518,2074372.0,0.41483054666435126,0.17942444228801394,0.39804870652695507,False
4519,2074800.0,0.14738963593201726,0.37648702905260495,0.6129843558371122,False
4520,2074866.0,-0.14750205665509447,0.3050980840213793,0.5446209015050275,False
4521,2075575.0,0.3832693439537029,0.09384795339953983,0.28105200428426624,False
4522,2075583.0,-0.06842680092897369,0.7853744982110091,0.8943978182027367,False
4523,2076213.0,0.35088340524329364,0.2441368644827805,0.4777107103344945,False
4524,2076217.0,-0.2371237876591109,0.7151355690279751,0.8551218992948524,False
4525,2076230.0,-0.20503242750280354,0.15124758360275184,0.36186742781747216,False
4526,2076245.0,-0.1605147555435818,0.6468147946771997,0.8138101609174687,False
4527,2076444.0,-0.3380325608758129,0.13056909165509517,0.3349864074488438,False
4528,2076520.0,-1.044042006916748,0.019765973965792414,0.11554100559971817,False
4529,2076574.0,0.1512147001672652,0.2849560512873309,0.5252501166113054,False
4530,2076656.0,0.19542872233515074,0.1668325337668374,0.3808553425949569,False
4531,2076882.0,1.3727987706673819,0.023521370390469545,0.12895175534775097,False
4532,2076994.0,-0.21086214567605793,0.1396873126380863,0.34793615848701853,False
4533,2076998.0,0.2139925831391716,0.35322034142693837,0.5922469580150472,False
4534,2077181.0,0.13693161107161272,0.3322384205633911,0.5722579507358063,False
4535,2078029.0,0.19604638522907356,0.3869017544860588,0.6225642669650413,False
4536,2078301.0,-0.08601443286742654,0.7312393201134395,0.8646808269909296,False
4537,2078346.0,1.18753710929428,0.05033826827902262,0.19877115393553674,False
4538,2078782.0,0.18382390384922445,0.1947158464872744,0.41713844752701085,False
4539,2078795.0,1.1515758755106829,0.057804677171266035,0.21525549594994606,False
4540,2078844.0,-1.9540715862692344,0.001207667389933588,0.021970290598546605,False
4541,2079148.0,0.4883964665447653,0.2034580498058308,0.4288036392787092,False
4542,2079177.0,-0.012627117110433905,0.9276359965452579,0.9643469533142782,False
4543,2079430.0,-0.3520030837432736,0.07930640054046859,0.2575145013062478,False
4544,2079777.0,0.24155856219082716,0.4931223610855464,0.709674056432799,False
4545,2080060.0,0.30926364290651376,0.5905647147043456,0.7786048409440818,False
4546,2080601.0,-0.7425524862943917,0.17348864916523932,0.3903854242721129,False
4547,2080809.0,0.3049656403927664,0.6632729861920419,0.8253844164982935,False
4548,2080840.0,-1.1146442775520262,0.005355479123777142,0.05348088858196953,False
4549,2080994.0,0.0028914727482183544,0.993829447894143,0.9963412696598108,False
4550,2081371.0,-0.09018222211066158,0.708944401995367,0.8516908279422596,False
4551,2082428.0,-0.73088792124283,0.01629129406354588,0.10275537307367259,False
4552,2082632.0,1.4568480507936061,0.0010918765229905503,0.02080790363117686,False
4553,2082673.0,0.5743366144840226,0.17521630746215422,0.39248308243947255,False
4554,2083018.0,0.27157453879812293,0.0847202085788627,0.2669223853395933,False
4555,2083739.0,0.1480666191146744,0.4054073171192856,0.6380581420572474,False
4556,2085001.0,-0.8136610211885345,0.042772274656673846,0.17898729429382984,False
4557,2085329.0,0.11159835400061646,0.5142874132618724,0.7261305145878225,False
4558,2086335.0,-0.04806179012730774,0.8510740892299674,0.9239333171908487,False
4559,2086610.0,-0.24051429827620432,0.2270557361547266,0.4595730031623265,False
4560,2086922.0,-0.9149151985327564,0.11080535272497687,0.3068347203647,False
4561,2087658.0,0.7652462931498372,0.011874255695508408,0.08593064739195395,False
4562,2087923.0,-0.027012818873548162,0.9113762266881288,0.9563027195941239,False
4563,2088915.0,0.46916275212679437,0.23245107697773396,0.46563137859260045,False
4564,2089118.0,0.9983270530115953,0.053468401810815434,0.20574246779737737,False
4565,2089365.0,-0.23032405144207482,0.24348401232144498,0.47733771965853083,False
4566,2089731.0,-0.47788012719466855,0.2563926907963624,0.49258394649487564,False
4567,2090829.0,-0.18488305465868515,0.7759531517691008,0.8893771983014455,False
4568,2091284.0,-0.20443905077461447,0.7529859075349378,0.8779492341292974,False
4569,2092193.0,0.03540809970096866,0.7949739045982458,0.8989001806681206,False
4570,2092379.0,0.5679929519368645,0.04855942892336868,0.19394036787567728,False
4571,2093219.0,-1.3926895235126617,0.021551466617116776,0.12241819472988101,False
4572,2094128.0,-1.0699311094509143,0.006194312988866729,0.058564915872935004,False
4573,2094164.0,1.0272824556734994,0.048274912771615296,0.19324128702889828,False
4574,2095015.0,-0.2088050003080177,0.747897221951709,0.8748048858805403,False
4575,2095302.0,-1.1486274288805507,0.0011041692647631824,0.020888689912134963,False
4576,2095577.0,-0.19644225345189986,0.7623151659710284,0.8825440483035005,False
4577,2095681.0,0.13895037249855416,0.3339722231979519,0.5734384864012156,False
4578,2096791.0,0.11125177533317304,0.6464633957384582,0.8137013173400932,False
4579,2096981.0,1.3863445788399633,0.02216600951114464,0.12415520545972841,False
4580,2097185.0,0.038960349378527964,0.8703184727340334,0.9349878822697218,False
4581,2097506.0,0.15055040487453136,0.2866802045980523,0.5269963794939642,False
4582,2097643.0,0.34711666635562577,0.026035265701954843,0.1361221444295302,False
4583,2097922.0,0.3606344227297432,0.022463399452330085,0.12512607036122128,False
4584,2098917.0,1.7086740678068408,0.00033708853841773177,0.010644387898161242,False
4585,2099224.0,-0.8286033633608031,0.17022882721164417,0.3861721879587038,False
4586,2100378.0,0.3199116591243171,0.041105341924635753,0.1748426671598437,False
4587,2100670.0,0.2901901649302777,0.06661310428525029,0.23400817055546663,False
4588,2100731.0,1.9789476703750943,0.002139012648406766,0.031216355120751473,False
4589,2100827.0,-0.13638057662122918,0.40957877737528964,0.6416203653817057,False
4590,2101421.0,-0.22431032600267947,0.1195463132963342,0.31950195031525563,False
4591,2101813.0,-0.8891420604079214,0.030732170577828247,0.14866208182813084,False
4592,2102632.0,-0.38876649664014246,0.33399719633557634,0.5734384864012156,False
4593,2102929.0,0.13024395602920666,0.4633190358538754,0.685568175326311,False
4594,2104043.0,-0.3928553581193426,0.34130570453775705,0.5804083139111427,False
4595,2104201.0,0.21101246501802506,0.13518102403223195,0.3415262597479486,False
4596,2104911.0,1.3805021082595346,0.022758679872869968,0.12610794794282976,False
4597,2105074.0,-0.3470308804477316,0.4006560358685757,0.6330258439608628,False
4598,2105149.0,-0.23095480686520553,0.27412304702002976,0.513077407714632,False
4599,2105280.0,0.182732483592338,0.51963540174791,0.7294293565242616,False
4600,2105425.0,-0.37933163059407554,0.3459910568173976,0.5843679666645171,False
4601,2105433.0,-0.3914364778414801,0.3308517897231196,0.5706969930787325,False
4602,2106175.0,-0.37505854682396184,0.25110027899650544,0.4855171942477853,False
4603,2106453.0,-0.24693084924264636,0.09001218104375223,0.2753554494628981,False
4604,2106837.0,-1.0588768975753324,0.05191954391225296,0.20243773317798341,False
4605,2108419.0,-1.2129659127431447,0.08255608408849938,0.2622611333862045,False
4606,2110234.0,0.22268426122007037,0.6207476025669428,0.7984613373461505,False
4607,2110330.0,-0.5735486185935388,0.2020421854972125,0.4271850260171877,False
4608,2110628.0,0.10823542359148097,0.8507338851093872,0.9238219011068135,False
4609,2111536.0,-1.2216446325352095,0.05928235837567246,0.2187780757601572,False
4610,2111867.0,0.23156964120960633,0.3720492341672481,0.6087721490632316,False
4611,2113161.0,-0.7356810787887413,0.00551597069305891,0.054459382076510666,False
4612,2114245.0,0.29782007305994634,0.1211732205755664,0.322500569105102,False
4613,2114339.0,0.12204883449829104,0.3774463264516217,0.613826919875351,False
4614,2114398.0,1.3618448202776543,0.0012089917188348816,0.021970290598546605,False
4615,2114772.0,1.4776749895856898,0.014705001846578213,0.09662396794467705,False
4616,2115812.0,0.33485988144093937,0.3054417089136001,0.5448758833618946,False
4617,2116781.0,0.4286153472105191,0.20380081446998388,0.4290647480744133,False
4618,2117773.0,-1.2162582584350186,0.08171153174643284,0.26137891659609863,False
4619,2118443.0,-0.6217397267737919,0.1963504813883373,0.41931624542010654,False
4620,2119113.0,0.6844172110974274,0.016042728827310143,0.10174309198514621,False
4621,2119441.0,0.7140469047255176,0.013031855597382076,0.09027491544963781,False
4622,2121354.0,-0.16449002019576012,0.2773664684888946,0.5171441112069651,False
4623,2121445.0,0.5612440275284125,0.10435074170850012,0.29691410255459205,False
4624,2121582.0,0.4983458533180578,0.41281505610065683,0.6449302572836253,False
4625,2121825.0,-0.8073819639543486,0.18143717124616304,0.40021247138332927,False
4626,2121883.0,0.2804482152454508,0.1424603162463141,0.35145755194383904,False
4627,2121908.0,-1.542660587738757,0.006946896746782432,0.062487934797764204,False
4628,2122238.0,0.36752476018157276,0.008876343793386202,0.07250015942604005,False
4629,2122911.0,0.5354473508528338,0.002264805185696297,0.03194480851997798,False
4630,2123385.0,1.203204690435075,0.01571345494406702,0.10044876506265668,False
4631,2123746.0,0.7185530347942615,0.012494598658895364,0.08801618603856547,False
4632,2124401.0,1.2144074765138075,0.019440819782400618,0.11425560299835338,False
4633,2124605.0,-1.0172551864078891,0.002213759387374587,0.03187050152513414,False
4634,2124969.0,-0.9017461204655359,0.007742933827888581,0.06660027472403371,False
4635,2126814.0,0.20308074702949092,0.3276655297639709,0.5679753407337789,False
4636,2127518.0,-0.578617665404744,0.00855220446636161,0.07102844642873396,False
4637,2127574.0,-0.6079824117786177,0.16323398865842928,0.37620062566608276,False
4638,2128581.0,-1.4508561098982264,0.011178539635145396,0.08271509730027489,False
4639,2128807.0,0.1279438451075989,0.47218105791353365,0.6927321778147597,False
4640,2129171.0,-0.8900548829596144,0.01921703483902711,0.11373655879198998,False
4641,2129515.0,1.1451284558544121,0.016935640624697976,0.10529002232594302,False
4642,2129525.0,-1.2138179189924014,0.08235034875881762,0.2619616754540235,False
4643,2129945.0,-0.7210545267382371,0.1490468794056951,0.3592213373791703,False
4644,2129949.0,-0.14090377513871363,0.3480775998169581,0.5863411461845253,False
4645,2130465.0,0.5542024484655669,0.1554955621702042,0.365893798313509,False
4646,2130503.0,-1.3746541078943717,0.004064372691162795,0.04497325745420198,False
4647,2130565.0,0.5405572508378947,0.19899844703321828,0.4238038341270521,False
4648,2130630.0,-0.04064756628986907,0.9105630082488981,0.9560074914925805,False
4649,2130873.0,0.23176709656462263,0.21259088714976762,0.4412862956828134,False
4650,2130891.0,-1.3834510646968536,0.003822516493173457,0.04338202188631649,False
4651,2130984.0,1.0779280195418153,0.09629141007140037,0.2855745700049658,False
4652,2131319.0,-0.7724427544922511,0.024158210778171988,0.1307917097242179,False
4653,2131477.0,0.5043625605022556,0.21841506012116385,0.44869331521862865,False
4654,2131762.0,0.24368953873598587,0.11613259260784013,0.3146042657245083,False
4655,2131856.0,0.22423223640685236,0.14787372122838754,0.35822446028811256,False
4656,2132137.0,0.5056422467471544,0.2172857629611546,0.44730456228775517,False
4657,2132264.0,1.4506186705402027,0.0016605155581864877,0.026507200564874007,False
4658,2132680.0,-0.0017474783331073024,0.9973286188686881,0.9980145301251417,False
4659,2132890.0,-1.3747592115063356,0.004061507804363968,0.04497325745420198,False
4660,2133361.0,-0.06013789814393565,0.7765197037081923,0.8895512427489178,False
4661,2134752.0,0.5022914107249329,0.22043701610593833,0.45096943268563144,False
4662,2135546.0,-0.16312478992123064,0.7446179942399123,0.8728992602475191,False
4663,2136053.0,-0.638303527599067,0.1664141881059107,0.3803002130294022,False
4664,2136584.0,-0.4950169284427018,0.22704910448290105,0.4595730031623265,False
4665,2136874.0,-0.03201839561285832,0.8264953259418818,0.9126526744502264,False
4666,2137628.0,-1.56086045576397,0.006302260793546245,0.059127952388888926,False
4667,2137688.0,-0.4877149060674694,0.23391465998542937,0.4667047389564919,False
4668,2138387.0,-0.49708324730281045,0.225230818554194,0.45776882137576785,False
4669,2138935.0,0.3086165323200608,0.5721254015798982,0.7653957646228488,False
4670,2139279.0,-0.5056687221280647,0.21742332421942806,0.44741804443637756,False
4671,2139598.0,-0.6110710788165199,0.0015837471788858236,0.02592997832097378,False
4672,2139751.0,0.06405590057992816,0.6639340486400938,0.8256630267827951,False
4673,2140288.0,0.7255022868938525,0.03884925174952758,0.169021494084618,False
4674,2140710.0,0.5182590778473767,0.394373351921219,0.6285774566903178,False
4675,2140791.0,-0.8821646216197652,0.17391324774139014,0.39084358378516887,False
4676,2141023.0,0.9998762402869819,0.1230610166023996,0.325652690204546,False
4677,2141228.0,0.5191585928496023,0.20528953342046782,0.4310286045027424,False
4678,2141506.0,-0.4901392564749867,0.23175216900935852,0.4645242454759109,False
4679,2142212.0,0.4399273266001147,0.44408523841045544,0.6708119487419867,False
4680,2142881.0,-0.5125492003249986,0.21097453690654575,0.43905839687894055,False
4681,2142886.0,-0.18733424798550963,0.31127058842121597,0.5509281326124734,False
4682,2146410.0,0.1261310542009522,0.8571107623804793,0.9276257589703798,False
4683,2148728.0,-0.7396596748364808,0.07071980932775351,0.24260200372271343,False
4684,2148861.0,0.45809052895537244,0.010114344169586623,0.07829970667529697,False
4685,2149673.0,0.7299518791600288,0.07441711564508452,0.2492433786878718,False
4686,2150350.0,0.29072449810136547,0.15261473326581598,0.36359494261701475,False
4687,2150610.0,-1.3913347151087136,0.005147626069079817,0.0522227938741134,False
4688,2150825.0,-0.7605590024447401,3.394568358130527e-05,0.0024083685965690764,False
4689,2151018.0,0.8411805087620358,0.045298695320567364,0.18604515236653754,False
4690,2151575.0,0.723286330026364,0.18500546560378142,0.4042339631902269,False
4691,2151664.0,0.010243122331316183,0.9830373385265415,0.9901168333016087,False
4692,2151736.0,-0.7381362642052742,0.07125587488368301,0.2434631796859865,False
4693,2152455.0,-0.5172778173623354,0.21001268941514492,0.4375881941095941,False
4694,2152943.0,-0.2742713913409514,0.25374014090349317,0.4891624077027869,False
4695,2153330.0,-1.0844056787642884,0.0003298378197639374,0.010499676051429737,False
4696,2153493.0,0.9983134676984673,0.12366578663540903,0.32645722614965106,False
4697,2153967.0,0.013367328858835958,0.9234829193378824,0.9621275640092825,False
4698,2154310.0,1.035551578697116,1.1471589141063346e-05,0.0012806576713662195,False
4699,2155372.0,-0.29984079812507164,0.2116636164996363,0.4399293773666045,False
4700,2156196.0,-0.7757721736142217,0.08418874462966384,0.2655051780810578,False
4701,2157632.0,-1.174605925946806,0.052946758155977686,0.20497042075004912,False
4702,2158135.0,0.9429920459093308,0.025621968466056317,0.13488189510137794,False
4703,2158423.0,0.539440813709685,0.4060647338811579,0.6383537561593003,False
4704,2158666.0,-1.5663967953815798,0.006117082863534503,0.05833846148194852,False
4705,2159205.0,-1.2743551989989572,2.5608769494888272e-05,0.001999879085374188,False
4706,2159430.0,0.6400657847973807,0.07601764665032669,0.2519607799661973,False
4707,2159494.0,-1.1146283065580933,0.01606154049170789,0.10177934736572629,False
4708,2160279.0,-1.4374181615157233,0.01196480968883057,0.08606892589281369,False
4709,2161207.0,1.433823932907607,0.012168031563136032,0.0866124476182568,False
4710,2161297.0,-0.22307598059893222,0.7312771740808138,0.8646808269909296,False
4711,2161670.0,1.6473427920058292,0.006479264814000931,0.060164601844294355,False
4712,2161760.0,-0.09248772764642502,0.8372666578708668,0.9172461579759605,False
4713,2161802.0,1.4419747071733178,0.011694446245574456,0.08513964721375636,False
4714,2161808.0,-0.6634677913541858,0.30680239870299214,0.5466149454323724,False
4715,2161892.0,-0.8906812654122322,0.12072269780851727,0.3215475347202125,False
4716,2162007.0,-1.4107107755052128,0.013668254315087109,0.09261479437594916,False
4717,2162103.0,-0.8740995308314139,0.17780360994184113,0.396133776891454,False
4718,2162534.0,-0.818001058295821,1.900682205203493e-05,0.0017165129751879234,False
4719,2162841.0,-0.4792432663171249,0.4937231806818228,0.709970201088105,False
4720,2163599.0,0.9015289834625787,8.563670566453334e-09,1.549310733314182e-05,False
4721,2163626.0,-1.4512995169674936,0.011157911826633204,0.08266732528376593,False
4722,2163808.0,0.9019247850686491,5.780286289280911e-09,1.549310733314182e-05,False
4723,2164147.0,-0.9035056305172904,7.504980762541479e-09,1.549310733314182e-05,False
4724,2164258.0,-1.6360300798938958,0.0068601428287601764,0.06221123676373577,False
4725,2164433.0,0.3569310365320344,0.2176109156311091,0.44763435459080714,False
4726,2164440.0,-1.4357315447339345,0.012061635520139547,0.08633479675967369,False
4727,2164668.0,-0.36867447275704446,0.20783693855661356,0.434444438288473,False
4728,2164773.0,-0.3667370692118346,0.2049930264021449,0.43073931505909463,False
4729,2165006.0,-0.34947550615443307,0.23761537304797375,0.47099040150241483,False
4730,2165145.0,0.3523592038450829,0.22861762673413372,0.4614437222385685,False
4731,2165223.0,1.3788007360589436,0.04832379703722789,0.1933486239731326,False
4732,2165734.0,-0.8176501918031532,7.904031252344162e-08,5.563344201385097e-05,False
4733,2166036.0,-0.7622885994417916,0.0012436675345184529,0.022306571733209383,False
4734,2166615.0,-0.5986540784499518,0.2726795673672361,0.5113036282209963,False
4735,2167276.0,-0.8071501020776604,8.193856910439852e-08,5.563344201385097e-05,False
4736,2167775.0,-0.31171347329159704,0.24642982237349728,0.48094133798351546,False
4737,2167900.0,0.27402374082726066,0.30847400684406723,0.5480336079038216,False
4738,2168070.0,-0.7367495189839366,0.112338487925798,0.3090304831309015,False
4739,2168239.0,-0.00223349831602615,0.9963025218934786,0.9975245422860234,False
4740,2168474.0,-0.008722360773690596,0.9892885975774239,0.9932542627688461,False
4741,2168736.0,0.18262118742706343,0.7943158164564418,0.8986691211980082,False
4742,2170634.0,0.2449726746160537,0.329859581448143,0.5695285122665169,False
4743,2171123.0,1.088440412949275,4.5967563580626694e-17,4.989779026677028e-13,True
4744,2171588.0,-1.1155890288513235,0.025238379345562355,0.13416386277966666,False
4745,2171879.0,-0.9038185136523049,0.1152190120781899,0.31345924213251913,False
4746,2172090.0,-0.34838832758595495,0.14009278151867063,0.3486261218214511,False
4747,2172726.0,1.2091751144923668,0.015184054732853104,0.09875549078796911,False
4748,2173361.0,-0.425604946363661,0.006105060256036034,0.05828533780059028,False
4749,2174210.0,-0.0776056199179157,0.7447124541845465,0.8728992602475191,False
4750,2174376.0,0.961269829799113,0.008763292367708475,0.07211943794653185,False
4751,2174495.0,0.11756992345600961,0.7531518441466621,0.8779492341292974,False
4752,2175253.0,0.7290897519875583,1.8468826663421442e-08,2.505988917892997e-05,False
4753,2176069.0,0.726704145759381,2.5480237659617355e-08,2.765879797951464e-05,False
4754,2176219.0,-0.8742686249209849,0.0336219960597968,0.15497527270874492,False
4755,2176638.0,0.9711753444269371,0.0009413566551445682,0.0190989302131974,False
4756,2177285.0,-0.49602877008120444,0.22919300102503615,0.46226124602875646,False
4757,2178433.0,0.7416093282839187,0.2226355778653501,0.4544394881023647,False
4758,2178638.0,-0.6771122945211907,3.407878691057811e-07,0.0001391793075011314,False
4759,2179644.0,1.193439530065123,0.012757234345532572,0.08894012769476949,False
4760,2179740.0,1.7769169998913668,0.003282791815215399,0.03946257492155388,False
4761,2180370.0,-0.2354162982662542,0.11598642962937784,0.31436713261326094,False
4762,2180777.0,0.6797526096178897,0.2637127311055761,0.5002467416911015,False
4763,2181780.0,-0.43611441809021534,0.2564340747713074,0.49258394649487564,False
4764,2181984.0,-0.9022975868925786,0.11583452755341632,0.31436713261326094,False
4765,2182254.0,0.12017458969288922,0.8102465727321896,0.9049518002889102,False
4766,2182295.0,-0.14157063301772635,0.632915787887073,0.8059949410504667,False
4767,2182641.0,-1.743007749126742,0.006950152871994618,0.062487934797764204,False
4768,2183174.0,1.4028857233963354,0.009827142452521944,0.07718786636912134,False
4769,2184646.0,-0.9871742528375202,0.07007605338308309,0.24123226157789582,False
4770,2184946.0,-0.5406330067670224,0.0007449360733246299,0.016938999480658405,False
4771,2185275.0,-0.5100831006288222,0.0014427680447692125,0.024329355006011737,False
4772,2185345.0,-0.7077568964116947,8.200230973943948e-08,5.563344201385097e-05,False
4773,2185557.0,-0.6343252326353084,0.004594313734503857,0.04874049483577721,False
4774,2185597.0,1.2120462963756573,0.014956479946746327,0.09774388309568416,False
4775,2186180.0,-0.6888180977740079,4.866248945972912e-05,0.002967591702726739,False
4776,2186429.0,-0.6673394188569362,0.30392245233550963,0.5433264525859612,False
4777,2186635.0,-0.5740442268831172,2.3019836107521395e-05,0.0019006002495636973,False
4778,2186833.0,0.5837480711770593,1.5826524901951467e-05,0.0015477200703665152,False
4779,2187198.0,-0.5769156619430978,2.3759079251077184e-05,0.0019104059649662432,False
4780,2187282.0,-0.6245992942117448,4.481923218826197e-06,0.0007009644795415196,False
4781,2187360.0,-0.5725432351720728,2.7509214632766384e-05,0.0020736980891574936,False
4782,2187408.0,-0.5534854869238262,3.68853236824058e-05,0.002486895581195745,False
4783,2187441.0,-0.5613483350521338,3.0046890431058704e-05,0.002249372383649257,False
4784,2187636.0,-1.0749592239140253,0.025047987058582324,0.13380703716580272,False
4785,2187894.0,0.5947391133430517,1.1286845869849799e-05,0.0012762365824710372,False
4786,2188158.0,0.5830642947940387,2.0505764213768013e-05,0.0017943970051724522,False
4787,2188278.0,-1.203125480579547,0.08511152699380162,0.2675602738249976,False
4788,2188555.0,0.635353357664455,2.4339712744292116e-06,0.0005232893959143246,False
4789,2188768.0,-0.5414839957430353,0.01916552717910327,0.11373655879198998,False
4790,2189692.0,0.6349717262324743,2.665093320735597e-06,0.0005232893959143246,False
4791,2190417.0,1.0424552404085041,0.13601353694156748,0.34255845556861136,False
4792,2191207.0,-0.30371638068589,0.3076028709410507,0.5472024195452483,False
4793,2191816.0,-0.5471454541601044,0.3161950093081065,0.5556575726144563,False
4794,2193011.0,-0.3385931751769131,0.5557723136265468,0.7553409871561495,False
4795,2193070.0,-0.06827602654150106,0.8241453382290337,0.9111934860945365,False
4796,2193435.0,-0.1636251192336805,0.35625188174431477,0.5947189275678556,False
4797,2193519.0,-0.6167866710940919,0.12251360038711873,0.3247582740420449,False
4798,2194319.0,-0.33672425880697876,0.09608639742275542,0.28531243036822834,False
4799,2194463.0,0.8143493638775474,6.929168649946653e-07,0.0002507204189839031,False
4800,2194792.0,-0.16230588870869395,0.7897857970033136,0.8965828097125046,False
4801,2194945.0,-0.6861325241137817,0.2904231741621918,0.5309752048883748,False
4802,2195051.0,-0.26397669605310553,0.18166605657714213,0.40021247138332927,False
4803,2195825.0,-0.35798410585485463,0.19005345118695785,0.4110344928243713,False
4804,2196117.0,0.04843488407109586,0.874814610164116,0.9369605420361975,False
4805,2196503.0,0.26948566765566606,0.3196989442621607,0.5596407095574512,False
4806,2196735.0,-0.6307760535961606,0.053054067932199835,0.20523945381469325,False
4807,2196759.0,-0.42141703266957126,0.4404433111496967,0.6676458794204662,False
4808,2196793.0,-0.46847492376320543,0.08871836538375458,0.27320222872075345,False
4809,2197008.0,-2.031210024962034,0.00035548737136483307,0.011007440681696117,False
4810,2197254.0,-1.1013660699672532,0.1151272423611969,0.31333761500051255,False
4811,2197348.0,-0.31547557140921945,0.28314478712978125,0.5232552899919477,False
4812,2197361.0,0.552838650529323,0.04047431835912467,0.17324476568939207,False
4813,2197363.0,0.3651001804516469,0.5037842324525397,0.7171905368225991,False
4814,2197534.0,-1.4277380021749515,0.027353806180291814,0.1401328795952246,False
4815,2197582.0,-0.4152838532888933,0.4469677559074402,0.6736749952452313,False
4816,2197951.0,0.3326808260621045,0.3864968386444779,0.622074481170937,False
4817,2198985.0,-0.5370684996647402,0.4081346363157546,0.6404020637767441,False
4818,2199153.0,-0.3274987888256565,0.26580476988850343,0.502667382776952,False
4819,2199311.0,-0.037996100945403954,0.8258406150275762,0.9123244327421474,False
4820,2199488.0,1.3791058256794801,0.022871838329219227,0.12651567191387592,False
4821,2199994.0,0.17593193871036178,0.4350379238283042,0.6633426974513614,False
4822,2200043.0,-0.04526642033447899,0.7943351701856445,0.8986691211980082,False
4823,2200810.0,1.1284951720782797,0.00030575842750583195,0.010027213687540198,False
4824,2201080.0,-0.5580352693083164,0.009115702621505692,0.07373394333565148,False
4825,2201346.0,0.7872939974114991,0.00907599343977123,0.07363221882564777,False
4826,2201639.0,0.21037037196004807,0.13153099114071584,0.3362287277490634,False
4827,2202067.0,-0.24825486143970177,0.15136561193292353,0.36193275011691195,False
4828,2202154.0,-0.5969621190035003,0.13490430831991151,0.3410308027043874,False
4829,2202609.0,0.9934958518641144,7.887588712139472e-06,0.0009729519939803861,True
4830,2205198.0,-0.1875235209724047,0.7580483746739778,0.8803563672829202,False
4831,2205361.0,1.551304957427771,0.000699351073520723,0.01618647314086876,False
4832,2206354.0,-0.9024540270320512,0.11585079997497023,0.31436713261326094,False
4833,2206539.0,0.29925031776213606,0.5663265488233727,0.7622061133353331,False
4834,2207072.0,-0.1607772045778325,0.7916909731384631,0.8975671777314561,False
4835,2207910.0,0.04239721687629344,0.7525154018536766,0.8778672420334938,False
4836,2207918.0,-0.035977424210751285,0.9288154802431093,0.9647338571943824,False
4837,2207956.0,-0.2972105650706202,0.08821555595637304,0.2721170389049245,False
4838,2209804.0,-0.2935651834513515,0.11206519532665357,0.308591500576059,False
4839,2210037.0,-0.11425787192446739,0.7714561021053209,0.887101182201773,False
4840,2210846.0,0.6966175916035853,0.3196421302546516,0.5596407095574512,False
4841,2211127.0,0.11704826944238197,0.39800271442086904,0.6314766736050176,False
4842,2211865.0,0.9400481189544836,0.17900257791135576,0.39746146370176527,False
4843,2212358.0,-0.3087660207951327,0.03712336293552566,0.16468087644672294,False
4844,2212551.0,0.593518815710995,0.06674148685642091,0.23424210774359538,False
4845,2212584.0,1.4579901851194064,0.016110660237037118,0.10191213104489388,False
4846,2212594.0,0.5542591404943096,0.00011011218856826229,0.005271514260802783,False
4847,2212716.0,-0.27214077682488647,0.0631016106438793,0.22636086699911095,False
4848,2213493.0,-0.25837954617164205,0.14470006447839664,0.3539671723503017,False
4849,2213564.0,-1.7372641664647324,0.007145373148191479,0.06352418142802499,False
4850,2213617.0,0.5315286600077925,2.255105099392819e-05,0.0018830127579930037,False
4851,2213989.0,-0.6001071483340676,0.1327824746509475,0.3380285558949426,False
4852,2214238.0,-0.6674669877302067,0.08191981346484656,0.26154184891465077,False
4853,2214313.0,-0.17743295454895203,0.25745649245431945,0.4937325676081663,False
4854,2214865.0,-0.5922776677902342,0.39755420051485774,0.6310061188169003,False
4855,2215149.0,0.4495772606091699,0.00036910431820702847,0.011254571275666557,False
4856,2215233.0,-0.49672955488400916,0.000583197661166671,0.014620347833635599,False
4857,2215574.0,0.13212961138049184,0.8503879844797201,0.9237451109299791,False
4858,2215817.0,0.5260920875152569,1.0044955255633313e-05,0.0011982196626362596,False
4859,2216000.0,0.2507481547236483,0.6803767494230576,0.8360300673519685,False
4860,2216108.0,-0.7267795593853669,8.352017688321872e-05,0.00451511472843313,False
4861,2216264.0,0.5161140190372356,1.851572042182337e-05,0.001691449280294894,False
4862,2217039.0,0.6105778112695921,0.1743073565689763,0.3914162920058415,False
4863,2217342.0,0.6097767476696596,2.311185932219328e-05,0.0019006002495636973,False
4864,2217771.0,-0.2606350177429998,0.12640811478149513,0.33030528351344585,False
4865,2218421.0,0.6189457005759167,1.347992478407755e-05,0.0014140016559641175,False
4866,2219833.0,-1.0957176847336498,0.0017216224603619809,0.026964527296999684,False
4867,2220253.0,0.4995774211508925,1.4734188930920869e-05,0.0014987639988601048,False
4868,2220666.0,-0.02076553094048536,0.9547894477118501,0.9772128834159478,False
4869,2222010.0,-0.3919907636181727,0.17079162716099078,0.3868022350996359,False
4870,2222617.0,1.9927954767905809,0.0019877824833854545,0.029517618135634895,False
4871,2222700.0,-0.2654512123617714,0.07892467033723331,0.2572414961609698,False
4872,2223132.0,0.5757853889363287,0.07138693268537157,0.24375751943998372,False
4873,2223340.0,0.6115354117053561,0.059047992428051664,0.21816404282045637,False
4874,2223933.0,0.4555033523970507,9.582716354639499e-05,0.004860765702318306,False
4875,2224186.0,-0.2891957822937161,0.060718642572536737,0.22148373147452718,False
4876,2224430.0,-0.2706958862718534,0.06817933287201519,0.23735941575552433,False
4877,2224917.0,0.5319845063969612,3.1509642175269715e-06,0.0005516482219014953,False
4878,2225004.0,-0.2956712117778424,0.043782935740964465,0.18181475419593315,False
4879,2225321.0,2.0064690449520066,0.0018505743437653946,0.028095083218983716,False
4880,2225503.0,-0.9086876353715845,1.381924448186831e-06,0.00038463563807866795,False
4881,2225890.0,0.09550947533291138,0.8218857243096501,0.9102539310470386,False
4882,2225964.0,-0.5289422930425007,0.00025955722281017883,0.009088689205175778,False
4883,2226308.0,-0.9118012594923053,2.3273214700859763e-06,0.0005232893959143246,False
4884,2226468.0,0.5229681638787986,5.695092707675153e-06,0.0008468524841344354,False
4885,2226618.0,-0.2599514318415572,0.08107015772230726,0.2604369819697086,False
4886,2227238.0,-0.2867993240753536,0.05186200507896944,0.20228604568171513,False
4887,2227835.0,0.4596278161831884,2.724290820361753e-05,0.0020736980891574936,False
4888,2229654.0,-0.00990159888382107,0.9737966815510081,0.9856434029897585,False
4889,2229944.0,0.2959653615593435,0.03349215174064861,0.15497289088207808,False
4890,2229967.0,0.034363574829604684,0.9081279933628278,0.9548221461881946,False
4891,2230434.0,-0.06224107502395965,0.8364429289427019,0.9172461579759605,False
4892,2230595.0,-0.57556101185513,0.00010497505553845468,0.005132901927342007,False
4893,2231677.0,0.22004518943445256,0.12025694700474268,0.320892123829027,False
4894,2231993.0,-0.8607089906372456,0.2185418468437642,0.44869902543768875,False
4895,2232042.0,-0.6581739162994928,1.3530621235489225e-05,0.0014140016559641175,False
4896,2232487.0,0.014215094039338252,0.9619398392763505,0.9812568066297459,False
4897,2232704.0,-0.009832522398594487,0.9730540490722993,0.9853222895784388,False
4898,2232805.0,0.02302827191946112,0.9383473116028858,0.9689649988060621,False
4899,2232992.0,-0.07144661893832412,0.8559114808049267,0.9273212267473875,False
4900,2233023.0,0.11662898329480514,0.867777348300616,0.9335701799606726,False
4901,2233053.0,1.9672707178879234,0.0022755844293333,0.03194480851997798,False
4902,2233131.0,0.16834609707725406,0.23055717632731496,0.46348770174159987,False
4903,2233437.0,-0.6058722130767821,0.1647469976396511,0.37784252258153656,False
4904,2233995.0,-0.011819666549208768,0.9691371276715475,0.9833598355650259,False
4905,2234204.0,-1.0878998890144176,0.023404049148841415,0.12864831968147994,False
4906,2234521.0,0.08073757434863794,0.7955373620669014,0.8989182226669485,False
4907,2234569.0,0.22912853480629897,0.10172915086539919,0.29353267747047,False
4908,2234609.0,-0.254298849487321,0.06685922593793905,0.23424210774359538,False
4909,2234629.0,0.04065894781592883,0.8961990490675181,0.9482640294012973,False
4910,2235314.0,-0.05866942627845484,0.6795984951899776,0.8356057755596198,False
4911,2237193.0,-0.04832536671351263,0.906927299384912,0.9540968904091983,False
4912,2237740.0,0.9022321212616955,0.05167769527501047,0.2017121115462922,False
4913,2238753.0,-0.016793950253290835,0.9529678584610042,0.9759918341848709,False
4914,2238758.0,0.1486720829859493,0.6201682961259308,0.7980500399601616,False
4915,2239099.0,0.3249576513281033,0.5719505404866118,0.765381353091182,False
4916,2239120.0,-0.06962589003630425,0.6258248863628582,0.8017619664190754,False
4917,2239654.0,-0.13276939057747106,0.8273578844020412,0.9128857323830206,False
4918,2241466.0,-0.1764501042135067,0.6391623427364295,0.8098642734217278,False
4919,2241857.0,0.4414513489909664,0.0013643514497026353,0.023730416110361346,False
4920,2242394.0,-0.7449466006444388,0.17217937858401755,0.38856697599366125,False
4921,2242641.0,-0.48318143211726144,0.0005430722310648119,0.014002491848476328,False
4922,2242709.0,-0.1468478220014437,0.5947030772641947,0.7798749866451227,False
4923,2242979.0,0.47036133687726295,0.061159276379298896,0.22233193667869605,False
4924,2243038.0,0.3953026936821947,0.1108978209554883,0.3069341145677662,False
4925,2243389.0,0.6063803463557068,0.11995767557135537,0.3204086044111866,False
4926,2243909.0,0.10939468469696648,0.4560299742890779,0.6802435798873222,False
4927,2244677.0,-1.1032765717754904,0.00011007676026267666,0.005271514260802783,False
4928,2244711.0,-0.46766513541496924,0.0002564330443191379,0.00900835176726292,False
4929,2245921.0,-0.20471323906926348,0.6026176343723042,0.7850012572746461,False
4930,2247195.0,-0.4117212378391035,0.0013346524959199052,0.02344280395341516,False
4931,2247312.0,0.14291221989727626,0.35110738783480994,0.590162696647083,False
4932,2247692.0,-0.6560714027570729,3.22080354039752e-05,0.002362285299392911,False
4933,2248990.0,0.49581094829814176,0.05018902963156952,0.19825397258030827,False
4934,2249531.0,0.8484937383217297,0.22527876957985737,0.45776882137576785,False
4935,2249642.0,-0.3321913299511371,0.10082953007356649,0.29241371866111787,False
4936,2249661.0,0.9608774163140933,0.09390477623522782,0.28105200428426624,False
4937,2250070.0,1.0741104288546912,0.030151459096211544,0.14750947284750873,False
4938,2250562.0,0.23868897109745613,0.20337821815555207,0.42875714858778746,False
4939,2250625.0,1.0354437950688749,0.02085769123127096,0.11986591923876226,False
4940,2251171.0,-0.09300442655681432,0.8089114592643192,0.9047913177255436,False
4941,2251642.0,-0.6980761878960697,0.31864557771115837,0.5586859740580944,False
4942,2251728.0,0.4760382711885167,0.004292938786109258,0.04669323699721042,False
4943,2251886.0,-0.5670461516104437,0.0009386536237823155,0.0190989302131974,False
4944,2251948.0,-0.2088911047444328,0.2342482199570031,0.46681924502171257,False
4945,2251950.0,0.38226476165314915,0.020214792941639928,0.11740587339834212,False
4946,2253158.0,0.0924665750815834,0.7594659089546183,0.8811195806349756,False
4947,2253331.0,-0.18473046504633417,0.2910876503524566,0.5317664834358661,False
4948,2253363.0,-1.3869674003046448,0.0037520212151896815,0.04296222604523628,False
4949,2254232.0,0.14555709312379572,0.6743217615019204,0.8325480801982877,False
4950,2255374.0,-0.12157795964311435,0.40054376853550927,0.6330258439608628,False
4951,2255639.0,-1.3761728543131906,0.004026067861365696,0.044731797988868616,False
4952,2255914.0,-0.3164399835792504,0.12853507374832437,0.3324309247616928,False
4953,2256104.0,-0.09681824568840391,0.5355190780752999,0.7409891131303225,False
4954,2256595.0,0.13877576079160503,0.36783325376679193,0.6051100173885644,False
4955,2256957.0,-0.02737214988189965,0.8854641667926841,0.9428794909294278,False
4956,2257219.0,0.4321772722804465,0.1508150271682146,0.36161515310510906,False
4957,2257308.0,0.14632071711967815,0.3358477601941885,0.5751358307714439,False
4958,2258060.0,-0.2364097330969029,0.2619400772575968,0.4984851926071553,False
4959,2258137.0,0.34971839754388906,0.018650864874838167,0.11173020872868007,False
4960,2258314.0,0.18179359556299374,0.23050377399851865,0.46348770174159987,False
4961,2259611.0,-0.07315085042594847,0.8207576838177548,0.9100016422642813,False
4962,2259863.0,-0.5398894662628199,0.0003090047622365059,0.010074502480837291,False
4963,2260516.0,0.04222017908932902,0.8996498680716062,0.9496046382432596,False
4964,2260694.0,0.3794251965857931,0.2903970455699214,0.5309752048883748,False
4965,2260956.0,-0.48342868055140886,0.0012747081064417337,0.022724190292463607,False
4966,2261061.0,0.04387609932278408,0.7754223312268884,0.8891668527990103,False
4967,2261265.0,-0.07010856359384901,0.6458675913292967,0.8133187550558425,False
4968,2261451.0,-0.03242935229280716,0.8352572379495556,0.9168305115832118,False
4969,2262507.0,0.45444308288020985,0.32478631176485856,0.5651740003538859,False
4970,2262591.0,-0.5057818303033546,0.000675472279394162,0.015905101069031733,False
4971,2262639.0,-0.5014719094788749,0.0008265338133169303,0.017863091441371597,False
4972,2264517.0,-0.48852082435781397,0.0012710641136774708,0.022724190292463607,False
4973,2264802.0,-0.5013667929718169,0.0008664695441518815,0.01833436043229761,False
4974,2264809.0,-0.5016127516500535,0.000750710645453891,0.016941713214972946,False
4975,2264847.0,1.0328457131571933,0.021183328881727033,0.12106611464836074,False
4976,2265085.0,1.2987008531130804,0.002043381501475743,0.030014758049417032,False
4977,2265477.0,1.195920187755854,0.012598610168153048,0.08817402538704149,False
4978,2265928.0,-0.29090258598837054,0.10348445806119162,0.2958069924321483,False
4979,2266310.0,1.963841580901414,0.00014035022556951722,0.006168023071081414,False
4980,2266724.0,0.7712948722650556,0.013546915911574474,0.09235642958149651,False
4981,2267198.0,1.2980962650902375,0.0449910742034961,0.18541310192822708,False
4982,2267528.0,-0.29706307278585103,0.094217370922651,0.28141063062161464,False
4983,2268414.0,-0.04320338726238776,0.7948723171233194,0.898878945970792,False
4984,2269671.0,-0.5783518342173973,0.22947032175447019,0.4623522234382879,False
4985,2269786.0,-0.3608910264173474,0.11132173427577115,0.3073393598418511,False
4986,2269822.0,0.14231371357016928,0.3196652349767341,0.5596407095574512,False
4987,2269969.0,-0.13457624353573402,0.41543915366512674,0.6470931285743938,False
4988,2270356.0,1.4378638880813739,0.0006223926600934332,0.015206095653787334,False
4989,2270377.0,-0.19086698308263966,0.6357600093041212,0.8078031653092591,False
4990,2270860.0,-0.41353612453598937,0.06515641174162823,0.23113491812267137,False
4991,2270961.0,-0.35285603388508857,0.26374132682617907,0.5002467416911015,False
4992,2272888.0,-0.31908514959668033,0.062008201678412665,0.2243663430730565,False
4993,2273435.0,1.509532047561134,0.030500923059213217,0.14820390322639188,False
4994,2273745.0,-1.401304173404387,0.0034013986824113114,0.04030805971350959,False
4995,2274192.0,-0.30296836194785265,0.3434713493318107,0.5823302917291604,False
4996,2275305.0,-0.3433179469888672,0.02044416338194222,0.11823805531902865,False
4997,2275307.0,-0.002268839578099202,0.9916972786037038,0.9949808906771079,False
4998,2275629.0,0.2085703568070081,0.11901236528899141,0.31866779112284205,False
4999,2276241.0,-0.2542592250638276,0.05761326407387967,0.21505035401230677,False
5000,2277473.0,0.13566096091205715,0.33157624570508537,0.5713111344648734,False
5001,2277724.0,0.027874549032190013,0.8997405531397443,0.9496046382432596,False
5002,2279707.0,0.17973245379859754,0.4446599448119586,0.6715058014654718,False
5003,2280135.0,0.12345063997629299,0.39553062788689336,0.6298753316826409,False
5004,2280303.0,0.9628987273818139,0.09322993532427284,0.2804571854695343,False
5005,2280506.0,-0.08685154975525583,0.7861692435068686,0.8948167283492774,False
5006,2280607.0,-0.09746309152410462,0.8043365206776802,0.9034419197456242,False
5007,2280693.0,0.3466368005480519,0.11780498803856194,0.316998796519234,False
5008,2280783.0,0.7847017961060316,0.013760875053885032,0.09299921566310602,False
5009,2281731.0,-1.496570460948782,0.03199305825924199,0.15189988600693277,False
5010,2282360.0,0.2958922836142249,0.5880799348856129,0.7766326044423268,False
5011,2283058.0,0.25274378466103986,0.6602725606246045,0.8230659905351495,False
5012,2283840.0,-0.07210098750592353,0.7747341832574052,0.8891198510019251,False
5013,2284382.0,0.02886392010148653,0.8781478231270369,0.9395125783603376,False
5014,2284536.0,0.16708345683300507,0.24846248221120998,0.4828218651359207,False
5015,2284858.0,-1.0712472724947468,0.12544827661998273,0.3289229571763074,False
5016,2285294.0,-0.555958996083544,0.42719113617699805,0.6568214990370133,False
5017,2285931.0,0.21459611438970372,0.35611625055697826,0.5947189275678556,False
5018,2286872.0,0.8370181478916437,0.09371751987677794,0.2808410479826227,False
5019,2288086.0,0.304020418357965,0.6397955521930727,0.8101937376406677,False
5020,2288218.0,0.14142142543101416,0.5990723820616363,0.783013932243114,False
5021,2288560.0,0.026587696940698652,0.9123728413446146,0.9567047133689907,False
5022,2289220.0,-0.3841990930317364,0.008630151725043791,0.07156630784977108,False
5023,2289468.0,0.026319145509822228,0.9394408960934222,0.9698601547590815,False
5024,2289484.0,0.1367922774119978,0.8023322165139171,0.9023266286698394,False
5025,2289864.0,0.06736244182379689,0.7088939772398462,0.8516908279422596,False
5026,2290508.0,1.508444741519038,0.030610217102672418,0.14853549693764376,False
5027,2290736.0,1.5083795928129324,0.030652708130190713,0.1485509990060221,False
5028,2290956.0,0.4864564163303799,0.04636744727752546,0.18815650100842576,False
5029,2291064.0,0.7373262372102688,0.07341972757904135,0.24758345538070636,False
5030,2291197.0,1.525499891401265,0.028789165503398485,0.14341734352427285,False
5031,2291542.0,0.02495199823446198,0.9313717792043835,0.9660812865039257,False
5032,2291987.0,1.5349300120111538,0.027807810437110374,0.14092146699105187,False
5033,2292100.0,-0.655668119118173,0.0039331707230062995,0.04415157000851436,False
5034,2292155.0,-0.3818036991930136,0.004749098775210936,0.04947357697208705,False
5035,2292920.0,-0.8126195062408303,0.0002978838141008282,0.009870771491021666,False
5036,2293549.0,0.23267058527252255,0.10821969429730151,0.30321472334113947,False
5037,2293555.0,0.10372300367032909,0.8069367423512789,0.9042323049678056,False
5038,2294906.0,-0.5033600809532242,0.03413020032399133,0.15652020469663114,False
5039,2295295.0,0.16828947588995874,0.531707902204516,0.7377846450760605,False
5040,2295476.0,0.11228042107521646,0.679583878571398,0.8356057755596198,False
5041,2295950.0,1.42652876278225,0.0006874948869493063,0.016073786034173605,False
5042,2296912.0,0.2476977499387007,0.6350019903827198,0.8072311284230499,False
5043,2297178.0,0.17244670533295386,0.7304030359189937,0.864223930956458,False
5044,2297615.0,0.5425889487920115,0.020030239638143155,0.11670866949653459,False
5045,2297635.0,-0.3797197601319645,0.005162770584212544,0.05227786818248803,False
5046,2297960.0,0.5854041470856577,0.012511190700829712,0.08801618603856547,False
5047,2298318.0,0.2850596285410659,0.5849112549460432,0.7739165861091296,False
5048,2298469.0,-0.5082286732842628,0.00012093351173398417,0.005609971238770932,False
5049,2298634.0,0.26383283276314007,0.6130909389200891,0.7941424576867671,False
5050,2298895.0,1.8883922911131166,0.0004796261300873041,0.012951098612183298,False
5051,2299159.0,1.5012159123748918,0.031459945706393475,0.1504968296111234,False
5052,2299478.0,-1.0592451390953777,0.12985221445774864,0.33392863776838955,False
5053,2299482.0,0.9131551910415829,4.143022214035168e-05,0.0027256064323243484,False
5054,2299646.0,0.26124523212557815,0.6166486070391468,0.7958293460242466,False
5055,2300417.0,-1.6294291807652992,0.002663106998093886,0.034913075439986875,False
5056,2300750.0,1.504894860235896,0.00022991652367434888,0.008488924709132848,False
5057,2301022.0,1.9496067392400294,7.136816036135012e-05,0.004120752025119445,False
5058,2301086.0,0.5603900013138833,0.0837367950855376,0.2649265259847014,False
5059,2301300.0,-1.2201372184744554,0.04429795846593724,0.18334760624691884,False
5060,2301899.0,-0.9619044076802064,0.031927137168882,0.15177631954977053,False
5061,2301965.0,1.6213996287495351,0.012106469473048135,0.08645771455916941,False
5062,2302135.0,0.12945202022594876,0.7346143206714945,0.866874343996693,False
5063,2304067.0,-0.5705509583768089,0.10746513045868221,0.3021326058350156,False
5064,2304223.0,-0.10099231171092796,0.7745391898644488,0.8891198510019251,False
5065,2304424.0,0.4421584307606903,0.4416274209558637,0.6688803759558951,False
5066,2305726.0,0.5431664937674663,0.34463317306476904,0.583436227950416,False
5067,2306195.0,0.7572188390985592,6.908926649747809e-06,0.0009559149225007843,False
5068,2308473.0,-0.8539200712530244,0.003678009724234991,0.042428050538332436,False
5069,2309292.0,-0.6956213364968794,0.22573563541046354,0.45818047416511026,False
5070,2310965.0,0.28508852504766413,0.4550693998351453,0.6795127245812348,False
5071,2310974.0,-0.2243981209946195,0.328505150941731,0.5688185378006844,False
5072,2311610.0,-0.391382242962771,0.0016712715737179043,0.02652288440454364,False
5073,2313055.0,0.009991102682390007,0.9454689650533574,0.9724361867885243,False
5074,2314079.0,-0.1892302981628535,0.7870400629892411,0.8950193289602749,False
5075,2314122.0,-0.1492427423868484,0.7025077612568589,0.8488114145640253,False
5076,2315293.0,2.0334573284959014,3.7762565635403806e-05,0.0025303249998290638,False
5077,2315727.0,0.387353684384108,0.5509383042123575,0.7515942305171723,False
5078,2316473.0,-0.4044019858211685,0.0011531360338191256,0.0215443918194606,False
5079,2316755.0,-1.13427271283555,1.854283411838714e-05,0.001691449280294894,False
5080,2317834.0,-0.4634051571422415,0.15294666289469927,0.3639626941194278,False
5081,2317851.0,-0.700014987992391,0.2807744356037844,0.5204242214542043,False
5082,2318344.0,-0.8242393428259717,0.002765142764208734,0.035477726429037855,False
5083,2318496.0,-0.10589021719587854,0.7963964002592947,0.8992908483111041,False
5084,2319082.0,0.4121229207271762,0.0007969439247581185,0.01764985834538932,False
5085,2319193.0,0.39379514033711416,0.5442968930750148,0.7469459891693155,False
5086,2319275.0,-0.4062322648950326,0.0010162522268074652,0.01997111483578823,False
5087,2319426.0,-0.4314059799500845,0.0003900335593390441,0.011631357930289351,False
5088,2320465.0,-0.43268037301104884,0.00039395561139474503,0.011654825665894484,False
5089,2320854.0,0.9438898994157141,0.1771506785668553,0.3952369922986915,False
5090,2321441.0,-0.4862589796252984,0.14259862780083576,0.35145755194383904,False
5091,2322205.0,-0.37070651084875866,0.0030342918812216284,0.03734380767648614,False
5092,2322720.0,0.6240449719555277,0.2773326880612193,0.5171441112069651,False
5093,2322805.0,-0.3901815036633258,0.0017748020214009693,0.02737304476631464,False
5094,2323783.0,-0.37007593961510654,0.0027682758438871548,0.035477726429037855,False
5095,2323838.0,0.36997684017462495,0.002808691042636274,0.035765868597620036,False
5096,2323956.0,-0.4676326018243313,0.17199632873042334,0.3883961199019649,False
5097,2324338.0,0.32537013433215384,0.30908541478958973,0.5487605785968264,False
5098,2324570.0,-0.38011845980272274,0.0023087751689419653,0.03208665478938299,False
5099,2324664.0,0.41070140830180796,0.0009888950620500863,0.019624233818196866,False
5100,2324911.0,-0.4111339266209001,0.001059042773409544,0.02049181694360178,False
5101,2325239.0,-0.38036446712970884,0.002545308401999697,0.03395011500654271,False
5102,2325270.0,-0.3874471854782959,0.0019106656926751102,0.02869396955087794,False
5103,2325275.0,-0.5824577932120545,0.039391313511965224,0.17055951662241026,False
5104,2325373.0,1.0413914990833126,0.13644327183784957,0.3428005180497018,False
5105,2325844.0,0.3836816666882881,0.1597422415061438,0.37158262845579554,False
5106,2326201.0,1.4792998549646565,0.014595083660728153,0.09615793598060159,False
5107,2326220.0,0.3755606752797523,0.0026370775111133117,0.034739655804775484,False
5108,2326350.0,-0.3552392334696923,0.004355508029234969,0.04723180784949609,False
5109,2327969.0,0.26336795954929454,0.5820886294253733,0.7721598163683966,False
5110,2328045.0,-0.06987795325513331,0.7597523250282258,0.8811957995706156,False
5111,2328074.0,0.3643738702033288,0.17771296780619994,0.396133776891454,False
5112,2328107.0,0.35178110144301555,0.5880752529356921,0.7766326044423268,False
5113,2328230.0,0.016142176182761203,0.96964457908736,0.983676872284606,False
5114,2328470.0,-1.0503723848684672,0.13302642084217287,0.33817372324163614,False
5115,2330080.0,-0.7192749791444277,0.08088352442231339,0.26006832275006275,False
5116,2330309.0,0.42461961210274135,0.0014548805710276817,0.024365065959978175,False
5117,2330474.0,1.5281977154729192,0.0006055924766742641,0.01498370944929089,False
5118,2330640.0,0.40529559853538305,0.0023394501410874927,0.03230881842430628,False
5119,2331864.0,-0.30147235087535507,0.5811267555529227,0.7720849347298002,False
5120,2331936.0,0.40734926129699295,0.0013684715914413618,0.023730416110361346,False
5121,2332468.0,1.5027034025221058,0.0007478993909399615,0.016938999480658405,False
5122,2332527.0,-1.1270349867252183,4.366081648828609e-05,0.0027955474152134897,False
5123,2332574.0,-0.3176562031664042,0.3762783914564677,0.6128284980134969,False
5124,2332892.0,0.46791080037716304,0.17166742581167038,0.38806990354505894,False
5125,2332953.0,-0.2965579057218818,0.286008289639162,0.5264744758407841,False
5126,2333203.0,-0.23516229519071327,0.5793783126593727,0.7706349202202537,False
5127,2333838.0,-0.343254654269429,0.5298116965389713,0.7366203605117136,False
5128,2334027.0,0.11720953455729778,0.7822940429463896,0.8929567708312145,False
5129,2334316.0,-0.4567902729897614,0.2812258523374833,0.5207619630029651,False
5130,2334861.0,-1.360955632841364,0.00623479694013002,0.05879993117733394,False
5131,2334904.0,0.48845119378588453,0.03487766250358113,0.15840879768885907,False
5132,2335404.0,-0.2896982731567145,0.25712678311688975,0.493272750419551,False
5133,2335732.0,1.09892059982888,0.004007592861675327,0.04462841814588402,False
5134,2335977.0,-1.153238936992703,0.0031458282297162194,0.03806908075091367,False
5135,2336116.0,-1.0856572479779647,0.004462587568413231,0.04783692086437877,False
5136,2336159.0,0.7336885263348211,0.15905960505868738,0.37083161789348185,False
5137,2337232.0,-1.1640554096513422,0.002874459726512293,0.03607197726160802,False
5138,2338795.0,0.20812342669791611,0.7032158732604309,0.8490054837328415,False
5139,2338934.0,1.1689353974271643,0.0027440981830838236,0.03533473994943643,False
5140,2338947.0,-0.5643678675993121,0.42022569204662813,0.651184851843847,False
5141,2339195.0,-1.139249145909031,0.0035451333959493334,0.0415995192337106,False
5142,2339236.0,0.1700329212506295,0.4245771713256763,0.6554017626194847,False
5143,2339653.0,-0.13995259673863272,0.3437380861789164,0.5824659577696124,False
5144,2339799.0,-0.33030977511821624,0.2440764817587298,0.4777107103344945,False
5145,2340120.0,0.053225824146046596,0.8501742650087624,0.9237451109299791,False
5146,2342019.0,0.17832423405045317,0.3955920125193539,0.6298753316826409,False
5147,2342508.0,-0.7963407756636014,0.05809804432587971,0.21568203527955684,False
5148,2343498.0,1.1082491524825322,2.6033870030474022e-05,0.0020185547084342536,False
5149,2344246.0,1.1616920430959543,6.885115175496206e-06,0.0009559149225007843,False
5150,2344667.0,0.12775363844961013,0.7074280370015622,0.8513449380988867,False
5151,2344864.0,-0.089358529122832,0.7101820104258915,0.8522027109410847,False
5152,2345140.0,1.5789614890434445,0.005714791828929011,0.05563593300719678,False
5153,2345176.0,0.17147412420036046,0.3779552339193219,0.613826919875351,False
5154,2345730.0,-0.14581289611767567,0.3157274972022289,0.5552854799303621,False
5155,2347086.0,0.17860813575051762,0.33402593731136676,0.5734384864012156,False
5156,2347213.0,-0.3258400655848124,0.3934149720349995,0.6280340003340645,False
5157,2348273.0,0.18858602947282677,0.2996990312924392,0.5401349800231491,False
5158,2348874.0,0.9306354378092084,0.18334519764588697,0.402413357226651,False
5159,2349004.0,0.21565243228814449,0.693030638670774,0.8427072457456314,False
5160,2349078.0,-1.3771783458510336,0.005615738550154827,0.055017005380803834,False
5161,2349807.0,-0.009638134609155295,0.98032209561797,0.9888854519034537,False
5162,2350447.0,1.625231862127424,0.00443657640074235,0.04763505126613077,False
5163,2351817.0,-0.4434284682924245,0.13390231105903982,0.3395257151473668,False
5164,2352290.0,0.8612448241712605,0.05494093801136649,0.20896421938100324,False
5165,2352520.0,-0.09752639204924751,0.49254046193412176,0.7095271290394936,False
5166,2353542.0,0.06903850916804097,0.6244286621229566,0.8008724681975478,False
5167,2354008.0,-1.6734938452352095,0.0056565022395857955,0.05526672530216365,False
5168,2354973.0,0.2463068965760497,0.2827811511459275,0.5229283467954077,False
5169,2356453.0,0.3079687822490051,0.02912746647513314,0.14470418699659965,False
5170,2356934.0,-0.3532289574600498,0.012736250605446572,0.08890803879236177,False
5171,2357245.0,0.31280001738364865,0.027853043193422803,0.14095327919095782,False
5172,2357396.0,0.14548671754705653,0.5871172660928692,0.7760349270805289,False
5173,2357406.0,0.11805269684718282,0.4388406877087756,0.666316107997804,False
5174,2358205.0,-0.311915290014388,0.02778176408502108,0.14088266786687265,False
5175,2358756.0,-0.23106976239699736,0.5965794951884026,0.7810888108924191,False
5176,2358879.0,0.06815493964342545,0.922501663341371,0.9616590373159111,False
5177,2359686.0,-0.17245612603376415,0.21166360916584415,0.4399293773666045,False
5178,2360118.0,-0.31349117346730804,0.026702421065815315,0.13793072423494676,False
5179,2360914.0,0.11919991985565906,0.43446975957612255,0.6626671881157776,False
5180,2361262.0,0.10683267130137192,0.7085643415127174,0.8516908279422596,False
5181,2361502.0,0.0974899606470857,0.5265213411582853,0.7342483502406457,False
5182,2361634.0,0.8518184375536054,0.11830127223782928,0.3176256023105706,False
5183,2362734.0,-0.42823437962511113,0.001791624750358148,0.02750790193088783,False
5184,2363143.0,-0.3723526866599293,0.017382021376982155,0.10726653896938106,False
5185,2363151.0,-0.8781069830260859,0.0040411298099956704,0.0448532352632955,False
5186,2363171.0,-0.4026166329991823,0.003383495420830679,0.04018363544104707,False
5187,2363318.0,0.37595687151244556,0.014679518883782182,0.09651494699179623,False
5188,2363343.0,0.0979835844795445,0.7193671345091771,0.8571345592727597,False
5189,2363487.0,0.21114078979317674,0.1738646972634238,0.39084358378516887,False
5190,2364527.0,-0.3972615812185709,0.007710945564762981,0.06653996205214638,False
5191,2365647.0,-0.8533695576265488,0.10127413471540686,0.2929645645963816,False
5192,2367399.0,-0.2113368044766114,0.4612905406443067,0.6839874863947509,False
5193,2367943.0,0.4119807474081587,0.03702702037667803,0.16432383495642036,False
5194,2369658.0,-0.49528382516172464,0.00025243523265812765,0.008954851145437828,False
5195,2371424.0,0.13520066327880131,0.6227199140893299,0.7996716748420296,False
5196,2371587.0,0.23576158258025642,0.5195965656399045,0.7294293565242616,False
5197,2371686.0,0.28298263858487904,0.42222457601139546,0.652971512763586,False
5198,2372310.0,-0.9767209806934835,0.10796077307149153,0.3028984729105817,False
5199,2372323.0,0.20241736915714276,0.588099061570925,0.7766326044423268,False
5200,2372354.0,0.1739899565594523,0.5351398262431092,0.7406125460715128,False
5201,2372598.0,0.4487508581334771,0.021564316432539792,0.12242712075063779,False
5202,2372736.0,0.32693599629472436,0.4506928145069601,0.6768019618946103,False
5203,2373321.0,-0.4046467869692634,0.002468482189513082,0.03341069098150187,False
5204,2373436.0,0.15879303044584037,0.5669360608929631,0.7623997696968675,False
5205,2374662.0,-0.20287482123787404,0.44950542409807354,0.6758371875203683,False
5206,2375594.0,0.309767875865259,0.13018287547709484,0.3344698493026898,False
5207,2375623.0,-0.39210291124609886,0.003270823844492537,0.03940598538509044,False
5208,2375689.0,0.5158572765146603,0.32287703760775044,0.5628585202324831,False
5209,2375984.0,0.9704610711968458,0.1101275620434207,0.3063101994039476,False
5210,2376092.0,-0.3728006356017233,0.005493700122094717,0.05431826195623196,False
5211,2376240.0,0.3170771959279648,0.1646405372240398,0.3778378502255712,False
5212,2376920.0,-0.8061738867810717,0.12169402450102838,0.3235338319761604,False
5213,2377150.0,-0.26943100383441554,0.470790130468687,0.6915327288548846,False
5214,2378994.0,-1.5594602639416428,0.01586907141787513,0.10102381378909998,False
5215,2379904.0,-0.35754348056583174,0.07812749852192269,0.25621570889893375,False
5216,2380051.0,0.12499637841487529,0.6554096670831997,0.8193998427082544,False
5217,2380112.0,0.8077863664179776,0.0035940028886353842,0.041949356296921606,False
5218,2382547.0,0.07452700684786978,0.6853979493011721,0.8391602458452767,False
5219,2382805.0,0.10159780309167471,0.5770892693886817,0.7692869973245904,False
5220,2383388.0,-0.7077078865272108,0.2755710780556179,0.5148578403259436,False
5221,2383402.0,-0.9974478315891466,0.0010627690601876067,0.02052732766607913,False
5222,2383440.0,1.02451136005287,0.07400713632827939,0.24886848353267435,False
5223,2383870.0,-0.344478645051593,0.2593255753986908,0.4959441721199416,False
5224,2384475.0,0.0436329744674967,0.7788099323656699,0.8906753278236825,False
5225,2384716.0,1.0057747493508369,0.009620405451770352,0.07583093434749341,False
5226,2385108.0,-0.05700124164928237,0.71863643327165,0.8568539634406592,False
5227,2385577.0,0.08749935977037501,0.5758161051011913,0.7684391223104784,False
5228,2385859.0,0.06459657589654995,0.6776836377133595,0.8344671446374835,False
5229,2386141.0,-0.53937043934118,0.44112671005680176,0.6683786915681876,False
5230,2386685.0,0.25313855552340114,0.10048064391536558,0.29171366400141574,False
5231,2386819.0,0.07003214705574547,0.6516488091058915,0.8168414009193306,False
5232,2387409.0,0.7463799610559185,2.366707897921759e-05,0.0019104059649662432,False
5233,2387767.0,-0.3465637109900359,0.008201950318972072,0.06892619701649022,False
5234,2388159.0,0.8671365540021951,0.021765775961852477,0.12313346030238877,False
5235,2388549.0,0.23386898656893723,0.49198885024882366,0.7092349229018566,False
5236,2389213.0,-0.32387493873442175,0.014043264600109906,0.09386677169593166,False
5237,2389217.0,0.35018729709669416,0.008222503122742558,0.06899141372827056,False
5238,2389258.0,0.3352163891834756,0.011519429698481734,0.08443174164552278,False
5239,2389730.0,0.8343733396400099,0.04138167169378223,0.17553655577804067,False
5240,2389827.0,0.3110514812800433,0.018146043166403517,0.10973554237955999,False
5241,2389909.0,0.15957524478784096,0.781362071503663,0.8922482295654955,False
5242,2390495.0,-0.15488629400543868,0.2577754629379016,0.4939371960191082,False
5243,2390571.0,0.15179896729579512,0.791810529153056,0.8975671777314561,False
5244,2391204.0,-0.962842121314146,0.001589470279100201,0.02596594358299521,False
5245,2391331.0,-0.11462829091628486,0.39020012380127567,0.6250499558531044,False
5246,2392361.0,0.1078845752767502,0.4158517469089303,0.6474570729627708,False
5247,2393058.0,-0.4109351685596175,0.04158942647609142,0.17590261904825422,False
5248,2393130.0,-0.23421873372446778,0.4136086152462782,0.645724366244549,False
5249,2394867.0,0.5055372165499182,0.00026296177223057065,0.009178295940716542,False
5250,2395239.0,1.0201922127924998,0.008621009786306739,0.07154515384584072,False
5251,2395249.0,0.4184270487354517,0.030778468443877844,0.14875346169113712,False
5252,2395511.0,0.4308659704868222,0.02385794050704282,0.1300393520597209,False
5253,2395666.0,-0.9528957679864068,0.01747659910871886,0.10755935440538264,False
5254,2396003.0,0.5390050097764373,9.102212488186931e-05,0.00472748883058704,False
5255,2396168.0,-0.43349728261572584,0.024133294837534878,0.13076024267912026,False
5256,2396547.0,-0.40092050955885167,0.03528772758243686,0.15973656501557637,False
5257,2397537.0,-0.4250932579439056,0.02340858803607898,0.12864831968147994,False
5258,2397678.0,0.3743530672723514,0.046645396912562295,0.18896055139680717,False
5259,2397772.0,0.9860029745263572,0.01115762381784738,0.08266732528376593,False
5260,2397995.0,0.5626563995139534,0.26055440881262926,0.4974149188653729,False
5261,2400026.0,1.1901737577874942,0.028728843861822912,0.1431825528558713,False
5262,2400321.0,0.0817080322858143,0.5383029175305194,0.7427911775442274,False
5263,2400767.0,-0.43014320931279465,0.18828381789210166,0.4081627775326051,False
5264,2401108.0,0.14680775487633863,0.4059302350068532,0.6382347481169455,False
5265,2401549.0,0.07079032574235063,0.5962186542058527,0.7808794740304654,False
5266,2402284.0,0.13986394596686577,0.6282651016913258,0.8034657962840883,False
5267,2402594.0,0.10246785209805985,0.4690965908094229,0.6900979888715433,False
5268,2402741.0,0.08471602743066793,0.5495416197535495,0.7510102332147526,False
5269,2403087.0,-0.05945549071945026,0.6761205431836056,0.8332170078164096,False
5270,2403159.0,-0.9697564190306533,0.11042104085800118,0.30636415759559255,False
5271,2403581.0,-0.07772135916519962,0.5836815420063816,0.7732320159237579,False
5272,2404238.0,0.15117867857820944,0.5967670642088898,0.7812236471282561,False
5273,2404689.0,-0.2795571530315361,0.6460381786267754,0.8133547238452385,False
5274,2404933.0,-0.08986321350156828,0.8417366927482904,0.9195313655569027,False
5275,2405037.0,-0.6284029535726802,0.10699906872610762,0.3013444809632185,False
5276,2405202.0,-0.45713403967792005,0.01614072526860136,0.10204284961599755,False
5277,2405304.0,-0.2540189847705933,0.08684710395019916,0.2701954370992744,False
5278,2405715.0,-0.19463092517225475,0.18369500702954755,0.4030744494250533,False
5279,2406394.0,0.30311429339908097,0.29401865094629565,0.5343332422605122,False
5280,2407938.0,0.06746487832505088,0.6365589846793769,0.8081693308414779,False
5281,2407969.0,-0.06362768698645757,0.656696488036906,0.8203949016135379,False
5282,2408206.0,-0.8296978071920875,0.036224319305939036,0.1626242246550714,False
5283,2408514.0,-0.04206988161188871,0.7672498206481361,0.8850687357210963,False
5284,2409012.0,0.06420005624829325,0.7619283746768584,0.8825440483035005,False
5285,2409515.0,0.21929871029893755,0.42333855583521507,0.6540798938429853,False
5286,2409994.0,-0.03690614912037091,0.7980943697375656,0.900365627164254,False
5287,2410141.0,-0.01804348745541509,0.9000225674779211,0.9497176018249085,False
5288,2410340.0,-0.06494772539125257,0.6470149316657821,0.8138101609174687,False
5289,2410369.0,-0.3944338810821224,0.033803167006723055,0.15561211953264578,False
5290,2410835.0,0.06375713996728705,0.7640352677640774,0.8832377882405814,False
5291,2410925.0,0.037827470391620904,0.7927949940779585,0.898218591112686,False
5292,2411016.0,1.2380186859912607,0.07636966376210026,0.2526748743583835,False
5293,2411204.0,0.049238405188550854,0.7302227600640475,0.864223930956458,False
5294,2411354.0,-1.1451877262907946,0.07722169029214232,0.25421877316643476,False
5295,2411894.0,-0.09759324828786126,0.49460603239113876,0.7100844440690135,False
5296,2412026.0,-0.11842045179625255,0.4046188336557324,0.6371880805647723,False
5297,2413448.0,0.3205741799716425,0.03463786829684287,0.15795384314068306,False
5298,2415068.0,-0.16988394953478148,0.6324064376931415,0.8057228137697423,False
5299,2415659.0,0.23558800488958287,0.12814717897991937,0.3322897486056688,False
5300,2415860.0,-0.9627279775135613,0.0013723736970172988,0.023759356429222934,False
5301,2416565.0,-0.4771428191744586,0.16773659225186102,0.38238799345690766,False
5302,2418109.0,-0.2984300844947535,0.12729440732539035,0.33136230012400775,False
5303,2418701.0,0.8120679580529507,0.041763224341581695,0.17619113883710427,False
5304,2419435.0,0.09742522095205036,0.4966562235434272,0.7113399188406974,False
5305,2419471.0,-0.4219893794653731,0.01421209625073426,0.09447248608176469,False
5306,2420342.0,0.18757026242043515,0.23068158831408014,0.4634907411259857,False
5307,2421536.0,0.00739835188611767,0.9794285697147505,0.9882596322972315,False
5308,2422312.0,-0.34388787759704537,0.025830785256424786,0.1354731952734795,False
5309,2422774.0,0.027466692123312226,0.9245806357081358,0.9626770846490845,False
5310,2422795.0,-1.0850602874835018,0.005494376013628991,0.05431826195623196,False
5311,2422986.0,-0.15398206045492913,0.6511294917041404,0.8166390101038064,False
5312,2423446.0,0.24421310103890592,0.09345672528609486,0.2804735286094995,False
5313,2424635.0,0.25761013211508843,0.4907858051845761,0.7082531129059524,False
5314,2424760.0,-0.5341835903847132,0.0008255522010020272,0.017863091441371597,False
5315,2424813.0,0.0046870613279205815,0.986686884040949,0.9919260832513427,False
5316,2424921.0,0.13177451465676387,0.4260400711843619,0.6562601068122959,False
5317,2425146.0,-0.5296555649024073,0.4493746190856749,0.6758051385667776,False
5318,2425410.0,-0.44789272816421755,0.002300685743158227,0.032017876592285326,False
5319,2425534.0,0.7461279030197402,0.1938532941599183,0.4158651201790342,False
5320,2425699.0,-0.04349921715972477,0.7767165855046021,0.8896058990396989,False
5321,2425867.0,-0.9454034340610895,0.0014567413918033934,0.024365065959978175,False
5322,2426193.0,-0.4025408353750315,0.006927398059629558,0.062412315136888455,False
5323,2428939.0,0.008312014205704855,0.9523844275821081,0.9757558245779879,False
5324,2429087.0,0.18946380891124032,0.6622541216541766,0.8245891822156558,False
5325,2429479.0,0.01591089046828227,0.9083784710903257,0.9548221461881946,False
5326,2429546.0,1.6392343227115365,0.006742292965982051,0.06139898502158991,False
5327,2429716.0,-0.033907388031288115,0.8084160284489308,0.9047050668230723,False
5328,2429961.0,0.17398434290262849,0.5439408324195965,0.7465517430667239,False
5329,2430480.0,-0.07390760119543038,0.6259412857281853,0.801816456995451,False
5330,2430824.0,0.05252191526441085,0.7039868114377533,0.8490896305985065,False
5331,2432207.0,0.07770375429238731,0.5740812969565604,0.7670670209827011,False
5332,2433379.0,0.22476558790811163,0.6409044918253921,0.8109358035627265,False
5333,2433768.0,-0.08754791722666776,0.616224454661186,0.7955807079022886,False
5334,2433955.0,-0.5072213951990308,0.010957131729526259,0.08168933030495024,False
5335,2434504.0,1.2603378274884913,0.02051188842688621,0.11843902838440817,False
5336,2434755.0,0.7972625932347409,0.04558030925397005,0.1867072667742811,False
5337,2434815.0,-0.39200224361190344,0.022535529356871472,0.12538348086562778,False
5338,2435853.0,0.8984683171461547,0.05260664462267209,0.20401755176102376,False
5339,2436256.0,0.09159187484522507,0.5620467522606636,0.7596976666812616,False
5340,2436674.0,0.8910038326661617,0.054697009431527714,0.20864462721071314,False
5341,2437576.0,0.3088409298474671,0.46632674817779957,0.6882361456791318,False
5342,2438447.0,-0.10868056069297008,0.4895008124204069,0.70724495126095,False
5343,2438559.0,-0.09841214094793962,0.530572135110807,0.7369623194661307,False
5344,2438747.0,-0.11800097559371477,0.45499053186092553,0.6795127245812348,False
5345,2438939.0,0.21712023674657227,0.6522780777000727,0.8173042846492501,False
5346,2442013.0,-1.0814999155505984,0.00565237706825983,0.05526672530216365,False
5347,2442307.0,0.07286526300287954,0.747997612178622,0.8748048858805403,False
5348,2442366.0,-0.0048621467416098685,0.9744572042033657,0.9859670168508977,False
5349,2443190.0,0.042095963141339066,0.9357126413134396,0.9681785074308823,False
5350,2444006.0,0.1294401717990034,0.7807529406939446,0.8919251916683613,False
5351,2444380.0,0.19384886636039922,0.6874708928276162,0.8401169102715684,False
5352,2444704.0,-0.19776225318650753,0.16669711216118624,0.3807345062141055,False
5353,2445717.0,0.5681791012784684,0.048777035440314025,0.19458828361066105,False
5354,2446674.0,0.19220840639777045,0.23958992347468705,0.47312145157681057,False
5355,2446744.0,0.6261106380306999,0.16094498398266283,0.37322320041269064,False
5356,2446840.0,0.15006823890199206,0.6900796603813202,0.8412961558259701,False
5357,2447022.0,0.30803323114444925,0.5383268718323756,0.7427911775442274,False
5358,2447395.0,-0.24645720565296236,0.4249564552270628,0.655657173883304,False
5359,2447459.0,1.2947661087342788,0.032736702856597286,0.1536346344610305,False
5360,2447773.0,-0.5669164798090118,0.0717191684857911,0.24450740386723063,False
5361,2447792.0,-0.025110056420762993,0.9670959154657971,0.9826000601340958,False
5362,2448297.0,0.142067050157977,0.7765375512357773,0.8895512427489178,False
5363,2449290.0,-0.36053231649394696,0.5535817729785949,0.7534014726282156,False
5364,2449367.0,-0.18660291475448437,0.1798849545738302,0.39843804350034756,False
5365,2449464.0,0.8597375091807912,0.0004206749212512455,0.01196295967254811,False
5366,2449681.0,-0.5489484531850528,0.3146574945624715,0.554317991014891,False
5367,2449735.0,0.22577176040440633,0.09255634969090776,0.27906174656312766,False
5368,2449912.0,-0.40934497805245695,0.12422024514313774,0.3270468860235243,False
5369,2450144.0,-0.5644825316533476,0.010690891130931617,0.08070210238265836,False
5370,2450200.0,0.05831767674309174,0.8869684021545754,0.9436244074532435,False
5371,2450204.0,-0.5164805409191343,0.04614354366801027,0.1874581461512917,False
5372,2450230.0,-0.4516441589300997,0.007455977301920347,0.06507863308145476,False
5373,2453176.0,-0.7647694522032589,0.14223412999049134,0.35121735237642937,False
5374,2453518.0,-0.21330650506676985,0.20852062814908764,0.43540707080882957,False
5375,2453571.0,-0.4925192032030876,0.17823129504723187,0.39645506306100453,False
5376,2453657.0,0.390183438095143,0.00291136446098673,0.0364088262949435,False
5377,2453800.0,1.4674448656728831,0.023303845511957588,0.12835633482892403,False
5378,2453837.0,-0.5206252113386548,0.23261157930581,0.4656998234432284,False
5379,2454019.0,-0.6786445564138825,0.005272512019997493,0.05306509662566255,False
5380,2454050.0,0.09604689195050514,0.6322515042411456,0.8057228137697423,False
5381,2454125.0,1.2404278569874965,0.07586888424114203,0.25157362496034785,False
5382,2454817.0,0.06341750598559764,0.9076079720750485,0.9545668575597956,False
5383,2454871.0,0.4891735681260984,0.273531836062522,0.5127245865064196,False
5384,2454887.0,-0.24491655084780958,0.12925305800061374,0.3335604626420945,False
5385,2455235.0,0.21712325565294194,0.5638313046407868,0.7606747218339225,False
5386,2455347.0,0.23620108258238343,0.1439515188963199,0.3532882065610564,False
5387,2455648.0,0.7669557083221146,0.08564924917225673,0.26824079623913644,False
5388,2455699.0,-0.1654938161716662,0.6157815945901699,0.795372347605461,False
5389,2455795.0,-0.6869742467889844,0.005347947270100743,0.05348088858196953,False
5390,2455844.0,-0.26225251584257975,0.10902523881496352,0.30446847628927937,False
5391,2456014.0,0.4074540127712416,0.0020561556761340906,0.03016158089788588,False
5392,2456081.0,-0.25814657617506587,0.11095737273383556,0.3069341145677662,False
5393,2456487.0,-0.07528907350371711,0.9015773718472816,0.950760815485464,False
5394,2456614.0,0.6518557619631553,0.13203455359480643,0.33707316069417304,False
5395,2456745.0,0.6593138850667367,0.127764437386628,0.3320014178754972,False
5396,2456861.0,0.6424524776448116,0.13778185209060223,0.34489565646175496,False
5397,2456878.0,1.3025021305865212,0.03170145019467161,0.15119474598557134,False
5398,2457033.0,-0.013149126246912946,0.9817582068335906,0.9894146630005224,False
5399,2457052.0,0.046206967138220915,0.8172329723878353,0.9084844875279859,False
5400,2457215.0,-0.7626802250476683,0.001983344775319431,0.029517618135634895,False
5401,2457439.0,1.2941054601377149,0.03285947255117388,0.15367926520594247,False
5402,2457650.0,0.6693750834764525,0.1612853229837821,0.3734539635215347,False
5403,2458555.0,0.6219082172476575,0.0719287667140744,0.24476074065243814,False
5404,2459861.0,1.3370222312087052,0.0002445102186396234,0.008788604050771894,False
5405,2460257.0,-0.36487664998225794,0.3896952160343853,0.6249270002932809,False
5406,2460711.0,0.32076097147850924,0.0817490254982914,0.26137891659609863,False
5407,2460947.0,-0.6072741844123251,0.3495910897669862,0.5881604586826775,False
5408,2461105.0,-0.5382549267965191,0.0016002227942259514,0.02596594358299521,False
5409,2461147.0,0.3394040634772063,0.029612839359773997,0.14597973262958527,False
5410,2461350.0,0.34544202860382667,0.025429609192634497,0.13459818516770145,False
5411,2461424.0,0.35219671095675453,0.02247773719063855,0.12512607036122128,False
5412,2461901.0,0.10866672268934434,0.4230793621142315,0.6539176000241368,False
5413,2462414.0,-0.7292013324786684,0.12696716271802616,0.3309380284636952,False
5414,2463004.0,1.64824878551721,0.006436837075399456,0.05997585103301381,False
5415,2463355.0,0.604042386015126,0.06628609655758762,0.23338812135342638,False
5416,2463642.0,0.006669969710387275,0.9659501605576405,0.9820538534094958,False
5417,2463932.0,-0.3970059802767372,0.514200389861115,0.7261305145878225,False
5418,2464005.0,-0.2129525489233728,0.2975284432697896,0.5379199286631522,False
5419,2466035.0,-0.05528923512873481,0.7241651909006718,0.860233436991332,False
5420,2466137.0,-0.0534438856980301,0.7327359733129915,0.8654895528087619,False
5421,2466881.0,0.11215943995925186,0.46212116036228373,0.6846356210908406,False
5422,2466932.0,0.17790948269203521,0.24168646488810744,0.4751868459265362,False
5423,2467058.0,-0.34805471444921204,0.06141492837976457,0.2228138527949012,False
5424,2467163.0,0.030462489323454002,0.9625987761347989,0.9812568066297459,False
5425,2467177.0,-1.1822781924726082,0.00016663526479269723,0.006983883395076171,False
5426,2467778.0,1.0411620319676047,0.020144774021604184,0.11725014584692407,False
5427,2468630.0,0.5995233018658731,0.0682654947295194,0.23753670293903265,False
5428,2468765.0,-0.2715950886097988,0.04040003842511459,0.1731326721504583,False
5429,2469093.0,0.6692594193782264,0.0017618197094159676,0.027320789922443328,False
5430,2469147.0,0.21565009669201565,0.14939862003179152,0.3595835965510193,False
5431,2469463.0,0.5861862887839228,0.07942835385839252,0.2576495876264271,False
5432,2469466.0,0.5947330110563936,0.07055774686645268,0.2422981152278848,False
5433,2469577.0,0.3088750036678136,0.018808993866667765,0.11236743446487539,False
5434,2469999.0,-0.16004237678982705,0.32343017728471013,0.5636273197022843,False
5435,2470440.0,-0.308400768098754,0.019671127892019802,0.11535931564985141,False
5436,2470570.0,0.678319925601804,0.1170735853814673,0.31612780331239493,False
5437,2470695.0,0.6331756985397669,0.002807462156104896,0.035765868597620036,False
5438,2470873.0,0.3083905954946156,0.01883266795125598,0.11238516251285523,False
5439,2471516.0,-0.1666301433635361,0.2924099197946297,0.5328369446652184,False
5440,2471931.0,0.002949834337079932,0.9959064701565679,0.9974336817433335,False
5441,2472140.0,-0.2909301347902552,0.1006781113125888,0.2922087963364041,False
5442,2472439.0,0.30433433200519255,0.08564427222295799,0.26824079623913644,False
5443,2472713.0,-0.11238659642449501,0.44334676872244916,0.6701203629817699,False
5444,2472734.0,-0.12196482571661013,0.4095327760137218,0.6416203653817057,False
5445,2474479.0,-0.05082730792914683,0.7157804003742453,0.8551748171983272,False
5446,2474530.0,-1.4663457207505786,0.00467319394063716,0.04903545146404932,False
5447,2474678.0,-1.1233723323708567,0.0007753124565487648,0.017316906822709553,False
5448,2474804.0,0.015096564242444564,0.9667029449110768,0.9824511250828329,False
5449,2474889.0,-0.07588985135826835,0.5928227119771234,0.7793370389977315,False
5450,2474966.0,0.6515899915519562,0.1322494675927761,0.33722526913779294,False
5451,2475360.0,0.3741339232104478,0.03656372164598419,0.16346754467345898,False
5452,2475401.0,-0.5497881894940748,0.31391653481579324,0.5534455068093935,False
5453,2475762.0,1.4910710217523726,0.0012182101998316726,0.02200278156268354,False
5454,2475938.0,0.6645915883454541,0.12464699665652476,0.32755342273718985,False
5455,2475960.0,-0.13719150372433925,0.34202080314386435,0.5810981089570587,False
5456,2476152.0,-0.12232774652822458,0.3969454560483204,0.6306041214697389,False
5457,2476468.0,-0.1962529343627007,0.7471596279606733,0.8748048858805403,False
5458,2476490.0,-1.2800866069006291,1.6653274634692966e-05,0.0015719243144312362,False
5459,2477510.0,0.9439936024654323,0.015877165022957582,0.10102381378909998,False
5460,2478691.0,0.07498456318291591,0.6022923111248899,0.7850012572746461,False
5461,2479322.0,0.06459027595381972,0.6496940332808996,0.8157812297587236,False
5462,2479483.0,-0.05269611574624747,0.6998381940240064,0.8472236349287672,False
5463,2480058.0,-0.3425092887605373,0.4613629749123337,0.6839874863947509,False
5464,2480232.0,-0.35886147453263295,0.15135033761609962,0.36193275011691195,False
5465,2480440.0,0.024395169444642706,0.8654127051048663,0.9322273408666591,False
5466,2480583.0,-0.41135149210872024,0.09958278908589287,0.2905836493353137,False
5467,2481952.0,-0.2049719941210913,0.6945103963634873,0.8436411911792167,False
5468,2482665.0,-0.18657627015084055,0.2659682126385669,0.5027743973339577,False
5469,2482770.0,-0.1367561802337588,0.5903745900314517,0.7786048409440818,False
5470,2483101.0,-0.1726702329681709,0.6925859699021313,0.8425738991483195,False
5471,2483158.0,-0.2061382133336735,0.21895590789367286,0.44898165866185835,False
5472,2484236.0,-0.08914523415926358,0.5296367328275756,0.7366056034392484,False
5473,2485473.0,-0.422645591668373,0.46208324691276714,0.6846356210908406,False
5474,2485762.0,0.9637936351646584,0.037570069860841104,0.16578175135749196,False
5475,2486953.0,0.08588245217678474,0.8353250814885274,0.9168305115832118,False
5476,2487247.0,0.341345292128331,0.0528097564240147,0.20465901677353787,False
5477,2487480.0,0.2029468662377554,0.19415999669691145,0.4163585073380035,False
5478,2488418.0,0.7694569349246763,0.05992920566712091,0.22023688258087454,False
5479,2488550.0,0.0063665416664034635,0.9677697204247414,0.982842498209592,False
5480,2488686.0,0.2782749680415835,0.04495098420265427,0.18531824288636994,False
5481,2488887.0,-0.4794329155031989,0.05328809543192016,0.2055587334447382,False
5482,2489097.0,-0.28572634401783303,0.2564147283577759,0.49258394649487564,False
5483,2489368.0,0.015658183558852522,0.9408567464876079,0.9704549162624473,False
5484,2489470.0,0.5001053349044831,0.4413006176714804,0.6684786777594082,False
5485,2490555.0,0.08951287123950094,0.5257557355058535,0.733800627362796,False
5486,2490647.0,-0.30366843910371377,0.0596109699905033,0.2195714554621355,False
5487,2491293.0,0.13151479230780364,0.32395381535214385,0.5643586367593518,False
5488,2491401.0,-0.7887134864881509,0.22413039655498634,0.4562894701058471,False
5489,2491913.0,-0.28979560139370963,0.0660075942213912,0.23278506669044885,False
5490,2493408.0,1.0382915432035233,0.08735997258222862,0.2709093787353105,False
5491,2494428.0,-0.1549640732602563,0.4064841725482018,0.6388281009136717,False
5492,2495308.0,0.6499150796643565,0.011151625390263988,0.08266732528376593,False
5493,2496495.0,0.4206641849930055,0.0008511069153373204,0.018115226599973753,False
5494,2496983.0,-0.49056904167825677,0.009528448526451874,0.07538725127888854,False
5495,2497648.0,-1.0974446562128364,0.011566514817678394,0.08466252079966215,False
5496,2497984.0,0.5655939357445241,0.05544844044032343,0.21015810788397724,False
5497,2498945.0,0.16207552625013977,0.36561784125288715,0.6037929602983924,False
5498,2499074.0,0.22984598934099423,0.07572035834925105,0.25128638690136856,False
5499,2500429.0,0.6574185288495619,0.12872730547197114,0.3326195907874903,False
5500,2501228.0,0.03483927207589775,0.8402227252648994,0.9188613422073829,False
5501,2501292.0,0.0778268167748189,0.671020224532753,0.8307395685792694,False
5502,2502309.0,-1.0618125277082686,0.017812019735961554,0.10863276157990673,False
5503,2503360.0,-0.26609899660505704,0.09205088799291267,0.27833214182815236,False
5504,2503432.0,-0.02837767482856124,0.9466624513540679,0.9726475068100716,False
5505,2503471.0,-0.8405247424643835,0.02488888372816846,0.1333508553155324,False
5506,2503715.0,-0.3455414687597034,0.022318367166561368,0.12468489097979782,False
5507,2504155.0,-0.8347705787630028,0.06283874514011889,0.2259405692268932,False
5508,2505012.0,-0.0745518612199329,0.9086479445485658,0.9549204606520169,False
5509,2505323.0,0.57337783928378,0.08957696913025148,0.27444482074763754,False
5510,2507507.0,0.13778186443013088,0.4594093077740623,0.6826677667197052,False
5511,2507681.0,-0.6032121457104741,0.32142165023868563,0.5612083019689453,False
5512,2507713.0,-0.2805507621456784,0.05859062413511436,0.21681969894586192,False
5513,2507958.0,0.22498607734547654,0.08816611153231042,0.2720418250947213,False
5514,2508857.0,0.010686014231778174,0.975132033239004,0.9861242985661811,False
5515,2508909.0,-0.005322921448734211,0.9764378773492922,0.9866176262335071,False
5516,2509558.0,-0.9198594388217332,0.014053246581138734,0.09387568716200675,False
5517,2509627.0,-0.18258442776713116,0.17400399585151297,0.39089680773347957,False
5518,2510393.0,-1.242562901046442,0.07533171018004493,0.25068161444506265,False
5519,2510742.0,0.18936426088485334,0.16156401400610418,0.3737350362045429,False
5520,2510773.0,0.3483016039272716,0.6189820359702785,0.7976080247456521,False
5521,2511847.0,0.6552795895747059,0.1420354415307697,0.3510453451346786,False
5522,2511945.0,0.2817034610024946,0.035039974095694065,0.15901292592339428,False
5523,2512607.0,0.26823744671829025,0.045917506681383,0.18720078872400342,False
5524,2512928.0,0.5686460105433091,0.23721736268645482,0.4706624880207398,False
5525,2513274.0,0.2795680349057615,0.5920942172403298,0.7790524518962157,False
5526,2513774.0,0.2822433819382293,0.037824732310348476,0.1662634861239853,False
5527,2513948.0,0.6477015795338861,0.14669356384523563,0.3570310842018011,False
5528,2514340.0,0.38589974620725614,0.004323006729408116,0.046973211258984085,False
5529,2514635.0,0.5662423757123339,0.10396702256839749,0.2963660793014587,False
5530,2514858.0,-0.3096321456757459,0.017819545625305022,0.10863276157990673,False
5531,2515409.0,0.36954577918283615,0.004083257191660359,0.04504446830840772,False
5532,2516469.0,1.9422946337457647,0.0025945748693409552,0.034262907794034146,False
5533,2517189.0,-0.4103309658938581,0.2718837693945574,0.5104286262154827,False
5534,2517318.0,-0.23398452220803564,0.3288384808229827,0.5690049340956084,False
5535,2518573.0,-0.08675393203759764,0.6905034838631388,0.8412961558259701,False
5536,2518773.0,0.5775299016569405,0.290226551193488,0.5309752048883748,False
5537,2518811.0,0.3281710360924901,0.6393742563506485,0.8099436985279833,False
5538,2519147.0,-0.6833065455455047,0.292497981773345,0.5329079543722155,False
5539,2519847.0,0.8978217582782528,0.04538929112929414,0.18634673041168226,False
5540,2520014.0,0.026611899836908176,0.9611628601475948,0.9811381274122758,False
5541,2520272.0,-0.07426510864253795,0.6336773308129128,0.8067754428775707,False
5542,2520540.0,-0.11837598292201078,0.45859538162111213,0.6823924424259318,False
5543,2521248.0,0.6461111412722017,0.14774589182060793,0.358151986300598,False
5544,2521320.0,-0.32290477659635297,0.020320341122638856,0.11770400367462368,False
5545,2521921.0,0.3474876445240479,0.015434599826519433,0.0991963180088031,False
5546,2522758.0,-0.0757844156054999,0.8508012478456761,0.9238219011068135,False
5547,2522870.0,-0.710303859863957,0.1525154135617077,0.36359494261701475,False
5548,2523017.0,-0.3351544778531331,0.019289636548692174,0.11373655879198998,False
5549,2524539.0,0.12908695678905568,0.8223777721041852,0.9104447441296206,False
5550,2524695.0,0.2336839284906168,0.09797202492442586,0.28795905132239563,False
5551,2525104.0,0.5728694846928063,0.1543772330515298,0.36524953460644205,False
5552,2525510.0,0.30255876909867097,0.030574197895518122,0.14842706536486996,False
5553,2525618.0,0.8674873818951263,0.05323783685976611,0.2055463065361779,False
5554,2525875.0,0.2778341484417936,0.04869631211355396,0.19440914600685116,False
5555,2526140.0,-0.289307933514802,0.03922885738160168,0.1700596033854977,False
5556,2526149.0,-0.46781403513210484,0.006897135012226127,0.06233074210437586,False
5557,2526187.0,0.5295449960618972,2.556278029968563e-05,0.001999879085374188,False
5558,2526315.0,0.27392328360962537,0.05167421429115137,0.2017121115462922,False
5559,2526467.0,-0.3490680841617638,0.014333994961365079,0.09515742578858902,False
5560,2526592.0,-0.44846706708809586,0.14624251223983006,0.35609297226634257,False
5561,2528105.0,0.22819748363122042,0.744577840215068,0.8728992602475191,False
5562,2529199.0,-0.35586550810992434,0.01771034741668005,0.10842967919236432,False
5563,2531515.0,0.297414195769151,0.03433446697949511,0.15725693109978892,False
5564,2532526.0,0.45352384043127547,9.4514876983072e-05,0.004816708871602097,False
5565,2532669.0,0.36601362393497483,0.015383907379803238,0.0991963180088031,False
5566,2532889.0,-0.4917048562713687,0.21852522224086787,0.44869902543768875,False
5567,2533254.0,1.3027410000548347,0.06217240786499503,0.22473576003147558,False
5568,2534667.0,0.0022543907399580343,0.993863037114365,0.9963412696598108,False
5569,2534814.0,-0.08234982562108206,0.9064383958863848,0.9539837877978192,False
5570,2534968.0,0.4344719053132561,0.0016124501498148017,0.02604634877416618,False
5571,2535041.0,-0.06573497752712615,0.834128397073253,0.916719296884299,False
5572,2535199.0,0.002749872354006505,0.9966225416252408,0.9976738348200687,False
5573,2535653.0,-0.4994484107118605,0.1751795159445144,0.39248308243947255,False
5574,2535797.0,0.9865255333649565,0.0001745214225089012,0.007177912743182846,False
5575,2535799.0,-0.04641236542891487,0.9430526480599288,0.9714262576506133,False
5576,2535899.0,1.6887752056361809,0.005229851730537044,0.05276026072024127,False
5577,2536275.0,-0.2710546271976929,0.0622155738739822,0.22481692889549829,False
5578,2536305.0,-0.05832490851703931,0.8524130405817607,0.9247395118443946,False
5579,2537947.0,1.31891058840943,0.04164793932177302,0.17590918634916414,False
5580,2539315.0,0.5410666652150969,0.3216391465838383,0.5614074507424931,False
5581,2539942.0,-0.8542212248710531,0.18788332070891742,0.40793357260810004,False
5582,2540455.0,0.500769373752098,0.0001799976043845479,0.007195300897604854,False
5583,2540673.0,0.7755973624692158,0.08417135580764143,0.2655051780810578,False
5584,2541277.0,0.1693755152387959,0.8089359501175865,0.9047913177255436,False
5585,2541651.0,0.6079073194197129,1.4773629468266349e-05,0.0014987639988601048,False
5586,2541722.0,-0.6031583868872175,1.5401597975492758e-05,0.0015304670249501663,False
5587,2542142.0,1.3330478391049012,0.03948490753661112,0.17074041388543007,False
5588,2542707.0,-0.607186922211314,1.4073131348280197e-05,0.0014548937217674432,False
5589,2543112.0,0.798749168461981,0.25370390233151774,0.4891624077027869,False
5590,2543357.0,0.8138691539019017,0.11816174184541835,0.317408927602573,False
5591,2543488.0,-0.5085754383046297,0.025491354012548706,0.13465141012467943,False
5592,2544846.0,-0.6034997981222935,2.132447845852108e-05,0.0017943970051724522,False
5593,2545115.0,-0.12448630778011208,0.7864795983376044,0.8949822874467654,False
5594,2545719.0,1.2233493950938275,0.006252405802403052,0.05886371637908511,False
5595,2545895.0,-1.0245067803175607,0.06006400809440627,0.2202685161705338,False
5596,2546582.0,0.10354574109543724,0.8021837415312966,0.9023266286698394,False
5597,2546617.0,0.5465377087822261,0.0001313688368814857,0.005899574306679899,False
5598,2547355.0,1.0180436217911126,0.010524014916867396,0.07983101462096127,False
5599,2547606.0,-0.5621945841157738,8.025759064803547e-05,0.004377870082836306,False
5600,2547631.0,-0.5614771517419807,8.69006198046259e-05,0.004601493795020556,False
5601,2549460.0,0.23033176659884363,0.07375094400281353,0.2483146703320536,False
5602,2549733.0,-0.03125765050981599,0.9644093871606965,0.9814065714473947,False
5603,2550464.0,-0.2773579366554485,0.5646503898075278,0.7611879317507307,False
5604,2550649.0,0.2862604689409351,0.02627745515032723,0.13687225319424284,False
5605,2551101.0,1.7031659567318855,0.004858990933440866,0.05037664430038262,False
5606,2551889.0,-0.30435932172488656,0.023636890524298924,0.12931141483211084,False
5607,2552228.0,-0.28914099238375013,0.03213704766954161,0.15200333440212382,False
5608,2552267.0,-0.06366668123332214,0.9275805286422101,0.9643469533142782,False
5609,2552446.0,0.055824221005613545,0.9315360360746421,0.9661593418297574,False
5610,2552548.0,0.32127505730880157,0.017708292759515517,0.10842967919236432,False
5611,2552721.0,-0.29630723375734713,0.029689642427694722,0.14622553019629136,False
5612,2552744.0,-0.30321256635302607,0.024653287656557825,0.1324346055532398,False
5613,2553036.0,0.32907787220340445,0.02770850737379386,0.14085000252562582,False
5614,2553166.0,-0.5470155508215343,0.01485139848985542,0.09729144876727856,False
5615,2554581.0,-0.4369212704552054,0.002801599978914078,0.035765868597620036,False
5616,2554750.0,0.5995197285022474,0.00465734718756077,0.049035406130913825,False
5617,2554847.0,-0.8410228476741777,1.781341429141877e-06,0.00047162100520329453,False
5618,2555084.0,-0.32843965618295023,0.5289510076656999,0.736123485668099,False
5619,2555365.0,0.5460747505324136,1.088975027613649e-05,0.0012575344600793787,False
5620,2556475.0,-0.4375868866013564,0.0025707776203138673,0.03407300496765205,False
5621,2557038.0,0.8941915298254364,0.021480660546297475,0.12215323384534015,False
5622,2557123.0,-0.4032571508933597,0.007519027646678662,0.06539987588517378,False
5623,2558158.0,0.5850271277789767,0.005262558542066435,0.05304092198155167,False
5624,2558273.0,-0.3948467687509166,0.0074384994023354144,0.06506639209468622,False
5625,2558491.0,0.1064544509224758,0.7953179473074824,0.8989182226669485,False
5626,2558507.0,0.10698015373873541,0.6513801170547,0.8167646032839053,False
5627,2558580.0,-0.45597487288959904,0.002295520579496163,0.03199284783478973,False
5628,2559402.0,-0.44310651168615023,0.002691098498737732,0.0349428741761835,False
5629,2560236.0,-0.20820063052612026,0.6140816358167706,0.7946820118175618,False
5630,2560510.0,-1.054139116607044,0.0825555017682083,0.2622611333862045,False
5631,2561696.0,0.5542285091253991,0.01385307477135369,0.09328481801677685,False
5632,2562203.0,0.5725403724495359,1.8943408303951577e-06,0.000489596897950939,False
5633,2562466.0,0.6565489916629099,0.14401655668827573,0.3533593008702299,False
5634,2562471.0,-0.6739487155088385,0.33555133083806493,0.5750101072688696,False
5635,2562482.0,-0.609487728088671,0.019239448059533672,0.11373655879198998,False
5636,2565049.0,-1.1431428411862115,0.04606919709672432,0.18735102683343627,False
5637,2565916.0,-1.058823414080802,0.08125196730786323,0.26071241653173377,False
5638,2566419.0,-0.7704821803595434,0.03131947227986119,0.1501646959354652,False
5639,2566916.0,-0.510548080819501,0.00013152436501303875,0.005899574306679899,False
5640,2567423.0,0.6713959979201143,0.0065833075037544965,0.06061221624533932,False
5641,2567531.0,-0.5595843324705427,5.305976396396407e-05,0.003181849386839366,False
5642,2568297.0,-0.9771316508547596,0.13190088435840017,0.33696966338207435,False
5643,2568768.0,0.5591052698138533,3.967472741877017e-05,0.0026260315007972574,False
5644,2568829.0,0.6753110847232362,0.007432840302389601,0.06506639209468622,False
5645,2569007.0,0.3233064382018673,0.02243886872114252,0.12510216742064822,False
5646,2569133.0,-0.5300807906484557,9.094865809897489e-05,0.00472748883058704,False
5647,2569260.0,-0.471302923718694,0.0004944938190730811,0.013092025380581207,False
5648,2569581.0,0.3617477961680619,0.45248622350852225,0.6783231537336016,False
5649,2569632.0,0.386911687428997,0.42174208691739495,0.6526687028991017,False
5650,2570061.0,0.5240289028044418,0.00011629332086830237,0.005435737119147722,False
5651,2570126.0,-0.9011379582829359,0.04316166984669212,0.180130690575103,False
5652,2570161.0,0.3541570559371434,0.49722924603721214,0.7116362659977113,False
5653,2570201.0,0.36545047910989636,0.4478331409269286,0.6743626453108039,False
5654,2570601.0,-0.6274291341552861,0.33382652015212544,0.5734384864012156,False
5655,2570648.0,0.6728981876516468,0.1340830278321907,0.3398251849447654,False
5656,2570731.0,0.14622319391382504,0.7890145316413605,0.8964572682611438,False
5657,2572178.0,0.4699654037033531,0.00014684151703880133,0.0063630577022290415,False
5658,2572221.0,0.056968203928059374,0.782873151742947,0.8929567708312145,False
5659,2572885.0,-0.1316630566935409,0.5225015256519174,0.7320702124504196,False
5660,2572989.0,-0.42682158524358604,0.5422017187696107,0.7453977125189335,False
5661,2573516.0,0.07210719274273056,0.6913543711661277,0.8417061124953249,False
5662,2573944.0,-0.06629588773677703,0.7225328390661971,0.8589523565944114,False
5663,2574620.0,0.3864242581204578,0.2849008967606513,0.5252501166113054,False
5664,2574851.0,0.12975563061835116,0.7954544590675396,0.8989182226669485,False
5665,2575700.0,-1.0363416778481775,0.00016496435183287306,0.00696765773986707,False
5666,2575809.0,-0.39388736574429395,0.002830517202420204,0.03585502609154715,False
5667,2575948.0,0.14710025770383853,0.6279375401058158,0.8031916102239645,False
5668,2576096.0,-0.676184675035884,0.027214471220663786,0.13967521754151555,False
5669,2576522.0,0.450878002110118,0.0005092444904032283,0.0133846221388064,False
5670,2576615.0,0.3355610973254707,0.5200225579642788,0.7297795561347442,False
5671,2576982.0,0.4303839511199874,0.0010210933886561462,0.01997111483578823,False
5672,2577938.0,0.32454642199583983,0.5339572743373593,0.7396648051684286,False
5673,2578727.0,0.25737022570876344,0.6195879901809515,0.7980500399601616,False
5674,2579011.0,0.8267563776223636,0.07475464193354354,0.24978440193858614,False
5675,2579401.0,0.6560507026985286,0.1579095362704985,0.36949946458638955,False
5676,2580107.0,0.08299696431112713,0.8792605876166898,0.9398693922776138,False
5677,2580352.0,0.37245492529768087,0.5405736437848739,0.7443478644942443,False
5678,2580406.0,1.223582734575438,0.032665499851757415,0.15349956748520638,False
5679,2580889.0,-0.40938460246504904,0.20698181660593842,0.4333828945418111,False
5680,2582308.0,-0.3799312843134306,0.24195584671793297,0.4754581310867419,False
5681,2582612.0,0.4992826394966417,4.37810281516622e-05,0.0027955474152134897,False
5682,2583201.0,0.6695717864422144,0.13623888256118646,0.3428005180497018,False
5683,2583430.0,0.520195482111728,1.3547321254746035e-05,0.0014140016559641175,False
5684,2583690.0,0.5100212911355995,2.1134650910417564e-05,0.0017943970051724522,False
5685,2584008.0,0.007948400828668448,0.9791084675528404,0.9880284851990409,False
5686,2584096.0,0.5618731307749112,0.4222198494082265,0.652971512763586,False
5687,2584459.0,-0.3973732410286835,0.0017835876626863725,0.027423291895836505,False
5688,2585255.0,-0.44007182988017834,0.0005648731906645749,0.01430117929743577,False
5689,2585999.0,0.41595660546647495,0.001430059516550368,0.024329355006011737,False
5690,2586538.0,0.45376038051354317,0.00038341975406819474,0.011545031180702821,False
5691,2586998.0,-0.7360522744726846,0.11271043694217221,0.3095046276264304,False
5692,2587432.0,1.1488345844832293,0.0016790301850847583,0.0265683274913922,False
5693,2587497.0,0.7920515891810156,0.12841495855288684,0.3322897486056688,False
5694,2588719.0,-0.42357799195595386,0.000980178773614831,0.01948688752305676,False
5695,2589144.0,-1.0999184068857315,0.08969948235859158,0.2747426300797155,False
5696,2589366.0,0.9219368535492418,0.15515949147377248,0.365893798313509,False
5697,2590133.0,0.3644322732851312,0.004367395899604089,0.04728715651903346,False
5698,2590940.0,-0.29972490493701964,0.3595313629463504,0.5984529048570383,False
5699,2593007.0,-0.7180847898167663,0.14801703422481544,0.35822446028811256,False
5700,2593775.0,-0.0819066189867901,0.8350986252895599,0.9168305115832118,False
5701,2595870.0,0.4369837010624379,0.2231050247374398,0.4550554384676642,False
5702,2597411.0,0.4248096705299638,0.014875728138634657,0.0973333507805179,False
5703,2597649.0,-0.6486118838415563,0.3541302201610328,0.5934975358727823,False
5704,2598154.0,0.159649775798339,0.7296964837670504,0.8640613039251592,False
5705,2598366.0,0.35569745889777515,0.004946678591132499,0.051026440904674675,False
5706,2599016.0,1.2915352920028074,0.0002357311528191337,0.008501201541035536,False
5707,2600799.0,0.2068689756535389,0.7190426942454645,0.8571161988835534,False
5708,2602001.0,0.7471039701926019,0.07556732053226249,0.25115837856022943,False
5709,2602158.0,-0.6747829916583094,0.33500240143062,0.5744788416318136,False
5710,2603490.0,-1.4859508437938054,0.00620448210537773,0.058564915872935004,False
5711,2603623.0,0.22207016209911395,0.1818309237164333,0.4002787825880924,False
5712,2604221.0,0.36013436220447326,0.3066535809067982,0.5464988705866515,False
5713,2604590.0,0.25158628526746224,0.48356737376061515,0.7023073946077749,False
5714,2604668.0,-0.06272738129159251,0.7445704305533327,0.8728992602475191,False
5715,2604704.0,-1.1267651975486652,0.10698792087636474,0.3013444809632185,False
5716,2605814.0,0.5051526330341586,0.3793412061537038,0.6149234473549399,False
5717,2605910.0,-0.14715860954141768,0.8208038765001914,0.9100016422642813,False
5718,2606571.0,-0.3377686588350572,0.27521112041165885,0.5143678456869913,False
5719,2606986.0,0.6931491858376809,0.12288922552717481,0.3253567178286543,False
5720,2607692.0,-0.4597241817134693,0.21825759081887966,0.4484546939880633,False
5721,2607993.0,0.39312124153382666,0.29232666523955425,0.5328369446652184,False
5722,2608812.0,-1.1889376255365312,0.0007169821857707627,0.0164194971024085,False
5723,2609355.0,-0.24772985686032226,0.13980007445967707,0.34805729547243,False
5724,2609512.0,0.7415398121725278,0.09859722392258495,0.28887256833459096,False
5725,2609565.0,-0.13117211783476435,0.7692462603756082,0.886147528003526,False
5726,2609584.0,-0.16605009028617143,0.7982492150964282,0.900365627164254,False
5727,2610094.0,-0.05703395828923043,0.7750209148024151,0.8891198510019251,False
5728,2610179.0,-0.22904930052560457,0.5972369731245936,0.7816502704687079,False
5729,2611079.0,0.04047137843253905,0.9539319920553814,0.976724793819721,False
5730,2612211.0,0.2827060249361259,0.31243949399609655,0.5519808037818006,False
5731,2612594.0,-0.28496854171189895,0.3768678553250328,0.61317677445725,False
5732,2612813.0,0.042797846901761506,0.9512869924161275,0.9753679326227509,False
5733,2612906.0,0.05961010903001354,0.9269054797657619,0.9641202551607269,False
5734,2613125.0,0.9245596507159524,0.038019158934168885,0.16681405425642815,False
5735,2613170.0,-0.3013087099242036,0.35758175873036807,0.5962322620798742,False
5736,2613565.0,0.15685791982822087,0.7447185674023283,0.8728992602475191,False
5737,2614023.0,0.04367545633561215,0.9464011718916441,0.9726475068100716,False
5738,2615013.0,0.3718914838343651,0.26344047362715056,0.5000255886033781,False
5739,2615110.0,0.1027206226211557,0.7045494476888992,0.849362973051164,False
5740,2615942.0,0.4591972774307556,0.3071698196636692,0.5468801693372363,False
5741,2616819.0,-0.2288821601285326,0.4914050023107633,0.7087697714700153,False
5742,2617222.0,0.45133026685526273,0.25055405567020506,0.4854395387846301,False
5743,2617239.0,-0.23480358423848777,0.172681260657746,0.38921409560627757,False
5744,2617331.0,0.7643859975326422,0.125920706156914,0.3297633933252838,False
5745,2617891.0,-0.08865612937385947,0.8642548892910296,0.9312573777302091,False
5746,2618426.0,0.5048704071303074,0.14151490767575645,0.35047782861518056,False
5747,2618962.0,-0.5248837099309064,0.12638766894676484,0.33030528351344585,False
5748,2619482.0,0.5129451775358825,0.13527891294929345,0.34152664412887856,False
5749,2619595.0,0.5372858854858077,5.3348372952995355e-05,0.003181849386839366,False
5750,2619895.0,0.5277727462008776,0.12422057218562788,0.3270468860235243,False
5751,2620810.0,-0.9481582842283636,0.00017341179307369206,0.007177912743182846,False
5752,2621208.0,-0.5200380000556619,0.1298535771121694,0.33392863776838955,False
5753,2621634.0,-0.4919088974440482,0.15229440057248367,0.3632510916753044,False
5754,2621673.0,-0.06370592860615858,0.6630730015542197,0.825320381587024,False
5755,2621830.0,1.2689765164129487,0.00023305707332805706,0.008501201541035536,False
5756,2622639.0,0.2535949924001064,0.27096943530122974,0.5091523663138046,False
5757,2622816.0,0.5664344017716046,0.02017164449783999,0.11732549059649908,False
5758,2623412.0,-1.1043691725911402,0.0001324920390540547,0.005918522979143061,False
5759,2623522.0,-0.8040753258166239,0.0010703599987749006,0.020567712775975203,False
5760,2623757.0,-0.8080332163014265,0.0010930703923775424,0.02080790363117686,False
5761,2623869.0,0.7344011102590484,0.0003490625413906183,0.01088814335285966,False
5762,2623911.0,-0.5138427732375256,0.13463865401994538,0.34059720097564833,False
5763,2624119.0,-0.8059582277490854,0.21417629034098462,0.44334165363298783,False
5764,2624150.0,-0.5060038139672465,0.14080218526067073,0.3497307612998441,False
5765,2624303.0,-0.5003808448963193,0.02753321003397788,0.140576951899535,False
5766,2624629.0,-0.9358323687972945,0.1489756609036224,0.3592213373791703,False
5767,2624815.0,-0.3199699717080315,0.26538335300233906,0.5020453636877641,False
5768,2624821.0,-0.5092076423758389,0.029146141562266834,0.14473072582726737,False
5769,2625022.0,0.4711503515716862,0.0010761523202123674,0.02063892833198807,False
5770,2625168.0,-0.1674747113844856,0.7708691065318318,0.8869541048871736,False
5771,2625415.0,-0.22547672500459642,0.5035341876732482,0.7170430600619695,False
5772,2625499.0,1.3193240517575355,0.04160081790922856,0.17590261904825422,False
5773,2625816.0,0.5071696094918003,0.0004590038522988784,0.012550344626459256,False
5774,2625919.0,1.5717801721202975,0.0004193145804388236,0.01196295967254811,False
5775,2626125.0,-0.3110779238771109,0.2790184635794568,0.5186151474849203,False
5776,2626242.0,-0.3267498624079493,0.25575276933856883,0.49171029244955095,False
5777,2626420.0,-0.5787392379303339,0.12340596461235488,0.3262320902365021,False
5778,2626545.0,-0.3008838107934233,0.2950095424202086,0.5352766280594996,False
5779,2627169.0,-0.28491649063702157,0.3114338805513757,0.5510307454009774,False
5780,2627368.0,0.607528300081411,0.1515465479921257,0.36202785325553716,False
5781,2628012.0,0.46621707247419997,0.31571635905328066,0.5552854799303621,False
5782,2628052.0,-0.4301367576625073,0.4310907337886169,0.6601989158119973,False
5783,2628400.0,1.5465422289731239,0.00015104448687460004,0.006480584604837089,False
5784,2629307.0,0.05548668965157284,0.8332744573358631,0.9166187914856905,False
5785,2629974.0,0.3543538631268747,0.026484119666037725,0.13735552746050622,False
5786,2630121.0,0.3384470137506357,0.03398990960748586,0.15620680304371676,False
5787,2630166.0,0.0008685706337602794,0.9973709463655033,0.9980145301251417,False
5788,2630353.0,-0.18661196847676392,0.7899614539656481,0.896688443249724,False
5789,2630483.0,-0.2520969821448561,0.49421081086689284,0.7100041661044296,False
5790,2632751.0,-0.08884514623377775,0.5258963052589155,0.7338481030448036,False
5791,2632761.0,-0.542211654263822,0.4387712159050587,0.666316107997804,False
5792,2633053.0,0.2809677529876565,0.08079965433644722,0.26006832275006275,False
5793,2633157.0,-0.9593476499484985,0.13905710507887517,0.34708817949219994,False
5794,2633590.0,-0.4901382123121793,0.0011764274313198035,0.021661647457415452,False
5795,2633611.0,-0.14450418231180787,0.6342976148028241,0.8069972584018583,False
5796,2633756.0,0.2602124827731326,0.27227236587127324,0.510772635952616,False
5797,2634025.0,-0.2558061473119837,0.1282104354166738,0.3322897486056688,False
5798,2634076.0,-0.6848563065661635,0.17067621201399083,0.38678293975195627,False
5799,2634157.0,0.4349380097785617,0.3335606121249325,0.5734384864012156,False
5800,2634228.0,-0.5196637787097298,0.00027726524747491134,0.009405357066688007,False
5801,2634789.0,0.2718713810286288,0.2581251472737754,0.4943013597084304,False
5802,2634971.0,0.281941846479213,0.0984148085305741,0.28849385541436184,False
5803,2635098.0,0.20291340820589368,0.2294936692662824,0.4623522234382879,False
5804,2635107.0,-0.8189617687144762,0.002385118681966169,0.032768015421907055,False
5805,2636683.0,-1.512907378460675,0.008121465030161274,0.0686592701732092,False
5806,2636875.0,0.10149224750043462,0.6392651235610424,0.8098999668831833,False
5807,2636889.0,1.0568546534136352,0.00066617768480137,0.01578899294436435,False
5808,2637543.0,1.1074295980439044,0.000208648296608465,0.007934364542660792,False
5809,2638028.0,0.22543144725128786,0.12204210245287708,0.32409516415703166,False
5810,2638486.0,-0.6699435770822962,0.18020941627022993,0.39868062772960056,False
5811,2639701.0,0.32655176767328936,0.05932173784812418,0.2188030799664927,False
5812,2640821.0,-0.9480610629941657,0.14381742741207296,0.3531187908975462,False
5813,2640888.0,-1.1175103458640991,0.03155662148285853,0.15068446930109544,False
5814,2641029.0,0.10173848980909046,0.8389468657175667,0.9180209906617124,False
5815,2641224.0,-0.15761202184287165,0.4855054407098498,0.7043406243960687,False
5816,2641346.0,0.1254104663414918,0.3680185810175643,0.6052054705918221,False
5817,2641944.0,-0.44164218964499624,0.24005312109583415,0.4736053488722791,False
5818,2642037.0,0.09448386149624277,0.4925837350936549,0.7095271290394936,False
5819,2643422.0,-0.34463217685112413,0.15430892282999703,0.36524953460644205,False
5820,2643504.0,-0.3885379083561935,0.31203377388685,0.5516492859188529,False
5821,2646802.0,1.0927779832537856,0.014679485392661756,0.09651494699179623,False
5822,2646953.0,-0.23770207263946314,0.09139687299844164,0.2772039833467684,False
5823,2647226.0,-0.9851159666243999,0.10280286647688203,0.29482830002815175,False
5824,2647248.0,0.485212291137852,0.00938304789705539,0.07467227633617027,False
5825,2647481.0,0.20836949051804166,0.3291347398319093,0.5690049340956084,False
5826,2648880.0,1.1285042722802272,0.009343683426538145,0.07442983474681167,False
5827,2648918.0,0.38985479638867476,0.010083687235921334,0.07829970667529697,False
5828,2649730.0,1.6479555090108273,0.010758009675185492,0.08103003308710603,False
5829,2650300.0,0.9009408882848502,0.024648880138901576,0.1324346055532398,False
5830,2650363.0,0.6979737233743556,0.1625444719534982,0.37503008101838864,False
5831,2651883.0,0.2390799285565629,0.2440488813744735,0.4777107103344945,False
5832,2654311.0,-0.20490036104398945,0.35587133098633106,0.5947036916344217,False
5833,2654943.0,-0.176803268607346,0.41878032444574365,0.6500920545088631,False
5834,2655045.0,0.47801738440408403,0.001541133961164523,0.025424026061460332,False
5835,2655366.0,-0.12907742366828234,0.44513905400687015,0.6719488848900814,False
5836,2656746.0,0.5266291391953166,0.014086721342646618,0.09400034585343285,False
5837,2658251.0,0.3972634778818677,0.060488603598459166,0.22115318021598998,False
5838,2659456.0,0.0052427429057989305,0.9749551849425774,0.9860373178563009,False
5839,2659585.0,-0.2725051385578529,0.04573466516409356,0.18705719305057858,False
5840,2660052.0,0.3576714934158182,0.1236095214181858,0.32645722614965106,False
5841,2660599.0,0.17286551328799338,0.5535431782777924,0.7534014726282156,False
5842,2661803.0,0.29378065417669663,0.10041763356797324,0.29168583611999227,False
5843,2663678.0,-0.7010680845691498,0.16062307385486663,0.37303453098388867,False
5844,2664364.0,0.14203628759597173,0.7680992042697197,0.8855779991872339,False
5845,2665040.0,-0.4454580716003773,0.25684323856722546,0.4931081278116789,False
5846,2665755.0,0.9629763556576778,0.022617154211823868,0.12564442628932862,False
5847,2666045.0,0.3585297210719147,0.1050923414140639,0.29832044091256893,False
5848,2666063.0,0.11938887436914825,0.8541982810129656,0.9259359237463293,False
5849,2666424.0,-0.551710794955765,0.005085439747829217,0.051938748006422016,False
5850,2667250.0,-0.48425553738305144,0.012577265479859942,0.0881600429392752,False
5851,2667667.0,0.9251037939820983,0.06379619660985894,0.22794855635286992,False
5852,2668121.0,-1.0064062148723476,0.04374366728717398,0.1817212048994541,False
5853,2668411.0,0.023935809639283823,0.9562830917893822,0.9783650293471955,False
5854,2668812.0,0.8550032988856563,0.07514925209990381,0.250341567326948,False
5855,2668847.0,0.5199862692320134,0.29856239961138376,0.5390709992983318,False
5856,2668854.0,0.5027108816745278,0.004972137211339731,0.05115881462473249,False
5857,2669002.0,-0.5398462195304397,0.0013308522631742842,0.023413940545797172,False
5858,2669033.0,-0.06359348258324371,0.6909401408741155,0.8412961558259701,False
5859,2669092.0,0.532026258908922,0.0013540993235401178,0.023649965973040196,False
5860,2669700.0,-0.2989147606404555,0.38489711032760976,0.6206265794126862,False
5861,2670664.0,-0.4095108900197917,0.010357702013988824,0.07906313362698034,False
5862,2671416.0,0.49012448904558215,0.00494987031530377,0.051026440904674675,False
5863,2671655.0,0.11175153894603473,0.873254928197018,0.936215530427519,False
5864,2672186.0,-0.7274730575468401,0.16263258287234214,0.3751331676751538,False
5865,2673071.0,0.3710001046254557,0.029771605352175545,0.1464637823682103,False
5866,2673844.0,0.36073742633992445,0.03475992895524101,0.15813873797533157,False
5867,2674427.0,-0.4165178091967133,0.00949772325985236,0.07525385838372071,False
5868,2674993.0,1.1124267210346508,0.05224303570892612,0.20318815930504946,False
5869,2675230.0,0.39015774738237424,0.016509183352914753,0.10364788044875052,False
5870,2675685.0,0.35417937007391853,0.03855793233056622,0.16815843931229263,False
5871,2676008.0,0.013217972346395684,0.9623675809201298,0.9812568066297459,False
5872,2676062.0,0.8562639038325432,0.07467322052548223,0.24963899254823207,False
5873,2676163.0,-0.013483223661455462,0.961624018829078,0.9812568066297459,False
5874,2676478.0,0.6235259789138654,0.03700080686480821,0.16432383495642036,False
5875,2676773.0,-0.7278017398863339,0.001394143492050616,0.023943621396322324,False
5876,2677128.0,-0.364752972066437,0.008956480538309797,0.07298993711963427,False
5877,2677929.0,0.3243390731330402,0.023430467803803392,0.12864831968147994,False
5878,2678049.0,0.9492539715772339,0.09794872534955201,0.28795905132239563,False
5879,2678050.0,-0.3702166439288407,0.5195853685659212,0.7294293565242616,False
5880,2678472.0,-0.3555553714546368,0.009940553924755343,0.07774114758877468,False
5881,2678602.0,0.20034996240580188,0.3338791275682372,0.5734384864012156,False
5882,2678708.0,0.3355892461959892,0.1149111066181317,0.31309238512545673,False
5883,2679512.0,-0.21803839336051578,0.13934658690891974,0.3474861476904029,False
5884,2679666.0,0.2352298660401492,0.1150090930845728,0.3132258933495252,False
5885,2679691.0,-0.2574439014834865,0.08086929883576582,0.26006832275006275,False
5886,2679711.0,0.4338045469057908,0.013806375159923254,0.09308583997575587,False
5887,2679859.0,0.2405226098061317,0.10184632155661087,0.293683916808477,False
5888,2680432.0,-0.09073770151765415,0.8969261677839653,0.9486159495852409,False
5889,2680892.0,1.6378149816654635,0.011257668236183056,0.08315141685470429,False
5890,2680922.0,0.4328189248228695,0.2704992671369739,0.5084449428176367,False
5891,2680923.0,-0.7513584378299525,0.0010338407379403786,0.020075744562330605,False
5892,2681122.0,0.26543051318713284,0.07410705723353767,0.2489975544582264,False
5893,2681547.0,-0.3355212360069961,0.3291544268286852,0.5690049340956084,False
5894,2682296.0,0.7644491108522461,0.1611609475864445,0.37332524243509496,False
5895,2682660.0,-0.3422128010408437,0.3730799759707396,0.60972344763059,False
5896,2682735.0,0.345655190661083,0.09220859556376851,0.2785762050778478,False
5897,2683410.0,-0.3643569454791536,0.3430298067204337,0.5822396718527392,False
5898,2684198.0,-0.08859567571765473,0.8993533208842808,0.9496046382432596,False
5899,2684327.0,1.3127172274716108,0.04263139542752486,0.17855819323941868,False
5900,2684398.0,-0.19102402089232107,0.2018389021955612,0.42692152831894326,False
5901,2684673.0,-0.3128769358334198,0.5862705230157198,0.77524260291578,False
5902,2685124.0,1.087985004231675,0.036395669956029185,0.16318669862564922,False
5903,2685647.0,-0.1579812907433114,0.2798479196193949,0.5194509520295028,False
5904,2685664.0,0.1484492328426204,0.3102841534570125,0.5499893020535386,False
5905,2685972.0,0.058135810883529454,0.928699483057581,0.9647338571943824,False
5906,2686100.0,0.32394402704983494,0.024025703096334797,0.13053003358894605,False
5907,2686267.0,-0.7226363676571315,0.002275494480125323,0.03194480851997798,False
5908,2686549.0,0.24582506406550253,0.11084041597255566,0.30685353618518024,False
5909,2686681.0,0.2777739984307598,0.05314478895398542,0.20542296867334642,False
5910,2686833.0,1.5071156749638364,0.0036430401855168256,0.0422491465959243,False
5911,2687218.0,-0.5466621963014239,0.3413474597889208,0.5804083139111427,False
5912,2687374.0,-0.12897140359324988,0.3783173505044579,0.6138483041576839,False
5913,2688221.0,-1.5999254777193395,0.008203836623243239,0.06892619701649022,False
5914,2688307.0,-0.17370450266150833,0.23639143162279388,0.46979659287173703,False
5915,2688372.0,-0.16624826631192294,0.25428868943396765,0.48976290344317225,False
5916,2688786.0,-0.7876324062958616,0.10139035299387643,0.29302243923017274,False
5917,2688808.0,-0.5285511097975542,0.1165641404729952,0.31545842553836023,False
5918,2689032.0,0.889872432529361,0.012790496404243071,0.08905762570112799,False
5919,2689113.0,0.145511733178367,0.3164703892063564,0.5560514850817415,False
5920,2689158.0,-0.17455049451226734,0.23330129283047069,0.4662627416080403,False
5921,2689211.0,0.15213665953697214,0.2994226376238196,0.539825071678444,False
5922,2689773.0,0.15252664216265657,0.31239137082879564,0.5519808037818006,False
5923,2690396.0,1.4821354874854793,0.004249178297372503,0.04644998027993808,False
5924,2690908.0,-0.16308989776197233,0.26625420003866895,0.5030000450534079,False
5925,2691490.0,-0.6831919145295451,0.0030524205157261767,0.037445886696340656,False
5926,2691857.0,0.4144461259018858,0.019348300455866847,0.11395865515378982,False
5927,2692424.0,0.05882813016644961,0.6858513689995447,0.8396206846159984,False
5928,2692642.0,0.06744910124381356,0.6424060231158508,0.8112689243425033,False
5929,2692931.0,1.879677629858823,0.0009709012829804802,0.01943229014869165,False
5930,2693683.0,-0.47522051899070916,0.12411869045607189,0.32693724457671935,False
5931,2694014.0,0.1321966189330152,0.7837851074655652,0.893696149321293,False
5932,2694135.0,-0.5057424608274068,0.33233663025688837,0.5722579507358063,False
5933,2694792.0,0.4491325302497288,0.013944835639305144,0.0935545060968216,False
5934,2694879.0,-0.6481872325974983,0.0008332088853497556,0.017863091441371597,False
5935,2695483.0,-0.05554309385477565,0.6930260992856787,0.8427072457456314,False
5936,2695715.0,0.217225591368522,0.12042260789536295,0.32121035889832344,False
5937,2695731.0,-0.30037850308587055,0.582408961434747,0.7722058478532037,False
5938,2696093.0,0.6147446251708464,0.34366634913321176,0.5824353192569889,False
5939,2697017.0,0.13976434807444668,0.31274325915484,0.552094336985817,False
5940,2697270.0,-0.11875328992426669,0.387017000155853,0.6226321518950255,False
5941,2697570.0,1.5555598954323229,0.0017298551295924583,0.026964527296999684,False
5942,2698633.0,-0.2572841375120293,0.05247531368196767,0.20372041785621162,False
5943,2699368.0,1.5239086760164051,0.002149615565856999,0.031320908681043924,False
5944,2699740.0,-0.25876535815200663,0.051613719632781316,0.20167995918424808,False
5945,2699875.0,-1.5334092113399613,0.002013841562263571,0.029785131517883857,False
5946,2701338.0,-0.3855832824240456,0.5819563345122087,0.7721598163683966,False
5947,2702354.0,-0.3472318401236909,0.07009257601430426,0.24123226157789582,False
5948,2704186.0,1.0253483689797396,0.03981406033207781,0.1716368645372139,False
5949,2705394.0,-1.1048550974598583,0.033619644369937446,0.15497527270874492,False
5950,2705836.0,-0.09136368481593408,0.8881471169917052,0.9438061448174616,False
5951,2705986.0,-0.3121459634226403,0.39699028359008137,0.6306041214697389,False
5952,2706202.0,0.09130129776309522,0.8807985244878355,0.940471845173581,False
5953,2706809.0,1.5142936885280607,0.002295479163585783,0.03199284783478973,False
5954,2707099.0,-0.5464488708734411,0.050806971325977654,0.19974997238083572,False
5955,2709440.0,-0.7623812333357619,0.003318359503209558,0.0397734644568122,False
5956,2709766.0,0.6683520296151357,0.09406802715560138,0.2812196185001523,False
5957,2709791.0,-0.30396869131962817,0.16051529816356644,0.3729438273898788,False
5958,2709834.0,-0.31652834378457256,0.3780380775649246,0.613826919875351,False
5959,2709986.0,-1.4063076923555613,0.004414976709438558,0.04762061991330124,False
5960,2711016.0,-0.3272739520251653,0.12982211896290438,0.33392863776838955,False
5961,2711314.0,0.41856626669184377,0.014998372941835283,0.09794265480520904,False
5962,2712140.0,-0.13100223829796967,0.851660111824129,0.9242451896230062,False
5963,2712185.0,0.732702269136265,0.05994325897271056,0.22023688258087454,False
5964,2713291.0,-0.3588311452505703,0.5323644561842434,0.7385068590261933,False
5965,2713564.0,-0.14458105865754123,0.6271713978527174,0.8024779708030443,False
5966,2713761.0,0.19336947490311435,0.21390316293050585,0.4430297335643276,False
5967,2714145.0,0.1987646434401351,0.16121327414318093,0.3733667784988754,False
5968,2714510.0,0.22580556698416035,0.11058111867078754,0.30636415759559255,False
5969,2715726.0,0.7979786479036208,0.1434598346534655,0.3524799694801648,False
5970,2715747.0,1.0007759861713803,0.030778370137969115,0.14875346169113712,False
5971,2716760.0,-0.33617973171784504,0.5193070470150961,0.7294293565242616,False
5972,2717247.0,-0.007987852078474855,0.9559749630385516,0.9781884288911095,False
5973,2717561.0,0.31070915086331163,0.518797993325056,0.7290867532575848,False
5974,2718503.0,-1.5033052904344257,0.00853544551672227,0.07094353834917323,False
5975,2719195.0,-0.8509725567106321,0.100083022463954,0.2913384845390777,False
5976,2719383.0,0.12101652786071435,0.4713341439529526,0.6918637096158621,False
5977,2719465.0,-0.3337502062840805,0.37886187240527974,0.6144547474913061,False
5978,2719754.0,-0.43492916604667475,0.4258281783740526,0.6560902121670212,False
5979,2722103.0,0.5588264539381425,0.42480840535390507,0.655657173883304,False
5980,2722131.0,-1.0443930115453477,0.06684674546443307,0.23424210774359538,False
5981,2723177.0,-0.12256084423152871,0.5623084497735557,0.7596976666812616,False
5982,2724002.0,-0.5457705515650775,0.16474620375954152,0.37784252258153656,False
5983,2724759.0,-0.14410894499428817,0.29594397019833446,0.5359479139978178,False
5984,2725211.0,-0.23243240377652147,0.1348630663399015,0.3410059597297067,False
5985,2725518.0,-0.5117827635972572,0.01356205884411842,0.09235642958149651,False
5986,2727604.0,0.014559952774550536,0.9733887538276265,0.9854630593918006,False
5987,2728169.0,-0.47056126656193875,0.13522615056625362,0.3415262597479486,False
5988,2729414.0,0.016520931219374965,0.9698120577788902,0.983676872284606,False
5989,2729779.0,0.167419753005659,0.2794539589037451,0.5188971474341691,False
5990,2730055.0,0.9322739622357643,0.026344354858704407,0.13689227955540276,False
5991,2730269.0,0.3479661724883977,0.5448582650071578,0.7472440261089953,False
5992,2730296.0,-0.19890249267686574,0.1769450982895346,0.3950346850277511,False
5993,2730992.0,0.19470172512431314,0.18688000657005543,0.4067179173446424,False
5994,2731497.0,0.8903984972084382,0.004232267660074264,0.04633456471143831,False
5995,2731875.0,0.5553498803043098,0.1285930403569183,0.3324309247616928,False
5996,2732178.0,0.9267540348218709,0.02728047266617079,0.1399477933796238,False
5997,2732501.0,1.1313752363705454,0.037702309509498835,0.16602781733290461,False
5998,2733706.0,-0.2569630372415575,0.07816257861755643,0.25625333460995925,False
5999,2734571.0,-1.5142627643673519,0.008067420886240736,0.06841551071886186,False
6000,2735289.0,-0.2548053089928165,0.31819955290796986,0.5582764097003415,False
6001,2735908.0,-0.1266234264258606,0.631008240663234,0.8054556035276818,False
6002,2736658.0,-0.3168107181231878,0.3934252604580045,0.6280340003340645,False
6003,2736875.0,-0.5031549189798666,0.019181676768614597,0.11373655879198998,False
6004,2737514.0,-0.9237529491419472,0.10734845234477158,0.3019609873548835,False
6005,2737611.0,0.9083148288196731,0.0035050518898813317,0.04134185398676579,False
6006,2737710.0,1.18778099344746,0.03812213339950903,0.16699586684893888,False
6007,2737879.0,0.9581816790526431,0.02653133805059138,0.1374690570592694,False
6008,2737924.0,-0.5372939509854993,0.01379920977614774,0.09308583997575587,False
6009,2738052.0,0.2469582568352971,0.3335018482995926,0.5734384864012156,False
6010,2739346.0,0.26412186296617757,0.2829187307725033,0.5230457331691015,False
6011,2739841.0,-0.5416895719688617,0.012998730453880575,0.09010294960209045,False
6012,2739850.0,-0.7787459718867126,0.10515742157764975,0.29834914041437216,False
6013,2740509.0,1.0439210398575685,0.012784016243650595,0.08905762570112799,False
6014,2740841.0,-0.6371061383781734,0.01787402409228669,0.10864796920786529,False
6015,2741060.0,-0.9580644473221793,0.07877692927528075,0.25714326166008405,False
6016,2741232.0,1.0504793390545548,0.012226555531705697,0.08691503621261647,False
6017,2742351.0,1.0530015210344237,0.012024848865708307,0.08633479675967369,False
6018,2742772.0,0.19912956622582562,0.6907724757026334,0.8412961558259701,False
6019,2742926.0,0.9941401732173852,0.0680942398117628,0.23713922783339272,False
6020,2743214.0,-0.8106546500869756,0.21147380778318065,0.43992874348149213,False
6021,2744282.0,0.3520523598840513,0.15532025425312673,0.365893798313509,False
6022,2744419.0,0.794649509404227,0.06613682318209539,0.23293809722311662,False
6023,2745245.0,2.125193806872942,0.00223424811332998,0.031935615048344655,False
6024,2746107.0,-0.20407362624138908,0.4142803452481507,0.6462559280994201,False
6025,2746292.0,-1.072235484717933,0.009074884163423808,0.07363221882564777,False
6026,2746677.0,0.552259610491036,0.0447335544551079,0.18470244717010126,False
6027,2746903.0,-0.8613620079121254,0.0001373637075426091,0.006086053246428661,False
6028,2746978.0,0.8707916717713491,0.00584984005893807,0.056618125650264584,False
6029,2746983.0,-0.7571227320129208,0.0049463390285141,0.051026440904674675,False
6030,2747027.0,0.5729232059708675,0.03950608210728011,0.17074041388543007,False
6031,2747458.0,0.5130280709398849,0.06511449703639773,0.23106174087286607,False
6032,2747717.0,-0.15702034160199646,0.6829980575457155,0.8374951673034914,False
6033,2748077.0,0.12329475461837758,0.5412971004564687,0.744895326806269,False
6034,2748330.0,-0.09334897291354043,0.646202930848891,0.8134677970966846,False
6035,2748804.0,0.9777754502340776,0.0022624998898518006,0.03194480851997798,False
6036,2749487.0,-0.09742902826446007,0.5411870739689261,0.7448441343898431,False
6037,2749536.0,-0.03325876370378195,0.8055629632650279,0.9038125029707367,False
6038,2749772.0,-0.3359241643184943,0.08742474009302557,0.2709093787353105,False
6039,2750728.0,-0.16432493969799972,0.8145348614038149,0.907221005595979,False
6040,2751733.0,-0.8150651912255888,0.10266628303772071,0.29459349439034854,False
6041,2751949.0,-0.09925163820865623,0.810207057472275,0.9049518002889102,False
6042,2752545.0,0.4147222252945246,0.10095535032681606,0.2925608249390287,False
6043,2752710.0,-0.45734533164563473,0.07292520399505956,0.2467590677575971,False
6044,2755022.0,-0.17987985374630197,0.687448970500668,0.8401169102715684,False
6045,2755282.0,-0.32011297890296303,0.0575076564759399,0.2148782252906906,False
6046,2755982.0,-0.38120963251735723,0.1477809992298829,0.358151986300598,False
6047,2756502.0,0.03689597821805292,0.8359921299299304,0.9171916889417218,False
6048,2756607.0,0.3404821583795193,0.13850821089815873,0.346111102509096,False
6049,2757291.0,0.04794089430718719,0.7427860424342326,0.8718579682767729,False
6050,2757922.0,-0.3884788806547247,0.2025009984786559,0.42782178639272284,False
6051,2758043.0,0.14906692619519915,0.48963220543005265,0.7073406427925502,False
6052,2758166.0,-0.1477661354091456,0.3418168766159682,0.5809485721689256,False
6053,2758507.0,1.8843694891948675,0.0018068519786342682,0.027663438967665703,False
6054,2759384.0,0.14962498756838918,0.49004817960609026,0.7075649095004136,False
6055,2759739.0,0.46715445829472907,0.13329802577147548,0.33823049783762654,False
6056,2759815.0,0.16864989832507413,0.43058665928552065,0.6596130661225411,False
6057,2760668.0,0.31563959721714213,0.1231133495969424,0.32567124959598176,False
6058,2761256.0,0.36868894314535683,0.07917378874850968,0.2574538912649792,False
6059,2761312.0,0.3904506625729902,0.06447345626518491,0.22954460333428264,False
6060,2762110.0,-0.5886375927938274,0.14330854863191778,0.35231226446093544,False
6061,2762255.0,0.3484140329837322,0.25049340170375406,0.4854395387846301,False
6062,2762637.0,0.16095696132433804,0.45171135576162325,0.677910516631055,False
6063,2763150.0,0.15382428995390618,0.5912559829663182,0.7786101777386126,False
6064,2763707.0,0.3131108528398591,0.12697898558740586,0.3309380284636952,False
6065,2764121.0,-1.425718275103238,0.01268443328815018,0.08860329687443384,False
6066,2764140.0,0.47344871283110523,0.13584642196281102,0.34244571759301756,False
6067,2764208.0,-0.1469617501286214,0.7024560391494299,0.8488114145640253,False
6068,2765413.0,-0.7903270412058447,0.067653424262425,0.23598262222642138,False
6069,2766276.0,-0.08709271912824344,0.6218944426987294,0.7990843010765516,False
6070,2766617.0,-0.7567755883833054,0.03581194544411184,0.16147277775439978,False
6071,2767111.0,-1.5141619244376032,0.005297085775287746,0.05319136548635383,False
6072,2767132.0,0.8927281318546196,0.004713060906698334,0.04933488538303801,False
6073,2767283.0,0.6066908697917004,0.08441742324538012,0.2660717564833337,False
6074,2767528.0,-0.2645936045245315,0.10341633034449181,0.29580613066915906,False
6075,2767901.0,0.03491129539312951,0.8229082570374993,0.910567699300923,False
6076,2769426.0,-0.7754808227814572,0.03134612040197789,0.1502261090346446,False
6077,2769665.0,-1.1834830131488758,0.03764901070757676,0.16602781733290461,False
6078,2770022.0,0.7632250834302823,0.014485573489642665,0.09576181500004331,False
6079,2771155.0,0.5280777023031971,0.10867161264340476,0.30387258415399176,False
6080,2771362.0,-0.3104076043121515,0.05674436260863505,0.21320874216570906,False
6081,2771381.0,0.9469186760125137,0.14431964208822454,0.3534960267773483,False
6082,2771786.0,0.8009288306924494,0.009209373779878032,0.07410507960013049,False
6083,2772680.0,0.8389618954872375,0.007117267326957639,0.06341528638092234,False
6084,2773292.0,0.06281213128497898,0.9229877307657525,0.9619809714318045,False
6085,2773327.0,0.49721916573099223,0.10478005296037123,0.2977454122735156,False
6086,2773552.0,0.4867693660004372,0.0055975461693836374,0.054987659428651026,False
6087,2773847.0,-0.4663765245044713,0.008245673966514778,0.06901063292715337,False
6088,2773911.0,0.777182963220199,0.01275397106624449,0.08894012769476949,False
6089,2774231.0,-0.04404295348671003,0.8109151327956308,0.9052328019844273,False
6090,2774673.0,-0.38481432435044205,0.15093814092842753,0.36161515310510906,False
6091,2775025.0,-0.4341893498378738,0.16829213016223965,0.3832202796121484,False
6092,2775044.0,-0.23149019353770656,0.2771117357458233,0.5169355372952246,False
6093,2775414.0,0.17394776743831664,0.6241177594347938,0.8008724681975478,False
6094,2776391.0,-0.3979739480853991,0.0031277627111218932,0.03789270561297785,False
6095,2776854.0,-0.3670899145455497,0.011891242585453567,0.08593064739195395,False
6096,2777013.0,0.41188042551420856,0.004589426445169171,0.04874049483577721,False
6097,2777380.0,-0.17603438585947095,0.29150756228611036,0.5321753428549828,False
6098,2777416.0,0.03059718287091384,0.9055142631125065,0.9534734044122861,False
6099,2777755.0,0.04589479887238493,0.9330614929030195,0.9667254467368787,False
6100,2777870.0,-0.44623282210607207,0.002139564091187388,0.031216355120751473,False
6101,2777984.0,-0.37744695160781183,0.15926181823939872,0.3710639701628403,False
6102,2778588.0,-0.7202997823229601,3.3723207432210333e-05,0.0024083685965690764,False
6103,2779352.0,-0.025065733786525858,0.9652212048351053,0.9815885496051217,False
6104,2780974.0,2.11479633555249,0.0010203359063639542,0.01997111483578823,False
6105,2781585.0,-0.42274375890705607,0.0030887179804034337,0.03762966742680053,False
6106,2781610.0,-0.4280005003166758,0.0027672975684167773,0.035477726429037855,False
6107,2782289.0,-0.11738267024468552,0.5484392604799491,0.750164840286019,False
6108,2782561.0,0.4561703672213968,0.0009257194501509435,0.018959782323374513,False
6109,2782764.0,0.4601160457762873,0.00083241157973579,0.017863091441371597,False
6110,2783012.0,-0.4153499134586441,0.18447356439743948,0.4038847401238817,False
6111,2783442.0,0.236012623879097,0.65103400632098,0.8166390101038064,False
6112,2784298.0,0.3743434477150869,0.5930008279322319,0.7793370389977315,False
6113,2784542.0,-0.0930264690801619,0.7138559785345047,0.8543808194249594,False
6114,2785635.0,-0.5961986126557255,0.13822073028148352,0.3456314275985956,False
6115,2785941.0,0.5352414405327139,5.499121759372483e-05,0.003244182972716755,False
6116,2786427.0,-0.4138838786516466,0.24859765760627806,0.4828218651359207,False
6117,2786857.0,0.010755584762875456,0.9737736581185378,0.9856434029897585,False
6118,2786942.0,0.3487772386554798,0.09887524362942697,0.2893747019674925,False
6119,2787461.0,-0.2737223761429585,0.1883721866119571,0.4081627775326051,False
6120,2787776.0,0.7093287960426099,0.04748854384118539,0.1914178029692044,False
6121,2787844.0,-0.5607141238670611,0.07302870649450413,0.2468656457415438,False
6122,2788077.0,0.39214203252085933,0.008731741847692868,0.07196891249560067,False
6123,2788820.0,-0.16363782702649668,0.7881114893726725,0.8956187413254145,False
6124,2789918.0,-0.026015358311068063,0.9639160185741014,0.981336416230325,False
6125,2790135.0,0.24297476261445733,0.6415146501511875,0.8111174414221379,False
6126,2790273.0,-0.8444105630607226,0.1647359914204937,0.37784252258153656,False
6127,2790645.0,0.050278293876116494,0.715642103877837,0.8551748171983272,False
6128,2790828.0,0.7602317456879212,0.1608138711915276,0.3731203075837779,False
6129,2791969.0,-0.4743077025275943,0.18086120863534252,0.3994401667826334,False
6130,2792338.0,0.6113080320721813,0.0821481444080057,0.26184171956624885,False
6131,2793935.0,-1.0261223166926614,2.733012095185001e-05,0.0020736980891574936,False
6132,2795125.0,-1.23653191974223,0.0018390437653441644,0.02799834512315695,False
6133,2796268.0,1.7316115735586814,0.0024036052375663933,0.03286037135237179,False
6134,2797836.0,-0.22831873053771712,0.707605956375083,0.851370278923911,False
6135,2798915.0,0.18939786101938044,0.7557062793014789,0.8797232133077351,False
6136,2799416.0,1.1612663647159216,0.05571743650741434,0.21103027679273648,False
6137,2799423.0,-0.17005040632492135,0.22365380985353134,0.45557555000189204,False
6138,2799439.0,-1.356417384370529,0.01776755262628819,0.108535049948429,False
6139,2799882.0,-0.14935311433835613,0.8061880496874234,0.9040811596462164,False
6140,2801011.0,-1.0014955721851968,0.036945578466259954,0.16422778634367396,False
6141,2801153.0,0.48602826559076184,0.0009415710663976406,0.0190989302131974,False
6142,2801355.0,-0.22314196001231376,0.6200939906102065,0.7980500399601616,False
6143,2802917.0,0.4650932630996614,0.001821252940263832,0.027766433520454912,False
6144,2803032.0,-0.1864808062134359,0.4428117648753247,0.6699571427691681,False
6145,2803675.0,0.08043605035390788,0.8146344452840062,0.9072388328262939,False
6146,2804080.0,-0.220944475318131,0.6234486867064337,0.8004181542517254,False
6147,2804111.0,-0.44970954996217527,0.2524384123310558,0.48749571050500234,False
6148,2804394.0,-1.410973663322518,0.00036417437630209163,0.011166985465421482,False
6149,2806059.0,-1.260603400410563,0.07117856644022755,0.24335223266414804,False
6150,2806974.0,-0.4206517347669687,0.3656606374104413,0.6037929602983924,False
6151,2807302.0,-0.0510682653463641,0.8006838964601526,0.9017870612237971,False
6152,2808179.0,-0.060751849466578564,0.7323795811665286,0.8653510779974602,False
6153,2809302.0,-0.4360855338993156,0.42451514864525025,0.655399223232,False
6154,2810472.0,0.39869170216594163,0.512354263146392,0.7250170155721659,False
6155,2811129.0,0.4817737163487439,0.0011658187122895191,0.021605408874821555,False
6156,2813025.0,0.09137459392368577,0.6590203908769673,0.8220312071454955,False
6157,2813848.0,0.2375055467541639,0.6489951141019384,0.8154696103225537,False
6158,2815284.0,0.3862942170778607,0.009452309874871594,0.07500352609044675,False
6159,2815566.0,0.08572372827245019,0.7994126529127662,0.9008226250771387,False
6160,2816732.0,0.6654982073011789,0.06330138374765726,0.22685259840898633,False
6161,2816776.0,-0.006736514676338401,0.9591400925494372,0.9801794110924629,False
6162,2817287.0,-1.357912445173279,0.01764726174860219,0.10821488294812225,False
6163,2817918.0,-0.022218145479754793,0.865760295215001,0.9324330924935855,False
6164,2817986.0,-0.5986184492789252,0.32515011323724896,0.5654444856120374,False
6165,2818811.0,0.45688135683915376,0.0007596224289691579,0.01710726445323695,False
6166,2818845.0,-0.04904329260368598,0.7098683179617593,0.8521189325357162,False
6167,2819214.0,0.9052333953271382,0.19572531869077686,0.41839274013162325,False
6168,2819246.0,0.5826884701281115,0.08628110191880846,0.2692873379323364,False
6169,2820358.0,-0.05584951539864898,0.6822027603005755,0.8368528605563055,False
6170,2820538.0,-1.332851415164888,0.027935085904238877,0.14117638128575358,False
6171,2820610.0,0.08292098490012184,0.5406765329020743,0.7443478644942443,False
6172,2821335.0,0.45167309074190776,0.002334879896379818,0.032286778694526015,False
6173,2821445.0,0.011302982246531285,0.9871274072711018,0.9919260832513427,False
6174,2821465.0,-0.6225126704955035,0.000215077131808677,0.008106466200636072,False
6175,2821795.0,1.0766948954851143,0.07623476664466408,0.25237218418049057,False
6176,2821930.0,-0.7831966296179358,0.0442085398962068,0.18316171777607818,False
6177,2823802.0,0.4006549030979606,0.5672402474717784,0.7627128533912277,False
6178,2824637.0,0.25622481294760246,0.5459070093021938,0.7482045285930398,False
6179,2824909.0,-0.583246179813292,0.0003964952161950734,0.011654825665894484,False
6180,2825330.0,0.12334525916174185,0.8131728953116144,0.9065813777256893,False
6181,2825669.0,-0.11133217728930866,0.5081703804136186,0.7211421967012804,False
6182,2825729.0,-0.10885480690267557,0.4690759024379884,0.6900979888715433,False
6183,2826171.0,-0.5651515925009147,0.0006393765166784784,0.01542318241898863,False
6184,2826990.0,0.5698539208044693,0.00016914153206518218,0.007034602799109398,False
6185,2827722.0,0.11335031666006051,0.8280329258526599,0.9132592369569826,False
6186,2829356.0,0.12696886772507557,0.8077772763896844,0.9045205627408731,False
6187,2829727.0,-0.32951502968050417,0.13146333146105596,0.3362287277490634,False
6188,2829831.0,0.5416649251813337,0.0002772103462997693,0.009405357066688007,False
6189,2831286.0,0.2417298848527687,0.6432239943302859,0.8116716948101097,False
6190,2831770.0,0.4157319769083009,0.3553358863251105,0.5946864111727383,False
6191,2832191.0,0.13999802107402243,0.8181178519270375,0.9090663612107679,False
6192,2832627.0,-0.43745435049936027,0.08660980301174082,0.2699251828000134,False
6193,2833130.0,0.06977913845537122,0.6397659861407016,0.8101937376406677,False
6194,2833419.0,0.7678277578194588,0.016010753639959498,0.10163551506535692,False
6195,2834328.0,-1.6092008468481307,0.00784156969208642,0.06710598038375246,False
6196,2834797.0,0.44326184699986726,0.008667901348952782,0.07166660489354003,False
6197,2836488.0,-0.20565896861009808,0.7690372765818846,0.8860948558854004,False
6198,2837631.0,-0.6889503669903356,0.325023645879522,0.5653733562392307,False
6199,2838076.0,-0.310698467404225,0.07647453652268238,0.2527629963588285,False
6200,2839125.0,0.30399658988994854,0.6397799867989883,0.8101937376406677,False
6201,2839147.0,0.08790400475855362,0.872235134564407,0.9353993663007942,False
6202,2839481.0,-0.2626281584289416,0.13945786202470237,0.34752412586734255,False
6203,2839593.0,0.3929106825052002,0.5748272092795056,0.7676404138714809,False
6204,2840215.0,-0.3549235728862946,0.4610670272235221,0.6839139902311194,False
6205,2840943.0,0.25141627676168415,0.6300428876409739,0.8047599959979489,False
6206,2841615.0,-0.08159424700178772,0.5527735796105794,0.7527300934039395,False
6207,2841853.0,0.11304231974507728,0.8285039298667027,0.9136858842530792,False
6208,2841946.0,-0.27390742443771926,0.12004667902676489,0.32049915902823045,False
6209,2842654.0,0.09248412318778246,0.5312591297132162,0.7374447382400207,False
6210,2843877.0,0.5291420983222999,0.12565295018654127,0.32930052493358414,False
6211,2844567.0,-1.3943893270460976,0.003339939040642764,0.03988453056785171,False
6212,2845664.0,-0.38049219743738594,0.03015417045127793,0.14750947284750873,False
6213,2845774.0,1.3206592187193218,0.02109823898582573,0.12079186929912357,False
6214,2846068.0,-0.3533658790457419,0.0446078074308467,0.18432346770530678,False
6215,2846189.0,0.5898557326974504,0.23823091353607664,0.4715732806030758,False
6216,2846242.0,0.04801914540263977,0.7387571230121429,0.8692909019291937,False
6217,2847289.0,-0.40604927159235993,0.021254493460461273,0.12136640005960396,False
6218,2847909.0,1.19336230592879,0.016651881812036622,0.104182234622281,False
6219,2847929.0,1.1043590343096796,0.0539846878862204,0.20670327583947878,False
6220,2848042.0,-0.9752877007931888,0.029584754889202047,0.14597973262958527,False
6221,2848565.0,-0.3936354777576316,0.02538883915778151,0.13450564077311117,False
6222,2848668.0,0.8866180095116658,1.1561902514407141e-05,0.0012806576713662195,False
6223,2848722.0,0.23696464291819747,0.6104343398944406,0.7915738573114506,False
6224,2848759.0,0.0017961926697447929,0.994179213861812,0.9965661987690432,False
6225,2848875.0,1.2728586472338763,0.026230511956409835,0.13682470316522286,False
6226,2848890.0,-0.48409059391249887,0.3995827716402673,0.6326094129286679,False
6227,2849238.0,0.09695985849377016,0.7182267157537601,0.8566477309644067,False
6228,2849572.0,-0.5740714099018928,0.08100536788647886,0.26030588170743874,False
6229,2850321.0,1.8109299659217672,0.0014946932500788184,0.024909524713294082,False
6230,2850464.0,0.42046962995629833,0.3498720496979214,0.5884507436428473,False
6231,2851140.0,0.7545553485442481,0.01960626736398766,0.11504109850599245,False
6232,2851172.0,-0.08571011310467543,0.6293280919101821,0.8044461184273465,False
6233,2851299.0,-0.05617652792670194,0.7441080949917341,0.8727491486910075,False
6234,2851720.0,0.23573474620926793,0.5786158306464092,0.769967912333458,False
6235,2851776.0,1.054292766351126,0.1316208746075273,0.33633347313199363,False
6236,2852645.0,0.6858410706883974,0.12676455000827516,0.33069675326600023,False
6237,2852993.0,-0.25742251660199145,0.20971064902931158,0.4372664416467878,False
6238,2853206.0,-0.07206714468314998,0.8364134199515949,0.9172461579759605,False
6239,2853467.0,-0.2875459790797638,0.1642385192076996,0.37707468824018175,False
6240,2853484.0,0.19717864890076758,0.14038085776482312,0.3491029120360034,False
6241,2853974.0,0.12039700567205444,0.468538577453193,0.6897454672004014,False
6242,2853996.0,-0.47683279775500137,0.08904427504943964,0.273595149792233,False
6243,2854255.0,0.05763814196203551,0.7294756324589989,0.8638946094634992,False
6244,2854342.0,0.6539095937914813,0.19076363013977135,0.4113005571342485,False
6245,2854401.0,-0.24080498137088813,0.4582432355231043,0.6819619305735258,False
6246,2856045.0,0.15947111526983657,0.8061124306159032,0.9040811596462164,False
6247,2857258.0,-0.5085566733493835,0.02273078334338943,0.12607844412768163,False
6248,2857274.0,-0.03695162202119471,0.9487511287356502,0.9741480800629476,False
6249,2857819.0,-0.5566038316198093,0.3602887637953279,0.5989179986214831,False
6250,2859018.0,0.033769140583779514,0.8886835158705926,0.9440849055368254,False
6251,2859613.0,0.14270117372451754,0.5624347784140783,0.759698409639449,False
6252,2859618.0,0.4445547487812725,0.24382191218611118,0.47753688884116485,False
6253,2859762.0,1.2025740740858208,0.0001630793972125861,0.006914948659150867,False
6254,2860736.0,0.2942066705136194,0.48790924644056743,0.7062438399262008,False
6255,2860969.0,0.4448322504741147,0.24377746600717448,0.47753688884116485,False
6256,2861011.0,0.14562614893602566,0.5944274858888944,0.7798749866451227,False
6257,2861061.0,0.3843012284617397,0.5831597101607384,0.7728665942912819,False
6258,2862638.0,-0.3236025780515813,0.09390839424588057,0.28105200428426624,False
6259,2862648.0,0.4526812031186299,0.24618911312865335,0.4807308550119683,False
6260,2864177.0,-0.09963999364236431,0.8486149442837214,0.923065312046042,False
6261,2864751.0,-0.7661426491254991,0.14133115879246463,0.35047782861518056,False
6262,2864846.0,0.9931864111984243,0.046523811660442976,0.18857952784694118,False
6263,2866158.0,-0.5813673705119418,0.002552122878428268,0.03395011500654271,False
6264,2866406.0,-0.47384650780870885,0.18659694055415363,0.4062394283424263,False
6265,2867100.0,-0.4946592502106112,0.0008836818240506846,0.01851808146731695,False
6266,2867731.0,-0.25486454453610174,0.23763296609769463,0.47099040150241483,False
6267,2867947.0,-0.31626912193165846,0.5821744883564659,0.7721598163683966,False
6268,2868338.0,-0.40893346600959074,0.36340175729342716,0.6022482557893362,False
6269,2868357.0,0.13059897259215006,0.802355425483044,0.9023266286698394,False
6270,2868370.0,-0.295994822094784,0.5879729928031647,0.7766326044423268,False
6271,2869582.0,0.40797670258495733,0.11549688865695497,0.31374342501782937,False
6272,2869910.0,-1.7176104805691867,0.013732431617964122,0.09287572910467325,False
6273,2869941.0,-0.5742631424342766,0.0027404891718432805,0.03533017810018861,False
6274,2870314.0,-0.253113369190999,0.07734260643988247,0.2544874182797588,False
6275,2870725.0,-0.00662064628846969,0.9787231959663777,0.98782336515249,False
6276,2871027.0,-0.8581707515613824,0.055818518316022296,0.21126569606709275,False
6277,2871296.0,-0.21289403960548475,0.7611537694513315,0.8821513534495147,False
6278,2871520.0,-0.5218001633504512,0.007845001299583773,0.06710598038375246,False
6279,2871874.0,0.3061510183905597,0.22995832129330437,0.4628671687800848,False
6280,2871979.0,0.3113566695973645,0.22280989954034153,0.4545388948525479,False
6281,2872094.0,0.3070486741986465,0.22872986334111708,0.46149863690851783,False
6282,2872262.0,0.3288549171126577,0.47651017807301477,0.6959792765046523,False
6283,2872862.0,0.20832060163009256,0.1374741917819201,0.34440804153523413,False
6284,2872978.0,0.13203667381277728,0.6085289989106075,0.790261187075605,False
6285,2873096.0,0.38756058723890574,0.3857419121687467,0.6217117233246838,False
6286,2873960.0,0.062150236435718875,0.9293008981524878,0.9649475080777937,False
6287,2874918.0,-0.21620833362498493,0.7575751452768021,0.8801872312551067,False
6288,2875677.0,-0.542320900204364,0.005455073018446394,0.05417641135886149,False
6289,2876037.0,0.20375067709683486,0.14738600631737087,0.35791026451064617,False
6290,2876354.0,-0.7054225193483548,0.31350214998337217,0.5529843740769426,False
6291,2876402.0,0.3505748318845917,0.35123488416189136,0.590285596466532,False
6292,2876643.0,-0.03127761908967709,0.9324326011785093,0.9664830798145548,False
6293,2877304.0,-0.2611604343031612,0.06364732777201366,0.22771646109598165,False
6294,2878245.0,-0.01342447244052851,0.94201915809048,0.9709094152176377,False
6295,2879721.0,-0.24108220683755333,0.08484769226109129,0.26711766226628364,False
6296,2879941.0,0.049666888848060725,0.7308239880257629,0.8645482116412005,False
6297,2880764.0,0.12356261259631826,0.732733453860257,0.8654895528087619,False
6298,2880980.0,0.05952095378937336,0.7483517868403348,0.8750377025061705,False
6299,2882298.0,0.17036164971847959,0.23824225564925586,0.4715732806030758,False
6300,2882376.0,0.20969565854102382,0.15011581672546948,0.36082975875885104,False
6301,2883218.0,0.15670364745239235,0.3683409366893845,0.6056256994491471,False
6302,2884031.0,-0.09756477499712353,0.8517019467341254,0.9242451896230062,False
6303,2884071.0,-0.19431243353480382,0.4642868618029464,0.6861226909714777,False
6304,2884283.0,0.10042197854624575,0.5482792817620216,0.7500405297450212,False
6305,2884507.0,-0.3285481939177115,0.008175852553044323,0.06890440952119264,False
6306,2885244.0,-0.2928545625230545,0.11675152251858317,0.3158080680137603,False
6307,2885475.0,1.1093944536115337,0.0029933189833620958,0.03710387523649038,False
6308,2886546.0,0.1563128736772856,0.3702805104811021,0.6072816167394522,False
6309,2886623.0,0.12936268069857088,0.44009996481807195,0.6674915844175919,False
6310,2886729.0,1.0639452388289434,0.03284727405624123,0.15367926520594247,False
6311,2887321.0,-0.29893023425954046,0.15688037861963106,0.3678048617529363,False
6312,2887648.0,0.12385985216104944,0.4794170532791855,0.698533169576585,False
6313,2887848.0,1.1275667528619084,1.094108845183173e-07,6.598084174701858e-05,False
6314,2888515.0,0.5673706142119872,0.23845661858280914,0.4717881333652239,False
6315,2890888.0,0.10568000517425374,0.6556720267882423,0.8195900334853029,False
6316,2891342.0,-0.7453225248012546,0.005448237559859255,0.054158075743839025,False
6317,2891522.0,-1.7043988115634048,0.014480035547828615,0.09576181500004331,False
6318,2891958.0,-0.09018832431196401,0.8627989750199417,0.930519907982262,False
6319,2892041.0,0.6076149697988792,4.5593821152648295e-06,0.0007009644795415196,False
6320,2892314.0,-0.5749745021927631,1.244332997031524e-05,0.0013537803164194737,False
6321,2892472.0,0.02136421519234684,0.9633666765005603,0.9812876766338339,False
6322,2892531.0,0.08694183945503217,0.8798241759503937,0.9400972861080477,False
6323,2893933.0,0.5567379316082013,2.0840567986206937e-05,0.0017943970051724522,False
6324,2894353.0,-0.5535019238152699,2.6623279410373367e-05,0.002049614879429808,False
6325,2894392.0,-0.5210770431265017,7.894974894865965e-05,0.004328280428473235,False
6326,2894492.0,0.14966326624103066,0.7394848732445131,0.8696199265492321,False
6327,2894614.0,-0.08812653335044757,0.8659231852743069,0.9324996206500596,False
6328,2894989.0,-0.3625798362966884,0.528219624796217,0.7354054924563428,False
6329,2895034.0,0.09278622687037225,0.6637293839991497,0.8256630267827951,False
6330,2895625.0,-0.19725495039763735,0.7054853988484892,0.8497248016114232,False
6331,2895747.0,0.972435742750918,0.10938576453602619,0.3049832833095773,False
6332,2895950.0,0.4374656073857936,0.30227153557909753,0.5422504575625687,False
6333,2896461.0,-0.0530631208119068,0.8096458709577118,0.904866029785586,False
6334,2897277.0,0.07934980171301498,0.7826851907871796,0.8929567708312145,False
6335,2897358.0,0.5134061464969775,9.87073013971572e-05,0.004966316869501141,False
6336,2897813.0,-0.5551921691143914,2.5092527121785213e-05,0.0019900407832628905,False
6337,2898071.0,-0.5606175091159183,2.025918947930322e-05,0.0017943970051724522,False
6338,2898165.0,-0.15884752771007263,0.36475093962117294,0.6032868276074711,False
6339,2898269.0,-0.5436106145409807,3.4807179288324876e-05,0.002437625362417849,False
6340,2898639.0,-0.09290615100649913,0.7146760050358589,0.8547849955676308,False
6341,2899756.0,0.017512924063108042,0.9302366364281613,0.9654608782692442,False
6342,2900015.0,0.2854208860093535,0.21850240947571395,0.44869902543768875,False
6343,2900027.0,-0.505484769137053,0.00015020241910410217,0.006470028807043766,False
6344,2900568.0,-0.7240494788197,0.012981548893306062,0.09004135031107816,False
6345,2901275.0,-0.4950038481007088,0.00020584929891288124,0.007912422605121339,False
6346,2901441.0,0.9210506599273295,0.15557519331834704,0.365893798313509,False
6347,2901694.0,1.8395036684392565,0.0023272507406294596,0.032257413620159166,False
6348,2901985.0,-0.5360923633293696,0.28364455313755604,0.5237219976710615,False
6349,2902126.0,0.9187613561706833,1.5647443486702183e-07,8.49264995240761e-05,False
6350,2902746.0,0.9229905103151058,1.326437341758003e-07,7.578145970938487e-05,False
6351,2902764.0,-0.5255779763723464,0.00010435352208516425,0.005125965865168877,False
6352,2903901.0,-0.4846587954307761,0.2969216954025447,0.5371808339324371,False
6353,2903920.0,0.2546824913937715,0.7161530248716425,0.8552080401519999,False
6354,2903959.0,-0.5063138929635538,0.0003889685421570115,0.011631357930289351,False
6355,2905332.0,-1.1974441577075063,0.08658057867789923,0.2699251828000134,False
6356,2905848.0,-0.2829630216183911,0.2874278258720746,0.527551698294141,False
6357,2905893.0,-0.2834825097134739,0.3499732121050824,0.5884667674579294,False
6358,2906247.0,0.9708317351195015,2.988454777170128e-08,2.9490615096528857e-05,False
6359,2906267.0,0.5226711520455354,0.00023335435999264582,0.008501201541035536,False
6360,2906643.0,-0.21581495034721854,0.11913123747702499,0.31890741869620376,False
6361,2907091.0,1.0191887922814071,0.0933687799435485,0.2804571854695343,False
6362,2907163.0,-0.6723502424814545,0.19423105943628755,0.41642862930691316,False
6363,2907184.0,0.07526413525365105,0.8904885160639443,0.9450775168042741,False
6364,2907386.0,-0.9007799764342389,0.16488993402338256,0.37796515544569964,False
6365,2907977.0,-0.5473726231199163,0.18476696438144555,0.4041195579663634,False
6366,2908514.0,-0.4273474041570624,0.4338658563808755,0.6623449891722539,False
6367,2908926.0,-0.3110409165017809,0.011731961854173712,0.08535552676076115,False
6368,2909072.0,0.2574037981270515,0.6542884317136242,0.8188034270522699,False
6369,2909285.0,0.306425190054899,0.012574115595175005,0.0881600429392752,False
6370,2909895.0,0.6002839163817383,0.16843687820975678,0.3833350252697894,False
6371,2910442.0,0.04514787079897575,0.9408784744433952,0.9704549162624473,False
6372,2911143.0,-0.48247454087169545,0.03922721900121032,0.1700596033854977,False
6373,2911926.0,0.3943253579168695,0.0033285090073274697,0.039835683874905936,False
6374,2912642.0,0.4895490841031937,0.3479759534862981,0.586262111420653,False
6375,2912943.0,-0.5621205926970287,0.22319896168626874,0.45516151213684897,False
6376,2915791.0,0.018936212310411593,0.8967757121927906,0.9485967994399476,False
6377,2916624.0,0.02148089563153463,0.9310626378317864,0.9658529179724811,False
6378,2916685.0,-0.8033959057460495,0.1616758532373648,0.3737350362045429,False
6379,2916757.0,-0.2354069577684521,0.38804411919783177,0.6235705275932589,False
6380,2917306.0,-0.39229407561227103,0.4949049070514089,0.7103256334844696,False
6381,2918252.0,-1.3817821887104849,0.0025840334897412644,0.03416526617678614,False
6382,2918676.0,0.9598356020247336,1.664583249659984e-05,0.0015719243144312362,False
6383,2919044.0,-0.9292973252596513,0.07416174415422298,0.2489975544582264,False
6384,2919245.0,0.26693331793914443,0.64234567426068,0.8112689243425033,False
6385,2920321.0,0.06862528223859736,0.8788188054123939,0.9397673266428466,False
6386,2920674.0,-0.186034461169722,0.2874682906872265,0.527551698294141,False
6387,2920854.0,-0.21391551035518414,0.21921609404238307,0.4494033429329685,False
6388,2921083.0,0.013202837194474813,0.9263358421159442,0.9638971976772023,False
6389,2921970.0,0.14776059429760913,0.378732339877789,0.614336453881261,False
6390,2922553.0,-0.19951465472501806,0.42102522280425186,0.6519584584222758,False
6391,2922571.0,0.06456920852782069,0.9059321724954825,0.9535434628564396,False
6392,2923015.0,-0.3490323320524476,0.46854689308361624,0.6897454672004014,False
6393,2923548.0,0.30988649721388783,0.06048283052491698,0.22115318021598998,False
6394,2923637.0,-0.056794316512378165,0.847879348566103,0.9226797321990023,False
6395,2923661.0,0.9695858028919059,0.11046703293543833,0.30636415759559255,False
6396,2924182.0,-0.16710051027263803,0.4487454841644647,0.675139602301492,False
6397,2924272.0,0.12394088777131512,0.7367270387719743,0.8683239213377021,False
6398,2924589.0,0.522391387565782,0.27786939458424437,0.517550540903567,False
6399,2926320.0,-0.1858184938131574,0.18405957704947315,0.4033686071160702,False
6400,2926684.0,-1.1816595311901343,0.09084467936453051,0.27647714427951237,False
6401,2928198.0,0.19819031857600106,0.1616821492415047,0.3737350362045429,False
6402,2928596.0,0.07029418141967886,0.8976477406808243,0.9489412111254665,False
6403,2928747.0,0.07900030018870227,0.8850747980473033,0.9425573366823778,False
6404,2929674.0,0.021031634785555545,0.9404893944714867,0.9704384388771852,False
6405,2930940.0,0.09601874828699808,0.8605055149996198,0.9290381030632684,False
6406,2930968.0,0.21318105071213472,0.14524885411422483,0.35455041153149097,False
6407,2932542.0,-0.12726700122404788,0.593929944118893,0.7798749866451227,False
6408,2932796.0,-0.06131340038855507,0.8259742801542811,0.9123792419939677,False
6409,2932987.0,1.0059043677469737,0.09769037659589318,0.287847187282416,False
6410,2933210.0,-0.09193370004512094,0.6433747097737488,0.8116960105292936,False
6411,2933278.0,0.9890198380154174,0.1035256346614216,0.2958069924321483,False
6412,2933550.0,0.4788423486816933,0.051048526943853915,0.2001921098177508,False
6413,2933996.0,-0.4736437982156322,0.018164725455080345,0.10978735791475341,False
6414,2934765.0,0.849487854690961,0.06697203969913616,0.23439153583808608,False
6415,2934874.0,-0.2007127836234595,0.5623372410671522,0.7596976666812616,False
6416,2935028.0,-0.22882406953140377,0.3202019224400863,0.5600695887990874,False
6417,2936046.0,0.34359391413006574,0.20068363969571595,0.4257222804176269,False
6418,2936876.0,-0.43070290933844596,0.07058390279369582,0.2423112791984719,False
6419,2937534.0,-0.19714147578225674,0.1781085078590993,0.39634437326988986,False
6420,2937631.0,-1.1429120459007267,0.10200732136200219,0.293683916808477,False
6421,2938088.0,-0.4103666430814148,0.42855864932458404,0.6577908964076705,False
6422,2938243.0,-0.4189675302992387,0.40238704321917196,0.6345409018311762,False
6423,2938862.0,-0.2245622671134348,0.31486848593524247,0.5544934157733706,False
6424,2939259.0,-0.29491047839343215,0.38603636969888816,0.6218170044637826,False
6425,2940253.0,-0.24660185419536013,0.2703945261483034,0.508424143658381,False
6426,2940770.0,-0.28039319817528563,0.224389632771485,0.4565956409301594,False
6427,2940820.0,1.5903879628489257,0.013872805084542042,0.09335870609282292,False
6428,2940892.0,-1.1658230652437491,0.015044823860482089,0.09808502282614598,False
6429,2941290.0,-0.1721397505546695,0.4470808536658709,0.6736749952452313,False
6430,2941445.0,0.2893887760420542,0.6559915599336822,0.819800642767686,False
6431,2942752.0,-0.3929004624786638,0.1792247909526604,0.3976870616907458,False
6432,2943075.0,-0.2641614525214362,0.5835664505439314,0.7731739070736453,False
6433,2943982.0,0.3319198229665532,0.02955825669259638,0.14597973262958527,False
6434,2944042.0,0.11793383509177557,0.531094548209642,0.737310566672933,False
6435,2944076.0,1.6655051391685236,0.01688848553416285,0.10517304434172897,False
6436,2944987.0,-0.8809307086602365,0.12467585062777327,0.32755342273718985,False
6437,2945001.0,-0.4013607882491357,0.07486353285463794,0.24978440193858614,False
6438,2946188.0,-0.3435843949617487,0.12351484596755642,0.32637625437629625,False
6439,2946542.0,-0.4311796326930005,0.4298882548591019,0.6589415848507932,False
6440,2946713.0,-0.16224997175104472,0.48872011233461643,0.7066813400016333,False
6441,2946726.0,0.34925236538282534,0.18176391759978008,0.4002684657724333,False
6442,2947376.0,-0.03104653480694372,0.899389053594381,0.9496046382432596,False
6443,2947633.0,-1.3299451226399195,0.014448289262574647,0.09573862768515057,False
6444,2947851.0,0.27028159222638837,0.08300328450047821,0.26314271415090273,False
6445,2948095.0,-0.030953807004483747,0.8988968452355702,0.9495450812604238,False
6446,2949047.0,-0.22141796033693578,0.11649575136109967,0.31539879092312,False
6447,2949064.0,-0.36791126172686406,0.09154652306734523,0.2775027947210367,False
6448,2949269.0,-1.3491425245736894,0.012504158498074805,0.08801618603856547,False
6449,2949684.0,-0.2970588913082923,0.6256073243416398,0.8015778453409466,False
6450,2949727.0,-0.15302742707203124,0.43995435960885976,0.6673706782496048,False
6451,2949797.0,0.3202008404500856,0.6475578307494333,0.8141642901754866,False
6452,2950288.0,-0.40434985118087374,0.06647642614740301,0.23378845379925367,False
6453,2950926.0,2.4211140833945115,5.5518168232109964e-05,0.0032575660332948846,False
6454,2951084.0,-0.43890796625076206,0.04674160769950553,0.18925033628427174,False
6455,2951366.0,0.5026379918482239,0.20077946913872766,0.42575915950398296,False
6456,2951458.0,0.7002237221470241,0.19945148459388656,0.4244829548000257,False
6457,2951574.0,-0.28331519290687834,0.18012267035564264,0.39868062772960056,False
6458,2953401.0,-0.06875409649582385,0.6642261184156502,0.8257992044959632,False
6459,2954511.0,-0.11797377863438746,0.6008567723741209,0.784118810305492,False
6460,2954946.0,-0.26022678926580356,0.27507447270252355,0.5142840856331198,False
6461,2955045.0,0.07057807823099531,0.6552745142066054,0.8193762068555123,False
6462,2955402.0,-0.15857080608918786,0.47876714756259164,0.6980547195153703,False
6463,2955747.0,-0.08764689821880076,0.6946972764707108,0.8436411911792167,False
6464,2956301.0,0.12494989306913153,0.44824623816470827,0.6747625731906682,False
6465,2956406.0,-0.20268868784939112,0.36760451006730704,0.6049193130918108,False
6466,2957126.0,-0.08187161256521655,0.7135580118217928,0.8542706758934113,False
6467,2957212.0,-0.0805803928305664,0.8772773020188219,0.9387662769533036,False
6468,2957992.0,0.40187388707276606,0.1717061623219388,0.38806990354505894,False
6469,2958078.0,-1.1211570959292705,0.10872787810724127,0.30387258415399176,False
6470,2958172.0,0.007752605238876095,0.9688686006014635,0.9831792707795537,False
6471,2958232.0,-0.36102537823568126,0.36996771140797985,0.6071069744865407,False
6472,2958267.0,-0.10505376222983492,0.637461544233015,0.8088422048684253,False
6473,2958641.0,-0.02013207536587481,0.9008357710686311,0.9503909315725523,False
6474,2958672.0,0.03479353878290112,0.8339167638751782,0.916719296884299,False
6475,2960401.0,0.35962960724958465,0.008742924697087068,0.07200640939823985,False
6476,2960699.0,-0.10892135569600411,0.8277356421253238,0.9130241230840758,False
6477,2960842.0,0.37061679731593694,0.0066930034631849395,0.06119983123683269,False
6478,2960885.0,-0.293293405034777,0.31110617514504224,0.5507676917904311,False
6479,2961253.0,-0.24532116234113366,0.29006734104352505,0.5309142623339568,False
6480,2961270.0,0.36057396036046746,0.348326029103187,0.5864215770271445,False
6481,2961695.0,-0.46083831376411943,0.4779665276704392,0.6974494767929315,False
6482,2961802.0,-0.411960197241805,0.2543504017491865,0.4897948573687102,False
6483,2962904.0,0.5999395902439533,0.06829590510112583,0.23753670293903265,False
6484,2963065.0,0.23419466208715037,0.6535464849957289,0.8185354903229073,False
6485,2963319.0,-0.3371448293094336,0.21167675154175727,0.4399293773666045,False
6486,2964021.0,0.036176344437068304,0.7968788643376078,0.8995986789799922,False
6487,2964202.0,-0.1508058401838084,0.5152095770989785,0.7261305145878225,False
6488,2964734.0,-0.4259530727575007,0.23875412489627992,0.4721581391417597,False
6489,2965034.0,-0.07499016091053742,0.58412045704646,0.7734684810801661,False
6490,2965531.0,0.06968681937241367,0.6141995401675238,0.7946820118175618,False
6491,2967034.0,-0.6232923030308918,0.016897447197786762,0.10517304434172897,False
6492,2967353.0,0.66363846112115,0.2030568335507971,0.4284124253049373,False
6493,2967763.0,-0.07003188886983003,0.8018424319702806,0.9020623483301271,False
6494,2968043.0,1.1652343339875482,0.07208378959185832,0.24511220056635513,False
6495,2968829.0,0.5123746546638229,0.017655325444599218,0.10821488294812225,False
6496,2969255.0,-0.1543307988236117,0.3708937933341531,0.607614266019051,False
6497,2969267.0,0.35847655282453295,0.39802518662418523,0.6314766736050176,False
6498,2969711.0,1.0714750627206975,0.03809102203293902,0.16695347236550273,False
6499,2969834.0,-0.16319376103806646,0.7886431471374604,0.8961291073146794,False
6500,2969930.0,-0.13332938081944778,0.34672206150051826,0.5850564243102947,False
6501,2970626.0,0.49695799830298293,0.3871057405261592,0.6226321518950255,False
6502,2972468.0,-0.12137424006265146,0.4758754423692997,0.6957058697231433,False
6503,2972752.0,-0.1436512943498573,0.7925922736582542,0.8981719522455737,False
6504,2972897.0,1.15716577125594,0.07416077118729318,0.2489975544582264,False
6505,2973098.0,1.1380110823544882,0.07905383290413656,0.2572414961609698,False
6506,2973563.0,1.1786675038489631,0.06891401928270706,0.23899734163379718,False
6507,2973934.0,-0.11529624610704478,0.7802068181981076,0.8915346966217662,False
6508,2975408.0,-0.6634502816915482,0.34322907970388555,0.5822396718527392,False
6509,2975920.0,-0.5311733186907965,0.35524801889534696,0.5946864111727383,False
6510,2976392.0,-0.3546230335590301,0.5601607983626962,0.7588485035705367,False
6511,2977309.0,0.27680162025004856,0.23883073003055855,0.4722236019092374,False
6512,2977765.0,-0.12248625828840506,0.45604455510137076,0.6802435798873222,False
6513,2977847.0,0.17347588688218332,0.29577091418432533,0.5359032001855079,False
6514,2978084.0,-0.20689748895817323,0.32777456689591083,0.5679753407337789,False
6515,2978595.0,-0.139004864439064,0.8194288597881579,0.9094977385870611,False
6516,2979009.0,-0.006013137889766195,0.9651652149820761,0.9815885496051217,False
6517,2979219.0,-1.1090053607807016,0.08705431172946115,0.2705337972583169,False
6518,2979478.0,-0.15892401555208538,0.7940096837839684,0.8986523946903323,False
6519,2979789.0,-0.8155761243188898,0.1554815339451851,0.365893798313509,False
6520,2980041.0,0.23291880922427302,0.10969451633856828,0.3053947101449496,False
6521,2981113.0,0.49596696924370887,0.10823841801318075,0.30321472334113947,False
6522,2982133.0,1.0826121310326484,0.03614280752638665,0.16245555929562197,False
6523,2982637.0,-0.2521205880666575,0.1965243693779233,0.419440037278285,False
6524,2983034.0,1.6582836443997517,0.00612161387013219,0.05833846148194852,False
6525,2983339.0,-0.04073927601486428,0.8350182329492548,0.9168305115832118,False
6526,2983500.0,0.47894984539350544,0.49400321776310063,0.709970201088105,False
6527,2983657.0,1.6597120782118049,0.0060723781120431254,0.05812668818891369,False
6528,2983707.0,-0.01665176343949279,0.9058290777070779,0.9535434628564396,False
6529,2983900.0,0.14265239691755005,0.5946596632178397,0.7798749866451227,False
6530,2984086.0,-0.8193536569944841,0.1535242170511846,0.36418386715266804,False
6531,2984557.0,-0.4165465663164566,0.011915583394880344,0.08593064739195395,False
6532,2984808.0,0.0785949354808726,0.885646568181254,0.9429812160478187,False
6533,2985122.0,-0.26229335911274165,0.1779866475230259,0.39628665039313854,False
6534,2985574.0,-0.26205462886842806,0.0972985828199297,0.28716044494571424,False
6535,2986809.0,0.14823224589369027,0.819511504479046,0.9094977385870611,False
6536,2987145.0,0.15133756938300438,0.6339987525656291,0.8069972584018583,False
6537,2987238.0,0.3442128918362931,0.10893669070381003,0.3042994795650689,False
6538,2988618.0,-1.0508863647817828,0.06680008829701234,0.23424210774359538,False
6539,2988826.0,0.10693690978380527,0.7331853322362862,0.8658318952812105,False
6540,2989574.0,-1.0398644759745048,0.007054552733034047,0.06299884774929909,False
6541,2990019.0,-0.08110552360534103,0.7604541323938555,0.8817794567910461,False
6542,2990411.0,0.5271986851855318,0.08747042911792116,0.27097360390269243,False
6543,2991118.0,-0.11479966739188925,0.8116376702733051,0.9054021107102201,False
6544,2991603.0,0.2595733945201215,0.5191274377015227,0.7292776415491172,False
6545,2992412.0,-0.27055270663062353,0.2819756535916616,0.5218833281734846,False
6546,2992650.0,0.0705076265355313,0.8220377048414665,0.9102539310470386,False
6547,2992683.0,0.5711794740203644,0.0012103393623151422,0.021970290598546605,False
6548,2992770.0,-0.5845722007681997,0.049492153736147564,0.196862341079473,False
6549,2993203.0,-0.2897513063285814,0.519677384666389,0.7294293565242616,False
6550,2993454.0,-0.2949915351086015,0.1996316159437036,0.42451517320590765,False
6551,2993641.0,-0.5489857835573345,0.10601128460754355,0.29989556846880455,False
6552,2994778.0,0.12993214995183158,0.841518472457834,0.9195313655569027,False
6553,2995342.0,0.5623864189620867,0.0005752228240976072,0.014453804989767421,False
6554,2995683.0,-0.11121861201570485,0.6132199060645307,0.7941424576867671,False
6555,2996766.0,0.15755912020279483,0.8083453501240435,0.9047050668230723,False
6556,2998031.0,-0.6790076261561888,0.2341957325283378,0.4668003445822818,False
6557,2998327.0,-1.1770287651688187,0.052444690619538534,0.20368054263867294,False
6558,2998518.0,-0.12206566253963992,0.5817877121033509,0.7721598163683966,False
6559,2998787.0,-0.1106781678637262,0.6159518714983213,0.7954976282110979,False
6560,2999033.0,0.43544809102847515,0.15068698092769583,0.36161515310510906,False
6561,2999842.0,-0.05360933331944985,0.7158100772974667,0.8551748171983272,False
6562,3000329.0,0.25037107780097745,0.09330580208566411,0.2804571854695343,False
6563,3001050.0,0.005552186512041313,0.9726071671915242,0.9853222895784388,False
6564,3001262.0,0.10324691562768654,0.6055146582022776,0.7878295115408993,False
6565,3002199.0,0.20479345981933367,0.6025649148799026,0.7850012572746461,False
6566,3002386.0,0.5167541124670152,0.08775931585271217,0.2714811551955516,False
6567,3002403.0,0.5877767944089188,0.23972218748303917,0.4732965342176046,False
6568,3002441.0,0.2661941434484988,0.38908308995990787,0.6244763509090238,False
6569,3002479.0,-0.31112735817673276,0.13641523951437995,0.3428005180497018,False
6570,3003212.0,0.08101742941003881,0.6317886293380557,0.8056176104397142,False
6571,3004764.0,-0.17189119604413639,0.3076692285274442,0.5472307841496652,False
6572,3004918.0,0.10929999139572469,0.516293582898209,0.7268015617118478,False
6573,3005893.0,-0.24764634408261688,0.26145703191390157,0.49808987038002833,False
6574,3005919.0,0.016460140051320255,0.9100080513774118,0.9558871102866078,False
6575,3006063.0,0.13484835524768324,0.6149826717747902,0.7949150111346422,False
6576,3006271.0,0.2650522809664395,0.1099511998007958,0.3059523901147497,False
6577,3006393.0,0.05179052471684163,0.78606703655624,0.8947942199893022,False
6578,3006424.0,-0.017067289522226987,0.9662282007200564,0.9821525534990367,False
6579,3007003.0,0.0394735284812894,0.9214193797329897,0.9610845937351401,False
6580,3007726.0,-0.6087340115177291,0.24295100441048192,0.4768956876809731,False
6581,3007775.0,-0.0949692238027034,0.5316659714902683,0.7377846450760605,False
6582,3007884.0,-0.6445209560081502,0.21634931934825266,0.4462230403810151,False
6583,3008400.0,-0.4278717466358767,0.30010677968932936,0.5405108832798524,False
6584,3008427.0,1.0317618872115526,0.0013549465816626058,0.023649965973040196,False
6585,3009078.0,0.14345068178355372,0.4091757911112901,0.641479377890389,False
6586,3009220.0,0.14476281126061025,0.3025778798632808,0.5424414345030409,False
6587,3009401.0,-0.9374556650244756,0.18014597051138317,0.39868062772960056,False
6588,3010149.0,-0.9940791852136426,0.009339341473860986,0.07442983474681167,False
6589,3010588.0,-0.2183993979936544,0.31686095878592735,0.5564775999438966,False
6590,3010858.0,-0.2632791748358365,0.2326756318256002,0.4656998234432284,False
6591,3012418.0,0.19268249587104697,0.34011673538539333,0.5791321039385795,False
6592,3012618.0,-0.05541261286842225,0.7309673808768639,0.8646236154972602,False
6593,3013026.0,-0.6695735716387009,0.24368538270500117,0.47753688884116485,False
6594,3014558.0,-0.2998457863593166,0.10712224817627862,0.3015591296559918,False
6595,3014766.0,-0.03764802606589847,0.8143276323102219,0.907221005595979,False
6596,3015182.0,1.4725923205163816,0.03484313379442731,0.1583845131233285,False
6597,3015208.0,-0.2020360052657143,0.6749346719498962,0.8328311769939892,False
6598,3015638.0,0.19033286328872706,0.5521389728643626,0.7522867516559127,False
6599,3015953.0,0.3537562835473998,0.04593730995106248,0.18720078872400342,False
6600,3017082.0,0.5737753980992228,0.25102778986800584,0.4855171942477853,False
6601,3017200.0,-0.4656788108489911,0.02906205464760229,0.14457772832251278,False
6602,3017747.0,-0.5652793263700745,0.32505712724910535,0.5653733562392307,False
6603,3017801.0,2.1200955186211736,7.211883181946839e-07,0.0002525322320646224,False
6604,3019384.0,0.0321053696342784,0.8226000255027883,0.9104660785329183,False
6605,3020085.0,-0.07121243179493389,0.5906513033658225,0.7786048409440818,False
6606,3020741.0,-0.41842629330339437,0.5194121300359587,0.7294293565242616,False
6607,3020890.0,0.1217328183581606,0.35778844139412025,0.5964056405609913,False
6608,3021931.0,-0.2979640194445944,0.024514128949609335,0.1319514465869307,False
6609,3022319.0,-0.025099248354798105,0.9671210541200074,0.9826000601340958,False
6610,3022590.0,0.18247284987639867,0.5919207759219371,0.7790130968274281,False
6611,3022928.0,0.2844879624334597,0.02361939520537395,0.12929326018877166,False
6612,3023023.0,-1.0338952842947635,0.046929164661753085,0.18972666011297198,False
6613,3023087.0,-0.4238173406047073,0.1848616921912876,0.4041195579663634,False
6614,3023164.0,0.7874807682078355,0.17005988116244272,0.3859502425294409,False
6615,3023188.0,-0.4590184045671907,0.033696478370971714,0.15525266244350508,False
6616,3023624.0,0.09287003659591973,0.5374678546759623,0.7422287725584283,False
6617,3024056.0,-0.47036555272304437,0.027605920511954433,0.140686510402472,False
6618,3025397.0,-0.204797151042539,0.21369599387261196,0.4428457216413269,False
6619,3025549.0,0.09666463642913672,0.8531031019623233,0.9251182988812207,False
6620,3025633.0,0.30019996968996215,0.026325176457597417,0.13689227955540276,False
6621,3025676.0,-0.2731705434427591,0.0442873741759869,0.18334760624691884,False
6622,3025987.0,0.4382971525730679,0.00918961423275534,0.07400093657014778,False
6623,3026101.0,0.12771148939046106,0.6943258388809228,0.8436411911792167,False
6624,3026619.0,0.4489288696461904,0.007574830323953482,0.06557000252513162,False
6625,3027424.0,-0.2016352425809672,0.40975832969614756,0.6416512794073401,False
6626,3027569.0,-0.7681776141104101,0.013839213705738289,0.09324932636610125,False
6627,3028043.0,-0.21224259031500572,0.6595686105919176,0.8223773567626081,False
6628,3028044.0,0.4217489646046151,0.004618713092728377,0.04879764225462995,False
6629,3028176.0,0.28821141161670844,0.37138743689858905,0.6079642026141131,False
6630,3028743.0,0.4173294569220425,0.0048261433691768095,0.050131852892262456,False
6631,3028842.0,-0.437923692929366,0.3154315243232424,0.55512470760843,False
6632,3029104.0,0.6095757682885357,0.24229856487719342,0.47598262336466884,False
6633,3029298.0,0.5070667726049578,0.0011922028102687762,0.021823543854076838,False
6634,3030525.0,-0.5622399321522378,0.32772050413664755,0.5679753407337789,False
6635,3030533.0,1.1649233031475956,0.005411644968239586,0.05389303314700982,False
6636,3031125.0,0.4626301967081248,0.002691132456129839,0.0349428741761835,False
6637,3033534.0,-0.4080771423392398,0.03843620161525928,0.1678973716433157,False
6638,3033589.0,-1.028918731296684,0.03206559480517956,0.15200333440212382,False
6639,3033696.0,-0.18709574527439385,0.789414809116735,0.896477853796036,False
6640,3033728.0,-0.687282657970889,0.05055946020165852,0.19920977876188867,False
6641,3034595.0,0.7323553473837903,0.010465102858191182,0.0794952354973165,False
6642,3035105.0,-0.22866050587587872,0.1430216282016432,0.35188118180617334,False
6643,3035442.0,-0.33887672538938246,0.5160139245214589,0.7266906007629004,False
6644,3035884.0,0.29373827993049817,0.14474991046181382,0.3539671723503017,False
6645,3035935.0,-0.3475310513867871,0.30690108239733394,0.5466149454323724,False
6646,3036092.0,-1.2697608361415194,0.06911823608567913,0.23948351908546495,False
6647,3036111.0,-0.3354559328198624,0.3240418805626532,0.5644214720005778,False
6648,3036315.0,0.34502339744295335,0.08841350215291507,0.272613593331943,False
6649,3036737.0,-0.27509782853985026,0.14260551251106954,0.35145755194383904,False
6650,3036846.0,0.3516421942449848,0.3013439516450656,0.5416606383684694,False
6651,3036888.0,0.34534252003775834,0.3101024590131551,0.5498034316519936,False
6652,3037584.0,0.11843447553311193,0.5066943531458155,0.7199746884509257,False
6653,3037693.0,-0.14606850499372792,0.39904524525159785,0.6322633392506342,False
6654,3037977.0,-0.0275248710212707,0.8895975293231968,0.9443165637398104,False
6655,3038612.0,0.17735099707638213,0.3195071472950084,0.5595756831054076,False
6656,3038687.0,-0.47515454394870915,0.10157082107323097,0.29323171881646865,False
6657,3038731.0,-0.5968798342233552,0.109583136417402,0.30529114921203293,False
6658,3039625.0,0.3355713371397631,0.3241569607444127,0.564531334651147,False
6659,3039725.0,-0.9290380318894149,0.18408520121988836,0.4033686071160702,False
6660,3039842.0,-0.04593812098031995,0.8163365876709733,0.9082026913158158,False
6661,3040159.0,-0.5625043164075201,0.3028647750953786,0.5425973153425211,False
6662,3040273.0,0.0996521613424658,0.6143191480672667,0.7946820118175618,False
6663,3040703.0,0.057831729040992874,0.7711266892560833,0.887089891042262,False
6664,3041135.0,-0.019904273473772646,0.963658888471712,0.9812876766338339,False
6665,3042093.0,0.10019600751146499,0.611924854638268,0.7931276772654805,False
6666,3042997.0,-0.4323101514702403,0.3366283028854026,0.5759200650952775,False
6667,3043383.0,-0.17276875178676043,0.4570260393672008,0.6808678804166195,False
6668,3043444.0,-0.18289053312465536,0.43169258473045646,0.6605589740115223,False
6669,3043535.0,-0.6380344228857685,0.01889651247040162,0.11259818537574551,False
6670,3044341.0,0.4049644415134974,0.06863944234072097,0.23850228764677536,False
6671,3044383.0,0.6940531570763754,0.007600365867178757,0.06572311209961006,False
6672,3044585.0,-0.19809937652962123,0.3969560674295618,0.6306041214697389,False
6673,3044661.0,-0.1912955048816552,0.4133894608371613,0.6454750571615918,False
6674,3044723.0,-0.4870662037782934,0.27873066860887213,0.5185298042415265,False
6675,3045037.0,-0.19717170620393745,0.39592322623463816,0.6300757397415331,False
6676,3046633.0,0.12445923632872014,0.681733552589327,0.8366817746205879,False
6677,3046777.0,-0.5310444081265271,0.09880192134954409,0.28931611984065314,False
6678,3047636.0,-0.5660926122178767,0.3244630810538452,0.5648790322499679,False
6679,3047843.0,0.840185616557455,0.004069303071911074,0.044981960127896854,False
6680,3048461.0,-0.10271945622695919,0.5112923745190547,0.7242675748775863,False
6681,3048622.0,0.04300278275317773,0.7880268035043155,0.8956162655260543,False
6682,3048959.0,0.07810546213983906,0.6019379879380455,0.7849646856125228,False
6683,3049009.0,0.35172208114766473,0.3010941665446764,0.5415119248147732,False
6684,3049365.0,-0.09602106082558767,0.7760017182360236,0.8893771983014455,False
6685,3049828.0,-0.07188110840338519,0.6284301487112074,0.803582196284622,False
6686,3049899.0,-0.055445792384513554,0.7746236023844821,0.8891198510019251,False
6687,3050739.0,0.7512680724927505,0.19081617740470525,0.4113005571342485,False
6688,3051534.0,0.019996573707783554,0.8947656059758029,0.9472584612189536,False
6689,3051646.0,-0.533188733676139,0.3288043298321241,0.5690049340956084,False
6690,3051911.0,-0.14862752668569068,0.6542794733970466,0.8188034270522699,False
6691,3052601.0,0.4645232115169836,0.1791785813516098,0.39766581487870056,False
6692,3053581.0,0.32432286443723246,0.5940857202793419,0.7798749866451227,False
6693,3054175.0,-0.18811267087557101,0.3627142364735896,0.6015680728679625,False
6694,3054406.0,0.11276844129328396,0.4615142696581509,0.6840743753238729,False
6695,3054422.0,0.011886096755712904,0.9324303969621752,0.9664830798145548,False
6696,3054861.0,-0.49247021209186836,0.0435773964800899,0.1814553237788449,False
6697,3054956.0,0.0874446002765417,0.6324794192659581,0.8057228137697423,False
6698,3055080.0,0.136026497839007,0.8341420762057721,0.916719296884299,False
6699,3055263.0,0.06291825159039174,0.9228548000993262,0.9619347853925663,False
6700,3055330.0,0.8125458666845635,0.08879397585714455,0.2732851825887267,False
6701,3055832.0,-0.7278370915427763,0.004505050876147011,0.0481796327690402,False
6702,3055999.0,0.2913876666428964,0.1082918209719147,0.30321472334113947,False
6703,3056142.0,-0.13059393126049934,0.3657622013608289,0.6037929602983924,False
6704,3056688.0,0.40781331888615474,0.04299980838857454,0.1795932743585905,False
6705,3057119.0,0.263552565839268,0.431431137220615,0.6605519688510623,False
6706,3057549.0,0.38313698993857676,0.5024045699378045,0.7163538167180964,False
6707,3058924.0,0.4816105197900532,0.1434115620800427,0.3524411379621606,False
6708,3059080.0,-0.09022942390859326,0.5256365897399996,0.7337686704768127,False
6709,3059245.0,0.07295069220643621,0.9170499456422958,0.9590151406500117,False
6710,3059555.0,0.07759752581997086,0.8227325439271668,0.9104660785329183,False
6711,3059940.0,-0.06906207091749521,0.8392575577818386,0.9182681055587513,False
6712,3060213.0,0.18250173533660424,0.5981925161424809,0.782240665308593,False
6713,3060618.0,-0.34878984907552707,0.2792092370190398,0.5187571920668289,False
6714,3061580.0,0.10337358964396887,0.47071330066264117,0.6915327288548846,False
6715,3061770.0,-0.3180420141954364,0.5250469030496563,0.733134053589403,False
6716,3061876.0,0.015597880029394898,0.9157386165728869,0.9581976752360407,False
6717,3062192.0,0.16540200611614217,0.2524828083334061,0.48749571050500234,False
6718,3062336.0,-1.004820437082393,0.15076310137163726,0.36161515310510906,False
6719,3062437.0,-0.5606239806502191,0.11363323133794564,0.3108590539751512,False
6720,3062461.0,0.13058661684848988,0.3552315819048673,0.5946864111727383,False
6721,3063887.0,0.1559542911252769,0.5612915904481601,0.7592299332479474,False
6722,3064035.0,-0.09894272531926881,0.48474647195027876,0.7035961786356981,False
6723,3064330.0,1.377840473672394,3.834351955329115e-06,0.0006266483785507751,False
6724,3064749.0,-0.23537854964945917,0.38439868667979904,0.6202476300520693,False
6725,3065434.0,0.741741523444032,0.1964452922291758,0.41935371625323564,False
6726,3065656.0,0.08076287896867473,0.8824868030004982,0.941377808625155,False
6727,3065769.0,-0.3007158981419338,0.5820076986225299,0.7721598163683966,False
6728,3066433.0,-0.3025179394866342,0.34435625170198014,0.5831493154797184,False
6729,3066440.0,-0.1272968703040024,0.6415716723320054,0.8111174414221379,False
6730,3066656.0,-0.4024127524254265,0.1613810696069867,0.373595971546991,False
6731,3066878.0,-0.3655154403142635,0.20853945486759093,0.43540707080882957,False
6732,3067568.0,-0.326312430633682,0.26188001672151073,0.49845828187129565,False
6733,3068044.0,-0.378203508338588,0.18828623308205403,0.4081627775326051,False
6734,3068310.0,1.532650385957139,3.461852881188897e-07,0.0001391793075011314,False
6735,3068427.0,-0.8091530547553213,0.0791928643881866,0.2574538912649792,False
6736,3069753.0,0.33429178395766235,0.234724231705725,0.46759617088743716,False
6737,3070200.0,0.23747001009282517,0.255055961984697,0.49080525923486723,False
6738,3070314.0,-1.3836678996097909,0.022472465398268842,0.12512607036122128,False
6739,3071202.0,-0.021713160835167857,0.8755729542827492,0.9373473719271836,False
6740,3072075.0,-0.38032241494911495,0.17644554430445944,0.39426026830483885,False
6741,3072102.0,-0.03839746784481357,0.7804428950505319,0.8916648379932137,False
6742,3072999.0,0.7402367736114132,0.005950932792123861,0.057317902726303,False
6743,3073433.0,1.4633137978357307,2.7592356913148927e-06,0.0005254649724425116,False
6744,3073436.0,0.9133071666818444,0.15919746452404965,0.3709936619597593,False
6745,3074897.0,0.03639339254250306,0.8150532833736603,0.9073649422439563,False
6746,3075703.0,-0.851688677375612,0.07440643448460428,0.2492433786878718,False
6747,3076818.0,0.3584856837646194,0.010628669048324076,0.08040014112861173,False
6748,3077061.0,1.8389081513279724,0.00020206899267741026,0.007833781841118888,False
6749,3077353.0,0.13860602535692654,0.33586967535778467,0.5751358307714439,False
6750,3079273.0,-0.38843693101881277,0.0045290899058403325,0.04838904618887481,False
6751,3079535.0,0.16603117540962178,0.24672234772966345,0.48125266569730396,False
6752,3079682.0,0.17188102185983944,0.2313836560912536,0.4641784488764661,False
6753,3080896.0,-0.25479851504590906,0.15080502897756676,0.36161515310510906,False
6754,3081391.0,0.07265211402016207,0.6149895905998547,0.7949150111346422,False
6755,3082140.0,-0.004363779237074587,0.9824280581111516,0.9896975515113953,False
6756,3082291.0,-0.08671846516804065,0.5472105491752344,0.7492394691343554,False
6757,3082961.0,0.31006620793737616,0.21427371556101976,0.4434587573717578,False
6758,3083447.0,-0.11425843074918371,0.420019893837456,0.6510518274461781,False
6759,3084210.0,0.4474351680100981,0.0012208088520658813,0.022013089849128142,False
6760,3084245.0,0.44237563407703595,0.0014566818599925095,0.024365065959978175,False
6761,3084373.0,0.4364583283296852,0.0015999655599957577,0.02596594358299521,False
6762,3084760.0,-0.29063552758867695,0.4271434600080026,0.6568214990370133,False
6763,3085400.0,-0.8698078034183137,0.052492492744709705,0.20372041785621162,False
6764,3085838.0,-0.27882117077396884,0.44624636877111923,0.6731419264084686,False
6765,3086021.0,-0.4464270178631023,0.1571706113921659,0.3682467055173669,False
6766,3086159.0,0.08383485994034245,0.5705235119449074,0.7641598525527162,False
6767,3086899.0,-0.8933871067758349,0.08617565484613039,0.26911298427927083,False
6768,3087148.0,0.5484162872882548,0.4334956613764093,0.6619655588892492,False
6769,3087554.0,-0.2338494894294617,0.5150569265358032,0.7261305145878225,False
6770,3087589.0,-0.5001815669368187,0.08043366639331485,0.25954442589162685,False
6771,3087780.0,-1.3976258084726894,0.04529171509371769,0.18604515236653754,False
6772,3087938.0,0.31655535768871507,0.28515710282140216,0.5255314687820578,False
6773,3088098.0,-0.19027498855279495,0.5962830686293346,0.7808794740304654,False
6774,3088766.0,-0.3832126592504711,0.4831051401566349,0.7020222619009735,False
6775,3089272.0,-0.20188915464922108,0.5739960513507311,0.7670670209827011,False
6776,3089624.0,0.04195844051078536,0.7669029640482785,0.884981635801645,False
6777,3089706.0,-0.4473252653597665,0.5229336361752198,0.7320702124504196,False
6778,3089840.0,0.37665161946530723,0.005466902932917277,0.05421410098908156,False
6779,3090171.0,-0.026988158339549248,0.9507100718085393,0.9750527049774843,False
6780,3090835.0,-0.2019005162584045,0.5740711518958957,0.7670670209827011,False
6781,3091085.0,0.0715063208639325,0.6086893685439196,0.790261187075605,False
6782,3091205.0,-0.4547300402545434,0.32784882149110983,0.5679753407337789,False
6783,3092034.0,-0.3333152675492225,0.48882531539658414,0.7067393178782526,False
6784,3092672.0,0.34315008900969524,0.23080730442964553,0.4634907411259857,False
6785,3093334.0,-0.3731668499627279,0.0063208278766574985,0.059192495467402115,False
6786,3093608.0,1.150919457804552,9.174449025873855e-06,0.0011189735300658505,False
6787,3093636.0,1.2107412450606052,2.442958747037296e-06,0.0005232893959143246,False
6788,3093711.0,-0.010719988694379956,0.9804148924523405,0.988887163870113,False
6789,3094451.0,1.3509105040167824,1.034410917723463e-05,0.0012204924469443686,False
6790,3094839.0,-0.9264294772060641,0.18533889359972922,0.40455533682386097,False
6791,3094936.0,-0.4674299411929085,0.001013524547537733,0.019966985414740637,False
6792,3095089.0,-0.1264460413389023,0.6867371051220806,0.8400418386409945,False
6793,3095478.0,0.5297596051684786,0.2895207503741984,0.53015531031365,False
6794,3095871.0,-0.08062073785770284,0.5687069735482932,0.7635515396248266,False
6795,3096147.0,0.9089470168336329,0.058465888639159906,0.2166031471597545,False
6796,3097019.0,1.1090209681446086,2.344989625466242e-05,0.0019104059649662432,False
6797,3097454.0,-0.3952174617827978,0.047055211090690226,0.19009464696294842,False
6798,3097479.0,-0.007569717443859092,0.9590912641824971,0.9801794110924629,False
6799,3098002.0,0.9543464598903134,3.419231911087681e-05,0.002410114441224466,False
6800,3098105.0,0.12995565661433095,0.3444482349855472,0.5832140993243043,False
6801,3098315.0,-0.9169537560833899,0.18985807920147799,0.4107578036976424,False
6802,3098590.0,0.18086362576836132,0.6879675244122542,0.8404375228607707,False
6803,3098670.0,-0.49036475614580277,0.03516057152091356,0.15925384604757292,False
6804,3099336.0,0.08826628354392965,0.8444856227074341,0.9207886777833035,False
6805,3099871.0,-0.032312204851170756,0.936111486218351,0.9682615884289603,False
6806,3100282.0,-0.5728363461619064,0.2939120595624388,0.5343184402194395,False
6807,3100672.0,1.021819301637597,1.0523699556926861e-05,0.0012283307386068932,False
6808,3100807.0,0.3800159310109231,0.48657977982981715,0.705183379179261,False
6809,3101344.0,-1.0741266246602463,2.8109285969944425e-06,0.0005260798262133565,False
6810,3101850.0,0.7374858197160665,0.29195941440342915,0.5326419232519704,False
6811,3102096.0,0.5102243702022579,0.27212274467906095,0.510700621281329,False
6812,3102343.0,0.4670857866970074,0.17257365063458205,0.3891305894448001,False
6813,3102422.0,0.14143009233326814,0.36357492124254254,0.6022516190101767,False
6814,3104171.0,-0.8326226220639666,0.14695061879134125,0.3575765449405984,False
6815,3104203.0,-0.26123394295259783,0.06589198298048281,0.23258580418179875,False
6816,3104337.0,0.6597389687268735,0.25069506125746177,0.4854395387846301,False
6817,3105405.0,0.6506121465852908,0.0006746827792320213,0.015905101069031733,False
6818,3105527.0,-1.2765456882524089,0.0676474242375569,0.23598262222642138,False
6819,3105722.0,-0.35567913821717456,0.4954957348675805,0.7106251230916525,False
6820,3106068.0,-0.8070171378129963,0.0533388359568688,0.20561194170918864,False
6821,3106318.0,0.543091384508861,0.1126185976642178,0.3093306876632298,False
6822,3106508.0,-0.9527233714171798,0.17319523082477822,0.39000228692746786,False
6823,3107306.0,0.5130776818957525,0.21379932297846885,0.4428991700250533,False
6824,3107686.0,0.19331843636434098,0.15356874134842735,0.3642098945460299,False
6825,3108243.0,-0.23856275310989938,0.6475812511630725,0.8141642901754866,False
6826,3108596.0,0.07460277117233183,0.8485413777718982,0.923065312046042,False
6827,3109043.0,-0.7611875940126466,0.0612484430555945,0.22250731237231539,False
6828,3109610.0,-0.3250673318121167,0.3977155051848039,0.6311698550849483,False
6829,3109641.0,0.2560042838388123,0.6236473549193944,0.8005785285773446,False
6830,3109904.0,0.17213240879620623,0.32318583222231423,0.5632919410361626,False
6831,3109905.0,0.15370496896594776,0.3780960574760527,0.613826919875351,False
6832,3109965.0,-0.4053562897791645,0.004430845335092976,0.04762061991330124,False
6833,3110123.0,0.25857718222605375,0.6202072903826736,0.7980500399601616,False
6834,3110407.0,-0.44004666387667135,0.18158614922383848,0.40021247138332927,False
6835,3110706.0,-1.4527854486333522,0.03740738557271839,0.16539371497592747,False
6836,3110892.0,-0.31738354764983434,0.07717733026103937,0.25421877316643476,False
6837,3111271.0,-0.20216677164759586,0.6070957878473049,0.7891300176125606,False
6838,3111549.0,-0.817706526018377,0.024059860376396576,0.1306502173015432,False
6839,3111653.0,-0.544541634481268,0.05773873025446826,0.2151575409928778,False
6840,3111834.0,-0.08837679238886209,0.6149823707101416,0.7949150111346422,False
6841,3112025.0,-0.16701677307357907,0.3401914613733459,0.5791684932885304,False
6842,3113273.0,0.2570841457762234,0.6222517302619213,0.7993541457980066,False
6843,3113689.0,0.01640382008761118,0.9749274372705523,0.9860373178563009,False
6844,3113810.0,0.12512515573391053,0.475347023817895,0.695356989953409,False
6845,3113995.0,-1.052333624226262,0.0007032984339872755,0.016214117225473224,False
6846,3114190.0,-0.2862805458556186,0.2416667853192109,0.4751868459265362,False
6847,3114575.0,-0.38176233805640286,0.4642808112138041,0.6861226909714777,False
6848,3116402.0,-0.14642568929048447,0.3565026312007404,0.5947189275678556,False
6849,3118028.0,0.02532023642332412,0.9518140878080349,0.9756319096464796,False
6850,3118756.0,0.7301544996204745,0.26059867743780524,0.4974149188653729,False
6851,3118838.0,0.6978338679989949,0.00027425271615211905,0.009391208939530766,False
6852,3118894.0,-0.6734158002727217,0.0004219922833387575,0.01196295967254811,False
6853,3119332.0,0.8307849091640032,0.026670509318522807,0.13786113269169764,False
6854,3119336.0,-0.4442524334616646,0.5257946826004447,0.733800627362796,False
6855,3119344.0,-0.6294897240577747,0.0008135806030945743,0.017857358351964097,False
6856,3119422.0,0.36430648936112153,0.5047627789604212,0.7180186038023028,False
6857,3120429.0,0.5439746580058975,0.002971475863776781,0.0369477325329862,False
6858,3120849.0,-0.08935612809692582,0.8832977715053495,0.9416435356878928,False
6859,3121547.0,-0.27840655522386315,0.5780666826341951,0.7695944998932607,False
6860,3121613.0,0.14868281621095203,0.8319370777436363,0.9157011126139046,False
6861,3121774.0,-0.35287047043241554,0.4988228122338561,0.7131420431058104,False
6862,3123425.0,0.22543183715180065,0.11311488758429979,0.3101138929748589,False
6863,3123536.0,0.8567701180881584,0.2207100344845228,0.4512728243227529,False
6864,3124160.0,-0.25148248849566923,0.07689192875032304,0.25367529619571677,False
6865,3124616.0,1.0115819808008508,7.580750741192749e-06,0.0009621016206474894,False
6866,3124880.0,-0.48253040014121096,0.17846407454749633,0.39668357514839536,False
6867,3125118.0,-1.2569414952563123,0.07197786177219864,0.24485104654879858,False
6868,3125480.0,-0.1229443597337662,0.4286093975395167,0.6577908964076705,False
6869,3125948.0,-0.5163868842244319,0.09200118548410346,0.27825936707437815,False
6870,3126005.0,0.17735186696034894,0.7848689426883825,0.8940951504412952,False
6871,3126266.0,-1.1984992047373324,0.08633536246233556,0.26937923527699126,False
6872,3126712.0,-0.3269872696898088,0.08145026238289468,0.26089477971778746,False
6873,3127617.0,-0.3540567075187212,0.05158603383875594,0.2016443634568584,False
6874,3128329.0,1.9689675778251683,0.0005417537399230854,0.014001754397297839,False
6875,3128399.0,-0.8165280906007156,0.15495233442220196,0.3658924494568202,False
6876,3128530.0,0.9079872551167405,4.695571484869524e-05,0.002912595912471925,False
6877,3129225.0,0.0577991517246791,0.7003752272467144,0.8472869312334096,False
6878,3130098.0,-0.33331738159678564,0.07295963468595225,0.2467986396123439,False
6879,3130240.0,0.810878098607934,7.520942243707305e-05,0.0042082385595589075,False
6880,3131481.0,-0.46706031561591893,0.0011135784709876038,0.020949556850208734,False
6881,3132119.0,0.5188782733330357,4.319850810848391e-05,0.0027955474152134897,False
6882,3132269.0,0.5630896936742049,0.42126363403135625,0.6522345952660636,False
6883,3132567.0,1.34930479694417,0.018367234162628622,0.11079148837024963,False
6884,3133197.0,-0.4705646521090374,0.0011107635444299584,0.02093287894928333,False
6885,3133339.0,1.7998658918481683,0.001595794880553328,0.02596594358299521,False
6886,3134310.0,-0.3205581604332873,0.09092683179853556,0.27647714427951237,False
6887,3134679.0,-0.5922250822248806,0.002544541755667724,0.03395011500654271,False
6888,3136668.0,-0.30790342104345003,0.49396415162666163,0.709970201088105,False
6889,3136826.0,-0.8888496938948159,0.05524659799718654,0.20983268763452062,False
6890,3136958.0,-0.06598963652353017,0.8156020005221619,0.9075714726466496,False
6891,3138003.0,0.7775191346190258,3.6231473662137046e-05,0.002486895581195745,False
6892,3138829.0,0.83517741317617,0.06999808539675004,0.2412156244386418,False
6893,3138984.0,-0.21337238397747224,0.6149908810201111,0.7949150111346422,False
6894,3139288.0,-0.2668334670916304,0.518188598431793,0.7287132058527157,False
6895,3140160.0,-0.18618889309614345,0.4563992623048703,0.6802435798873222,False
6896,3141306.0,-0.14066726829062487,0.3327464565757643,0.5726995020369331,False
6897,3141619.0,-0.3787642726535227,0.2469708178738243,0.4814202960960131,False
6898,3141648.0,-0.3580621001384586,0.23266241762137432,0.4656998234432284,False
6899,3141939.0,0.2924936959895341,0.036660925836135956,0.16364448333959744,False
6900,3142109.0,-0.2690588129380339,0.5147026910249206,0.7261305145878225,False
6901,3142688.0,-0.2976170277707677,0.4710179222647378,0.6915865746224441,False
6902,3143528.0,-0.21300195372006606,0.1269716446454138,0.3309380284636952,False
6903,3143591.0,-0.3540837949197964,0.23672062982565908,0.470229213667712,False
6904,3143802.0,-0.3759018994521942,0.21486926446495996,0.4441555512615522,False
6905,3144817.0,-0.7683337165562373,0.1807401542397213,0.399254044418432,False
6906,3144836.0,0.3033937931939875,0.05208176008173741,0.20292444568817647,False
6907,3145130.0,-0.40914507505246533,0.3484804901396555,0.5865646953738503,False
6908,3145212.0,-0.1872722406742207,0.6658073908273671,0.8271159564466777,False
6909,3145320.0,-0.3641771866459573,0.22436020210561372,0.4565956409301594,False
6910,3145748.0,-0.34416016037719327,0.2506354029578478,0.4854395387846301,False
6911,3146318.0,-0.798144724817058,0.21866334173978333,0.448778705726101,False
6912,3147197.0,-0.3176752921638064,0.29464397803758924,0.5347534495231618,False
6913,3147559.0,-0.34995932910852223,0.4092942482980212,0.6415018946975656,False
6914,3147658.0,-0.33686682991501216,0.27945153241604115,0.5188971474341691,False
6915,3148354.0,-0.20823585548782167,0.633464654662997,0.8065992758201562,False
6916,3148919.0,-0.2724618145148637,0.5092114415335283,0.7220757933176289,False
6917,3149089.0,-0.50522107877802,0.19527598626187176,0.4178436489005752,False
6918,3150190.0,-0.2187252290931156,0.2849139702809268,0.5252501166113054,False
6919,3150403.0,-0.2008135108809924,0.3272249143566623,0.5675055823072782,False
6920,3151609.0,-0.3186639901897984,0.13989658312468822,0.3482177046132746,False
6921,3152059.0,-0.28717920232153876,0.48682389521612107,0.7054429825885721,False
6922,3152175.0,0.25888756528684864,0.6902685821612438,0.8412961558259701,False
6923,3152707.0,-0.41838520527436746,0.011137698144740707,0.08266732528376593,False
6924,3152767.0,-0.8646734256815116,0.03442544546026118,0.15754140407720707,False
6925,3153235.0,-0.460316003366736,0.4493070226337611,0.6757971083122456,False
6926,3155148.0,0.023746288980677793,0.9422024162050544,0.9710060977789675,False
6927,3155771.0,-0.33991093048038623,0.011438303314300168,0.0840113875672551,False
6928,3155865.0,-2.008516885090006,0.0038893122617850158,0.04393182580819599,False
6929,3156083.0,-0.7331105752778221,0.17901327462348507,0.39746146370176527,False
6930,3156989.0,-0.10617481257913762,0.8320260956698776,0.9157011126139046,False
6931,3158118.0,0.3241062411569928,0.017412844236763727,0.10736837085306906,False
6932,3159006.0,0.25332894959589647,0.0596578695277928,0.21966966544239852,False
6933,3159140.0,-0.3148773377721653,0.49821281291217767,0.7124357902992607,False
6934,3160762.0,0.2722372903273178,0.07905643769626856,0.2572414961609698,False
6935,3161746.0,-0.4571455044778967,0.1821491428263945,0.40081673330235396,False
6936,3163769.0,1.3507877540222977,7.627425160424174e-07,0.00025873656286376376,False
6937,3163904.0,0.13176602200988424,0.3750308108210237,0.6114387881439189,False
6938,3164451.0,0.699023414361599,0.0003187443386244643,0.010255183542175384,False
6939,3165461.0,0.0664823532012512,0.8344020894793099,0.916719296884299,False
6940,3166036.0,-0.5932683723694518,0.30179095453714316,0.5420153559729796,False
6941,3166400.0,-0.5400548055235307,0.1274999399438767,0.3316894273363589,False
6942,3166409.0,-0.2913725887575723,0.4293222972170822,0.6585125810783422,False
6943,3166764.0,-0.38382602616039924,0.4254945616838257,0.6557419646946033,False
6944,3167112.0,-0.06453744340805011,0.8460085501001482,0.9214752971440004,False
6945,3167434.0,-0.48889385208724506,0.05113893053596557,0.2003295167693635,False
6946,3168013.0,0.11275183959604926,0.7381546322488723,0.8690667551281385,False
6947,3168797.0,-0.3770180800327371,0.12233694949361033,0.3246070854933122,False
6948,3169167.0,-0.07222669053349931,0.6742967486902445,0.8325480801982877,False
6949,3169291.0,0.8694534597300958,0.07032791715038438,0.24166699519677026,False
6950,3169401.0,-1.0158617165010784,0.03312599889814612,0.15422028907113086,False
6951,3169604.0,-0.378593321237419,0.4855105516202349,0.7043406243960687,False
6952,3169907.0,-0.30234288757467825,0.4028711561923964,0.6350336163541747,False
6953,3169953.0,0.14092632566583496,0.37290310830484935,0.6097097816913902,False
6954,3171880.0,-0.07256742741570364,0.61998430389002,0.7980500399601616,False
6955,3173564.0,0.6540332810096738,0.22782893917765681,0.46045115151246785,False
6956,3174037.0,-0.5739757461641362,0.05156916814779336,0.2016443634568584,False
6957,3174145.0,0.035295279628012016,0.9460811257032715,0.9726475068100716,False
6958,3174565.0,-0.37243435318008966,0.5948885010775826,0.7798749866451227,False
6959,3174588.0,-0.16885022621597892,0.8095171534705349,0.904866029785586,False
6960,3174895.0,1.5292597369186578,0.018022728336379412,0.10929425479966398,False
6961,3174963.0,-0.45440862725018005,0.09075452030710093,0.27647714427951237,False
6962,3175783.0,0.18495054507541986,0.5392494753311939,0.7434027247549034,False
6963,3175963.0,-0.3460724247247913,0.32079151879340473,0.5606948799925673,False
6964,3176037.0,-0.23332030244309296,0.559881364608601,0.7587406008522303,False
6965,3176269.0,0.1267869242177102,0.6540372757466756,0.818762994003496,False
6966,3176369.0,0.4723961521902965,0.010142607921317296,0.07829970667529697,False
6967,3178236.0,-0.5096048840920127,0.2864630561645638,0.5269963794939642,False
6968,3178323.0,0.05268692869012283,0.7062464645490302,0.8501114851053141,False
6969,3179192.0,0.03655876213704231,0.8879264158557979,0.9438061448174616,False
6970,3179515.0,-0.10339844896919959,0.468043983973066,0.6894581959597816,False
6971,3180031.0,0.6898483688995836,0.1827675023761843,0.40168885164881163,False
6972,3180498.0,0.7600124658389855,0.27745796784744803,0.5172258699955433,False
6973,3181954.0,-0.37190253127034134,0.5386889036852174,0.7430739256775573,False
6974,3182138.0,-0.3735379706906544,0.23280187658961732,0.4658183171207919,False
6975,3183132.0,-0.43602433583830164,0.5335817609997935,0.7396648051684286,False
6976,3183423.0,-0.7819592425810532,0.17317527400253574,0.39000228692746786,False
6977,3184311.0,-0.8365166817497905,0.10591825698473965,0.29988071976248015,False
6978,3184470.0,-0.349351407954706,0.01286477663603701,0.08940278513712019,False
6979,3185921.0,0.9175008080006659,0.025780644866254365,0.13538892115297102,False
6980,3186065.0,-1.0857862655309294,0.09389158740163915,0.28105200428426624,False
6981,3186305.0,0.03135565947935874,0.8190166720342552,0.9092274468124198,False
6982,3186563.0,0.05474841149849217,0.7478687522764559,0.8748048858805403,False
6983,3186651.0,0.06516334541373899,0.657400528712554,0.8209943326248015,False
6984,3186687.0,-0.30685663263775365,0.15523621585963743,0.365893798313509,False
6985,3187028.0,-1.4258787474713879,0.0186277793973132,0.11165353139582264,False
6986,3187424.0,0.39416069225715217,0.23561314837575179,0.46902268945879066,False
6987,3187706.0,-0.014913415143343683,0.9179410710876795,0.9594150080526311,False
6988,3187812.0,-0.04407214536693027,0.7610972216315735,0.8821513534495147,False
6989,3187903.0,0.00910689389686184,0.9498516940701893,0.9746572624969246,False
6990,3187989.0,0.03617953702339137,0.8072144536825994,0.9043567855015602,False
6991,3188513.0,-0.30602978972919725,0.04221748318054799,0.1774948485490714,False
6992,3188958.0,-0.020712091563119067,0.8864819286211322,0.9433646008553235,False
6993,3190931.0,-0.3001152063069328,0.22543151526815072,0.45790776538843114,False
6994,3191258.0,0.29693409060341597,0.23150872222652158,0.4643230023753214,False
6995,3191265.0,0.375612231589313,0.13219288226330816,0.33722526913779294,False
6996,3191922.0,0.6664658331482525,0.16587432980396816,0.3795450894348252,False
6997,3192204.0,0.038609760493655526,0.8529404660739536,0.9251182988812207,False
6998,3192396.0,-0.015567597184158177,0.9395591184283567,0.9698601547590815,False
6999,3192809.0,-0.3720839570617149,0.13298593215014057,0.33817372324163614,False
7000,3193072.0,0.14271531072151367,0.48008928758147107,0.699079367839825,False
7001,3193430.0,-0.12393887729289332,0.5348304260322411,0.740413757757936,False
7002,3194376.0,0.7242339355953787,7.671897988513183e-06,0.0009621016206474894,False
7003,3196408.0,-1.0032860454891455,0.09654797699942222,0.28582770716599737,False
7004,3196901.0,-0.2846362212241149,0.2474739231333788,0.48193926006688675,False
7005,3199633.0,0.24374518961324193,0.08543614049670603,0.26803737141379885,False
7006,3200154.0,-0.05850128168819649,0.6846072649592407,0.8384758954228317,False
7007,3200403.0,0.6264527469050613,0.37087010294046524,0.607614266019051,False
7008,3200575.0,-0.5539601684112585,0.3624416614021673,0.6012997454562932,False
7009,3200794.0,-0.5403094167911316,0.3745649900429409,0.6108628255583118,False
7010,3204012.0,-0.3378283200820728,0.10634882286757023,0.30031645999674167,False
7011,3204159.0,0.03588559996847121,0.8070591158331653,0.9042760840595592,False
7012,3204287.0,-0.30522104943364337,0.04579745540343496,0.18706381700168132,False
7013,3204298.0,-0.28647283575116395,0.1667094526057709,0.3807345062141055,False
7014,3204320.0,-0.30081903622050843,0.048561024402219335,0.19394036787567728,False
7015,3205434.0,0.5294380671403747,0.0011294217632474715,0.021210853356490145,False
7016,3207298.0,-0.145127336621411,0.49349746116170917,0.7099012643665986,False
7017,3208015.0,-0.472691026671677,0.23703494103355244,0.4706446469579681,False
7018,3208603.0,-0.12817512554099192,0.536622228845639,0.7419480695604906,False
7019,3208780.0,-0.1323924930631842,0.5232950777048445,0.7321841019852641,False
7020,3209544.0,2.396341565918248,0.00019025201712401986,0.007482556687975491,False
7021,3210346.0,-0.4488184762783074,0.2198066037944178,0.4500189898506988,False
7022,3211305.0,0.38150050497207144,0.42819779355797477,0.6573450783583391,False
7023,3212035.0,0.6745232875586917,0.12160491199493802,0.3234553589083686,False
7024,3212190.0,-0.8348883986416874,0.1067097729564454,0.30094429343783186,False
7025,3212641.0,-0.2655229829807825,0.05860423737514131,0.21681969894586192,False
7026,3212811.0,0.49674248563658796,0.002249557454451664,0.03194480851997798,False
7027,3212868.0,-0.2753291616160661,0.052378560398897475,0.2034965186578497,False
7028,3213023.0,0.29698173669883754,0.03669213991023264,0.16364448333959744,False
7029,3213152.0,-0.5977346665374315,0.2736190662824705,0.5127995449751757,False
7030,3213727.0,-0.19258867545127334,0.15905388023871414,0.37083161789348185,False
7031,3213806.0,-0.15475665761240795,0.25532470375088967,0.4910612436597993,False
7032,3214384.0,0.12157480270323939,0.4510523224158966,0.6771086931025526,False
7033,3214648.0,-0.19342653911209517,0.16070900880936215,0.37304733161071246,False
7034,3214715.0,-0.5501829052367189,0.36584127846198305,0.6037929602983924,False
7035,3215527.0,0.8992747170050575,0.06127797663785733,0.22254012592972275,False
7036,3215653.0,0.3775725400952422,0.43293764726902745,0.6615340879934252,False
7037,3215766.0,-0.1659759960601742,0.23930768949334702,0.47273611818931427,False
7038,3215860.0,-0.31928685698435216,0.3514594483577476,0.5905715653132122,False
7039,3216911.0,-1.00802551748483,0.005602711581301986,0.05498863853077131,False
7040,3217656.0,0.23187821116637622,0.4220762643986231,0.6529339960163965,False
7041,3218212.0,-0.9937506372365101,0.005355375828875204,0.05348088858196953,False
7042,3218248.0,0.7037682042051843,0.0033196461352254128,0.0397734644568122,False
7043,3218703.0,-0.1802231447625436,0.1998835805954268,0.42477217450339816,False
7044,3219109.0,-0.6757114468190122,0.11044615049547883,0.30636415759559255,False
7045,3220840.0,-0.35361401012157667,0.2686488248546323,0.5060182186009082,False
7046,3220945.0,-0.9230922609502037,0.05304070907118288,0.20523945381469325,False
7047,3220964.0,0.7782145978106889,0.1168918378650008,0.3160301120858241,False
7048,3221715.0,-1.4536651475443298,0.007441311296875405,0.06506639209468622,False
7049,3222495.0,0.2447612840189299,0.7267515446033298,0.8625121769689014,False
7050,3222610.0,-0.9298545873716162,0.060851339038673166,0.22173255631580974,False
7051,3222613.0,-0.22743272872675388,0.1553019837147722,0.365893798313509,False
7052,3223737.0,-0.7838673504363616,0.08098578896245023,0.26030588170743874,False
7053,3224094.0,-0.050324988170935614,0.7312153327724258,0.8646808269909296,False
7054,3224117.0,-0.570144693377308,0.3212203153937028,0.5609469954309273,False
7055,3227165.0,2.4005927335535877,0.00018519640318287675,0.007310207114727735,False
7056,3227298.0,-0.9092953425468671,0.0025172887775672826,0.03381561095390759,False
7057,3228085.0,-0.22461482984360825,0.7484776663076732,0.8750377025061705,False
7058,3228818.0,-0.2979265886624344,0.3779883211121432,0.613826919875351,False
7059,3229010.0,-0.32813678051239514,0.3316515748812931,0.5713502373173205,False
7060,3229082.0,-0.4598628277499096,0.5113727195109039,0.7242675748775863,False
7061,3229357.0,2.6498000978395915,0.0001287672715811858,0.005824036387557382,False
7062,3230962.0,-0.5609585399868076,0.35649159570909966,0.5947189275678556,False
7063,3231207.0,-0.39491424722029256,0.02792415445252332,0.14117638128575358,False
7064,3231534.0,-0.382259162925149,0.03332470724837346,0.15465570636216072,False
7065,3231628.0,-0.07378459355038464,0.8739104444915551,0.936548314241863,False
7066,3231672.0,0.4184748561276763,0.07649253275345479,0.2527629963588285,False
7067,3233292.0,-0.12503096812268266,0.6861018081980721,0.8396507945825108,False
7068,3234145.0,-0.8515176954762869,0.08611399929266847,0.26911298427927083,False
7069,3234461.0,-1.1311797541911321,0.0008832416392659812,0.01851808146731695,False
7070,3234604.0,-0.26699979449447475,0.2914649915859051,0.5321753428549828,False
7071,3236204.0,0.603896464003721,0.29322395297962217,0.5336036897894046,False
7072,3236851.0,0.90744144143893,0.05892746189939915,0.21779284947837177,False
7073,3237063.0,-0.25958757955909323,0.5406893515925487,0.7443478644942443,False
7074,3237287.0,-0.6730462101753117,0.03472843897216993,0.1581280222495405,False
7075,3239401.0,-0.3611568777444645,0.5505137611026234,0.7515611375385962,False
7076,3239619.0,-0.4754308116090705,0.08716960522573265,0.2706596294980915,False
7077,3240737.0,0.7387365493112683,0.010993510442347067,0.0818481178680915,False
7078,3241011.0,-1.4956938740421784,0.03208223266651985,0.15200333440212382,False
7079,3242547.0,0.9960561066645855,0.02534693369055809,0.13450564077311117,False
7080,3242643.0,1.1177385617416375,0.00034378021354928163,0.010785359011784543,False
7081,3243409.0,0.9994562684688318,0.02150906500008265,0.12224130920204039,False
7082,3244148.0,1.4410625502652705,0.011766657732641248,0.0854933532046993,False
7083,3245194.0,1.3341814380114783,0.01973584942276316,0.11554100559971817,False
7084,3245641.0,1.1088540772749587,0.00046576846290797533,0.012671470338010206,False
7085,3245914.0,0.06470919434548456,0.7956661603869769,0.8989182226669485,False
7086,3247890.0,-0.5276083434591232,0.03310461916499336,0.15422028907113086,False
7087,3248362.0,-1.0053168005313269,0.029965712767393363,0.14698500320382057,False
7088,3248855.0,0.5782790554217772,0.16101621349299103,0.3732289125488827,False
7089,3249588.0,-0.365422094496471,0.5458136409550391,0.7481761677695353,False
7090,3250007.0,-0.9902810329397136,2.2332079941300316e-08,2.693496975142388e-05,True
7091,3250754.0,0.292734266762409,0.03532673528265623,0.1598464824898847,False
7092,3252201.0,1.1307105651701281,0.0003567436935270744,0.011007440681696117,False
7093,3252448.0,-1.134111590167451,0.018052954397945967,0.10930111647545286,False
7094,3253711.0,0.8557376539131982,0.056498843712404975,0.212433303948097,False
7095,3255560.0,-1.1161820768257091,0.11032530613747697,0.30636415759559255,False
7096,3257071.0,0.0888514370069039,0.6359451802951582,0.8078031653092591,False
7097,3257839.0,-0.3803124556540986,0.4660396983395048,0.6879995818679893,False
7098,3259463.0,-0.2639468000055107,0.4428321049625777,0.6699571427691681,False
7099,3260293.0,-0.47418629452201944,0.05217055762790116,0.20307186763937837,False
7100,3261296.0,-0.4681290677284822,0.05401576236063945,0.20674933019208083,False
7101,3262276.0,0.7128457467410636,0.010955526172877327,0.08168933030495024,False
7102,3262439.0,1.0684066501251825,0.013271129931466138,0.09152358030880872,False
7103,3262842.0,-0.48304473744125687,0.11566910870930674,0.3141326432423129,False
7104,3265502.0,-0.44254876811537197,0.46699560371773446,0.6886614968558631,False
7105,3267140.0,0.7632461590804089,0.14295231170236822,0.3518701459249903,False
7106,3268362.0,0.5278670946886082,0.355316372454112,0.5946864111727383,False
7107,3268778.0,0.17880975069387972,0.17363468309025293,0.39063305387454833,False
7108,3268991.0,0.09840963800902633,0.8795745722368635,0.9400972861080477,False
7109,3269167.0,0.4763292173590058,0.4963560835588442,0.7113399188406974,False
7110,3269428.0,-1.2312947795099731,1.913386181462356e-05,0.0017165129751879234,False
7111,3272280.0,1.9685461366072574,0.0011045700607614434,0.020888689912134963,False
7112,3273667.0,-1.4945722160758768,0.03223722576799182,0.15226786607551432,False
7113,3275133.0,-0.12752819330013265,0.3398375823722488,0.5788383738664304,False
7114,3276291.0,0.13933642051281386,0.29990325877382745,0.5403236305377422,False
7115,3276364.0,-0.10172195563321837,0.4530783532882747,0.6787421370334283,False
7116,3276839.0,-0.06370484444078134,0.9218742791295313,0.9613743202950392,False
7117,3276979.0,0.9236661157711284,0.08812860433553078,0.2720418250947213,False
7118,3277250.0,-0.20885063983177035,0.7655883902519978,0.8846563738753924,False
7119,3277910.0,-1.3126665067429264,2.9182422987631244e-06,0.0005277232870178536,False
7120,3277984.0,-1.3181517752823466,2.6657750864926793e-06,0.0005232893959143246,False
7121,3280304.0,-0.2312432280889538,0.7218599364510216,0.8585284989783981,False
7122,3280539.0,0.6286277178760853,0.042848309038585365,0.1792363755737357,False
7123,3280757.0,-0.49094240141336787,0.04625182202250703,0.1877574899230792,False
7124,3281877.0,-0.08290835583607098,0.8633856936435359,0.9306903380834739,False
7125,3282331.0,0.37423729064950206,0.4207524568385076,0.6517220204026827,False
7126,3284835.0,-0.23101143087216652,0.6724282868932925,0.8315403492170645,False
7127,3285134.0,-0.6083922498437806,0.13021826310988716,0.33448160105485686,False
7128,3286160.0,-0.3472980906717163,0.5682594777067629,0.763249193304731,False
7129,3286326.0,0.7542579031317658,0.18902725817865806,0.4092323269902938,False
7130,3288270.0,0.06754629827133307,0.6172520722016255,0.7962295001483832,False
7131,3288400.0,-0.2182159618881456,0.6758151638934362,0.8332170078164096,False
7132,3288468.0,0.5011289645941832,0.3801535968134691,0.6154462779135284,False
7133,3291112.0,0.9182291754216889,0.1283695472663377,0.3322897486056688,False
7134,3291679.0,-0.39035205016141217,0.2221005550594775,0.45351796936994515,False
7135,3292508.0,-0.5640481067257236,0.42048934408160044,0.6515004039403045,False
7136,3293082.0,-0.3491449584237005,0.5661660401649342,0.7622061133353331,False
7137,3293433.0,-0.3538997737551478,0.2528879126386105,0.4880174740785986,False
7138,3293974.0,-0.7287261400894478,0.0088292765882537,0.0722788818744298,False
7139,3296386.0,-0.35751983799931797,0.5569780094176218,0.7561382092028701,False
7140,3296772.0,-0.7099124027760686,0.31046092982545836,0.5501394606755182,False
7141,3296982.0,0.974996938798121,0.00036000502921682074,0.011070409609486088,False
7142,3297705.0,0.03733173399767912,0.8672386307539249,0.9331755885045455,False
7143,3299003.0,-0.05888702356426334,0.7934295673219206,0.8984642137783694,False
7144,3299612.0,-0.4981835901353947,0.2835401614560144,0.5236183144955829,False
7145,3299628.0,0.06934089120180414,0.9149977110058287,0.9578840922912789,False
7146,3301036.0,-0.19312700806940014,0.7828007040926441,0.8929567708312145,False
7147,3301279.0,0.07382792064537512,0.7524568432209919,0.8778672420334938,False
7148,3301390.0,-0.119335081156586,0.612995403094978,0.7941359470815117,False
7149,3301629.0,0.014287279318379753,0.9499327066794924,0.9746572624969246,False
7150,3302200.0,0.07212237158119411,0.7594454005692697,0.8811195806349756,False
7151,3302290.0,-0.8401790424785929,0.10443671726013137,0.29694024520336126,False
7152,3302489.0,-1.7105927716476441,0.008094891496132246,0.0684879557213683,False
7153,3303078.0,0.236790752053685,0.31153161534093027,0.5510307454009774,False
7154,3303111.0,-0.018923513346201626,0.910881778332034,0.9560392395100977,False
7155,3303218.0,-2.4877880287303715,0.00033145843885779014,0.010520413315208515,False
7156,3303418.0,0.19049790386492388,0.4192659211287453,0.6503246791688715,False
7157,3303460.0,-0.25545596927006275,0.2611956693529373,0.49784740935631094,False
7158,3303922.0,-0.24651928248723598,0.29503086740488127,0.5352766280594996,False
7159,3304552.0,-0.21746184137783847,0.3555566041013035,0.5946864111727383,False
7160,3304571.0,-0.04633093935421373,0.83706966055238,0.9172461579759605,False
7161,3304837.0,0.6116214452451829,0.28695123236825265,0.5273160025998617,False
7162,3304910.0,-0.2216075056251645,0.3526084127331507,0.5917693754202769,False
7163,3306927.0,0.5755214039502077,0.291764233955565,0.5324648217195121,False
7164,3307220.0,-0.8375836141436838,0.10548669903263674,0.29898701507566494,False
7165,3307406.0,0.09392951565119717,0.528083108431192,0.7354054924563428,False
7166,3308718.0,-0.08493595242192231,0.8013934301179341,0.9019736590202272,False
7167,3309138.0,-0.6098999938496811,0.26092899282356347,0.4976079088369258,False
7168,3309309.0,-0.010504731858426063,0.9441158999175777,0.9716598121242225,False
7169,3309714.0,0.8631025242660535,0.0724824140378366,0.24573957614793043,False
7170,3309768.0,-0.3606262793310123,0.20693233731815036,0.4333828945418111,False
7171,3310279.0,-0.32232063503448466,0.26451720140633384,0.5010180110392173,False
7172,3310831.0,0.1686306083614194,0.23498901475173273,0.46796389677030764,False
7173,3311353.0,1.2877114702941772,0.024516331664680705,0.1319514465869307,False
7174,3312313.0,-0.33372982529529516,0.4883524884832854,0.7062438399262008,False
7175,3312450.0,-0.05620943656477277,0.7095288952958602,0.8520736816306336,False
7176,3312517.0,-0.07483334655567046,0.6202068031385285,0.7980500399601616,False
7177,3312956.0,-0.20321954450597574,0.38610050729461814,0.6218280425345816,False
7178,3313012.0,-0.9584127099222753,0.06561954435444634,0.23186853970296709,False
7179,3313303.0,-0.37358739681583175,0.19054851480016755,0.4111455332427425,False
7180,3313698.0,0.14028262837652472,0.841263855826247,0.919496482166789,False
7181,3313871.0,0.13537761855428923,0.33744778166587514,0.5763161689097558,False
7182,3314670.0,-0.5276073841013,0.256009905062792,0.49211749946106015,False
7183,3314857.0,-0.12418403774902773,0.39893485429459313,0.6321807070609939,False
7184,3315217.0,-0.22910293397005344,0.3220630625067889,0.5618763329333323,False
7185,3315448.0,-1.2138014488311568,0.003962336684964029,0.044250169460169284,False
7186,3315621.0,-0.32397293494890905,0.5011652389366277,0.7150563444607115,False
7187,3315636.0,0.2959609835193996,0.09732670168642236,0.28716535656594583,False
7188,3315657.0,-0.04052487753918005,0.7689657132523691,0.8860948558854004,False
7189,3315961.0,-0.041226393851709446,0.860204520832305,0.9290381030632684,False
7190,3316392.0,-0.0277650499650767,0.8465703622721403,0.9219022153354819,False
7191,3316817.0,-0.42475728085986697,0.05880636195296297,0.2174933761497148,False
7192,3317138.0,-0.5433194248910176,0.0673955690967207,0.23546150709523758,False
7193,3317957.0,-0.23890718023656993,0.15140825594480858,0.36193275011691195,False
7194,3318243.0,1.029893639473678,6.73010947234017e-08,5.563344201385097e-05,False
7195,3319364.0,0.13504090224368753,0.3362235458703711,0.5754819600162218,False
7196,3319602.0,0.19971174061833902,0.5299866435372164,0.7366203605117136,False
7197,3320127.0,-0.28125690096249323,0.0522903434568233,0.20329931168474819,False
7198,3320832.0,-0.008666631086791998,0.9706713054799551,0.984364445159278,False
7199,3321252.0,0.13280972327583654,0.6762016731833115,0.8332170078164096,False
7200,3321378.0,-0.22892410003382677,0.12024385503191366,0.320892123829027,False
7201,3321519.0,-0.3483116238976333,0.12998277909271921,0.33411391594872536,False
7202,3322160.0,0.2276423609212644,0.1237481007583362,0.32655646444669245,False
7203,3322234.0,-0.7043817237262655,0.0030998882680753764,0.03768117262033394,False
7204,3325302.0,0.21492487261159154,0.1354801716436319,0.3419021496104993,False
7205,3325388.0,0.2151744001669244,0.13433936237102323,0.3400766163012355,False
7206,3325513.0,-0.21909274567417103,0.12767330171760016,0.3320014178754972,False
7207,3325826.0,-0.23473337868915578,0.10255647307927787,0.2944328260448456,False
7208,3326200.0,0.26200484016684555,0.06797477483098759,0.2368751784238749,False
7209,3326321.0,0.7498489551575073,0.0039512977073168564,0.044236874044869735,False
7210,3326383.0,-0.6948898057639282,0.049587732093883695,0.1971309457828647,False
7211,3326444.0,-0.25841301561886093,0.06897944515363233,0.23914783683892651,False
7212,3326703.0,0.2534425744899209,0.07452351447865047,0.24929206461194173,False
7213,3327165.0,0.2783828783787039,0.05165064718386814,0.2017121115462922,False
7214,3327172.0,0.2656727364228468,0.06227671514258421,0.2248881380148874,False
7215,3327181.0,0.23224925124674206,0.10444002109732173,0.29694024520336126,False
7216,3329013.0,0.3218314727731595,0.027559169605398583,0.14058025661024512,False
7217,3329895.0,-0.28627555809504746,0.0458830788717142,0.18720078872400342,False
7218,3330009.0,-0.32254854861155513,0.025490476670520006,0.13465141012467943,False
7219,3330735.0,-0.7903268750340082,0.02712402355066433,0.13940874793677147,False
7220,3330888.0,0.30327089631870546,0.034446746758430784,0.15757245514655127,False
7221,3331151.0,-0.3204503569164464,0.02521897704975971,0.13416386277966666,False
7222,3331744.0,-0.2899413070831868,0.04265328374664327,0.17855819323941868,False
7223,3332819.0,0.45422236702522134,0.4292816780136457,0.6585125810783422,False
7224,3332959.0,-0.1560944922172828,0.267408955140467,0.5042749275536864,False
7225,3333152.0,0.1730479634999233,0.21558411659528987,0.4451522894506128,False
7226,3333234.0,-0.35502820345556046,0.012381160343171433,0.08755537167760645,False
7227,3333485.0,-0.20435716196869094,0.1490495535288607,0.3592213373791703,False
7228,3333513.0,0.05092838871331233,0.9333222844140056,0.9668110885880361,False
7229,3333696.0,0.14651095412935072,0.2992565950603978,0.5397856994650413,False
7230,3334459.0,-0.3139901123817616,0.027741806116977248,0.14085000252562582,False
7231,3334999.0,0.361898540574231,0.08179679223186984,0.26137891659609863,False
7232,3335294.0,0.06486450804783774,0.6441800946972013,0.8123344479482016,False
7233,3335862.0,0.08105124073106412,0.8016805031991848,0.9019736590202272,False
7234,3336328.0,0.055801689807047014,0.6853397953442025,0.8391602458452767,False
7235,3336980.0,-0.1124384567880268,0.4155452640818625,0.6471655439897586,False
7236,3337280.0,0.17381201356110762,0.40302585306563393,0.6351401909157167,False
7237,3337411.0,0.13767377844878662,0.31910791598301064,0.5590568799218173,False
7238,3338565.0,-0.13688417053833804,0.32194642755082775,0.5618534519395877,False
7239,3338668.0,0.5581790761472489,0.3559294528086133,0.5947036916344217,False
7240,3339124.0,-0.09479780668617005,0.4917761486643208,0.7090224589920576,False
7241,3339702.0,0.08773230346918225,0.5275480017117652,0.7352270030351503,False
7242,3340116.0,-0.6080376818679375,0.10536012825434414,0.2987680752875929,False
7243,3340724.0,-0.9036986264785167,0.19642192027986113,0.41935371625323564,False
7244,3340937.0,0.24657489469322316,0.08111468804994743,0.26050294046810035,False
7245,3341498.0,0.2984184664227849,0.03284983160498682,0.15367926520594247,False
7246,3341512.0,-0.5319995227711145,0.32991508540057973,0.5695337550927629,False
7247,3341845.0,0.25198947149056605,0.07363714095113279,0.24800842849039603,False
7248,3341924.0,-0.7158145767311824,0.0016697292648189515,0.02652288440454364,False
7249,3342077.0,-0.22457033132306503,0.10760551582863641,0.30221419775416514,False
7250,3342377.0,0.25059687050156376,0.07004983564494059,0.24123226157789582,False
7251,3343311.0,-0.2688863833544837,0.05422398289498898,0.20725399095954414,False
7252,3343735.0,0.7027830242219368,0.27897319411474925,0.5186151474849203,False
7253,3343802.0,-0.25990176858895436,0.06061300059874618,0.2213877906114151,False
7254,3343888.0,-0.2680572302650478,0.05478113671614321,0.20872209162995245,False
7255,3344313.0,1.0196608954721806,2.6996044376971143e-06,0.0005232893959143246,False
7256,3345384.0,-0.7183188260616881,0.002201486378932166,0.03182041896579049,False
7257,3346318.0,-0.44747260960021634,0.05005432181723989,0.19808226880282137,False
7258,3347073.0,-0.4764168983917877,0.04507371737088824,0.18564551418851657,False
7259,3347147.0,-0.6465364834420773,0.06298710170090775,0.2261544017735452,False
7260,3347898.0,-0.2800558967831841,0.04640783482917579,0.1882500175899489,False
7261,3348720.0,-0.2274995257894261,0.11750435098957125,0.316582211464829,False
7262,3349806.0,0.7306209106009546,0.1438569248936601,0.3531358931978019,False
7263,3350094.0,0.1578460601942881,0.8216979040418364,0.9102539310470386,False
7264,3351001.0,-0.5589796460212991,0.1036370120491402,0.2958775334332091,False
7265,3351131.0,0.19036068888324403,0.35182864259095964,0.5909175174570427,False
7266,3351213.0,0.18380193813283344,0.27218769658340286,0.5107342171845874,False
7267,3351648.0,-0.03222658465370776,0.9633108118434652,0.9812876766338339,False
7268,3352334.0,0.5821641075477106,0.0017983734725424473,0.027572519836791334,False
7269,3353974.0,-0.5715909644552742,0.0012748992987664982,0.022724190292463607,False
7270,3354190.0,-0.027631090966635144,0.9040275219971665,0.9524622683955394,False
7271,3354237.0,0.9689779993218178,0.0626839544525766,0.22568302672726998,False
7272,3354513.0,0.5997104376245951,0.001656831136786904,0.026487337245687543,False
7273,3354805.0,0.6698744782752784,0.00025625322510881724,0.00900835176726292,False
7274,3354991.0,0.7056430049914099,0.0001809596632930562,0.007195300897604854,False
7275,3354994.0,-0.5914781917528109,0.0013962517129315552,0.023943621396322324,False
7276,3355009.0,-0.5866200256475098,0.2824837916346646,0.5225565027597621,False
7277,3355885.0,-0.8175609054506103,0.019829234148073527,0.11579506671991835,False
7278,3356242.0,0.5801625319069406,0.00449465346866542,0.04811584161968751,False
7279,3356553.0,0.4047195542087012,0.03879550438144676,0.16885533282301707,False
7280,3358831.0,0.6846017479738764,0.0005138900063061925,0.013441628960129444,False
7281,3359745.0,-0.542218316609351,0.0148626647685794,0.09730652959163413,False
7282,3360038.0,-0.04267212408198726,0.9348564003131162,0.9675543921327614,False
7283,3360668.0,-0.5260210689203182,0.016365448638938285,0.10292407009019414,False
7284,3361826.0,-0.6160651039885118,0.0008192505259583712,0.017857358351964097,False
7285,3364224.0,-0.37377491687431924,0.43765573178801326,0.6654246487844776,False
7286,3364897.0,0.22118175027260462,0.19842469309902336,0.4228307898684528,False
7287,3365196.0,-0.625084700800201,0.039930892727650984,0.1718745304077781,False
7288,3365520.0,-0.4610032699064275,0.0006488876261270835,0.015548951835782539,False
7289,3365789.0,0.19214001340055584,0.29201486051985137,0.532653555863382,False
7290,3365886.0,-0.12736255515787004,0.6083660617560203,0.790261187075605,False
7291,3366144.0,0.12386603084917074,0.6180063897080531,0.7969184319649462,False
7292,3366853.0,0.1124763702282916,0.6504675640349011,0.8162803939420638,False
7293,3367087.0,0.04388868796246026,0.8704222262010313,0.9349878822697218,False
7294,3367361.0,0.12550248303784806,0.8468218375931023,0.9220835637549528,False
7295,3368038.0,1.0794780136503166,0.019759539335456683,0.11554100559971817,False
7296,3368184.0,0.2000649073545577,0.27401387179038406,0.513077407714632,False
7297,3369511.0,-0.08499600182829237,0.7397761474666492,0.8696415508718299,False
7298,3369974.0,0.1921867020429332,0.4543091468167933,0.6791471291775761,False
7299,3370005.0,0.14734247198927036,0.5690013968125791,0.7636634721068924,False
7300,3370179.0,-0.30932015594198625,0.6587886497900661,0.8220312071454955,False
7301,3370635.0,-0.4659798708755774,0.03313143381979523,0.15422028907113086,False
7302,3370824.0,-0.6081825493895117,0.2063857641751545,0.4325922297029451,False
7303,3371283.0,0.5259290765043549,0.012098445835400805,0.08645729397187343,False
7304,3371372.0,0.17591336043200373,0.4889598272756033,0.7068396490979723,False
7305,3371401.0,-0.4245928436557388,0.0016002962926783782,0.02596594358299521,False
7306,3372417.0,0.23432959246111462,0.31261560160371626,0.5519808037818006,False
7307,3374144.0,-0.48120830301615125,0.40239855513753403,0.6345409018311762,False
7308,3374511.0,-0.3943008194264991,0.12573312017014537,0.3294221519861255,False
7309,3374857.0,0.6730510255306135,0.29975517108295313,0.5401464777731501,False
7310,3375127.0,0.4836470341402829,0.000553442886770408,0.014152169659879726,False
7311,3377482.0,-0.48419861014911836,0.00046121078181500335,0.012579002604527288,False
7312,3377819.0,-0.4981987008956898,0.3859711825697523,0.62180427230553,False
7313,3379029.0,-0.3855263546173605,0.22145511309586718,0.45254052196077527,False
7314,3379454.0,-0.31606908246984444,0.6518047024873859,0.816919529557854,False
7315,3380404.0,-0.2454710678057335,0.10320857598322487,0.29552025471548665,False
7316,3381409.0,0.8036104019479149,0.05588969311546372,0.21142453751763346,False
7317,3381571.0,-0.3153775626793236,0.06237854456477166,0.22503127326374092,False
7318,3382127.0,0.52187517310031,0.1312716909122953,0.3359156541378985,False
7319,3382336.0,-0.3747353068673285,0.0045882395397859165,0.04874049483577721,False
7320,3382901.0,0.2535015139334305,0.08715827701398349,0.2706596294980915,False
7321,3382904.0,-0.4306063466599753,0.08221921703083139,0.26188075142889516,False
7322,3383211.0,0.21728258905212589,0.4772680102103882,0.6967111687511787,False
7323,3383967.0,-0.4322070821041313,0.08071666173905259,0.25991674968182016,False
7324,3386022.0,0.3572478954236816,0.009424291830917838,0.07487196901330713,False
7325,3387215.0,1.0825555384248637,0.00174963177775801,0.027170605075197713,False
7326,3387313.0,-0.6253391021757111,0.19380124749714062,0.4158610022682238,False
7327,3387741.0,0.9129636775010567,0.09399772839013987,0.28114418452367157,False
7328,3388177.0,-0.16315643418788653,0.25569274195697944,0.491681968811871,False
7329,3388321.0,-0.5028669684609351,0.40853907452257837,0.6407587998761145,False
7330,3389440.0,-0.6008058360283154,0.014303027522615898,0.09501797047612948,False
7331,3390033.0,0.20801334891201356,0.14084122943810176,0.3497307612998441,False
7332,3391541.0,0.6803972724492899,0.2361052582910364,0.46948572609437633,False
7333,3392634.0,-0.20317084453198092,0.3035529671940155,0.5429760442188267,False
7334,3392672.0,-0.0010875674344003605,0.9987613084022796,0.9991103381814561,False
7335,3392974.0,-0.2356956491604816,0.09626698979478507,0.2855745700049658,False
7336,3392979.0,-0.3912963243855278,0.4163852256591815,0.6477473637553988,False
7337,3393145.0,-0.5018885506238596,0.28000813123819274,0.5195154578733283,False
7338,3394547.0,-0.05832689181609113,0.6841177841172381,0.8382547179808805,False
7339,3395155.0,-0.03822619365653716,0.9416229649647826,0.9709094152176377,False
7340,3395680.0,-0.47163371993092007,0.03696472937561311,0.1642456559035122,False
7341,3396211.0,0.8668938368376422,0.0032380910183872303,0.039098418247601095,False
7342,3396771.0,-0.4828576214619115,0.02482051105146831,0.1331817337932222,False
7343,3397114.0,-0.1837756806547905,0.2834726997466591,0.5236183144955829,False
7344,3397823.0,-0.5789362254789024,0.40828321856186084,0.6404500487700866,False
7345,3398108.0,-0.6217432980804204,0.25465805768311406,0.49024224692352564,False
7346,3399885.0,0.14062876228806168,0.3002345576029193,0.5406513143297427,False
7347,3399893.0,0.425081131539116,0.04591877048249389,0.18720078872400342,False
7348,3399994.0,-0.00925114199305229,0.9463161759827534,0.9726475068100716,False
7349,3400376.0,0.04599040885577026,0.7378211662556271,0.8689431224590248,False
7350,3400917.0,0.7128034192798476,0.01695877337457773,0.10531320651089317,False
7351,3402226.0,0.5031288561475132,0.05769015484881043,0.21505035401230677,False
7352,3402271.0,-0.5128580839813563,0.05491438510975142,0.20893643545963955,False
7353,3402730.0,-0.34114167865612577,0.008131042558377854,0.06868674472466273,False
7354,3402923.0,0.6593702678010831,0.34624381891840034,0.5846129498147823,False
7355,3403018.0,-0.3970405293235717,0.48981434335345003,0.7074154732705827,False
7356,3403050.0,0.14557450907255529,0.3372170503876694,0.5762966033476026,False
7357,3404065.0,-0.0062824594680186766,0.963924533705146,0.981336416230325,False
7358,3404120.0,-0.17672594897225757,0.19434351148855897,0.4165874441564588,False
7359,3404214.0,-0.5246164602349115,0.045973406697820705,0.18725753459844044,False
7360,3404243.0,0.16740841691212516,0.25814780361004996,0.4943013597084304,False
7361,3404548.0,-0.5636074724884977,0.0334571346886942,0.1549401400758825,False
7362,3404565.0,1.2299872699431271,0.002529097585521918,0.03387605252998912,False
7363,3405379.0,-0.7234070369357755,0.007769426752801117,0.066617004266711,False
7364,3405714.0,-1.1171604864385154,0.006500246341069554,0.06023103374872012,False
7365,3406219.0,1.1195892711671702,0.019558418515620585,0.1148224083218288,False
7366,3406314.0,-0.3869130568099476,0.12952994620779387,0.33380632433126567,False
7367,3406554.0,0.15384884338258842,0.302420000635735,0.542419557962826,False
7368,3407556.0,0.8468078890028938,0.0210896264827014,0.12079186929912357,False
7369,3407949.0,0.8787899182027641,0.016604927961991867,0.10394838121535278,False
7370,3408617.0,-0.3125738462367974,0.03229413135214426,0.15241425905544606,False
7371,3410225.0,1.088986912231979,0.0016552418131950037,0.026487337245687543,False
7372,3410235.0,-0.5198857751569504,0.2631698049383073,0.4998259827283324,False
7373,3410250.0,-0.3188809152775033,0.016348152959564818,0.10292407009019414,False
7374,3410284.0,-0.1543785551103711,0.6733966244445581,0.83216306447469,False
7375,3410556.0,-0.2505187126309209,0.08527650611115208,0.2677721285902208,False
7376,3410605.0,0.0938502665434828,0.5236573669898127,0.7321841019852641,False
7377,3412807.0,-1.0049745069883957,0.07975117052768313,0.25820026676262947,False
7378,3413036.0,0.745377572337524,0.013575967949213699,0.09239318626251705,False
7379,3413642.0,-0.4438665820004364,0.49428553555723703,0.7100041661044296,False
7380,3414189.0,-0.3766517193719314,0.5122564471597753,0.7249940950901707,False
7381,3415326.0,-0.07396645394825939,0.7340118151680026,0.8665250955572233,False
7382,3415341.0,-0.1324980052154826,0.3440677208852875,0.5829335274246598,False
7383,3416171.0,0.12892273631929735,0.35308094751705427,0.5921961812882609,False
7384,3416195.0,-0.15378455607774372,0.2669395316630926,0.5037601905776895,False
7385,3416325.0,0.23770915709269597,0.278693720912407,0.5185298042415265,False
7386,3416905.0,-0.3066554994053603,0.6615337311851787,0.8240703066347388,False
7387,3417075.0,0.02280831230261126,0.9740250607982017,0.9857395147272496,False
7388,3417146.0,0.1624440630419604,0.8166327530031317,0.9083408923706586,False
7389,3417306.0,-0.4134011580456004,0.5550239803177401,0.7547019048414216,False
7390,3417704.0,-0.2478935063886828,0.7027730326275393,0.8488863458125875,False
7391,3418014.0,0.7335290467498896,0.12721763710909662,0.3313213653597034,False
7392,3418390.0,0.18176068688214084,0.19321028715920077,0.4151679095334773,False
7393,3418624.0,0.13106707034957432,0.6779352867416991,0.8344671446374835,False
7394,3419828.0,0.525527571727818,0.0006889674890187999,0.016073786034173605,False
7395,3420155.0,-0.5188703122125421,0.10199912415161791,0.293683916808477,False
7396,3422126.0,0.023015209633605198,0.9129613819576493,0.9568596892102234,False
7397,3422205.0,-0.3782556928670889,0.09680256738797399,0.2863973477777208,False
7398,3423253.0,0.7693056928695579,0.02431001271987724,0.13145219781588724,False
7399,3423780.0,-0.16745694445911197,0.7281072658006226,0.863305157804096,False
7400,3423892.0,0.3361775535069559,0.10141782894045241,0.29302383102172236,False
7401,3424285.0,0.330218276163329,0.0983802049049849,0.28847031989292576,False
7402,3424678.0,-0.11362794633876043,0.758055362965772,0.8803563672829202,False
7403,3425493.0,-0.13656268772425662,0.7112568479646824,0.8526441838383906,False
7404,3426173.0,-0.4917439619285496,0.00012688849240860092,0.005763073577804866,False
7405,3426218.0,0.6209109760904105,0.06488604949648638,0.23062805084622126,False
7406,3426852.0,0.1326909081987765,0.7191722099890746,0.8571161988835534,False
7407,3426917.0,0.1061936654026771,0.7824486769419071,0.8929567708312145,False
7408,3427076.0,-0.06602685457819124,0.8489255893779061,0.923065312046042,False
7409,3427315.0,0.4624140892865037,0.0032661689399561514,0.03939362649247114,False
7410,3427355.0,0.933971790106781,0.0033594887031590504,0.039942223299881154,False
7411,3427613.0,0.20576231385569616,0.6692656661432634,0.8297976934306253,False
7412,3427680.0,0.28189810073057775,0.07895477272719806,0.2572414961609698,False
7413,3428015.0,-0.4695278325150808,0.0019339509297691961,0.028916029397582126,False
7414,3428230.0,-0.735954188094609,0.22614716623756337,0.45884625972126175,False
7415,3428557.0,-0.14096742690123387,0.8063607732092554,0.9041469056075269,False
7416,3428683.0,0.2670979967148206,0.5149304240641329,0.7261305145878225,False
7417,3429689.0,0.47355809297024887,0.002295939978194491,0.03199284783478973,False
7418,3429931.0,-0.4660470292156224,0.0027918097313933015,0.03573713989890836,False
7419,3430711.0,0.2095211780404083,0.26490063354426324,0.5015692267788204,False
7420,3432198.0,-0.36799272881578515,0.005519393646805747,0.054459382076510666,False
7421,3432866.0,-0.3480200757964036,0.009428832947138723,0.07487196901330713,False
7422,3433253.0,-0.9456245802983068,0.11957408332378369,0.31950195031525563,False
7423,3433507.0,0.39669539304021123,0.5145298219048505,0.7261305145878225,False
7424,3434058.0,0.3765841081602378,0.004585646861159468,0.04874049483577721,False
7425,3435395.0,-0.49728191971623237,0.4137919976438954,0.6458248935189769,False
7426,3435619.0,-0.3505870409639991,0.0082370218509294,0.06899141372827056,False
7427,3435920.0,-0.23578823823648884,0.15464921800285494,0.3655881284063234,False
7428,3436301.0,-0.6070336201665414,0.017479014387019345,0.10755935440538264,False
7429,3437645.0,0.2408747037013599,0.43951339533617084,0.6670746513386654,False
7430,3437798.0,-0.0028420801777301885,0.9960553763332781,0.9974336817433335,False
7431,3438579.0,0.060398992322157466,0.6740252944418545,0.8323713960371253,False
7432,3439006.0,0.4163571055017266,0.02810311651335329,0.14149319561801946,False
7433,3439014.0,0.15441312559677994,0.8255308699770949,0.9120750731400881,False
7434,3439298.0,-0.0651727280011931,0.6512879727230092,0.8167434084921749,False
7435,3439359.0,0.7346469159728897,0.25775149195938973,0.4939371960191082,False
7436,3439670.0,0.6704161450775541,0.07217501251338666,0.24514163068564437,False
7437,3440378.0,-0.5432449391003569,0.00016617426854964883,0.006983883395076171,False
7438,3441575.0,1.6056537577780063,0.0019269862240438352,0.028851635119994248,False
7439,3443225.0,-0.33844517965738274,0.6289797319562148,0.8040955117635981,False
7440,3443411.0,-0.5231068323817574,0.007037528579988771,0.06297804842191106,False
7441,3443482.0,0.38846299434880616,0.04221836469774948,0.1774948485490714,False
7442,3443923.0,0.5606391673355553,0.14404616726579517,0.3533593008702299,False
7443,3446788.0,0.3702428929188654,0.3665567280576037,0.6041863143200059,False
7444,3446965.0,-0.31079240608736614,0.12257739184677469,0.32476875481980455,False
7445,3447512.0,0.5812393561992925,0.12987993631120595,0.33392863776838955,False
7446,3447847.0,0.5904679146989743,0.0016329562968037004,0.02633839613938212,False
7447,3448133.0,-0.4926883454907787,0.28905817665185257,0.5297529136511665,False
7448,3448200.0,0.2831391883793851,0.16328800272804417,0.3762452281071788,False
7449,3448201.0,1.763280211377857,0.006314020479385135,0.05918712634173199,False
7450,3449393.0,1.1820455291558982,0.006088036723100412,0.05820218832776058,False
7451,3449397.0,-0.014706930775144778,0.9176512099251518,0.9592742569084671,False
7452,3449700.0,1.7760035286383267,0.005939820688452683,0.05731266984280345,False
7453,3451416.0,-0.34646560797897147,0.285482473998596,0.5259525212584453,False
7454,3451478.0,0.04332930786020961,0.9432584827239247,0.9714262576506133,False
7455,3451482.0,0.3087715911074994,0.25061085185435744,0.4854395387846301,False
7456,3451759.0,0.7474273019334821,0.04959600303390175,0.1971309457828647,False
7457,3451838.0,0.16529093306646525,0.45525862867970524,0.679663377020795,False
7458,3452813.0,-0.2848636006239144,0.6610879936203132,0.8236095685468265,False
7459,3454335.0,0.7478421475235544,0.007574108610908649,0.06557000252513162,False
7460,3456436.0,-0.4072246497336727,0.0269316274132703,0.13855109742703747,False
7461,3456764.0,-1.441227075962336,0.03893207656812976,0.1692461718650575,False
7462,3456828.0,-1.3092951591738307,0.015393638440208956,0.0991963180088031,False
7463,3457147.0,0.4609251768540524,0.0006842109450302052,0.016067424495312416,False
7464,3458287.0,0.47808434387632354,0.28770836450162335,0.5278138071091975,False
7465,3458408.0,0.017392695253369228,0.9801918005949872,0.9888459103586047,False
7466,3459852.0,-0.33151729536880425,0.447618719036112,0.6741919238430686,False
7467,3459978.0,-0.16747406078788324,0.7592775547804342,0.8811158709794328,False
7468,3460594.0,-0.08304818743258957,0.7870893149935314,0.8950193289602749,False
7469,3461293.0,-0.008103507280774025,0.9907719878868569,0.9943444830354874,False
7470,3461509.0,-0.9041948739690521,0.19615978216625973,0.41907389006391443,False
7471,3461768.0,0.4941940509424774,0.005014854606686034,0.05145202906954338,False
7472,3462111.0,0.1581098763153565,0.47593844206025443,0.6957058697231433,False
7473,3463865.0,-0.06605052888394553,0.8139960967131736,0.9071507410540004,False
7474,3464256.0,0.2237977882575245,0.4164864995994301,0.6477473637553988,False
7475,3464711.0,-0.07823678932271792,0.7831161496551889,0.8931210132913507,False
7476,3464900.0,0.48383647574245014,0.0008954036462725532,0.0186199359775643,False
7477,3465182.0,0.4971706750479721,5.6692151538690496e-05,0.003308566155658523,False
7478,3465344.0,0.14300055537495912,0.6035559432873506,0.7857823345888688,False
7479,3465669.0,0.12293196474475863,0.5725384332244542,0.7655709155766752,False
7480,3465922.0,0.07310726857924849,0.6747908849622393,0.8327484147641094,False
7481,3466064.0,0.03140530588564715,0.8571114299762694,0.9276257589703798,False
7482,3466114.0,-0.5404241000033952,1.715892470757597e-05,0.0016056907560408377,False
7483,3466252.0,1.0216938965722566,0.01484328125933677,0.09729144876727856,False
7484,3466505.0,0.10708488135690147,0.6243150958349454,0.8008724681975478,False
7485,3467133.0,1.135066544810917,0.0179645099883929,0.10906306259731818,False
7486,3467189.0,-0.031350220517756475,0.8602339466861333,0.9290381030632684,False
7487,3468716.0,-0.06735645037480638,0.7059868358988198,0.8499874782255644,False
7488,3469689.0,0.11069432704998713,0.5388278468194317,0.7431045962679369,False
7489,3470733.0,-0.03693696761738258,0.8014461214749125,0.9019736590202272,False
7490,3470754.0,0.1969852900242109,0.24708150140183607,0.4814202960960131,False
7491,3470772.0,0.9782748957517637,0.020563479538499164,0.11860604165271436,False
7492,3470983.0,0.9741758078279935,0.021117830744081967,0.1208403019119714,False
7493,3472546.0,0.5368357794765525,0.0003456566783518196,0.010812977647000005,False
7494,3473104.0,0.30658365777727903,0.1563904261141628,0.3671319367364267,False
7495,3473145.0,0.9667464817630411,0.022144048483547327,0.12415520545972841,False
7496,3474123.0,-0.28228446942892016,0.5304267248999543,0.7369489439125821,False
7497,3475643.0,0.5472452075961822,7.309414354157561e-05,0.0041759838323358065,False
7498,3475919.0,-0.24043530667314866,0.40164749724125076,0.6337961306227325,False
7499,3475964.0,2.4061984918824955,0.00017849674858111633,0.007195300897604854,False
7500,3476113.0,-0.010382461099213036,0.9881765280668375,0.9925655789919053,False
7501,3476658.0,-0.6481102443035569,0.036725923890600184,0.16372069972585832,False
7502,3476815.0,-0.21222582718248378,0.5981270855404379,0.782240665308593,False
7503,3477388.0,0.31708593434056165,0.5811797329965175,0.7720849347298002,False
7504,3477426.0,-0.48979570429344627,0.0005540923174066222,0.014152169659879726,False
7505,3478120.0,0.611308464075958,0.262706916030467,0.49955223995633813,False
7506,3478978.0,-0.5287748903496321,0.38483802733205696,0.6206235012166808,False
7507,3479090.0,0.483796119818638,0.456278052092416,0.6802435798873222,False
7508,3479819.0,-0.28497278532973663,0.20101934172556143,0.4260144257498406,False
7509,3479835.0,-0.34111958512616636,0.39680537999315796,0.6306041214697389,False
7510,3479973.0,0.09789590611186436,0.7184210873319384,0.8567854211149409,False
7511,3481486.0,-0.29446671573898836,0.4761273245269005,0.6958882600968769,False
7512,3481895.0,0.02739873453231101,0.8632579800094042,0.9306903380834739,False
7513,3482795.0,0.3615130541645438,0.00703011005982992,0.06296356823387275,False
7514,3483621.0,0.04707541435513789,0.767417312436354,0.8851678808305836,False
7515,3483627.0,0.04368276258378495,0.857629742100776,0.9278915042120156,False
7516,3484884.0,0.285899916843826,0.046885630506006984,0.18972666011297198,False
7517,3484984.0,-0.28202383409516596,0.40282518167033926,0.6350336163541747,False
7518,3485168.0,-0.26546375536878936,0.5430419819424854,0.7458648585546279,False
7519,3485600.0,0.27267059521842224,0.6970801699863074,0.8451926369500645,False
7520,3487369.0,0.7362011446143951,0.00987324025863129,0.07738196607035572,False
7521,3488607.0,0.6070613169235829,0.2441583621313474,0.4777107103344945,False
7522,3488613.0,0.010528171797529073,0.9880110412755407,0.9924911949885243,False
7523,3489483.0,0.3773994821528334,0.010311862477106288,0.0788832045024586,False
7524,3489506.0,-0.21414035259442332,0.6815559127147857,0.8366266462194955,False
7525,3489642.0,0.1987257269230706,0.3555349059209492,0.5946864111727383,False
7526,3490034.0,0.655064398301217,0.040080304729426454,0.1723056268665046,False
7527,3490347.0,-0.47946521265501973,0.0022082742945329823,0.03187050152513414,False
7528,3492605.0,-0.07705895975556329,0.8152415460287558,0.9074104376668424,False
7529,3492870.0,-0.30803850999465676,0.48028705031063706,0.699079367839825,False
7530,3493117.0,0.3456113658390454,0.20039807054823117,0.4252192197626349,False
7531,3493158.0,0.3778341588852179,0.1615784381021596,0.3737350362045429,False
7532,3493407.0,-0.09093292930986292,0.7484111283828047,0.8750377025061705,False
7533,3494216.0,-0.30175616079549683,0.07523048256591734,0.2504990454763904,False
7534,3494431.0,0.3604807245574067,0.033566079277716945,0.15497527270874492,False
7535,3494661.0,0.7148046084053894,0.05516723258987763,0.20974769708776747,False
7536,3495180.0,0.9815370329526835,0.034091802431548066,0.1564101924744101,False
7537,3496372.0,-0.08761251043445736,0.7702205290884636,0.8868152668392232,False
7538,3496899.0,0.7091717824860057,0.0017020012525429964,0.02673693718719859,False
7539,3497372.0,-0.22752034448889286,0.4175717159701786,0.649017894738873,False
7540,3497621.0,-0.2038018156673658,0.5426513843943207,0.745441758744666,False
7541,3498016.0,1.5168972410408688,0.019008565291039003,0.11299998698479101,False
7542,3498266.0,-0.5497218581982449,0.36613068027399864,0.6038227492892858,False
7543,3500691.0,1.042247603399424,0.012937086683279825,0.08984777731734006,False
7544,3500811.0,-0.6756160780553115,0.00034165422722443533,0.010749729381221002,False
7545,3502544.0,-0.6301026693971825,0.005747748190096677,0.055906636741486944,False
7546,3502784.0,-0.9558367337009008,0.17174461691667095,0.38806990354505894,False
7547,3504378.0,-0.6383861203775519,0.01854442237600619,0.11142682481420899,False
7548,3505595.0,0.4177805198210806,0.005295750718611073,0.05319136548635383,False
7549,3506386.0,0.6178278476318982,0.00011667680780851397,0.005435737119147722,False
7550,3506664.0,0.05980946254578279,0.912848212147063,0.956842248612931,False
7551,3506934.0,-0.6299776010869457,0.019401452107909077,0.11420974112329339,False
7552,3507283.0,-0.5329420478536329,0.032240092031123664,0.15226786607551432,False
7553,3507459.0,-0.6137904812456128,0.2853722817985381,0.5258387572437838,False
7554,3507560.0,-0.9392713243546119,0.08288623290600704,0.26300206319634795,False
7555,3508310.0,0.8898500981679857,0.0008179157619655274,0.017857358351964097,False
7556,3509105.0,0.5320465018238884,0.029188435131543247,0.1447906493370454,False
7557,3509147.0,-0.13891129935753604,0.8306908274264745,0.9148892990781636,False
7558,3510112.0,-0.32353491176962046,0.5949999923241338,0.7798749866451227,False
7559,3510336.0,0.695141587236813,2.093505099433285e-05,0.0017943970051724522,False
7560,3511158.0,-0.2666062579082041,0.11261728377641728,0.3093306876632298,False
7561,3511306.0,-0.9315467390839896,0.012254670951236309,0.0870578882039726,False
7562,3512692.0,0.6487034484544084,0.046652628074015955,0.18896055139680717,False
7563,3512815.0,-0.09564639890466137,0.8913987197016013,0.9453964926586109,False
7564,3512835.0,0.7054089233658938,1.6505794412132948e-05,0.0015719243144312362,False
7565,3513292.0,0.5204395641994286,0.3621362169669565,0.6009433051348629,False
7566,3513639.0,0.7256228278373399,1.1224266696806259e-05,0.0012762365824710372,False
7567,3513680.0,-0.5558188382703917,0.08204805716493428,0.26175396154101055,False
7568,3514022.0,-0.2107265967610868,0.25238616883021503,0.4874825378384314,False
7569,3514353.0,-0.448828194692916,0.2533125133910798,0.48857628515639145,False
7570,3514728.0,-0.6997624445000457,0.007541337652261063,0.06554140929967482,False
7571,3515898.0,1.0530467316651508,0.05324700266971278,0.2055463065361779,False
7572,3517158.0,0.7309577104514505,1.9458110533557825e-06,0.0004912041624227214,False
7573,3518472.0,-1.4325960363979722,0.0013214903298231992,0.023362829853796136,False
7574,3518684.0,0.15920911958530473,0.4647385120731434,0.6863587140889758,False
7575,3519928.0,-1.4622895514817082,0.0010427216846744906,0.020212042655609993,False
7576,3520874.0,-0.11311717322044537,0.8617900971976287,0.929791237643634,False
7577,3522142.0,0.6904059200148818,3.63604080694973e-06,0.0006141165393907439,False
7578,3522367.0,-0.16081269935289533,0.6897626706398132,0.8412961558259701,False
7579,3523938.0,0.18470648707946646,0.7615947258167219,0.8823898760529957,False
7580,3524945.0,-1.0773251219296278,0.0026745285808373355,0.0349428741761835,False
7581,3525007.0,0.5541806887496319,3.86764440160707e-05,0.0025756613484321927,False
7582,3525834.0,-1.0979187316934103,0.002225305038681391,0.031935615048344655,False
7583,3526152.0,-0.29256787525473127,0.4370152014172152,0.6650497702767239,False
7584,3526688.0,0.8848291287898822,0.00023512651795053326,0.008501201541035536,False
7585,3526951.0,-0.2571800060436012,0.46851743963413744,0.6897454672004014,False
7586,3526999.0,1.0595544327897841,0.002447331135045578,0.03324878532030007,False
7587,3527178.0,-0.9195571336723493,0.013451605410938617,0.09203360463118215,False
7588,3527361.0,0.5523023826188826,0.00018052524237222752,0.007195300897604854,False
7589,3527374.0,-0.2915880396925654,0.10695378045932796,0.3013444809632185,False
7590,3527630.0,0.9131818011852628,0.00014160515187046076,0.006198080336910691,False
7591,3527888.0,-0.8371317185825571,0.027726503038432375,0.14085000252562582,False
7592,3528836.0,-0.7894948540253932,0.07878935866250018,0.25714326166008405,False
7593,3529827.0,-1.0336979875958796,0.0064696340006670395,0.0601266070866787,False
7594,3530160.0,0.22271493866237627,0.6099616673708759,0.7912444908354275,False
7595,3530226.0,-0.15552787629613937,0.6792948751514083,0.8356057755596198,False
7596,3532741.0,0.538704785032122,9.277162900068126e-05,0.004767549866927013,False
7597,3533106.0,-0.22189837791282568,0.25106979952888037,0.4855171942477853,False
7598,3533159.0,0.8810492754897539,0.00022190059966479994,0.008244185020910464,False
7599,3533877.0,-0.6659440669182721,0.24625621339629314,0.48077539503898603,False
7600,3534061.0,-0.23026509108134488,0.23828461023563988,0.4715732806030758,False
7601,3534071.0,0.24994078441071416,0.08314147561346123,0.2634269462300413,False
7602,3534329.0,-0.2752810352462296,0.16249501137070482,0.37503008101838864,False
7603,3534906.0,0.513410600540166,0.00017903403090042662,0.007195300897604854,False
7604,3535692.0,-0.11858826479462813,0.4863330646606613,0.7051750879010182,False
7605,3535704.0,-0.15194762371439988,0.6862819706835774,0.8396892904226317,False
7606,3536351.0,-0.3905692786298803,0.015817126481799195,0.10087832430078159,False
7607,3538078.0,0.026453768842236408,0.9068959376525657,0.9540968904091983,False
7608,3538103.0,0.5417963190525348,0.08536324201464175,0.2678860919540145,False
7609,3539448.0,-0.5383971245956282,0.3761685636302182,0.6128061875312439,False
7610,3539697.0,0.3533610922795695,0.02381222263365375,0.12995559411177046,False
7611,3539915.0,0.866699446920342,0.0002809633060676583,0.009471604619144196,False
7612,3540180.0,0.6062788546465931,7.725336601819194e-05,0.0042567781123222,False
7613,3540469.0,0.26803717933667165,0.06536214244173344,0.23130619941383002,False
7614,3540524.0,0.549272776708212,0.10597930084577832,0.29989556846880455,False
7615,3540744.0,0.2811424754978921,0.05237371462449265,0.2034965186578497,False
7616,3540962.0,0.4695717619265455,0.0007656798623363667,0.017207981171141327,False
7617,3541389.0,0.26813554481690405,0.539027157613417,0.7432340481263053,False
7618,3541598.0,0.1637978042131553,0.5150138871455534,0.7261305145878225,False
7619,3541859.0,-0.1804175552916375,0.6153702918575885,0.7951249277602813,False
7620,3542223.0,-0.14232038535060743,0.7053154354382764,0.8497248016114232,False
7621,3542460.0,0.011909055453585837,0.9834756109734752,0.9901168333016087,False
7622,3542758.0,-0.18529908377188506,0.2893312792117211,0.53015531031365,False
7623,3542764.0,-0.1754079409893911,0.6413288180682027,0.8111171429054495,False
7624,3543447.0,-0.14678325596633296,0.7443444307138044,0.8728992602475191,False
7625,3544560.0,-0.4616850849442711,0.21035614387094945,0.43802339185097955,False
7626,3548115.0,-0.4030407702642538,0.012063813504508738,0.08633479675967369,False
7627,3548234.0,0.33032743018305766,0.6372215173629848,0.8086843895091442,False
7628,3550295.0,-0.646703419677948,4.538282748979505e-06,0.0007009644795415196,False
7629,3550729.0,1.3079148989806484,0.011753782207573367,0.08545700325734018,False
7630,3551422.0,0.154284669352327,0.5654932787106858,0.7619517099306848,False
7631,3551611.0,-0.3938919783796697,0.006877451747971378,0.062316142507703925,False
7632,3552879.0,-0.20392333093645768,0.19367543272984136,0.4158610022682238,False
7633,3552983.0,0.20138634453529802,0.19611645569422045,0.4190638044410951,False
7634,3553891.0,0.608038179034548,0.0016887006361630806,0.026609791954356237,False
7635,3554483.0,-0.5960306767489256,0.00637359263370871,0.059488691349018095,False
7636,3554518.0,-0.24517167772299042,0.1690752670307716,0.3846001725940959,False
7637,3554819.0,0.4366299098994851,0.4730209942081867,0.6933085190561527,False
7638,3554862.0,-0.15449880064517518,0.416515577983665,0.6477473637553988,False
7639,3554871.0,-0.03960643061338778,0.8591225603450848,0.9288243420486205,False
7640,3556625.0,-0.15067257050567018,0.4160555177314083,0.6475609754052043,False
7641,3558013.0,0.2938359136262332,0.6093514308158215,0.7905473624364459,False
7642,3558202.0,-0.12380338391374884,0.8597104647304767,0.9290381030632684,False
7643,3558765.0,-0.09077309493226676,0.6239581594487564,0.8008724681975478,False
7644,3558809.0,0.08633197084418948,0.8344755320539938,0.916719296884299,False
7645,3560141.0,-1.0212545509566762,0.14421655001122893,0.35338268213000773,False
7646,3560395.0,-0.15067539841633465,0.7727764557908896,0.8878586396708411,False
7647,3560795.0,0.1881457833839288,0.18623761119553867,0.4057012381151058,False
7648,3561815.0,0.34090571721580565,0.6264135661570084,0.8021819760109893,False
7649,3563198.0,-0.4859989308168668,0.4877101817379918,0.7062438399262008,False
7650,3563307.0,-0.751207254733592,0.21680459286190945,0.4465822763212891,False
7651,3563323.0,0.49293425260087154,0.0025703775680440055,0.03407300496765205,False
7652,3563956.0,0.06935494485648741,0.8049690427917106,0.9034419197456242,False
7653,3565093.0,-0.04150900366033475,0.7714633956687921,0.887101182201773,False
7654,3565134.0,1.7126539097538809,0.004625773733764552,0.04879764225462995,False
7655,3565274.0,-1.0536460016607374,0.028101219042231704,0.14149319561801946,False
7656,3565495.0,0.4824105069883051,0.2991723068803033,0.5397233490419964,False
7657,3565845.0,-0.13763453062652437,0.32817507447089433,0.5684283442447037,False
7658,3566259.0,0.4249406939409526,0.0067637432217655035,0.06154269293567857,False
7659,3566534.0,0.7287717035719642,0.2615650425930462,0.49812079602588005,False
7660,3566812.0,-1.2177588187654484,0.033509478429969174,0.15497289088207808,False
7661,3567128.0,-0.39941050783963117,0.5684051126975544,0.763249193304731,False
7662,3567413.0,-0.556408311142991,0.36036622548982966,0.5989550417534989,False
7663,3567450.0,-0.1495716048210004,0.27904483203499364,0.5186151474849203,False
7664,3570050.0,-0.6110856016610196,0.26288132090825755,0.4996403710269775,False
7665,3570323.0,-1.1376412521251997,0.06095677384657387,0.2218302876876463,False
7666,3570977.0,-0.27175315220752416,0.04846871967199301,0.19376038361768,False
7667,3571593.0,0.08550869550712534,0.6279767108218136,0.8031916102239645,False
7668,3572222.0,-0.08225107910273433,0.7931244671919013,0.8982201942793776,False
7669,3572374.0,0.3153795341963834,0.3658900027222856,0.6037929602983924,False
7670,3572405.0,-0.2720986139980428,0.6359729019560505,0.8078031653092591,False
7671,3572684.0,-0.1409352999044729,0.3150068696679078,0.5546471322376544,False
7672,3572896.0,0.09829994460559448,0.7540011000488825,0.8784675261383085,False
7673,3573045.0,-0.6282789487842285,0.0037920014592681055,0.04317437602051548,False
7674,3573085.0,-0.11493059241063372,0.4194600202749273,0.6503246791688715,False
7675,3574045.0,0.10494312765199089,0.8477369572361477,0.9226172719870046,False
7676,3574320.0,0.005139446708265716,0.98693480620892,0.9919260832513427,False
7677,3575069.0,-0.025648117007508353,0.9560203631603666,0.9781884288911095,False
7678,3575108.0,0.29893000781277923,0.31231166760326,0.5519607866872985,False
7679,3575463.0,-0.07639725758524832,0.5969929669337184,0.7814251363879794,False
7680,3575917.0,-0.2389320248097896,0.23108998424043614,0.4638752544704558,False
7681,3576531.0,-0.09814357955092928,0.8885814820174682,0.9440689035235018,False
7682,3577416.0,-0.0358064055843934,0.929194327065069,0.9649475080777937,False
7683,3577990.0,-0.09610320595272817,0.5943222508798603,0.7798749866451227,False
7684,3578525.0,0.17175574662877305,0.22483671404532762,0.4571460483986836,False
7685,3579590.0,0.007108045770284233,0.9901378585803189,0.9938918489818163,False
7686,3581101.0,0.7784981619590838,0.05092872842349996,0.19992767256187305,False
7687,3581893.0,0.9193964961898843,0.09173256084545892,0.2777564708444788,False
7688,3582064.0,-0.210834475571408,0.12920476736702208,0.3335357312173661,False
7689,3582110.0,-0.16482088772932119,0.43045192909185837,0.6595684437715515,False
7690,3582735.0,-0.022766341336891635,0.9110312386955652,0.9560392395100977,False
7691,3583129.0,-0.5248390592774641,0.14332666603956618,0.35231226446093544,False
7692,3583220.0,-0.31347438309355946,0.026398290709093542,0.1370413417729366,False
7693,3584114.0,0.15890215938812832,0.8067668846472368,0.9042050790432604,False
7694,3584991.0,0.17004906120742863,0.7935236281404621,0.8984671039736806,False
7695,3585372.0,-0.782813790187384,0.19779493854594735,0.4218200506711706,False
7696,3585532.0,-0.9402857246518802,0.05793209018079904,0.2153955717580738,False
7697,3586100.0,0.38989591178452465,0.05490523394620647,0.20893643545963955,False
7698,3587425.0,-0.33364832176675874,0.019727930585073588,0.11554100559971817,False
7699,3587705.0,0.28994032784376317,0.03827341747872029,0.16738837499254985,False
7700,3588661.0,-0.022349189815270537,0.9089170437279065,0.9550183437872833,False
7701,3589145.0,-0.008985282470003714,0.9632661515860849,0.9812876766338339,False
7702,3589216.0,0.32851089613519135,0.013655937118024307,0.09258913017873445,False
7703,3590139.0,0.3241494858866108,0.018523614050668623,0.11142682481420899,False
7704,3591046.0,-0.03720205461327997,0.8529809029497635,0.9251182988812207,False
7705,3592329.0,0.30232903658613663,0.030346233827863354,0.14791574683496037,False
7706,3592492.0,-0.2458559910564418,0.07567663126289545,0.25128638690136856,False
7707,3593204.0,-0.2820480153804649,0.04221941031356079,0.1774948485490714,False
7708,3593287.0,0.06971885240447613,0.9088526894290897,0.9550183437872833,False
7709,3594077.0,0.290249301624845,0.03257203645503466,0.15319300507773018,False
7710,3594879.0,-0.2642270176364665,0.05637641174696219,0.21229383307516464,False
7711,3594973.0,0.11629143394619995,0.7371562685004698,0.8686312738354972,False
7712,3594993.0,-0.28092870714468476,0.04362102657703739,0.1814553237788449,False
7713,3596009.0,0.9037102907904614,0.00013624305432236754,0.006061140797824999,False
7714,3596803.0,-0.7451587585744243,0.22042399822731448,0.45096943268563144,False
7715,3597082.0,0.25660781850250153,0.0558994401359381,0.21142453751763346,False
7716,3597413.0,0.23530893648172815,0.07683289950043391,0.2535789370864123,False
7717,3597498.0,0.24657018538670208,0.06532174021742218,0.23130619941383002,False
7718,3597914.0,-0.23060528406576597,0.08710604755651953,0.270617099664001,False
7719,3598334.0,-0.6202605184888992,0.23406177787923924,0.4667047389564919,False
7720,3599556.0,0.27632510704913466,0.038960280171294326,0.16930097728558843,False
7721,3599591.0,0.40392069013585163,0.3376717823532045,0.5763161689097558,False
7722,3600880.0,0.022870694728212626,0.9502058728315772,0.9748119033727219,False
7723,3601219.0,0.18156536845490806,0.7798347245436735,0.8914391254129714,False
7724,3601334.0,-0.052141428792944935,0.8605691502810837,0.9290381030632684,False
7725,3601370.0,-0.43323688050152803,0.38633016088699357,0.622074481170937,False
7726,3601763.0,0.3819730924663462,0.014143078409021795,0.09418596081590894,False
7727,3601857.0,0.04710838250252136,0.8537195251061581,0.9255093823057372,False
7728,3602022.0,-0.5366633844885679,0.37780108257411565,0.613826919875351,False
7729,3602928.0,-0.3365916449143468,0.3706775419633262,0.6075350623602456,False
7730,3603262.0,0.8729329022689539,0.0004205893549944156,0.01196295967254811,False
7731,3603965.0,-0.607139323609089,0.20713056878216413,0.4334242911481568,False
7732,3606010.0,0.07648839470486976,0.7629905088973974,0.8825635741207379,False
7733,3606074.0,0.0776953414559988,0.7611105085378669,0.8821513534495147,False
7734,3606229.0,0.12301979449749538,0.4331252645764307,0.6616344985895236,False
7735,3606255.0,0.3809449464258089,0.008716356115729424,0.07195136550284631,False
7736,3606773.0,0.304105431820668,0.018547253695530237,0.11142682481420899,False
7737,3606820.0,-0.4551683328612768,0.2829409990943311,0.5230457331691015,False
7738,3606910.0,-0.303870362784167,0.016102707349276435,0.10191213104489388,False
7739,3607181.0,0.07588992743722034,0.7629898946470243,0.8825635741207379,False
7740,3608003.0,0.10131979933074804,0.5682836725556659,0.763249193304731,False
7741,3608163.0,0.44405203359100315,0.0012070161856445236,0.021970290598546605,False
7742,3608389.0,0.46978882036262826,0.0006191904723700404,0.015206095653787334,False
7743,3608698.0,0.09812641843818354,0.6963468516145127,0.8446580706532055,False
7744,3609053.0,-0.1750780838124772,0.22342701160294326,0.455369923197512,False
7745,3609415.0,-0.1773190653416567,0.21222902439662303,0.44077222827533596,False
7746,3609518.0,-0.469374049003087,0.0008983926991107786,0.018646372368733274,False
7747,3610349.0,-0.6195015767907525,0.2808265842165012,0.5204242214542043,False
7748,3610507.0,-0.03765823847389127,0.8024731600042699,0.9023266286698394,False
7749,3610655.0,0.06328722715308036,0.8015569880621244,0.9019736590202272,False
7750,3611416.0,0.037677663055069505,0.8048451055249807,0.9034419197456242,False
7751,3611445.0,0.14987183075064273,0.3006543095863095,0.5410481648805354,False
7752,3611660.0,-0.13512402616923697,0.3520312588582248,0.5911663544099676,False
7753,3612681.0,0.18299848953196518,0.20824768275390249,0.4350192198518131,False
7754,3612961.0,0.08785875570524906,0.6216045081400495,0.799072434994783,False
7755,3614107.0,0.2049237479332584,0.21673166024660412,0.4465822763212891,False
7756,3614649.0,-0.27229136705650986,0.6358067482794522,0.8078031653092591,False
7757,3614867.0,-0.44011775565669586,0.22901094063132296,0.4619798848825517,False
7758,3614892.0,-0.048380867064302086,0.7470290510619848,0.8747573192316984,False
7759,3615948.0,0.16113555929911483,0.2650360274734851,0.5017380673569377,False
7760,3616792.0,0.9500246021856491,0.005754797622059931,0.055925092379105236,False
7761,3617591.0,-0.5530117175446894,0.4295993290457622,0.6587513373063637,False
7762,3618521.0,-0.09305339335302407,0.5341426497653649,0.7397446367954881,False
7763,3618652.0,0.18178731079781124,0.22972717224583267,0.46256510011658575,False
7764,3618788.0,-0.40530341242431167,0.288165904524463,0.5283852860832847,False
7765,3619844.0,-1.4192739812217088,0.004057720934885466,0.04497325745420198,False
7766,3619947.0,0.24390621145172547,0.1848493577251861,0.4041195579663634,False
7767,3620203.0,-0.408203234615816,0.004623084694591182,0.04879764225462995,False
7768,3620216.0,0.7891805997583944,0.0003834393208701649,0.011545031180702821,False
7769,3620381.0,0.2944672056854697,0.11057702157546635,0.30636415759559255,False
7770,3621854.0,0.6145308590844485,0.002643568977096452,0.03475901474134477,False
7771,3622282.0,-0.42991607827616785,0.02842406537686416,0.14254474378004245,False
7772,3622433.0,-0.028401905040430296,0.9481366536025887,0.973885633502659,False
7773,3623149.0,0.7434344442432292,0.12211241016895207,0.3241697755891354,False
7774,3624563.0,-0.7997503625140315,0.18836571949229847,0.4081627775326051,False
7775,3624730.0,0.47261977485757733,0.25891871570695,0.4956026554397712,False
7776,3625009.0,0.6728051199706266,0.06932237342879254,0.23948351908546495,False
7777,3625194.0,0.07366142859033406,0.7055338219183562,0.8497248016114232,False
7778,3625479.0,0.11775737895362914,0.5661705879944879,0.7622061133353331,False
7779,3625962.0,0.4433993577991689,0.0009744890519764684,0.01943229014869165,False
7780,3626096.0,-0.8889779043573548,0.07494155026537379,0.24992028513997927,False
7781,3626556.0,0.1823297373725381,0.398684798798741,0.6319689677220114,False
7782,3626568.0,0.7729660001528837,0.10777617904617812,0.30245874445353244,False
7783,3626636.0,-0.673768735798492,0.17775942724010121,0.396133776891454,False
7784,3627485.0,0.6726197333296093,0.17847027009036656,0.39668357514839536,False
7785,3628766.0,-0.752517336785614,0.11759865463916931,0.31675766652808507,False
7786,3629699.0,-0.767178849423886,0.11056047634758755,0.30636415759559255,False
7787,3630118.0,-0.6134013420826276,0.3447234082427259,0.5834653390107913,False
7788,3630217.0,0.14755522846943897,0.515214852450982,0.7261305145878225,False
7789,3630322.0,-0.6220486194214543,0.278981266829638,0.5186151474849203,False
7790,3630505.0,-0.3921326777071717,0.011164467882634808,0.08266732528376593,False
7791,3630763.0,0.8308862001697739,0.07328191707920582,0.2472723686337517,False
7792,3631278.0,-0.23867042289009008,0.11707332723455224,0.31612780331239493,False
7793,3632042.0,0.25907259013261635,0.5774893642882521,0.7694494826533895,False
7794,3632592.0,-0.3503187409295301,0.27717076234088706,0.5169568084553829,False
7795,3632650.0,0.3008254511789194,0.04542874341746339,0.18643818895900383,False
7796,3632677.0,0.2746530927251154,0.07451922516909586,0.24929206461194173,False
7797,3634879.0,-0.35985524198266805,0.02450129788405693,0.1319514465869307,False
7798,3635073.0,0.7069685471134399,0.276073972187962,0.5155312176329482,False
7799,3635810.0,0.04656557101266248,0.7269733961461161,0.8625121769689014,False
7800,3635868.0,-0.15336089122198726,0.8133794795125889,0.9066783990664565,False
7801,3636007.0,0.11344186339073428,0.861380235586525,0.9294515365101121,False
7802,3636075.0,-0.5410309467592817,0.3739499310730257,0.6104100002703299,False
7803,3636094.0,0.2174506756352384,0.7377919458795283,0.8689431224590248,False
7804,3636197.0,0.49129231902638626,0.00028644174032085515,0.009596682380194082,False
7805,3636297.0,-0.3522560065528207,0.22382019821062346,0.45582894025822096,False
7806,3636467.0,0.2563423980163596,0.2143551266668124,0.44348911658507295,False
7807,3636989.0,-0.39881406474661923,0.26634208637802687,0.5030411084967733,False
7808,3637031.0,0.05328609394905426,0.688282640268042,0.8405116503667,False
7809,3637216.0,-0.07120840209206197,0.5911764137116183,0.7786048409440818,False
7810,3637661.0,-0.6738732998494534,0.00026800857015818594,0.009294674214271912,False
7811,3637755.0,-0.6254920494281171,0.0004464648449533945,0.012374595091561223,False
7812,3638070.0,0.14647557226752245,0.45216776829982525,0.6780552387454576,False
7813,3639501.0,0.1665036320037907,0.2103248430496553,0.43802339185097955,False
7814,3639504.0,-0.12113389033253547,0.36149191188594976,0.60036638670777,False
7815,3639541.0,0.29292972125460415,0.15559334620130422,0.365893798313509,False
7816,3639882.0,-0.13018494583465023,0.33786778612142954,0.5763161689097558,False
7817,3640314.0,-0.09739386834221178,0.5900650212141757,0.7783638115542444,False
7818,3640536.0,-0.5196527995881176,0.07539012330669222,0.25072297441609803,False
7819,3641256.0,-0.7055488421258749,0.2459805279884459,0.48040997324839513,False
7820,3641328.0,0.20821723206435916,0.766246968268935,0.8849463603105957,False
7821,3642090.0,-0.6126038503129475,0.1571559570689529,0.3682467055173669,False
7822,3642205.0,-0.11902945230063859,0.8450533388563131,0.9210332537216227,False
7823,3642366.0,-0.28782707724414264,0.10198340198197087,0.293683916808477,False
7824,3643297.0,0.15055773935190872,0.7380076502719272,0.8690667551281385,False
7825,3643685.0,-0.23624173661921027,0.44500185179511115,0.6718352018408806,False
7826,3643720.0,0.4756281455638216,0.0039548105940307235,0.044236874044869735,False
7827,3643830.0,0.39799644055594574,0.015415186119937708,0.0991963180088031,False
7828,3645670.0,-0.2647330274198346,0.37977400194081223,0.6149234473549399,False
7829,3645977.0,-0.28385595871220515,0.3458483185717948,0.5842679699575241,False
7830,3646442.0,0.317630365376391,0.6017583897845171,0.7849646856125228,False
7831,3648042.0,1.1245791025026826,0.08271418778397063,0.26260968364872805,False
7832,3648488.0,-0.23964428790167802,0.09772168162601776,0.2878612901086629,False
7833,3649283.0,-0.29954349772573147,0.32014414802997254,0.5600695887990874,False
7834,3650160.0,0.17788627069347612,0.7101448541706823,0.8522027109410847,False
7835,3650525.0,0.18149219868449226,0.3389611276705726,0.577708123859957,False
7836,3650853.0,0.09083801761503096,0.5831921026107683,0.7728665942912819,False
7837,3651431.0,0.28280907853625104,0.3477158181429546,0.5860937362040524,False
7838,3651763.0,0.24363738780053512,0.09518065527550681,0.28362426208549124,False
7839,3652041.0,0.3213761747302163,0.6208634350553537,0.7985157094224957,False
7840,3652820.0,-0.06569870886805596,0.6447631293717885,0.8125225077640962,False
7841,3653308.0,0.22373295214142064,0.12379362977412614,0.32655646444669245,False
7842,3653838.0,0.23261439977205084,0.720301670310852,0.8575815924125951,False
7843,3654189.0,-0.329454803686815,0.28012196913243576,0.5195154578733283,False
7844,3654327.0,-0.04570121909582614,0.749309792774646,0.8756333082752484,False
7845,3654683.0,-0.8342684001637866,9.040039593042507e-05,0.00472748883058704,False
7846,3655568.0,0.2790581158941814,0.38401088916529214,0.6200265063051088,False
7847,3656245.0,-0.5299280421160368,0.10444199504250883,0.29694024520336126,False
7848,3656781.0,-0.33499366243710227,0.36977130439180034,0.6070838904328177,False
7849,3656847.0,0.568526287848306,0.04741046086677004,0.1912450957669226,False
7850,3657207.0,-0.0717461378193079,0.686294185594619,0.8396892904226317,False
7851,3657754.0,0.2047193841822087,0.4967450797807603,0.7113677890527906,False
7852,3657816.0,-0.21398410472216844,0.5752124215655301,0.7679552295709734,False
7853,3657914.0,-0.7171421781987356,0.21161971062513743,0.4399293773666045,False
7854,3659112.0,0.7534339284266776,0.11706397633609006,0.31612780331239493,False
7855,3659673.0,-0.4690741352819874,0.1368976220142509,0.34343048000108467,False
7856,3659820.0,0.24197795662376695,0.7095414875637323,0.8520736816306336,False
7857,3660142.0,-0.6773437191791242,0.14459414344731955,0.3539671723503017,False
7858,3661226.0,-0.37227417811685504,0.32949158623718333,0.5692553188929851,False
7859,3661442.0,-0.24453904589765918,0.5220056840853029,0.7316620132417095,False
7860,3662042.0,0.07454376260340695,0.678599080770421,0.8351692768438684,False
7861,3662096.0,-0.33009466620447125,0.376768805383094,0.61317677445725,False
7862,3662297.0,-0.20103036753251483,0.5549022408882609,0.7546308976249151,False
7863,3662668.0,0.08959290593220448,0.49293248325742306,0.709583781911012,False
7864,3663364.0,-0.680664644469559,0.21224949514469318,0.44077222827533596,False
7865,3664440.0,0.3565219386857196,0.5579859405027717,0.7572118244977606,False
7866,3664679.0,0.5942120516449407,0.008855531063051387,0.07243917836429752,False
7867,3665413.0,-0.2764026723150859,0.47903520438597325,0.6982579755082233,False
7868,3666308.0,0.6323647389117177,0.00010067529673886001,0.005036084544241131,False
7869,3666430.0,0.18233897376135974,0.6142677485877902,0.7946820118175618,False
7870,3667465.0,0.10920042932124954,0.6019388339971109,0.7849646856125228,False
7871,3667977.0,1.1797367190136443,0.00029916939848421265,0.009870771491021666,False
7872,3668102.0,0.09886597820633952,0.879049679928767,0.9398290432016908,False
7873,3668189.0,0.7628753774449857,0.11255456641238278,0.3093306876632298,False
7874,3668917.0,-0.6382648002384365,0.0002493546842934288,0.008933152138630922,False
7875,3669547.0,0.13025922805428836,0.8410917219151536,0.9194939503351617,False
7876,3670222.0,0.3631223575707549,0.01014207065246935,0.07829970667529697,False
7877,3670223.0,-0.17646751996796,0.6322863570431595,0.8057228137697423,False
7878,3670640.0,-0.06412058292070558,0.6669647798770872,0.8281746380194214,False
7879,3672016.0,0.7459357608767286,0.12073954412893471,0.3215475347202125,False
7880,3672513.0,0.06654525280136095,0.9184193138114557,0.959447346895625,False
7881,3672716.0,-0.09446620541253709,0.5147518890788799,0.7261305145878225,False
7882,3672794.0,0.06211180535031979,0.6680726038689909,0.8286970763338929,False
7883,3673016.0,-0.08604564803576645,0.5552730438334154,0.7549460033581818,False
7884,3673413.0,-0.6365519321988987,0.3267944452656339,0.5672135758488097,False
7885,3673733.0,0.7879632745664099,0.00090153719208143,0.01867592790084718,False
7886,3674208.0,0.7041642100782132,0.27790777541344325,0.517550540903567,False
7887,3675849.0,0.0772522605861472,0.8990197103028313,0.9495540077913573,False
7888,3676075.0,-0.4585644540281179,0.12576005507420582,0.3294221519861255,False
7889,3676804.0,-0.9264149253246334,0.10627993637221166,0.3002781648413216,False
7890,3677137.0,-0.34711140497276216,0.060416805290291364,0.2210552124553464,False
7891,3678513.0,-0.056968905668451225,0.78642110411096,0.8949822874467654,False
7892,3678900.0,0.4285131076190268,0.015901093440362966,0.10111395240565518,False
7893,3679015.0,-0.3958992101270584,0.07900099479993791,0.2572414961609698,False
7894,3680113.0,-0.3720837765247422,0.10484591129115209,0.29785458441911955,False
7895,3680117.0,1.0409534266652807,0.0014560115096347126,0.024365065959978175,False
7896,3681102.0,-1.0555372983542175,0.1311092105962636,0.33571759889487984,False
7897,3681531.0,-0.20262954173738426,0.5682770979883864,0.763249193304731,False
7898,3681807.0,0.14372089058382975,0.47174458521316526,0.6922789607258225,False
7899,3682959.0,-0.5270232338737377,0.08166740464843579,0.26135014076025076,False
7900,3683467.0,-0.24184529312833797,0.7096820042029072,0.8520736816306336,False
7901,3683917.0,-0.15240139424830026,0.743144225349819,0.871901271743654,False
7902,3684114.0,0.05464495333521814,0.794521193564006,0.8986691211980082,False
7903,3684211.0,0.10876165691424503,0.6058376149678546,0.7881552385517812,False
7904,3684645.0,0.07199925348101585,0.9181393923215783,0.9594150080526311,False
7905,3685736.0,-0.5072374325395697,0.08973971314308396,0.2747883176779059,False
7906,3686002.0,-0.070661724549543,0.9196635418609437,0.9599911286566539,False
7907,3686404.0,-0.2689764545603463,0.6062307157904117,0.7884776443691491,False
7908,3686417.0,-0.2717446351905557,0.38586989399197574,0.6217502594306715,False
7909,3686554.0,0.7061972619409592,0.24545636674369883,0.4796451594964628,False
7910,3687273.0,0.7870790040037954,0.08773350671414877,0.27147868169386685,False
7911,3687708.0,0.16678645392097052,0.45988958822919734,0.6830074538552383,False
7912,3688585.0,0.5510629435645119,0.023899447937277125,0.1300393520597209,False
7913,3688600.0,0.043558697514030506,0.84951414718226,0.9235329061255315,False
7914,3688758.0,-0.2570666450990102,0.4253466438034295,0.655657173883304,False
7915,3689305.0,0.04560374486000292,0.8384034241507196,0.917799861430991,False
7916,3689475.0,-0.22147378271451323,0.7001009677854483,0.8472236349287672,False
7917,3690436.0,0.08732586076147816,0.5950171869411874,0.7798749866451227,False
7918,3690507.0,-0.028380604321456393,0.9358815997852069,0.9682406141188635,False
7919,3691018.0,0.09403551055556993,0.6526493185209296,0.8175061565364287,False
7920,3691716.0,-0.10235445703190042,0.8838300225308897,0.9417908779874569,False
7921,3692037.0,0.10898522886749012,0.6089205737119577,0.790261187075605,False
7922,3692133.0,0.09358096760841729,0.6545658667092196,0.81889976954291,False
7923,3692242.0,0.09930131023159287,0.6582358900035702,0.8214705203482128,False
7924,3692578.0,-0.058085589475335354,0.7944461093786414,0.8986691211980082,False
7925,3692847.0,-0.5773145441046507,0.22722656324596,0.4597473148247709,False
7926,3693653.0,-0.1906861953988567,0.7031700386743529,0.8490054837328415,False
7927,3694979.0,-0.3164299165707511,0.13728222057857353,0.3440772349065841,False
7928,3695386.0,0.002216251454474627,0.9963299021156209,0.9975245422860234,False
7929,3695620.0,0.11682437003643319,0.6020377431886585,0.7849993636411878,False
7930,3696012.0,-0.19021538099093543,0.740721740969433,0.870470336497044,False
7931,3696366.0,0.4989297131285856,0.10829695830433882,0.30321472334113947,False
7932,3696382.0,-0.2290847737262426,0.2415439371812832,0.4750834280830925,False
7933,3696505.0,-0.08173523526374073,0.7138861383864008,0.8543808194249594,False
7934,3696513.0,-0.06928827698664802,0.7694807492936919,0.8862295526348039,False
7935,3696674.0,-0.2303730268947834,0.24250924612654529,0.4762007718349582,False
7936,3697899.0,0.06314576226395352,0.7896881796614494,0.8965657556976293,False
7937,3698159.0,-0.05646128358096228,0.811344816056403,0.9054021107102201,False
7938,3698330.0,-0.06948081388530598,0.7714036170442032,0.887101182201773,False
7939,3698648.0,0.1464874590862931,0.5583827782756635,0.757655632272791,False
7940,3698672.0,-0.1467113478490264,0.7157020452120897,0.8551748171983272,False
7941,3698979.0,-0.4104946506306545,0.39386433631663076,0.6283533959580179,False
7942,3699133.0,-0.10317428869110033,0.5463477607257475,0.7486247087450125,False
7943,3699726.0,-0.3730456832555725,0.16376913853550146,0.37647479856053967,False
7944,3699753.0,-0.13629996374336556,0.4281581472017162,0.6573450783583391,False
7945,3699989.0,0.1362931610292449,0.426267245506592,0.6563499804998133,False
7946,3699998.0,0.7503430471117809,0.11849489119393015,0.31783099676553295,False
7947,3700284.0,-0.1997485366870484,0.689947833492092,0.8412961558259701,False
7948,3700438.0,0.1363921017085705,0.43181266509311494,0.6605589740115223,False
7949,3700996.0,0.1389993374501498,0.4222809783141754,0.652971512763586,False
7950,3701289.0,-0.22455980850004392,0.6960966444267109,0.8446377235917669,False
7951,3702244.0,-0.06510224214929394,0.7220449830863888,0.8586145083986697,False
7952,3702349.0,-0.23225334957946434,0.6426709362551238,0.8113739256861328,False
7953,3702851.0,0.2965984583227224,0.33777762607347966,0.5763161689097558,False
7954,3702867.0,-0.40145881773456704,0.23036167772651844,0.4634133072775152,False
7955,3703323.0,-0.28675060545338416,0.3601490701256487,0.5987774783602261,False
7956,3703354.0,-0.2995437390560557,0.3331020808721297,0.5730671372860396,False
7957,3703520.0,0.3007253983126524,0.33119549824227335,0.5709954564663566,False
7958,3703873.0,-0.3073419987055368,0.4342316041762695,0.6626671881157776,False
7959,3703915.0,-0.5039970706170699,0.3338798167864749,0.5734384864012156,False
7960,3704271.0,0.3182633535317618,0.2663731268207695,0.5030411084967733,False
7961,3704534.0,-0.729417246046826,0.17850500575491593,0.39668357514839536,False
7962,3704549.0,-0.05402319777650107,0.7961198135396901,0.899080446856705,False
7963,3704790.0,-0.07084731382222943,0.7385672485234417,0.8692125773010007,False
7964,3705185.0,-0.08167694810784884,0.6959249973711802,0.8445770932214404,False
7965,3705458.0,-0.2107787126577737,0.673626052365132,0.8322570906468821,False
7966,3706697.0,-0.42501591021172447,0.04620425881801406,0.18763457892612892,False
7967,3706966.0,-0.3560236025245851,0.5835648508638241,0.7731739070736453,False
7968,3707420.0,-0.137793105006001,0.4093674458378661,0.6415018946975656,False
7969,3707439.0,0.16580473951912428,0.3204983616919169,0.5603172356524011,False
7970,3707572.0,0.1256464232563625,0.4556210100910437,0.6800330599124946,False
7971,3707789.0,0.502932177903183,0.10554762788503283,0.2990653878078912,False
7972,3707899.0,-0.0644218276573847,0.8861997919829043,0.9432926791502674,False
7973,3708033.0,-0.3983526924669468,0.0655049856350924,0.23153911399183588,False
7974,3708311.0,-0.13189159565749667,0.4235968073002727,0.6543536848220379,False
7975,3708452.0,0.05219258389135226,0.8286900419068096,0.9137982938742806,False
7976,3708526.0,-0.1121866281683585,0.5443712263927212,0.7469535662359991,False
7977,3708861.0,-0.05917045226945364,0.6725945562241188,0.831550558976402,False
7978,3709796.0,-0.13014603565022936,0.48010065103783656,0.699079367839825,False
7979,3710450.0,0.11213112430093172,0.49785481057785674,0.7122991918838322,False
7980,3710999.0,-0.045599235059696486,0.8924455320516166,0.9459521775627671,False
7981,3711534.0,-0.04525336835957927,0.8838345162651519,0.9417908779874569,False
7982,3712176.0,0.252762787272052,0.6779517041508951,0.8344671446374835,False
7983,3712650.0,0.1460055241337448,0.6247489198756064,0.8010127785645409,False
7984,3713565.0,-0.10413204168906928,0.72416165114281,0.860233436991332,False
7985,3715247.0,0.14454518515460685,0.39657862493692375,0.6306041214697389,False
7986,3715737.0,-0.20103016989058803,0.2607630433145934,0.49755367115132904,False
7987,3715782.0,0.15368425802495697,0.33416946697925165,0.5735941752150184,False
7988,3715858.0,-0.7726043242818401,0.017861734844752727,0.10864796920786529,False
7989,3716426.0,-0.35216019866496273,0.37029192316158466,0.6072816167394522,False
7990,3716462.0,0.4131672890974115,0.022235113154864622,0.1243493834601007,False
7991,3718815.0,0.1833717096159872,0.7140674268106559,0.854462472009022,False
7992,3718991.0,0.10167948586083937,0.7198728060807679,0.8574804466154653,False
7993,3719460.0,-0.4319347154100113,0.3698283989711098,0.6070838904328177,False
7994,3719541.0,-0.02425172863370284,0.9297320634387405,0.9652681278959461,False
7995,3720189.0,-0.2269360314567267,0.6502551741728119,0.8161082108504882,False
7996,3720474.0,0.45047138650774876,0.13469318185987297,0.340655752350634,False
7997,3720848.0,1.197875907206648,4.581967622791271e-05,0.002887823270608029,False
7998,3721146.0,0.25774303500012613,0.07352469357484126,0.2478190247724967,False
7999,3722071.0,-0.5453175546775437,0.34261626679704876,0.5818456232374031,False
8000,3722236.0,0.10169154110049557,0.7116146341990329,0.8528847139483827,False
8001,3722428.0,-0.284406405043883,0.48808950672605406,0.7062438399262008,False
8002,3723104.0,-0.521041478253824,0.3918366453692835,0.6268808821641226,False
8003,3723387.0,0.07009664570137922,0.7810819444043758,0.8921132687825651,False
8004,3724274.0,-0.21900426193262884,0.12469628579651923,0.32755342273718985,False
8005,3724558.0,0.21777250395621975,0.13008869642725795,0.334307007508969,False
8006,3724666.0,-0.015894748224649598,0.9574235175917971,0.9790282680737078,False
8007,3724738.0,-0.18440000466122797,0.20105683124057425,0.4260144257498406,False
8008,3725242.0,0.04807031353178867,0.8452727651481211,0.9210332537216227,False
8009,3725321.0,-0.4654621193011031,0.09338299319556628,0.2804571854695343,False
8010,3725664.0,0.25087769883001354,0.09580064224855402,0.28475245662871135,False
8011,3726459.0,-0.4393243580015634,0.361569679895372,0.6004036829224817,False
8012,3726494.0,-0.16127074926648832,0.26785233052725493,0.5047807374780126,False
8013,3727317.0,-0.5893646447970189,0.3640462784942597,0.602488542926542,False
8014,3728835.0,-0.06815101304255178,0.7559738752744306,0.879914390970719,False
8015,3728906.0,-0.4288766669369241,0.26098821729134286,0.49763342678684824,False
8016,3729814.0,-0.33066174686882427,0.4772140203832876,0.6967111687511787,False
8017,3730577.0,-0.03335624925121761,0.8946737413076842,0.9472584612189536,False
8018,3731325.0,-0.31718228428421347,0.031158810441009512,0.14980147033043328,False
8019,3732294.0,0.30373262752125507,0.039905359063174856,0.1718745304077781,False
8020,3732534.0,0.32941279205945256,0.029830911393095197,0.1465689869517432,False
8021,3732612.0,0.15055553136090122,0.7085546161982481,0.8516908279422596,False
8022,3732615.0,0.39811975708451985,0.01019368952615364,0.07836579306402107,False
8023,3732843.0,-0.45242093464124045,0.0024541786890188567,0.033258563881772396,False
8024,3732882.0,-0.42561622926559006,0.003888226874927498,0.04393182580819599,False
8025,3732928.0,0.4167560519452646,0.004597905731168665,0.04874049483577721,False
8026,3733402.0,0.05134280778598006,0.912086787870323,0.9566820062162873,False
8027,3733792.0,0.916110725508189,0.06649382918710457,0.23378845379925367,False
8028,3734261.0,-0.046265514870260635,0.9432349036337145,0.9714262576506133,False
8029,3735203.0,0.19850040440365227,0.6592152610042873,0.8220312071454955,False
8030,3735611.0,0.21333904529062542,0.30158393722854726,0.5418228465104072,False
8031,3736587.0,-0.4941748832780488,0.3433685896231433,0.5823302917291604,False
8032,3737527.0,-0.3647463174082709,0.32872595098201063,0.5690049340956084,False
8033,3738362.0,-0.35083348718716256,0.48322961547388227,0.7020921003545982,False
8034,3738791.0,-0.3107468985075754,0.034553950078234995,0.15778967801319216,False
8035,3739981.0,0.014173810054968414,0.9608712969855286,0.9810250121122943,False
8036,3740085.0,-0.29198243327099166,0.5596876753516933,0.7587406008522303,False
8037,3740934.0,-0.4922462768599268,0.4185640169465482,0.6499087975904421,False
8038,3741233.0,-0.17148895718911789,0.6680560591054338,0.8286970763338929,False
8039,3741606.0,-0.5738376292870753,0.3455417253854174,0.5841272459186866,False
8040,3741681.0,-0.4554108769055844,0.38266933453172003,0.6187502503076953,False
8041,3743402.0,-0.3373696095632051,0.0709843308617705,0.2430709500014255,False
8042,3743653.0,-0.33519945600169815,0.12445670706109557,0.3273509947051593,False
8043,3743663.0,-0.12925363605741658,0.37131698680609215,0.6079405568295823,False
8044,3743674.0,-0.06898320731303352,0.713203509434022,0.854107374233538,False
8045,3744806.0,-0.2903657113914575,0.18321515251964987,0.402413357226651,False
8046,3745324.0,-0.14307145698379187,0.7749998832947739,0.8891198510019251,False
8047,3745658.0,0.08200022375905616,0.875164938886715,0.9370936807437653,False
8048,3745965.0,0.19829664662869306,0.3297009050626786,0.5693451041131683,False
8049,3746338.0,-0.6437020896911858,0.10940625566167608,0.3049832833095773,False
8050,3746362.0,-0.0635504178315453,0.6610104610458881,0.8236075016819462,False
8051,3746895.0,-0.20116278813184038,0.18702454911190267,0.4067179173446424,False
8052,3747423.0,-0.29615809285817446,0.0329826018066648,0.15397934839761135,False
8053,3747949.0,0.4277393991327898,0.029589115819946065,0.14597973262958527,False
8054,3747971.0,1.0180886833775489,0.0012294997607965933,0.022133034665749618,False
8055,3749174.0,0.10353315707612264,0.5512290814722495,0.7516810484690829,False
8056,3749341.0,-1.0219704910447542,0.00900573918227731,0.07322644106638218,False
8057,3750320.0,-0.24531969541239781,0.5629359474760577,0.7601280892962565,False
8058,3750371.0,-0.03312426359195361,0.9622842321445858,0.9812568066297459,False
8059,3750659.0,-0.3097424476779164,0.2808996327499017,0.5204242214542043,False
8060,3750665.0,-0.11715992110316277,0.45922600601714225,0.6826677667197052,False
8061,3751002.0,0.023879680707733095,0.8826405180730792,0.9414427457682298,False
8062,3751547.0,0.09085588605719773,0.6142993212039582,0.7946820118175618,False
8063,3751830.0,-0.12666729637011287,0.800219095730771,0.9014506313986633,False
8064,3752338.0,-0.13358109729711146,0.7979900886001386,0.900365627164254,False
8065,3752414.0,-0.1166357816502056,0.4534378285703233,0.6788153892878567,False
8066,3752418.0,-0.12702513188247844,0.6812215251353799,0.8366266462194955,False
8067,3753094.0,0.3078129403364115,0.39433417694083867,0.6285774566903178,False
8068,3753160.0,-0.09987968116584194,0.5230036386506682,0.7320702124504196,False
8069,3753418.0,0.258748557877656,0.09427618092527593,0.2814543300175661,False
8070,3753602.0,-0.06316139610402169,0.6839489800555824,0.8382371207523255,False
8071,3753685.0,-0.10395015264952366,0.7367524538423026,0.8683239213377021,False
8072,3753928.0,-0.10690246046925382,0.7675208635375471,0.8851932611241047,False
8073,3754336.0,-0.6265300509369982,0.015379556690995538,0.0991963180088031,False
8074,3754567.0,-0.09237814802511932,0.5524542244736235,0.752608374273002,False
8075,3755085.0,-0.061314825092498595,0.6796900877417856,0.8356057755596198,False
8076,3755118.0,-0.2943761201097405,0.12241883642634953,0.324744982748784,False
8077,3755285.0,-0.07890689192153587,0.9033408766386922,0.9520160403799033,False
8078,3756545.0,-0.13816788962379242,0.7824847975768319,0.8929567708312145,False
8079,3756765.0,0.03841875797868527,0.9439491863618311,0.9716598121242225,False
8080,3756777.0,-0.10845012104762405,0.4809742680926902,0.6994876313164727,False
8081,3756910.0,0.14694535313948004,0.3476859763858948,0.5860937362040524,False
8082,3757089.0,0.1469570336036533,0.33775379884536916,0.5763161689097558,False
8083,3757569.0,-0.5748445986661602,0.3448116213499978,0.5834653390107913,False
8084,3757876.0,-0.12667714808169633,0.3986743897700534,0.6319689677220114,False
8085,3757950.0,-0.0751386061763879,0.8807201839984385,0.940471845173581,False
8086,3758172.0,-0.5842711812934906,0.18024554539336746,0.39868062772960056,False
8087,3759809.0,-0.7842166936285546,0.09103364659511766,0.27652004329577184,False
8088,3760109.0,-0.09301623508995308,0.5945726451902829,0.7798749866451227,False
8089,3760237.0,-0.11916923274445584,0.4989037932146959,0.7131420431058104,False
8090,3760653.0,-0.22230145603932489,0.22634795677320338,0.4590820386347389,False
8091,3760869.0,0.22422466352401266,0.23368423661692636,0.4666376726410477,False
8092,3761121.0,-0.0896684038217305,0.6347798217114123,0.8072311284230499,False
8093,3761272.0,0.1895164866831841,0.30254341326191436,0.5424414345030409,False
8094,3761288.0,0.5165785538967405,0.18826527255337736,0.4081627775326051,False
8095,3761336.0,-0.2077114562824847,0.2583999758248471,0.4946969554812548,False
8096,3761401.0,0.6117653735689443,0.07486158963754587,0.24978440193858614,False
8097,3762297.0,0.2154522057182494,0.2413369006685801,0.47500203028043825,False
8098,3762582.0,0.00992193755010076,0.9753149324387068,0.986134079271566,False
8099,3762875.0,-0.048124486672867256,0.7755248509372045,0.8891668527990103,False
8100,3764776.0,-0.24628847393069228,0.11050785680204654,0.30636415759559255,False
8101,3765520.0,-0.20045973473361314,0.7136556576476502,0.8542933572745084,False
8102,3767477.0,0.12471074718913339,0.5393270207892786,0.743415214053031,False
8103,3767580.0,-0.26559480449627315,0.07980125663898366,0.25820026676262947,False
8104,3768162.0,1.0205401892927959,0.04982029147547525,0.197684072127157,False
8105,3769012.0,-0.29644352535690444,0.2569946313948386,0.4932243146730857,False
8106,3769369.0,-0.29419136564873477,0.05631384654376074,0.21217868942468687,False
8107,3769570.0,-0.10247588317437376,0.8144568325101559,0.907221005595979,False
8108,3769679.0,-0.07978275038983243,0.5823031097919571,0.7721598163683966,False
8109,3770463.0,-0.1627263284080479,0.7892343010884022,0.896477853796036,False
8110,3771322.0,0.25768419089981554,0.10074356940036748,0.29232062171638307,False
8111,3771396.0,-0.05377403948427371,0.8912688033672729,0.9453510709939171,False
8112,3772120.0,0.8791237766223025,0.0181179413445905,0.10962667407777585,False
8113,3772933.0,0.37360390419969447,0.20036917332410725,0.4252192197626349,False
8114,3772991.0,1.4358936462239984,0.012042679685791582,0.08633479675967369,False
8115,3773155.0,-0.09810868415127716,0.6129808366695197,0.7941359470815117,False
8116,3773377.0,-0.270792351465273,0.11843788500664709,0.31775660942836237,False
8117,3773797.0,-0.6884557461669005,0.3253371063025175,0.5655884511393061,False
8118,3773882.0,0.2879561028786702,0.09885027045890626,0.2893747019674925,False
8119,3773948.0,0.6669664629353517,0.024518292746737835,0.1319514465869307,False
8120,3773990.0,0.25223233081275975,0.14529957177615616,0.35455041153149097,False
8121,3774172.0,0.30301789385494976,0.07915960207786524,0.2574538912649792,False
8122,3774277.0,0.32718117946299535,0.057109176627370604,0.21391308222571012,False
8123,3774747.0,0.21519078361284047,0.1527774118496314,0.3638435290977948,False
8124,3775387.0,-0.2649573856243743,0.12909805926032863,0.33333954169145275,False
8125,3775421.0,0.1429482528241447,0.39734381597108126,0.630856680176406,False
8126,3775764.0,0.24571988024894492,0.1543467280587331,0.36524953460644205,False
8127,3775820.0,-0.27920333550147,0.11093108627519693,0.3069341145677662,False
8128,3775876.0,-0.27404784126504145,0.11717170474880398,0.3163007818575376,False
8129,3775915.0,-0.003431693703178862,0.980834535705484,0.9890347315451025,False
8130,3776262.0,0.2581558489769319,0.13643079595351731,0.3428005180497018,False
8131,3776267.0,-0.08117343369895998,0.810419131474838,0.9050320716858685,False
8132,3776415.0,-0.2928768922239309,0.0912661277304764,0.27696220758018486,False
8133,3776454.0,0.06711189394808277,0.9122173157324738,0.9566930492379855,False
8134,3776468.0,0.2807279196059395,0.10922923046256015,0.304802904028558,False
8135,3776967.0,-0.5387316525661199,0.024851838882641638,0.13328394815764574,False
8136,3777206.0,0.0799133269155848,0.5786640468739153,0.769967912333458,False
8137,3777288.0,0.5946338840642171,0.25425567667020865,0.48976290344317225,False
8138,3777427.0,-0.08089087290661612,0.5720437817548769,0.765381353091182,False
8139,3777702.0,-0.8532847646134856,0.1153199780176381,0.3135485160820802,False
8140,3777708.0,-0.12740455026944292,0.8342309988542196,0.916719296884299,False
8141,3777768.0,-0.13772217102138462,0.42073121775137007,0.6517220204026827,False
8142,3777772.0,-0.6390813797653507,0.10352488842242487,0.2958069924321483,False
8143,3777870.0,0.3403121289837332,0.600476422912831,0.7838109151898486,False
8144,3778116.0,-0.10035587767103514,0.4727864128969962,0.6930582730583246,False
8145,3778360.0,-0.01826442609763721,0.9621234936900396,0.9812568066297459,False
8146,3778476.0,0.1120317319539125,0.42509837722588006,0.655657173883304,False
8147,3779085.0,0.09290880262673981,0.4996393812610065,0.7137448646630074,False
8148,3779228.0,-0.07365186342664853,0.5960855782019835,0.7808794740304654,False
8149,3779342.0,-0.08266721322126058,0.5502614161271706,0.7514263016807695,False
8150,3780313.0,0.07034940618274264,0.6131591840509073,0.7941424576867671,False
8151,3780569.0,-0.09234748478512572,0.8951225333080509,0.9474497341848931,False
8152,3780790.0,0.18602769431570104,0.7101109218383789,0.8522027109410847,False
8153,3781421.0,0.2596298596739681,0.6696961030708124,0.8300469512255845,False
8154,3782213.0,0.4480921876793085,0.021482314455159312,0.12215323384534015,False
8155,3782451.0,0.7791897323140096,0.1747306451278717,0.3918489898521084,False
8156,3782487.0,0.9388459828403278,0.05998686975635782,0.22023688258087454,False
8157,3782740.0,-0.1715875760221674,0.7780180151571384,0.8901123054943864,False
8158,3783136.0,0.5187248601889509,0.2811110816786279,0.5206382514283409,False
8159,3783493.0,-0.4056247057515107,0.4369557884129514,0.6650497702767239,False
8160,3783502.0,-0.07001712218648196,0.6306476386981102,0.8052338344789838,False
8161,3784245.0,0.06108831140797554,0.7111806310607217,0.8526441838383906,False
8162,3785369.0,0.008787629428130272,0.9871717105955202,0.9919260832513427,False
8163,3785421.0,-0.08591738394288555,0.5624777630835792,0.759698409639449,False
8164,3785828.0,-0.789587537855561,0.1476841368594343,0.358151986300598,False
8165,3786015.0,0.08386086548910687,0.8569613922945202,0.9276257589703798,False
8166,3786592.0,-0.26370362341306425,0.38748363264889735,0.623038784239932,False
8167,3786793.0,-0.468319551703429,0.0479262682293048,0.19239631717052647,False
8168,3787267.0,0.18453132320159782,0.26474926001335186,0.5013700658487324,False
8169,3789420.0,-0.41168532740183394,0.5261684691846883,0.7340391637321413,False
8170,3790425.0,-0.2618910229197421,0.4448955201938871,0.6717681001119272,False
8171,3790525.0,0.17733478144991985,0.37261868697481876,0.6094283331492628,False
8172,3791125.0,0.03550294283570932,0.9457643739289147,0.9726454077686754,False
8173,3791936.0,0.2165237362439241,0.6919593323646085,0.8423192271901455,False
8174,3792279.0,0.5047516750105713,0.3331233197858047,0.5730671372860396,False
8175,3792639.0,-0.4077515185631371,0.17338709495408883,0.3902378013117632,False
8176,3792946.0,0.5698505824424206,0.1565682190013318,0.36739040580619475,False
8177,3793202.0,0.3643527430294157,0.13311987491233523,0.3381845280283774,False
8178,3793248.0,-1.0770681937794189,0.07610394810587422,0.2520928766216859,False
8179,3794008.0,0.1507733619630452,0.5016444367966905,0.7155077033545314,False
8180,3794547.0,-0.1950226337752633,0.7487028731906995,0.8751124893383271,False
8181,3795033.0,-0.7482076928833212,0.1509707305706451,0.36161515310510906,False
8182,3796803.0,-0.13248572636568723,0.7912783291943669,0.8975262553192114,False
8183,3797334.0,0.5463821145648421,0.2945696521410273,0.5347534495231618,False
8184,3797764.0,0.6670767977816505,0.34057663027203383,0.5794607087151924,False
8185,3797976.0,0.5857509292310548,0.023592482236783625,0.12921109721507884,False
8186,3798535.0,0.06861107792634455,0.6708148047207657,0.8307395685792694,False
8187,3799194.0,0.5386667156092089,0.30157863125676576,0.5418228465104072,False
8188,3799306.0,-0.5302604516843191,0.06168960497257094,0.22343699098340258,False
8189,3799403.0,-0.09822241219778649,0.547081038033668,0.7491566378018755,False
8190,3800073.0,-0.8004971263616363,0.14222002177642507,0.35121735237642937,False
8191,3800480.0,0.09061804958360037,0.566370751742312,0.7622061133353331,False
8192,3800614.0,0.1035595905738892,0.509138771032722,0.7220670707551865,False
8193,3800773.0,0.328998531366166,0.5470524538829391,0.7491566378018755,False
8194,3801281.0,-0.7149633022163362,0.16995047373906552,0.3858632906165146,False
8195,3801318.0,-0.04052073841265285,0.8370331629367718,0.9172461579759605,False
8196,3801338.0,-0.7678064445641675,0.14062405619732984,0.3494675206094358,False
8197,3801676.0,-0.8852724500648439,0.14515710854706632,0.35455041153149097,False
8198,3801918.0,0.5260540229596125,0.07311437525158658,0.2468656457415438,False
8199,3802287.0,0.1138612275833232,0.6103273473686271,0.7915401916561138,False
8200,3802539.0,0.9694635924781587,0.09104400135781562,0.27652004329577184,False
8201,3803063.0,1.4072551197704155,0.0066511398106278725,0.06098661153368317,False
8202,3803603.0,-0.14504208212042494,0.3974427672807895,0.6309215031928882,False
8203,3803704.0,-0.5020354284690426,0.09109256424351837,0.2765901496121376,False
8204,3803708.0,-0.05060658296835429,0.7818867355706554,0.8927506589480871,False
8205,3803865.0,0.5255677859980049,0.07674117823953001,0.2533532511527063,False
8206,3804030.0,0.03418586430080451,0.8612195412820655,0.9294515365101121,False
8207,3805413.0,-1.0435495805128296,0.002245158698661092,0.03194480851997798,False
8208,3805553.0,-0.5054987366548407,0.3545257594757623,0.5939770210077789,False
8209,3806149.0,0.7407467661034902,0.28982689518187293,0.5306242110303981,False
8210,3806446.0,0.27144709191063665,0.3898669411318377,0.6249270002932809,False
8211,3806815.0,-0.25303362062289314,0.0836653722198348,0.2647777304508183,False
8212,3806973.0,-0.14592372563432382,0.7170683920044929,0.8557837705690724,False
8213,3807304.0,1.0427202390700387,0.0022556694945079507,0.03194480851997798,False
8214,3807772.0,-0.5458435154387722,0.4356747277159121,0.6640338625886304,False
8215,3808461.0,1.052923947816481,0.0020376081377833136,0.030014758049417032,False
8216,3808835.0,-0.6693281644266732,0.06683949862850731,0.23424210774359538,False
8217,3808873.0,-0.19545322938150606,0.6361724525715431,0.8079620887637885,False
8218,3810259.0,-0.595698223556905,0.06017052382392859,0.22058461199214616,False
8219,3811446.0,-0.1079962122980325,0.45386370418272204,0.6789816026603428,False
8220,3811476.0,0.9701969923503486,0.012547509410599126,0.08815742048676603,False
8221,3812177.0,1.1067333043976262,0.0014444927932353694,0.024329355006011737,False
8222,3813548.0,-0.1341319330446785,0.716093945969102,0.8552080401519999,False
8223,3813818.0,-0.5329384876514288,0.32897413054868346,0.5690049340956084,False
8224,3814439.0,0.01213286855534991,0.9539600427523429,0.976724793819721,False
8225,3814566.0,1.025982671740267,0.00268804221985009,0.0349428741761835,False
8226,3814831.0,-0.7106128601293431,0.1927920844367452,0.41471835216298625,False
8227,3814861.0,0.8703481089304492,0.025262406843734403,0.13422585721426183,False
8228,3814959.0,1.0421395209281106,0.002266050632849457,0.03194480851997798,False
8229,3815397.0,-0.3628714630605615,0.1324007316697026,0.3372940488792822,False
8230,3815843.0,0.5134812867554347,0.3469956489910571,0.5853765020313035,False
8231,3815856.0,-0.05412811001787271,0.7034368728775777,0.8490434719090183,False
8232,3816351.0,-0.16459920195451072,0.7868964361399812,0.8950193289602749,False
8233,3816375.0,-0.050885708219125025,0.9159021878572756,0.9582764577533232,False
8234,3817553.0,-0.5885846001081837,0.01883266270776254,0.11238516251285523,False
8235,3817716.0,-0.7401625330466944,0.223519255145707,0.45538692090965643,False
8236,3817840.0,0.976960623386822,0.011921838320799877,0.08593064739195395,False
8237,3819992.0,-0.0015639361809586284,0.996662834158344,0.9976738348200687,False
8238,3820287.0,-0.8906574012367214,0.053158279042232165,0.20542296867334642,False
8239,3820994.0,-0.13425880056514639,0.4625109837985839,0.6848347019929697,False
8240,3822899.0,-0.750752115013104,0.053827721879555264,0.20632059357435467,False
8241,3823344.0,-0.6071733051263467,0.3181795033174437,0.5582764097003415,False
8242,3823450.0,-0.5087758443676373,0.1015418450410829,0.2932260515884424,False
8243,3823713.0,-0.10947253915059246,0.8489989935944434,0.923065312046042,False
8244,3823950.0,-0.05761614151372649,0.9344443695364044,0.9672350177665368,False
8245,3824104.0,-0.3962967661779484,0.09766119629251824,0.2878393390592684,False
8246,3824136.0,-0.7633181289095881,0.06212349564634654,0.22470861220962735,False
8247,3825502.0,-0.10268340246885546,0.6810237231445786,0.8366266462194955,False
8248,3825912.0,0.6298212373180159,0.248638804800534,0.4828218651359207,False
8249,3827158.0,0.03352464932087696,0.8721992822340973,0.9353993663007942,False
8250,3827736.0,0.05481774559372922,0.7347738176995084,0.866874343996693,False
8251,3828495.0,-0.15697097833927962,0.7848763416448735,0.8940951504412952,False
8252,3828570.0,-0.03465927058144687,0.8207551865276695,0.9100016422642813,False
8253,3828625.0,0.006938276598293113,0.9639788306093003,0.981336416230325,False
8254,3828679.0,-1.2636604667521094,0.05104181400963939,0.2001921098177508,False
8255,3829276.0,0.02065515474775252,0.8922719016622166,0.9458604973186876,False
8256,3829841.0,0.05555457788416357,0.7163684778574618,0.8553712272734296,False
8257,3830207.0,-0.43169311100132196,0.47537947696400257,0.695356989953409,False
8258,3830935.0,-1.2437041186597282,0.05480234968498112,0.20872965116858597,False
8259,3832791.0,2.0548608138118056,0.001422760258461058,0.02424499624112211,False
8260,3832983.0,-0.09795901781476556,0.5027921053772507,0.7165848958294216,False
8261,3834499.0,-1.2509750503702772,0.05338216271455329,0.20561194170918864,False
8262,3834722.0,1.225945654128334,0.05836735603304395,0.21635571816019056,False
8263,3835155.0,-0.4249728261881914,0.07209979331260911,0.24511220056635513,False
8264,3835636.0,0.1501071176148519,0.4521037647307616,0.6780552387454576,False
8265,3836344.0,-0.5644400545823992,0.32593223142790456,0.5665323254043081,False
8266,3837293.0,1.131778225211395,0.04827916816419826,0.19324128702889828,False
8267,3837303.0,-0.4798979483432789,0.08393731053041201,0.2652251354687467,False
8268,3839504.0,-0.1423809766982791,0.6565303305651387,0.8202850757694038,False
8269,3839855.0,0.25536515196502946,0.6380965292040361,0.8091590487901731,False
8270,3841398.0,0.23986419061678543,0.5487684157889928,0.7501870435403049,False
8271,3841652.0,0.4333149659849074,0.25607539545315894,0.49215623541856235,False
8272,3842806.0,-0.06439712055097094,0.867057449014755,0.9331656364321996,False
8273,3843405.0,0.001953250378446611,0.9943167247358018,0.9966120080338993,False
8274,3846664.0,0.008789103807877605,0.9812472558447458,0.9890900550232218,False
8275,3846890.0,0.10995647410296433,0.5530063351484342,0.7529015136129754,False
8276,3847195.0,-0.5152881334799615,0.20857823751321178,0.43540707080882957,False
8277,3848651.0,-1.7190203539084528,0.004464191693746264,0.04783692086437877,False
8278,3848654.0,0.5193726693602992,0.4238091868154665,0.6545886059877474,False
8279,3848714.0,0.038594922834713406,0.8057369211314596,0.9039142495744102,False
8280,3849335.0,-0.4705048693077888,0.38886891607540575,0.6242490511680758,False
8281,3850093.0,0.18554307290609767,0.7341887166908145,0.8665696035319175,False
8282,3850343.0,0.3660722963200871,0.03449588418220345,0.15771200220588744,False
8283,3850555.0,-0.07457833971647937,0.5923712193785234,0.7792986831170001,False
8284,3851174.0,-0.14110639553887275,0.8167118479537198,0.9083408923706586,False
8285,3851371.0,-0.7349366439108687,0.15832217315471966,0.37004808867610517,False
8286,3851809.0,-0.6990067082130048,0.20018192002269114,0.4250733063079641,False
8287,3851983.0,-0.34066675817172065,0.011278050529411108,0.08316796093529727,False
8288,3852072.0,-0.3341102829729008,0.5611241746903772,0.7590980703220395,False
8289,3853397.0,-0.9351737861925975,0.043624811443562936,0.1814553237788449,False
8290,3853466.0,-0.13370148891267963,0.8261569498131338,0.9124881654682099,False
8291,3853670.0,-0.2056584044655608,0.7354957398386115,0.8676164155561974,False
8292,3853872.0,0.015181798303235225,0.9778434165893795,0.9873944453095548,False
8293,3854016.0,-0.08822867241407885,0.8649031121372991,0.9317708696159569,False
8294,3854167.0,-0.5161744303808252,0.09417308229393913,0.28137869757795464,False
8295,3854507.0,-0.14655990004659233,0.7788623990135863,0.8906753278236825,False
8296,3854613.0,0.12365516098412786,0.5356571246920904,0.7410856600220037,False
8297,3855128.0,-0.697096544073942,0.20152664026095019,0.426427228076533,False
8298,3855224.0,-0.6818212641704122,0.15620721572511312,0.3668605207044792,False
8299,3855541.0,0.4864685463480858,0.2792352163285565,0.5187571920668289,False
8300,3857368.0,-0.7189287119430395,0.1875950278582587,0.4076764819622419,False
8301,3857662.0,-0.23878443547843453,0.10188337364216352,0.293683916808477,False
8302,3858133.0,-0.15965569726821421,0.265798602138279,0.502667382776952,False
8303,3858140.0,-0.46025397569101834,0.3991886358144422,0.6323982255933698,False
8304,3858655.0,1.481203806761477,0.02203425950983266,0.12388801194714066,False
8305,3859068.0,0.6597616170044799,0.1673616592097337,0.3817421329526496,False
8306,3859405.0,-1.218128395326241,0.08128366471395504,0.2607370509663067,False
8307,3860227.0,-0.9536923395866761,0.14142702735891696,0.35047782861518056,False
8308,3860337.0,0.02947916766466185,0.876333358103541,0.9379410966489783,False
8309,3860477.0,-0.2519268039196813,0.6447783401086987,0.8125225077640962,False
8310,3860898.0,0.3900436859053152,0.27696261068682126,0.5167461565839541,False
8311,3861160.0,-0.07176513226009143,0.918398930416019,0.959447346895625,False
8312,3861627.0,-0.5581246044406102,0.26442174558771664,0.5010120524270665,False
8313,3861901.0,-0.227184370947178,0.74567271533999,0.8737147873084231,False
8314,3863441.0,-0.444153645609851,0.41609744849850766,0.6475609754052043,False
8315,3864414.0,0.26188695016538466,0.32999868851219655,0.5695874962314984,False
8316,3864438.0,0.4081083856910815,0.25515950262180814,0.49091747624241894,False
8317,3864588.0,-0.6884983432600477,0.04067142723455487,0.1738143081224776,False
8318,3864713.0,-0.2735566246656725,0.17079125030339337,0.3868022350996359,False
8319,3864911.0,-0.048513457696880674,0.8859345940414498,0.9431569475568183,False
8320,3865158.0,-0.4713710243498681,0.3879952760119669,0.6235705275932589,False
8321,3865442.0,0.6655712262466168,0.16368766622678743,0.37647479856053967,False
8322,3865538.0,-0.9711424102923476,0.09044772473266377,0.27617722980958237,False
8323,3866393.0,0.28501992126693576,0.5514380793329073,0.7518036110473134,False
8324,3866730.0,-0.047637735534744215,0.9415493510160836,0.9709094152176377,False
8325,3867289.0,-0.5338150174523667,0.4457399198975098,0.6727623512913611,False
8326,3868359.0,0.5122862380411928,0.0723020948673613,0.2454156472123849,False
8327,3868442.0,0.48827193122332846,0.0004356272739672048,0.012250606370243543,False
8328,3868998.0,-0.6651925272853421,0.18329564629430703,0.402413357226651,False
8329,3869161.0,0.24262083267060378,0.317460788606885,0.5573405887639877,False
8330,3869577.0,-0.124075267532464,0.8384951068239686,0.917799861430991,False
8331,3869894.0,0.2255875334714731,0.14171017485621712,0.3505615196135453,False
8332,3870468.0,-0.2638704152460257,0.2839960817910159,0.5241927338618393,False
8333,3870483.0,-0.4550240030407732,0.5158899110576346,0.7266759036388027,False
8334,3871319.0,0.5301035743158804,0.18444563868563585,0.4038847401238817,False
8335,3872615.0,-0.4728651457593051,0.38649104238278514,0.622074481170937,False
8336,3874110.0,-0.05638971901660977,0.9308326932288815,0.9657066696931577,False
8337,3874466.0,-1.530394864847696,0.011502827175245386,0.08436701958600586,False
8338,3874674.0,0.03346365084488155,0.8943028132191215,0.9471800221907967,False
8339,3875958.0,0.5461419756342853,0.0399991798527761,0.17202499893101608,False
8340,3876340.0,-0.4916340993235828,0.41903319694121394,0.650172291709102,False
8341,3876909.0,0.45794753320498366,0.48078984560181764,0.6994402828858554,False
8342,3878341.0,-0.2500325720702793,0.631951538728159,0.8056176104397142,False
8343,3878663.0,-0.5215794432910918,0.202983678846608,0.4283413362908106,False
8344,3879798.0,0.04235939621133067,0.7604992422365522,0.8817794567910461,False
8345,3879994.0,-0.5585346935614941,0.389633147857366,0.6249270002932809,False
8346,3881115.0,-0.03512902381284088,0.7937271103414715,0.898500920242314,False
8347,3881315.0,0.13926864963401644,0.30224918927488104,0.5422504575625687,False
8348,3881503.0,0.13872161346574272,0.30413484023218035,0.543527114046809,False
8349,3882909.0,0.17343966714786796,0.7895281697181118,0.896477853796036,False
8350,3883834.0,-0.02377282913891482,0.9729328376522235,0.9853222895784388,False
8351,3883974.0,0.8965261699475356,0.0022554973267190693,0.03194480851997798,False
8352,3884384.0,-0.15899478957396534,0.4344728123279584,0.6626671881157776,False
8353,3884861.0,0.23030761964746976,0.22621798213778674,0.4589041667175622,False
8354,3889203.0,0.3177334681780628,0.09081522715869186,0.27647714427951237,False
8355,3889459.0,-0.563109192554967,0.15858850168494867,0.37032413762254357,False
8356,3889840.0,0.20995162890595623,0.24859232783453208,0.4828218651359207,False
8357,3889975.0,0.39619746538813666,0.5715622890397594,0.7653026578915243,False
8358,3890899.0,-0.24759970612949575,0.5076092930932198,0.7208397274368002,False
8359,3891319.0,0.19465139321104025,0.7217160765862038,0.8585284989783981,False
8360,3892206.0,0.4028611275676047,0.13579198718919214,0.34244571759301756,False
8361,3892577.0,-0.2793049059605553,0.4747398635409767,0.6949833066402296,False
8362,3892837.0,1.3201695043762927,0.04143512504887858,0.17562603764372392,False
8363,3892966.0,-0.5339365952183818,0.2856926637748165,0.5261181855018615,False
8364,3893630.0,1.5643429567812768,0.015548963850552783,0.09969521712802744,False
8365,3894403.0,0.13666242326287212,0.34890889156734806,0.5871947314672191,False
8366,3894587.0,-0.008471434369030934,0.9627254712673232,0.9812568066297459,False
8367,3895057.0,0.44570968534864197,0.10209216211417421,0.293683916808477,False
8368,3895538.0,1.322092924770625,0.04115444912996663,0.17487491871448269,False
8369,3895788.0,0.541507990908001,0.07745966841221316,0.25477218722815953,False
8370,3896136.0,-0.04287844575677441,0.9511919134286422,0.9753625751244956,False
8371,3896297.0,-0.15125006725416618,0.8158871181135319,0.9077956813368582,False
8372,3898905.0,1.2028339094591165,0.026120639057138666,0.1363826536629342,False
8373,3899268.0,-0.5930863326755504,0.0033500435647559265,0.03991736871067572,False
8374,3899686.0,-0.3894822659268957,0.17989358371213296,0.39843804350034756,False
8375,3901226.0,-0.500593119683501,0.47470927322816564,0.6949833066402296,False
8376,3901243.0,-0.13964402947615018,0.8298113193384292,0.9144773473521471,False
8377,3901361.0,-0.4052011650909557,0.39996300330994455,0.6326094129286679,False
8378,3902721.0,0.0243565443921005,0.9420154609268586,0.9709094152176377,False
8379,3902867.0,0.3217364979119721,0.5201522973841725,0.7298672683693371,False
8380,3903869.0,0.2173193888996383,0.32288530681599925,0.5628585202324831,False
8381,3904181.0,0.14826114553883757,0.49294991242661834,0.709583781911012,False
8382,3904475.0,0.34301454871937087,0.2376384442891779,0.47099040150241483,False
8383,3904612.0,0.29449988912011754,0.556162224622757,0.7555430172179352,False
8384,3904835.0,0.12932108196049108,0.6697730284204544,0.830047519523237,False
8385,3905666.0,-0.9744150367405116,0.034266655201239477,0.15701331456709774,False
8386,3905845.0,-0.6209244842492441,0.30734735003262503,0.5469271286236302,False
8387,3906716.0,0.02574042993219683,0.9146715165265622,0.9576349644961258,False
8388,3908043.0,-0.2878046890655642,0.45097088870287705,0.6770800825545962,False
8389,3908758.0,-0.2858473301664801,0.33671840340682635,0.5759218698640267,False
8390,3908995.0,-0.28520611894530046,0.33780508072200005,0.5763161689097558,False
8391,3908996.0,-0.9289287600830526,0.10531215817614258,0.29871008022002293,False
8392,3909253.0,0.05940346450547951,0.6759779212503703,0.8332170078164096,False
8393,3909640.0,-0.8255511272836544,0.17442354792519038,0.3914710761533961,False
8394,3909902.0,0.06716947999934711,0.6546671764249998,0.81889976954291,False
8395,3910025.0,-0.0004071132503799535,0.9994351936328978,0.9995272735291234,False
8396,3910263.0,-0.24308424021613673,0.7285962726030103,0.8637012710610109,False
8397,3910623.0,0.06248963897978249,0.6721184060868449,0.8313406219317117,False
8398,3910783.0,0.031412544885716376,0.8513948880361851,0.9241891509632789,False
8399,3911078.0,-0.36275953757393264,0.18398231398114087,0.4033686071160702,False
8400,3911083.0,0.11507837439419644,0.7043317748850924,0.849313643232357,False
8401,3912995.0,-0.42342456489243135,0.34319489348283505,0.5822396718527392,False
8402,3914469.0,-0.6556252228814493,0.17000244996824573,0.38590058435911906,False
8403,3914507.0,-0.1018819167541722,0.563141871370061,0.760311568870897,False
8404,3914757.0,-0.05809524623876719,0.7431130176276645,0.871901271743654,False
8405,3915193.0,0.5728082764287198,0.3187209107996753,0.5586859740580944,False
8406,3915211.0,-0.20064743820223638,0.2660003098930372,0.5027743973339577,False
8407,3915441.0,-0.14181381040543406,0.5120738605838958,0.7249037241312193,False
8408,3915458.0,0.008230091937514006,0.9868810789043425,0.9919260832513427,False
8409,3916034.0,-0.10867280172515083,0.4925685490386714,0.7095271290394936,False
8410,3916097.0,0.1961187788416701,0.27029789691995154,0.5083305043427017,False
8411,3916236.0,-0.1840522032785974,0.29156702876146484,0.5321944000682194,False
8412,3916345.0,-0.21454285458149608,0.22151978137247788,0.452550815985914,False
8413,3917276.0,-0.12617061492046208,0.45396751975372673,0.6790259873067876,False
8414,3918541.0,-0.2496730136821304,0.7214745820974142,0.858446408929895,False
8415,3918689.0,-0.8206492929894338,0.1771739479065346,0.3952369922986915,False
8416,3918717.0,0.153062741854761,0.32114439775839365,0.5609107564907383,False
8417,3918899.0,0.14543849512090573,0.33491442417278044,0.5744669285138345,False
8418,3919361.0,-0.07715130804673524,0.7681988410799616,0.885598812651124,False
8419,3919461.0,-0.22406665504045067,0.18969397949539885,0.41051199111294945,False
8420,3919816.0,0.09314462943064145,0.6813321994354633,0.8366266462194955,False
8421,3920943.0,0.6325119036176498,7.484254094442186e-05,0.0042082385595589075,False
8422,3921131.0,0.14694332842141702,0.5399953495542171,0.7439585631946982,False
8423,3921960.0,-0.22389232622872152,0.23784653245655932,0.4712217758379178,False
8424,3922411.0,-0.4027561725813054,0.2944372449442471,0.5346464191819676,False
8425,3922571.0,0.4038966241031029,0.11303537352207321,0.31000479524560504,False
8426,3923396.0,-1.2226831118812755,0.08014627633161342,0.25884791121084905,False
8427,3924645.0,0.4589210723936681,0.35890186005373115,0.5977817940268653,False
8428,3924670.0,0.11732915313936618,0.6484534481279887,0.8150720448621257,False
8429,3925292.0,-0.584390600700927,0.19058811269279222,0.4111455332427425,False
8430,3925559.0,-0.21118439515638435,0.42259810705802237,0.6533688152848359,False
8431,3926228.0,-0.41556057081075987,0.29040198059510847,0.5309752048883748,False
8432,3927771.0,-0.6111079302640193,0.2411454301894567,0.4747249990399986,False
8433,3927830.0,1.4359137850685804,0.0004057233835578917,0.011759801509773177,False
8434,3928147.0,0.02354652945417246,0.9166122647518644,0.9587421597496134,False
8435,3928272.0,-0.2891847183545686,0.45189458143257044,0.6779980209330411,False
8436,3928568.0,-0.42056614012893434,0.03675950705779747,0.1637359249537922,False
8437,3928939.0,-0.15663358641239805,0.8094724221251166,0.904866029785586,False
8438,3929352.0,-0.09308643647968047,0.5609666804252244,0.7590742104233121,False
8439,3930408.0,0.014244055848700529,0.9605373825140342,0.9808201577891309,False
8440,3930723.0,0.21980490974400402,0.36900267209231796,0.6063993174730312,False
8441,3931313.0,-0.15679257199695132,0.2404077934132979,0.47378841639458036,False
8442,3931352.0,-0.09124213474579743,0.8808638645674618,0.940471845173581,False
8443,3931496.0,0.02610796302270585,0.9065414175263248,0.9539997176198018,False
8444,3931934.0,0.23964245611077042,0.3340088913144975,0.5734384864012156,False
8445,3932030.0,-0.680236017210712,0.19192539609389186,0.41319916195938045,False
8446,3932377.0,-0.0010892278328906088,0.9969792678769022,0.9978985664180519,False
8447,3932466.0,1.0133800687168093,0.1472601763613675,0.3578484921429694,False
8448,3932592.0,-0.9949403655901733,0.15478977781257136,0.3655881284063234,False
8449,3932742.0,-0.20236295388142223,0.13320604068817007,0.3381845280283774,False
8450,3933480.0,0.16198775130506995,0.4973259063895567,0.7116362659977113,False
8451,3933491.0,-0.17164392364205378,0.20144760711079238,0.4263456795723797,False
8452,3934057.0,-0.04282307714948598,0.8830183442461843,0.941568185343058,False
8453,3934530.0,-0.521233293421828,0.3399299412666524,0.5789048497724367,False
8454,3935906.0,-0.125871990721309,0.3536010270664329,0.5927936909353095,False
8455,3936841.0,1.845652096090804,0.008040326756061486,0.06829244674260362,False
8456,3937763.0,-1.2178123410115131,0.08134152997632539,0.2607685492891353,False
8457,3938290.0,0.09212623943204129,0.6188924449466414,0.7975872598712802,False
8458,3938683.0,0.36529619595153184,0.275055816622888,0.5142840856331198,False
8459,3938983.0,0.3396259307239464,0.23922586796564585,0.47273611818931427,False
8460,3939816.0,-0.7511931800230557,0.19081173680727812,0.4113005571342485,False
8461,3941871.0,-0.05546484556232156,0.7585036027019597,0.8804626802777695,False
8462,3942227.0,0.6724923648286796,0.057535548166961006,0.2148782252906906,False
8463,3942324.0,1.0628936206558515,0.1010743719573122,0.29273273948682604,False
8464,3942330.0,-0.33734187470273047,0.013098924169126664,0.0906105721820411,False
8465,3942594.0,-0.10339457140611505,0.690838537252768,0.8412961558259701,False
8466,3942998.0,-0.34795267178458233,0.009140783341368171,0.07384358697569604,False
8467,3943286.0,0.006190384592231573,0.9727322113034615,0.9853222895784388,False
8468,3943558.0,-0.9217413681278457,0.00036843457599408923,0.011254571275666557,False
8469,3944166.0,-0.6684504472217156,0.13421831455674757,0.33994029683669236,False
8470,3944736.0,1.0228421883083498,0.06040717648598527,0.2210552124553464,False
8471,3945731.0,0.9585719769580823,0.0019079416635059728,0.02869396955087794,False
8472,3946070.0,-0.16084084891504738,0.7916494153723607,0.8975671777314561,False
8473,3946673.0,1.0258410602597612,0.1424315571937196,0.35145755194383904,False
8474,3947006.0,-0.6923091806157642,0.14745045627743986,0.35791026451064617,False
8475,3947461.0,-0.6540641624222241,0.0007088411676280393,0.01627553468044997,False
8476,3947752.0,0.5155739241201212,0.03213067925639201,0.15200333440212382,False
8477,3948003.0,1.8420913826390364,0.0081665835318527,0.06890440952119264,False
8478,3948690.0,-0.42088445352769105,0.21887029540355615,0.4489488013238099,False
8479,3948835.0,0.8470383173097854,0.10165413367872707,0.29339420927481585,False
8480,3948899.0,0.06035033205356052,0.7386104848479438,0.8692125773010007,False
8481,3949006.0,0.45749800474058255,0.05627323859621411,0.21210228860024782,False
8482,3949126.0,-0.27866641521629715,0.26776379116476035,0.504701502534029,False
8483,3949168.0,-0.3201394537907695,0.05074750947669515,0.19958848382953837,False
8484,3949500.0,0.19443572207029705,0.6758237867877208,0.8332170078164096,False
8485,3950240.0,-1.2329795102349923,0.07757054208775374,0.25500552221761563,False
8486,3950562.0,-0.1878744724324477,0.7576096718158772,0.8801872312551067,False
8487,3951203.0,1.2267066885023803,0.001539977998616438,0.025424026061460332,False
8488,3951227.0,-0.009805947604033596,0.9616436317801379,0.9812568066297459,False
8489,3951932.0,0.2067212836469872,0.6679149066768231,0.8286970763338929,False
8490,3954202.0,0.6222039148925341,0.013679495990813266,0.09263314346867,False
8491,3955427.0,-0.7619795276293301,0.0007685265577249481,0.017236272281207256,False
8492,3956391.0,1.0073302029060158,1.542610644122661e-05,0.0015304670249501663,False
8493,3956502.0,0.870854028989728,0.09232190016636026,0.2786987882842838,False
8494,3956535.0,-0.20014988856886223,0.16786961316890273,0.38257918348697023,False
8495,3956789.0,0.9422365024752355,0.001857707987054556,0.02816399469200727,False
8496,3956961.0,0.9113454642446104,0.0007999751548532054,0.01764985834538932,False
8497,3957497.0,-0.4179289127358282,0.0075738959789549785,0.06557000252513162,False
8498,3957881.0,1.0484738982897612,6.726854753618753e-06,0.0009559149225007843,False
8499,3959512.0,-0.05639010092235177,0.9308293933025898,0.9657066696931577,False
8500,3959826.0,0.5332581495155568,0.44632608015135916,0.6731419264084686,False
8501,3960663.0,0.13261759268298268,0.7911357015486082,0.8974582548134751,False
8502,3961071.0,-0.40265738288824426,0.008793191611276294,0.07220128210318015,True
8503,3961527.0,0.03967652546600338,0.7633644951874864,0.8827650072914074,False
8504,3961634.0,-0.6745873301384131,0.23721714564161786,0.4706624880207398,False
8505,3962335.0,0.15705111538974342,0.43640091786074686,0.6646682891513719,False
8506,3963816.0,0.30084659110609546,0.6432806624091547,0.8116716948101097,False
8507,3964068.0,-0.021360321527139764,0.9673685610368493,0.9826675772089649,False
8508,3965179.0,0.4666884258501097,0.4430702944510358,0.6701203629817699,False
8509,3965400.0,0.09139563852730725,0.8881264449797567,0.9438061448174616,False
8510,3965935.0,0.11613762998077862,0.8095133053049484,0.904866029785586,False
8511,3966177.0,-0.03336776672933961,0.8705328745151762,0.9349878822697218,False
8512,3966277.0,0.22257399993037058,0.088081636353559,0.2720131330349596,False
8513,3966822.0,0.17447716571214228,0.2127523667211626,0.44140423179629584,False
8514,3967420.0,-0.10229970796491508,0.7476755517046262,0.8748048858805403,False
8515,3968169.0,0.12926572218007795,0.3639303606507059,0.6023885429800873,False
8516,3970190.0,0.5349225745865644,0.00016893537462706266,0.007034602799109398,False
8517,3970428.0,-0.46877153576464536,0.0498771247886298,0.197684072127157,False
8518,3970584.0,0.9054418584751054,0.08192006322522456,0.26154184891465077,False
8519,3971019.0,0.1140691436934993,0.4506653155209261,0.6768019618946103,False
8520,3971525.0,-0.09604689705947829,0.7626221255722556,0.8825440483035005,False
8521,3971959.0,0.23005323889923024,0.11958880001205746,0.31950195031525563,False
8522,3972899.0,0.3371092714838856,0.07487645845276979,0.24978440193858614,False
8523,3973068.0,0.5583602114335184,0.42519530544234546,0.655657173883304,False
8524,3973270.0,0.1247205494397266,0.7957351636671312,0.8989182226669485,False
8525,3973744.0,-0.041642633043972435,0.8697055166174925,0.9347181567210773,False
8526,3974259.0,-0.19785193084123764,0.5746617556378768,0.7676404138714809,False
8527,3974312.0,0.19591315367314788,0.6443699276176016,0.8124794475884616,False
8528,3974354.0,0.24132919178600423,0.7304702502556888,0.864223930956458,False
8529,3975261.0,-0.8626358410593004,0.1328955057157438,0.3381717644519213,False
8530,3975409.0,0.0805005166252172,0.7920077222815877,0.8976969641188927,False
8531,3975528.0,-0.21016566634497635,0.20133854861675374,0.4262821109708321,False
8532,3975561.0,-0.18411592506629781,0.5680260641284535,0.7632067804583227,False
8533,3976243.0,-3.2362036842613193,2.521905197247062e-06,0.0005232893959143246,False
8534,3976758.0,0.1423180527884167,0.7676875889806148,0.8852767968136293,False
8535,3977065.0,0.8223169900340083,0.008863968314197211,0.07245359642365266,False
8536,3977164.0,-0.15550736720620723,0.20294305260496287,0.4283388753697982,False
8537,3977305.0,0.008274068799772327,0.9891575473870067,0.9932542627688461,False
8538,3977332.0,0.641661458641248,0.12970121977204327,0.33380632433126567,False
8539,3977359.0,-3.240069856084326,2.4611195507325565e-06,0.0005232893959143246,False
8540,3977630.0,-0.2837628303205597,0.39352449360313646,0.6280430633134427,False
8541,3977960.0,0.011092474597407864,0.9583303966809343,0.9796286332019534,False
8542,3978301.0,-0.014358379501113894,0.9603855787783743,0.9808201577891309,False
8543,3978893.0,-0.35107011753954176,0.17183282709261088,0.3881884158356485,False
8544,3979677.0,-0.3160100102995999,0.03744093588038179,0.16541365851914705,False
8545,3981640.0,1.0212595853666833,0.14415711335995898,0.35338268213000773,False
8546,3982136.0,0.7932787507067292,0.11225563061348208,0.3088808289757536,False
8547,3982305.0,0.009207825172814939,0.9748804923092989,0.9860373178563009,False
8548,3982425.0,0.47453510531284404,0.004263983415426159,0.04647142567715959,False
8549,3982932.0,-0.663407973323638,0.30684608853595174,0.5466149454323724,False
8550,3983069.0,-0.024596929406252493,0.9323615199089674,0.9664830798145548,False
8551,3983127.0,-0.3700765248449512,0.021305809807886288,0.12146773396250297,False
8552,3983404.0,0.008844810648536594,0.9772029941559444,0.9869330419479685,False
8553,3985760.0,-0.6862713288267355,0.2905077606478174,0.5309752048883748,False
8554,3986075.0,0.3787443383114633,0.049871277206209846,0.197684072127157,False
8555,3986924.0,-0.0020528524103256077,0.994777518236897,0.9968505524067238,False
8556,3987096.0,0.006517949741495631,0.9831824102053242,0.9901168333016087,False
8557,3987259.0,0.3842780918227542,0.05062874102792583,0.19926576644602426,False
8558,3987346.0,-0.6625893104806397,0.307323818755215,0.5469271286236302,False
8559,3987362.0,0.013384579985514553,0.9614464637252228,0.9812430766958719,False
8560,3987567.0,-0.6855931442781162,0.18835023309679702,0.4081627775326051,False
8561,3987665.0,-0.18522667105423501,0.6904919183716606,0.8412961558259701,False
8562,3987994.0,0.549435664592647,0.2718768386546206,0.5104286262154827,False
8563,3988105.0,0.08965900563045485,0.5511779056568357,0.7516810484690829,False
8564,3988549.0,-0.2989831110886868,0.26184047391934945,0.49845828187129565,False
8565,3988667.0,0.8494557995280831,0.026529663082661938,0.1374690570592694,False
8566,3989213.0,-0.6766934289789033,0.23575262370638417,0.4692142886565457,False
8567,3989866.0,0.4077220300159236,0.4346811370794036,0.6628917874398604,False
8568,3990259.0,0.5698343298273438,0.012135119225050037,0.08654843573450602,False
8569,3990874.0,0.008962800809941225,0.9768757323915663,0.986876321555184,False
8570,3991525.0,-0.40126171983073994,0.002242855731494012,0.03194480851997798,False
8571,3991957.0,-0.8800121763811035,0.0361295903189546,0.16245555929562197,False
8572,3993001.0,0.24523457380741143,0.1173972082111661,0.31655119269479914,False
8573,3993754.0,-0.05966574836554152,0.9268163272494337,0.9641202551607269,False
8574,3994781.0,-0.14151337663496533,0.6934715273956101,0.8429600705352014,False
8575,3995154.0,0.5305489259554652,0.2888014124732988,0.5293717211073384,False
8576,3995293.0,0.2386568404031132,0.12829818410916946,0.3322897486056688,False
8577,3995631.0,0.7386847053067149,0.0900113617569549,0.2753554494628981,False
8578,3996180.0,-0.09055150156888042,0.8683585687448793,0.9339177909170381,False
8579,3996422.0,0.4854520869229653,0.009273956733662062,0.07442983474681167,False
8580,3996667.0,-0.01531042952593388,0.9605345204592581,0.9808201577891309,False
8581,3997086.0,-0.6257422349392859,0.3036490373576657,0.5429760442188267,False
8582,3997439.0,0.26381686017164824,0.2719799235207317,0.5105208490087398,False
8583,3997544.0,0.04926985573955179,0.7356763871985149,0.8677352149342475,False
8584,3997645.0,-1.4045095900595568,0.020486716917427455,0.11841496918992281,False
8585,3997664.0,-0.17118595018171884,0.5856036981506204,0.7745495483641994,False
8586,3997689.0,-0.10809679986366363,0.7268841442619558,0.8625121769689014,False
8587,3998009.0,-0.16369856394947827,0.591845828173693,0.7790089080666227,False
8588,3998019.0,-0.5448741728148956,0.4364583661972343,0.6646682891513719,False
8589,3999496.0,-1.4286712735994542,0.01837928188175908,0.11079148837024963,False
8590,4000087.0,-0.259772178486136,0.38270743257170575,0.6187502503076953,False
8591,4000091.0,-0.22702367106633844,0.582745496364558,0.7724633487650844,False
8592,4001092.0,0.2279657185925188,0.2775721386082261,0.517345028828218,False
8593,4001252.0,0.4717056420770095,0.006276107855325449,0.058996990914335766,False
8594,4001385.0,0.7537342919334371,0.08346878398160212,0.2643868252466563,False
8595,4002329.0,-0.39323331765526764,0.028483689158120946,0.14256660748263675,False
8596,4002404.0,-0.5992734319762398,0.018548896585838383,0.11142682481420899,False
8597,4002952.0,-0.3822631105384995,0.04129326027446988,0.17523000010921444,False
8598,4003160.0,0.3937384671963,0.018256977799680683,0.11028352477213903,False
8599,4003207.0,-0.4340646556923068,0.032427476062389514,0.1527778874380374,False
8600,4004797.0,-0.472134223149883,0.0011722638978519369,0.02164102825031084,False
8601,4005736.0,-0.6416828392960222,0.016315787037391696,0.10279040527619666,False
8602,4006067.0,-0.6881147571969128,0.009252728747617374,0.07434372357911664,False
8603,4006220.0,-0.5996672310114551,0.0663094077146098,0.23339449440404975,False
8604,4006763.0,-0.1718560023136857,0.7098766934058481,0.8521189325357162,False
8605,4007046.0,-0.3732885142168195,0.10195126684525002,0.293683916808477,False
8606,4008078.0,-1.2297429013267238,0.07836685844400958,0.2565454319298727,False
8607,4008396.0,-0.6684000183402549,0.014089227333351936,0.09400034585343285,False
8608,4008542.0,0.3948589658039532,0.007168451164893685,0.06358161290921535,False
8609,4008965.0,-0.26998853043665916,0.12555519264013998,0.3291237904150494,False
8610,4009222.0,0.21102739131802434,0.33477887115593785,0.5743971635663381,False
8611,4010426.0,-0.6725795715596203,0.011824713462424018,0.08574299574790428,False
8612,4010427.0,0.5687452126602199,0.01711032388801422,0.10583052182586575,False
8613,4010742.0,-0.3807744966163665,0.0984818192603483,0.2886123509911125,False
8614,4010788.0,-0.7242158322508686,0.006613504987087985,0.06083864121596617,False
8615,4011040.0,0.7271394740589823,0.006895174845118354,0.06233074210437586,False
8616,4011145.0,0.7001449040074708,0.0016066390557768965,0.0259911578993416,False
8617,4011348.0,-1.2395614798986965,0.07604317692732827,0.2519684632314251,False
8618,4011647.0,-0.7115447496706451,0.007717583644463532,0.06654040544928645,False
8619,4012833.0,0.35156291672033946,0.5003598941276184,0.7140935016709332,False
8620,4012861.0,0.13835644382055662,0.4265560882546012,0.6565688459968584,False
8621,4013091.0,-0.39242088246204443,0.2866452724275124,0.5269963794939642,False
8622,4013127.0,-0.1831232043001399,0.29315995628522146,0.533576680998672,False
8623,4013203.0,0.6819869904650434,0.000403837834610182,0.011759801509773177,False
8624,4013386.0,-0.1739433519968015,0.24154633252792146,0.4750834280830925,False
8625,4013467.0,0.18014423629003704,0.22016040217315297,0.4506583378445362,False
8626,4013770.0,1.2400594253398678,0.016302401507614327,0.10276571914352702,False
8627,4014108.0,-0.37937797732705064,0.07768635236734683,0.25515441904615727,False
8628,4014499.0,-0.33850452384645646,0.08150924310072721,0.2609978860939215,False
8629,4014773.0,-0.19480051124791523,0.5607492678206343,0.7590638860447668,False
8630,4015897.0,0.015101984957151232,0.9626443024435277,0.9812568066297459,False
8631,4016055.0,0.3444614368637782,0.2596774294941511,0.4962673410491215,False
8632,4016911.0,0.17981938096195557,0.2335266690956541,0.46649466194945255,False
8633,4016934.0,-0.1770300462017279,0.24186089052724874,0.47544076445233235,False
8634,4017364.0,0.20760513662549268,0.17500204765425165,0.3922459688802192,False
8635,4018001.0,0.4207428520949954,0.011210513978191578,0.08289518340140979,False
8636,4018826.0,0.5519377235903317,0.4304967686892163,0.6595684437715515,False
8637,4018879.0,0.14960051091287796,0.3558615768016375,0.5947036916344217,False
8638,4019190.0,-0.35278716981873165,0.06876019140781735,0.2386926375861392,False
8639,4019577.0,0.3283381729388372,0.027464122053964427,0.1404915385936776,False
8640,4020234.0,0.0013929935289373752,0.992685902525651,0.995459794084841,False
8641,4020236.0,0.02542474457207969,0.86684604222759,0.9330306185801179,False
8642,4020984.0,0.7437877471014165,0.08755440288688984,0.2711563604385704,False
8643,4021087.0,0.3922721488246572,0.45218257699478276,0.6780552387454576,False
8644,4021230.0,0.0032994852619706583,0.9824947779904925,0.9896975515113953,False
8645,4021332.0,-0.3463405647174436,0.07481961043273598,0.24978440193858614,False
8646,4021666.0,-0.32794216360023853,0.0451824159858813,0.18584885393207332,False
8647,4021819.0,-0.5302677544992345,0.0005651963075633299,0.01430117929743577,False
8648,4022344.0,0.5380140468542507,0.0005038534618220434,0.01330737062792769,False
8649,4023208.0,0.6137449484727238,0.04013440370623203,0.1723552077821614,False
8650,4023330.0,0.09903619758771723,0.8875787677860651,0.9438061448174616,False
8651,4023481.0,0.6121512278283623,0.0009756423888564671,0.01943229014869165,False
8652,4023533.0,-0.0016123941573789255,0.9958434466619374,0.9974336817433335,False
8653,4024497.0,-0.04240303313940702,0.9320527101980935,0.9664830798145548,False
8654,4025292.0,-0.581274793449372,0.0017720999588679922,0.02737304476631464,False
8655,4025481.0,-0.5524998058297331,0.03403576740727413,0.15621913539364088,False
8656,4026575.0,0.035506275152430156,0.923291027214985,0.9621123260457581,False
8657,4027658.0,-0.3605282267477903,0.10751612714205615,0.3021538883909522,False
8658,4027726.0,1.013022584268656,0.14738940235696887,0.35791026451064617,False
8659,4028086.0,0.5489634679365298,0.4330201382476452,0.6615670092439392,False
8660,4028360.0,0.28682694432146566,0.13314841787238385,0.3381845280283774,False
8661,4028805.0,-0.8728374228026528,0.09364268231875912,0.28079870623484265,False
8662,4029814.0,-0.4890967349452455,0.2621498392514318,0.4987969334047839,False
8663,4029848.0,0.23544711175950378,0.5637157819964419,0.7606747218339225,False
8664,4029849.0,0.6392030358736259,0.2385208372259572,0.4717881333652239,False
8665,4030665.0,-0.3055571771472198,0.03824578633424316,0.16733494988238995,False
8666,4031745.0,0.2309248918662136,0.7416504121569534,0.8709959130113306,False
8667,4031820.0,0.4730818011925768,0.027490280081892728,0.14049620500094284,False
8668,4032250.0,-0.3524882018748519,0.13329374623684037,0.33823049783762654,False
8669,4032842.0,-0.4680943516389924,0.02845827749078344,0.14256660748263675,False
8670,4032904.0,0.45155904870879976,0.03646739789856853,0.16323457635968783,False
8671,4033200.0,-0.14206577264425602,0.41188719884131375,0.6439630625698488,False
8672,4033646.0,-0.5598830999985879,0.016170140681797493,0.10214684077240195,False
8673,4033656.0,0.55806743277381,0.42552246884466016,0.6557419646946033,False
8674,4034291.0,-0.25395636865414856,0.2868304123008847,0.5271832247758387,False
8675,4034313.0,-0.2422047446484905,0.547822752762634,0.7496994429196158,False
8676,4035478.0,0.36128974816248227,0.2690526734377824,0.5066909733114379,False
8677,4036704.0,-0.0007828456412320717,0.9960484860106473,0.9974336817433335,False
8678,4037245.0,0.7893020524885654,0.11178311664997868,0.3081283941777517,False
8679,4037593.0,-0.530872628114662,0.021948308718922265,0.12370139727097675,False
8680,4037905.0,0.577050896501832,0.011603186607962637,0.08481655934642048,False
8681,4038500.0,0.7075856337158609,0.21790906264861398,0.44800133414290305,False
8682,4039814.0,-0.1421650337526169,0.29946206134088793,0.539825071678444,False
8683,4040608.0,0.463580158912165,0.37427818415343433,0.6106180065985627,False
8684,4041043.0,-0.4103057016874077,0.4120621661815761,0.6441438384074033,False
8685,4042302.0,-0.04640827040617038,0.7669738234851573,0.884981635801645,False
8686,4042331.0,0.7004461466974459,0.14262280205551459,0.35145755194383904,False
8687,4043894.0,-1.2276339725845258,0.006061199234292262,0.05807088939827229,False
8688,4044782.0,-0.02788857450142691,0.9409523715948649,0.9704549162624473,False
8689,4045243.0,-0.15026189729037673,0.7734119886043557,0.8883067544492943,False
8690,4046377.0,-0.26122658991380465,0.2306719189757937,0.4634907411259857,False
8691,4046457.0,-0.26212667325464395,0.23176999663726702,0.4645242454759109,False
8692,4046468.0,1.135208852506368,0.02797516316404016,0.14117638128575358,False
8693,4046662.0,1.0911734908144233,0.00287887394990062,0.036085654418211585,False
8694,4046874.0,0.016290708133315505,0.9654733236630338,0.9816610086513893,False
8695,4047381.0,-0.025330140282721306,0.9463756725975975,0.9726475068100716,False
8696,4047387.0,-0.09004112633402699,0.8148645130067587,0.9073649422439563,False
8697,4047460.0,0.026755015623931927,0.9433483192336111,0.9714262576506133,False
8698,4047923.0,2.0663167856782745,0.00296742815006182,0.03693971624876268,False
8699,4048207.0,-0.041330828666012114,0.9143874678997225,0.9574508750615699,False
8700,4048555.0,-0.13588587131790714,0.4344288495208992,0.6626671881157776,False
8701,4048612.0,0.06336508252282481,0.8691516042004933,0.9344929341913981,False
8702,4048798.0,-0.029206209392159857,0.9381680210827985,0.9688720263394328,False
8703,4048840.0,-0.01115237128303774,0.9768699836199145,0.986876321555184,False
8704,4048937.0,0.033658963661825414,0.9287546700475608,0.9647338571943824,False
8705,4048970.0,-0.01680420546243737,0.9651317025038695,0.9815885496051217,False
8706,4049062.0,-0.5434407579992473,0.14842683166703652,0.3585017883308503,False
8707,4049470.0,-0.16000466941863123,0.3588361035428247,0.5977817940268653,False
8708,4049965.0,0.9882778844600311,0.15763937518794463,0.369026400186573,False
8709,4050356.0,1.242117356419175,0.055185575576477554,0.20974769708776747,False
8710,4050823.0,-0.0012688572268663156,0.9952301962557784,0.9970672616849537,False
8711,4051010.0,0.29434790270258915,0.08165650110228381,0.26135014076025076,False
8712,4051166.0,-0.23430549125105987,0.17443994429792511,0.3914710761533961,False
8713,4051385.0,-0.29091101900517136,0.086087646316614,0.26911298427927083,False
8714,4051597.0,-0.24888218684031238,0.14421789791210818,0.35338268213000773,False
8715,4051659.0,-1.5797771161832808,0.02351416274949014,0.12895175534775097,False
8716,4051988.0,0.7020583186559199,0.14174673031603824,0.3505720568650251,False
8717,4052027.0,-0.25944816131667464,0.12819756101134955,0.3322897486056688,False
8718,4052410.0,0.14212478051309074,0.8047714325614792,0.9034419197456242,False
8719,4052416.0,-0.2501830924821845,0.1416851959969206,0.3505615196135453,False
8720,4052487.0,0.2625248873592034,0.12436915752990309,0.3272792352415802,False
8721,4052888.0,-0.059800791535125325,0.6554443882299192,0.8193998427082544,False
8722,4053983.0,-0.1414397520189616,0.3906791011716757,0.6255200373132805,False
8723,4055550.0,-0.18059546147042188,0.7965756303629982,0.8993996741824781,False
8724,4055879.0,-0.4456530132942853,0.43795122717739104,0.6655411691180988,False
8725,4056430.0,-0.14256684725949736,0.7513998770779862,0.8772258190666316,False
8726,4057187.0,-0.9164845903027596,0.19017929595865607,0.4110344928243713,False
8727,4057817.0,-0.32851877016860226,0.5115090918617092,0.7242931375109384,False
8728,4057823.0,1.0022133431077977,0.15190323819190235,0.3624773907612882,False
8729,4058480.0,-0.6603214232783738,0.16992598338930293,0.3858632906165146,False
8730,4058979.0,-0.5596854337075008,0.4240469991735314,0.6548627366664793,False
8731,4059051.0,-0.3726043214999232,0.390000436962749,0.6250486849594922,False
8732,4059165.0,0.2903229759113254,0.36118275258839816,0.6001632468331575,False
8733,4059184.0,-0.07518471360812265,0.8806213602218046,0.940471845173581,False
8734,4062063.0,-0.5234326371672188,0.45470855609107413,0.6794963348525068,False
8735,4062878.0,0.6529974723534033,0.09631641002807911,0.2855745700049658,False
8736,4062901.0,-0.09921667362928521,0.7498784764249877,0.8760347376186378,False
8737,4062972.0,-0.405004454736986,0.037692810271422045,0.16602781733290461,False
8738,4063127.0,0.21050957470683418,0.264201568898855,0.5007696927531117,False
8739,4063513.0,-0.7538582445656249,0.010169413055643504,0.07829970667529697,False
8740,4063695.0,-0.3707593720554479,0.03189189123681,0.1517031022679985,False
8741,4063818.0,0.39351050857137615,0.00469443243916733,0.049187320586063094,False
8742,4064659.0,0.9500015705901528,0.0006434256662811156,0.015486442588650796,False
8743,4064806.0,-0.0512545967638067,0.9184549830500113,0.959447346895625,False
8744,4064874.0,-0.4782533683054284,0.0349334408154955,0.15859577584784762,False
8745,4065218.0,0.34183507130096435,0.014005098896285957,0.09384280772789141,False
8746,4065479.0,1.833960748563621,0.00846087671083407,0.07043160789578513,False
8747,4065635.0,-0.14352893907795483,0.5041384474279582,0.7174125389132783,False
8748,4065883.0,-0.45030743129396256,0.20459193612727603,0.43037845609090586,False
8749,4067950.0,0.4666909903044888,0.4724457638484838,0.6930268603480123,False
8750,4068042.0,0.34830980519688454,0.015405282660645172,0.0991963180088031,False
8751,4068078.0,-0.08301878729100207,0.5885085738049669,0.7769716089337042,False
8752,4068749.0,-0.34580391360030927,0.3791216690255474,0.6146924148278293,False
8753,4068846.0,-0.7564956205450253,0.00986923341033368,0.07738196607035572,False
8754,4069087.0,-0.5232392235010662,0.4549232219111408,0.6795127245812348,False
8755,4069351.0,-0.08647522729413647,0.5571389420418237,0.7562514962941097,False
8756,4070095.0,0.5598512239827396,0.3575125228734665,0.5962203772916698,False
8757,4070167.0,0.5538202828927239,0.21791313166969398,0.44800133414290305,False
8758,4070463.0,-0.09053027567726853,0.5187966886155031,0.7290867532575848,False
8759,4070758.0,0.9980968568447078,0.15346635672925418,0.36418304262336143,False
8760,4070779.0,-0.12700572744418068,0.4104009826103331,0.6421195248926824,False
8761,4071459.0,-0.6543922964358122,0.34999000006525954,0.5884667674579294,False
8762,4071868.0,0.41266861860178405,0.0036395304805162555,0.0422491465959243,False
8763,4071996.0,-0.022371979307044487,0.9745245009099528,0.9859670168508977,False
8764,4072411.0,0.4333420535695046,0.002231127082205492,0.031935615048344655,False
8765,4072819.0,-0.08442266713737773,0.5806607831424974,0.7718678423967437,False
8766,4073223.0,0.29602999015865117,0.2026373977279344,0.42794337594099763,False
8767,4073276.0,0.9955106078026597,0.006622221507302042,0.06086724340538837,False
8768,4073667.0,-0.1963887019152512,0.5282227618789089,0.7354054924563428,False
8769,4074467.0,0.4304603095970486,0.002375054093985669,0.03267580759216025,False
8770,4075178.0,-0.6873304403988354,0.13861142062633128,0.346289291346105,False
8771,4075672.0,0.9973056139254477,0.021768135450970432,0.12313346030238877,False
8772,4076404.0,-0.3893208594341019,0.31879028471571436,0.5586859740580944,False
8773,4076691.0,0.2843310092414613,0.6403834633752534,0.810749066356237,False
8774,4078062.0,-0.8621774390494981,0.1560212299684613,0.36658234876788903,False
8775,4079116.0,0.5593999482167835,0.014842868195725275,0.09729144876727856,False
8776,4080060.0,0.3924522912316585,0.03556299751797899,0.16064766460993007,False
8777,4080107.0,-0.20106572456193456,0.24384956009641426,0.47753688884116485,False
8778,4080522.0,-0.21884404025005205,0.12366245654648246,0.32645722614965106,False
8779,4080849.0,0.5671249389717774,0.08274377572105501,0.26262680861171117,False
8780,4080862.0,0.275068377713305,0.2403619929212485,0.47378841639458036,False
8781,4082493.0,0.5410722429742948,0.34623806275587826,0.5846129498147823,False
8782,4082506.0,0.5869291519352142,0.141501984287566,0.35047782861518056,False
8783,4082513.0,1.0896872412845193,0.0005981215296695673,0.014925538401294604,False
8784,4082718.0,0.5976775099341411,0.0631591828755036,0.22649254381023834,False
8785,4082959.0,-0.2430695214388639,0.3071084796378676,0.5468606539483355,False
8786,4083318.0,-0.4928581823480466,0.19610419305948434,0.4190638044410951,False
8787,4083709.0,0.522829714145079,0.01624107117157585,0.10249815556247432,False
8788,4084325.0,-0.4655816058062906,0.24711873697346706,0.4814202960960131,False
8789,4084527.0,-0.024820234988373636,0.9010008248438814,0.950472687432491,False
8790,4084569.0,-0.07729657370415038,0.6957637858638508,0.8445770932214404,False
8791,4084591.0,0.0562896601228488,0.7760655414162637,0.8893771983014455,False
8792,4085446.0,-0.07551578072945231,0.7022185840413834,0.8487636671168879,False
8793,4085593.0,-0.5619063572396403,0.04259440472067919,0.17853362702816,False
8794,4085789.0,-0.1008277805593214,0.6178078038405868,0.7967570049530199,False
8795,4088300.0,-0.35110573796959366,0.12663768229412195,0.33059036794695223,False
8796,4088551.0,-0.14689214139068163,0.6078562361085952,0.7899293000070395,False
8797,4089065.0,-0.40100528052767725,0.08351990817060413,0.2644325981974031,False
8798,4089690.0,0.1586489399889359,0.4605353563012776,0.6834989462196293,False
8799,4090001.0,-0.13404095756095308,0.6427963670252299,0.8113807319329522,False
8800,4090102.0,0.7008113786109461,0.007057263828940368,0.06299884774929909,False
8801,4091097.0,0.23299672390847698,0.15821657508774115,0.3698989710483373,False
8802,4091162.0,-0.6277711242562013,0.012310219917510173,0.08733819425135485,False
8803,4091672.0,0.6844878569550783,0.08845844227712706,0.2726338418279995,False
8804,4091916.0,0.2594835689931364,0.71103908710269,0.8526441838383906,False
8805,4092001.0,2.05763913996404,0.003086727145072738,0.03762966742680053,False
8806,4092236.0,0.22200997032609898,0.7512895710979192,0.8772258190666316,False
8807,4092393.0,0.5231903626590704,0.006491528099311639,0.060226955143613536,False
8808,4092822.0,0.6333918506768628,0.32924579653284564,0.5690049340956084,False
8809,4093060.0,0.7963353342704391,0.002178553439753114,0.03161793560118082,False
8810,4093422.0,1.0092841695127825,0.11949995679466185,0.31950195031525563,False
8811,4093500.0,0.0740646563105966,0.7237441518894604,0.8600054956043106,False
8812,4094247.0,0.04488279866163551,0.8302091650884977,0.9147300534952947,False
8813,4094511.0,0.2651452228951954,0.19997668317204298,0.42480369781458444,False
8814,4095493.0,0.12057511864945471,0.4331881344610972,0.6616374278282272,False
8815,4096101.0,-0.11640274066212504,0.40501530031595195,0.6377141457434045,False
8816,4096278.0,0.22856065806895687,0.1616116682151951,0.3737350362045429,False
8817,4096399.0,0.024547919722647984,0.9011447199888063,0.9505321091709739,False
8818,4097707.0,0.31540356247560497,0.39270268278241127,0.6276189077743042,False
8819,4097893.0,-0.08872733286119266,0.8437535075184994,0.9204261433719052,False
8820,4098284.0,0.5520983062873175,0.39506910283600233,0.6293623585683601,False
8821,4098452.0,-0.7736511824501373,0.004378055573825307,0.04733445543214513,False
8822,4098616.0,0.6236930929915356,0.16548630230182504,0.37897759735998116,False
8823,4098674.0,-0.05358870576041064,0.9213826523132099,0.9610845937351401,False
8824,4099183.0,0.807953568917247,0.2482788889660277,0.48281911744371436,False
8825,4099220.0,-0.27683245546606217,0.22547928162681938,0.45791910234969585,False
8826,4100311.0,-0.01756029604510044,0.8978641177675224,0.9489412111254665,False
8827,4100805.0,-0.0062197134870507,0.9636597542990943,0.9812876766338339,False
8828,4101225.0,0.014543539705997241,0.9155670045249853,0.9581292238913169,False
8829,4102420.0,-0.6850813746029496,0.017960233444040602,0.10906306259731818,False
8830,4103599.0,-0.22505552649092714,0.2485701409527314,0.4828218651359207,False
8831,4104038.0,0.16554071270376536,0.7734068740389778,0.8883067544492943,False
8832,4104444.0,0.7421996202503529,2.346995081419499e-06,0.0005232893959143246,False
8833,4105424.0,-0.47190626551647163,0.01206539720722478,0.08633479675967369,False
8834,4105902.0,-0.7363056570152817,0.010082632041435653,0.07829970667529697,False
8835,4106187.0,0.5023175834999138,0.09589806214770658,0.2849639925029715,False
8836,4106294.0,-0.16866949192807312,0.3906979136788616,0.6255200373132805,False
8837,4106591.0,-0.12353300476939191,0.811734071066961,0.9054021107102201,False
8838,4106629.0,-0.5541138689684748,0.19114209934491952,0.41167608896609154,False
8839,4106880.0,-0.2458322160900448,0.10765325489931328,0.3022700677527278,False
8840,4107152.0,0.9822684991436805,0.0008190311271223998,0.017857358351964097,False
8841,4107269.0,-0.003586286071921699,0.9856991010066176,0.9913301766052101,False
8842,4108033.0,1.4000061837950377,0.030495709664276602,0.14820390322639188,False
8843,4108209.0,0.023324928401001643,0.906985335065179,0.9540968904091983,False
8844,4109122.0,-0.036136540166115394,0.9398296419450124,0.9700343028727879,False
8845,4109221.0,0.20831877276544053,0.7661680237677997,0.8849463603105957,False
8846,4109460.0,-1.0056613407455344,0.053270144417899026,0.2055587334447382,False
8847,4109578.0,0.05675782454964877,0.8965445434239571,0.9485371363418181,False
8848,4110494.0,0.7069235748977161,0.08636692730662561,0.2694002861820175,False
8849,4110610.0,-0.2923889138131601,0.6526435897066506,0.8175061565364287,False
8850,4110838.0,0.7593861646840315,0.0652012366499253,0.23118586089987747,False
8851,4111146.0,0.7245737516372783,0.07124914709454047,0.2434631796859865,False
8852,4111576.0,0.9599806830434905,0.0010650165487839935,0.020534200065808614,False
8853,4111722.0,0.727570953535943,0.07011338742593284,0.24123226157789582,False
8854,4112524.0,-0.06160904474895157,0.7554986981544558,0.8796585357626768,False
8855,4112545.0,-0.06783890090954202,0.6509871707998023,0.8166390101038064,False
8856,4112775.0,-0.23318166992159814,0.1637181178915394,0.37647479856053967,False
8857,4113087.0,0.35995969286318436,0.5099139200974043,0.7227688398065341,False
8858,4113799.0,0.2619109604125952,0.10686268705325486,0.30121902569802167,False
8859,4113874.0,-0.05855943684114271,0.6973778909252504,0.8452909355883611,False
8860,4114030.0,-0.06314366075684935,0.7473532781768853,0.8748048858805403,False
8861,4114231.0,0.2642609856745616,0.1086133259872229,0.30386537463693414,False
8862,4114709.0,-0.29558400582029265,0.0725559964582328,0.24573957614793043,False
8863,4115433.0,-0.17808346439612502,0.16590893130983375,0.3795450894348252,False
8864,4115501.0,-0.11093251391583686,0.8306165902439369,0.9148892990781636,False
8865,4115674.0,-0.042105571199861094,0.8306327265866517,0.9148892990781636,False
8866,4116715.0,0.6565254095357661,6.956911918706767e-06,0.0009559149225007843,False
8867,4116774.0,0.06812697349802614,0.7291663894232358,0.8638845493503027,False
8868,4117162.0,0.05280410797070322,0.7877238423763813,0.895365686805824,False
8869,4117354.0,0.04204571718028514,0.8382974448203483,0.917799861430991,False
8870,4117486.0,-0.04811349139073258,0.8065013325836144,0.9042050790432604,False
8871,4117505.0,0.3795340533332757,0.008375700825718327,0.06996887341320872,False
8872,4118111.0,-0.999161876143844,0.09993713481633497,0.2910699217685313,False
8873,4118214.0,0.6192936510949428,2.1258140986868446e-05,0.0017943970051724522,False
8874,4118999.0,0.23282439916208192,0.49715293551985246,0.7116362659977113,False
8875,4119120.0,-0.13346705964924221,0.7668562910977471,0.884981635801645,False
8876,4121176.0,0.7333094015325228,0.07513740970088356,0.250341567326948,False
8877,4121424.0,-0.03223963165341008,0.8735166918478808,0.9363177326462486,False
8878,4121986.0,0.042598971733442896,0.8197519493327245,0.9095785965457145,False
8879,4122809.0,-0.04210252507629472,0.8218172473771717,0.9102539310470386,False
8880,4123188.0,-0.3101699047888839,0.17215870228726335,0.38856697599366125,False
8881,4124041.0,-0.5885974986656617,0.23927096992892866,0.47273611818931427,False
8882,4124144.0,0.6563880058941193,0.0042026437027609135,0.04608050241764618,False
8883,4124811.0,-0.46084622543202913,0.23742800389827853,0.47099040150241483,False
8884,4125542.0,0.03925341290112754,0.8336860840482289,0.916719296884299,False
8885,4125874.0,-0.0808347819545352,0.8761403616434786,0.9378270018380791,False
8886,4126025.0,-0.10746878904685905,0.8358222119936505,0.9170979592834404,False
8887,4126443.0,-0.04957356343804923,0.909588355732484,0.9555387207467447,False
8888,4126516.0,-0.3279576258087395,0.025710018689905325,0.1351487907403982,False
8889,4126778.0,0.3820841837550808,0.5301697878478983,0.7366862579478924,False
8890,4127170.0,-0.16998662535346706,0.33687092889163844,0.5759218698640267,False
8891,4127510.0,-0.14034241637235584,0.5263454174181178,0.7340973282890491,False
8892,4127939.0,-0.17843210197077775,0.3148078628436988,0.5544766106065797,False
8893,4128016.0,-0.19805606886425725,0.26408413246103296,0.5006345193615984,False
8894,4128047.0,0.7026048858306073,1.0138594942821366e-07,6.473791064960348e-05,False
8895,4128611.0,-0.33324297650071855,0.24650394161535485,0.4809995121759261,False
8896,4128743.0,-0.3482662312037616,0.22032119572279232,0.45090244712875394,False
8897,4128879.0,-0.5609352445423864,0.2437251581954713,0.47753688884116485,False
8898,4129740.0,0.41579482069671303,0.003983767590888943,0.04444377923854005,False
8899,4129875.0,-0.5594144892152023,0.19929054114183092,0.4242594281417091,False
8900,4130082.0,0.8490443004243806,0.04329227618216024,0.18054037038220544,False
8901,4130343.0,-0.5379472986058949,0.00015617487973193747,0.006674324092481028,False
8902,4130608.0,0.3833465231239799,0.05997011006913541,0.22023688258087454,False
8903,4130786.0,-0.09118083125148649,0.8604162317754317,0.9290381030632684,False
8904,4130961.0,-0.3250074689218765,0.11809933211186215,0.3173974375029125,False
8905,4131388.0,-0.34959435033956104,0.09511301135216003,0.2835626855884914,False
8906,4131398.0,0.8194479254386076,0.03648153682621858,0.16323457635968783,False
8907,4131429.0,-0.31136672389842646,0.13040519385161095,0.33488251224491056,False
8908,4132193.0,0.5633634645680976,0.0035448850820771725,0.0415995192337106,False
8909,4132197.0,0.24981250330430663,0.27832646822130336,0.5182028142279692,False
8910,4132272.0,0.09573073204189192,0.6881924042775995,0.8405116503667,False
8911,4132351.0,0.177295601093015,0.5907061009146273,0.7786048409440818,False
8912,4134145.0,0.8590853041535094,0.21949454034643712,0.44974003803304785,False
8913,4134169.0,-0.09518002258462956,0.49396814310401205,0.709970201088105,False
8914,4134225.0,-0.22638694203118062,0.19949376220265078,0.4244829548000257,False
8915,4135298.0,0.27098296448581005,0.4980386496548821,0.7124357902992607,False
8916,4137355.0,-0.1008221587339184,0.7789203949359943,0.8906753278236825,False
8917,4137722.0,-0.4442897564932902,0.30523706879967233,0.5447794116771527,False
8918,4139882.0,0.10992181896586854,0.6485484933866383,0.8150971281361536,False
8919,4140485.0,1.640536901627879,0.0067007540686644974,0.06119983123683269,False
8920,4140618.0,-0.5250152685180008,0.4533604464612624,0.6788153892878567,False
8921,4140970.0,-0.6858443307372357,0.0006853263511128189,0.016067424495312416,False
8922,4141033.0,0.058903890372094175,0.8150820407020559,0.9073649422439563,False
8923,4141442.0,0.0802382047830506,0.7132642420476298,0.854107374233538,False
8924,4141481.0,0.3019274553584981,0.6198504173259887,0.7980500399601616,False
8925,4141558.0,-0.12690720915606457,0.46657143006025636,0.6884084884794098,False
8926,4141720.0,1.0250074057587717,0.14272836959698185,0.3514783239508253,False
8927,4141870.0,0.19393998462103695,0.4314754451403022,0.6605519688510623,False
8928,4142455.0,0.09869595781503905,0.6515647932919716,0.8168414009193306,False
8929,4142910.0,0.8812490558864969,0.035807925245823914,0.16147277775439978,False
8930,4143183.0,1.6032190409299836,0.004997613813137585,0.051323649897453624,False
8931,4143385.0,0.11364316957470415,0.5161698251918627,0.7267215891644189,False
8932,4143645.0,-0.20660974176298963,0.45866962906211234,0.6824093782167255,False
8933,4143733.0,-0.09708911123996364,0.7869317789620071,0.8950193289602749,False
8934,4144467.0,0.08603861434796478,0.6609599372821483,0.8236075016819462,False
8935,4144633.0,-0.4447188215763597,0.3046982660944336,0.5440861454935149,False
8936,4144795.0,1.4592523392240913,0.002270117367350444,0.03194480851997798,False
8937,4145045.0,-0.0018797249348395106,0.9920578790595147,0.9950830047302747,False
8938,4145090.0,-0.1136277497446701,0.8265581245988185,0.9126526744502264,False
8939,4145492.0,0.06164489998045056,0.8910642085418417,0.9452264227227296,False
8940,4145724.0,0.3451758267736243,0.022944081595476964,0.12681161187316825,False
8941,4146117.0,-0.5066910616180036,0.2566209399005466,0.49284216505772804,False
8942,4146825.0,-0.14853761193885287,0.39085142766009073,0.6256401967270994,False
8943,4146995.0,0.08905528589246307,0.8431977360726026,0.9201680330821455,False
8944,4147203.0,0.05350409865301765,0.7605850433904479,0.8817847533913609,False
8945,4147308.0,0.3698317613757681,0.011895706497689945,0.08593064739195395,False
8946,4147385.0,0.044936802024405226,0.8716861978883701,0.9351802409644453,False
8947,4148097.0,0.15753055403766208,0.6328231165393059,0.8059751171824961,False
8948,4148198.0,-0.47103081376092176,0.2167557156573517,0.4465822763212891,False
8949,4148264.0,0.24175033022229947,0.08842675837142067,0.272613593331943,False
8950,4148997.0,0.8751494351694705,0.0371782051099704,0.164846295824945,False
8951,4149017.0,0.05486128028665748,0.7792198312777685,0.890923874923128,False
8952,4149641.0,1.966974122812596,0.0005501405031940099,0.014117671778181979,False
8953,4150064.0,0.8727761535989461,0.037668591990482114,0.16602781733290461,False
8954,4151861.0,1.6943576874900579,0.00013916479281454887,0.006140787910576943,False
8955,4152000.0,0.4885080635952079,0.345878026250304,0.5842679699575241,False
8956,4152712.0,-0.45566581778232007,0.29299798107305364,0.5334607656068429,False
8957,4152867.0,-0.3579714172455088,0.017862584867742608,0.10864796920786529,False
8958,4152946.0,-1.2829350760565053,0.04753592785601136,0.1915376751585016,False
8959,4153009.0,-0.039327646604562616,0.9369763445051457,0.9684612058854611,False
8960,4153734.0,-0.47036401522584004,0.31146482605400566,0.5510307454009774,False
8961,4154126.0,0.16480223954215628,0.7630455221670314,0.8825635741207379,False
8962,4154646.0,-0.10255696803273395,0.8090258127678622,0.9047985985570929,False
8963,4154730.0,-0.4851308381537651,0.2964916049084703,0.5366648432123844,False
8964,4155229.0,0.22290987308319188,0.09343805684106887,0.2804735286094995,False
8965,4155415.0,0.21973629140029072,0.09808024053790504,0.28797971626696217,False
8966,4155553.0,-0.9526767910625387,0.05627402958716847,0.21210228860024782,False
8967,4155960.0,-1.1227624387354134,0.06434508179972884,0.22923067375650033,False
8968,4156149.0,0.0633955037975093,0.6570946872746938,0.8207068036321253,False
8969,4156629.0,0.016194644616849996,0.9679462483577854,0.982842498209592,False
8970,4156664.0,0.18005073389876683,0.21464467248382735,0.44397254569587385,False
8971,4156674.0,-1.0364136378455338,0.009662109077962664,0.07605670343820502,False
8972,4156960.0,0.10599633514337217,0.4423811328570287,0.6695519384118683,False
8973,4157170.0,-0.6150920613315534,8.50191623179047e-05,0.004563108022842079,False
8974,4157424.0,0.00848521569031083,0.9822740913004683,0.9896975515113953,False
8975,4157637.0,-0.886669993342842,0.10394329681526668,0.2963660793014587,False
8976,4157797.0,0.02082305728183636,0.8784788581123791,0.9395889254911691,False
8977,4158176.0,-0.24537466352018428,0.4944390314504,0.7100041661044296,False
8978,4158377.0,0.01762028377305193,0.8981984197821881,0.9490843810703447,False
8979,4158427.0,-0.045209244586242925,0.739384457207371,0.8696199265492321,False
8980,4158758.0,0.48540416868994757,0.19365528865164472,0.4158610022682238,False
8981,4158842.0,-0.16029199825535276,0.23385880307812093,0.4667047389564919,False
8982,4158879.0,0.046132640773905914,0.7347868115258933,0.866874343996693,False
8983,4158908.0,0.40862014364261534,0.038885963662130825,0.16911343571812104,False
8984,4159052.0,-0.5218030301170615,0.18106082919524036,0.3996525873218504,False
8985,4159098.0,0.039380471035680056,0.776913369995786,0.8896058990396989,False
8986,4159277.0,-0.03768471344300661,0.7843514797228739,0.8939825874671402,False
8987,4159668.0,1.0080838001786152,0.149393735074526,0.3595835965510193,False
8988,4161007.0,-0.5633325371908386,0.14853227581787912,0.35853187769692635,False
8989,4162010.0,-0.31736532874428186,0.39573444268625,0.6298753316826409,False
8990,4162824.0,-0.06621065611237656,0.626585173129833,0.8021819760109893,False
8991,4162905.0,-0.07451995328824239,0.5839476942484678,0.7733958298032111,False
8992,4163208.0,1.1077659545737333,0.000221619650357796,0.008244185020910464,False
8993,4163640.0,0.08622032245756187,0.6371361775651422,0.8086843895091442,False
8994,4164384.0,-0.06301871703812001,0.6403033526329991,0.8107422014267123,False
8995,4165006.0,0.319813092582361,0.09804792692431527,0.28796272910266296,False
8996,4165338.0,0.0717853527669075,0.6999589529476582,0.8472236349287672,False
8997,4165967.0,-0.0581975099755897,0.670819765718633,0.8307395685792694,False
8998,4166065.0,-0.042374208474789024,0.8841907594390025,0.9418931004622544,False
8999,4166645.0,-0.1292412704862129,0.36786006492373435,0.6051100173885644,False
9000,4166713.0,-0.03436969613521931,0.9059001628287813,0.9535434628564396,False
9001,4166799.0,0.026758163584483657,0.9258982926713414,0.9635909533745445,False
9002,4167407.0,-0.12254576435217324,0.3961026804807973,0.6301765494092121,False
9003,4168794.0,0.41628301149171953,0.20639292101626464,0.4325922297029451,False
9004,4168892.0,-0.08906955024417557,0.5350172701687413,0.7405779734355633,False
9005,4168924.0,-0.11541773568183909,0.41941354489571986,0.6503246791688715,False
9006,4169333.0,-0.4820660461411728,0.49114953225535457,0.7084954382235048,False
9007,4169374.0,-0.10277170755400075,0.4950924944342322,0.7103979585602269,False
9008,4169985.0,-1.388929476031095,0.03184589097529698,0.15168369747119292,False
9009,4170376.0,-0.08008845673432265,0.8452833465167717,0.9210332537216227,False
9010,4170594.0,0.29140793935556786,0.4035790578716687,0.6358273836280064,False
9011,4171825.0,-0.25465121234537375,0.4470963761104091,0.6736749952452313,False
9012,4173053.0,-0.4944394777096358,0.1949988543491205,0.4175799100334786,False
9013,4173331.0,-0.1937534912952854,0.16835596749190254,0.38328524058821356,False
9014,4173554.0,-0.38840425349673535,0.194484192949155,0.41680669584660957,False
9015,4173731.0,-0.2884672954339865,0.10424298714914007,0.2968706506008478,False
9016,4174314.0,-0.1138088122026705,0.646579800771558,0.8137534767971318,False
9017,4174748.0,-0.11106014411149734,0.7026078541428259,0.8488378694179605,False
9018,4175104.0,-0.029460817261935272,0.8562690773954561,0.9274238103815862,False
9019,4175371.0,0.4555975784055779,0.029778495411021663,0.1464637823682103,False
9020,4175916.0,0.17487051434560955,0.2132013161556025,0.442166657789275,False
9021,4176070.0,0.1591223455429784,0.3119976684137375,0.5516492859188529,False
9022,4176107.0,-0.3447837901315687,0.03303771268596088,0.15403438874621497,False
9023,4176794.0,0.15467387231209878,0.40209920264216314,0.6343244942131494,False
9024,4176942.0,0.1914034604997626,0.18396116277644797,0.4033686071160702,False
9025,4177058.0,-0.15443540097683348,0.5149559852053642,0.7261305145878225,False
9026,4177098.0,0.08927485433622195,0.5807907354208006,0.7719460552213531,False
9027,4177357.0,0.08961083143167971,0.6567693869204647,0.8203949016135379,False
9028,4178442.0,0.07455394254589667,0.6383516422704972,0.8091590487901731,False
9029,4179160.0,0.49795167654868455,0.013936637599419247,0.0935545060968216,False
9030,4179188.0,-0.11359735379393318,0.820438008063452,0.9099163299350861,False
9031,4179324.0,-0.12076221525543092,0.8093364566725647,0.904866029785586,False
9032,4179358.0,-0.587247753003123,0.00349985830472338,0.04133945799539966,False
9033,4179523.0,0.7072053300111956,0.002625620195981357,0.03463074997251231,False
9034,4179664.0,0.2341217944082381,0.45196024731331913,0.678002830926766,False
9035,4179842.0,0.23816269068292278,0.0952374747480079,0.283699996813838,False
9036,4180018.0,-0.25760953579594714,0.493491024603433,0.7099012643665986,False
9037,4181505.0,0.06686203182773419,0.6617102233682249,0.8241010182035432,False
9038,4181556.0,0.42830058389190717,0.04093532134402018,0.174392823072739,False
9039,4181663.0,0.15176769793115685,0.5238944191726896,0.7321841019852641,False
9040,4181674.0,-0.2307680831625978,0.5640736739120272,0.7608125907449125,False
9041,4182844.0,0.35508134209495534,0.017759335543514033,0.108535049948429,False
9042,4183184.0,-0.09602563402350298,0.7891593379236097,0.896477853796036,False
9043,4183300.0,-0.34081880026406536,0.024971205024476802,0.13372591541228201,False
9044,4183546.0,-0.30972180661340887,0.03960705626682261,0.1710161478824023,False
9045,4183741.0,0.349971425528065,0.022578352898257232,0.12554010541238975,False
9046,4183865.0,0.13789784862632154,0.5637818271346515,0.7606747218339225,False
9047,4184329.0,-0.33645551380965005,0.023941043721670136,0.13013521762580338,False
9048,4184422.0,-0.3188204670676987,0.032994561434624044,0.15397934839761135,False
9049,4184642.0,0.34186962024410505,0.45911193533964706,0.6825996518438391,False
9050,4184937.0,-0.24852105297987942,0.08728411016701154,0.2708988638469254,False
9051,4184975.0,-0.7874689413479791,0.0558149880370649,0.21126569606709275,False
9052,4185120.0,0.1379454940772482,0.671206698171656,0.8307907528045367,False
9053,4185242.0,0.02907225149200378,0.8859853886906381,0.9431569475568183,False
9054,4185258.0,-0.8706456993148709,0.17952861398345485,0.3980750324681565,False
9055,4185698.0,0.2530439503814591,0.0782409297813792,0.25635535550162125,False
9056,4186617.0,0.20552070201032546,0.15600593243626798,0.36658234876788903,False
9057,4187427.0,0.24436844303754612,0.43256528683487416,0.6612443583428473,False
9058,4189334.0,-0.3120838154627362,0.35594563653144523,0.5947036916344217,False
9059,4190145.0,0.1912984679430609,0.6498876546746369,0.8159299666311802,False
9060,4190885.0,-0.23652402575522374,0.2843659233054419,0.5245932940099465,False
9061,4192044.0,-0.2820728124838291,0.21304298836496358,0.44192272858812914,False
9062,4193357.0,-0.11304089954733088,0.5230967703874027,0.7321061684573564,False
9063,4193893.0,0.8088893249287799,0.02986739743318802,0.1465689869517432,False
9064,4194800.0,0.13817345156905764,0.43769064876288993,0.6654246487844776,False
9065,4195309.0,-0.44361637745520316,0.3397058085303846,0.5787047318890969,False
9066,4196686.0,0.5985169265845608,0.07790861681003136,0.2557167238525984,False
9067,4196719.0,0.664784733487944,0.046449266075256686,0.18834769639406473,False
9068,4197668.0,-0.48540874427768343,0.20320593006230928,0.4285603984508194,False
9069,4198981.0,0.39564317090626444,0.04082419278751318,0.1742613498656923,False
9070,4199004.0,1.8492470249493136,0.004158918721581002,0.04573967854383159,False
9071,4199554.0,-0.03600207436177509,0.814445602956401,0.907221005595979,False
9072,4199633.0,-0.19651799529024286,0.37064413610332286,0.6075350623602456,False
9073,4199732.0,0.2850717350159424,0.5687999016470474,0.7635540550717138,False
9074,4200076.0,0.052566179602514744,0.7313923055744415,0.8646808269909296,False
9075,4200249.0,0.7161606848243012,0.23608853834815394,0.46948572609437633,False
9076,4200374.0,0.025906052630672277,0.8630296828326323,0.9306762574158776,False
9077,4200451.0,0.3845609436634948,0.047430921805737554,0.1912565587671921,False
9078,4200647.0,0.0015486753551263444,0.991772753305049,0.9949808906771079,False
9079,4200922.0,0.06120143302197946,0.6903540238542963,0.8412961558259701,False
9080,4201433.0,0.3163538414254646,0.10685921605884736,0.30121902569802167,False
9081,4201513.0,0.182288838148222,0.30311089510148137,0.5426752200264144,False
9082,4201873.0,-0.007867640231675369,0.9582583306620962,0.9796286332019534,False
9083,4202963.0,0.031209141381896538,0.8373092749317175,0.9172461579759605,False
9084,4203538.0,0.5024294880322557,0.2638618294775493,0.5003878684449333,False
9085,4203648.0,-0.44149143705909744,0.3262286375413189,0.5669567500017638,False
9086,4203819.0,1.002514014602877,0.1517059265619427,0.3622454537681232,False
9087,4204025.0,-0.08238620612215186,0.8990802480036454,0.9495540077913573,False
9088,4204040.0,-0.405649881187183,0.15777140628191563,0.36925584631095176,False
9089,4204712.0,-0.5940648660703032,0.32880320026435267,0.5690049340956084,False
9090,4205088.0,0.1677341931379612,0.3269355720896827,0.5672771155744094,False
9091,4206066.0,0.2519753614155695,0.13218096924495681,0.33722526913779294,False
9092,4206857.0,0.3638033219097585,0.5268731362958303,0.7345502047895246,False
9093,4207112.0,1.005765071355833,0.15034942679881277,0.3611513670947361,False
9094,4207907.0,0.30654417323758426,0.074183149803584,0.2489975544582264,False
9095,4208637.0,-0.2951870976681884,0.36718693640390987,0.6047361554932007,False
9096,4209313.0,-0.16369468172031387,0.337812691567999,0.5763161689097558,False
9097,4210648.0,-0.18257694705652644,0.7642399697399488,0.8833803504980453,False
9098,4210701.0,0.28450860644128945,0.05698157115538409,0.21367285009372297,False
9099,4210721.0,0.5633174417828557,0.021634797112705793,0.12274146049601235,False
9100,4211112.0,-0.21675597152501683,0.6390370966234921,0.8098001031809487,False
9101,4211130.0,0.25783918954694696,0.11098262548857507,0.3069341145677662,False
9102,4211555.0,0.6759426072909273,0.23921956652964316,0.47273611818931427,False
9103,4212435.0,-1.3379584573371253,0.05539166126867207,0.21015810788397724,False
9104,4213653.0,0.3658945169115043,0.5029059970140345,0.7165848958294216,False
9105,4214057.0,0.9968599448573489,0.15402151543798148,0.36496475662066996,False
9106,4214195.0,-0.2788736717972626,0.6468606268761677,0.8138101609174687,False
9107,4215399.0,-0.484482657313952,0.39927805312667275,0.6324475801386301,False
9108,4215512.0,-0.8100691816212098,0.24702265828686334,0.4814202960960131,False
9109,4215578.0,-0.6624212248430708,0.276016791209308,0.5155131226044457,False
9110,4216326.0,-0.11822618425469378,0.7993746880991114,0.9008226250771387,False
9111,4216434.0,-0.8050121791214095,0.24994178938178885,0.4846584715504319,False
9112,4216942.0,-0.24246261333623925,0.1180549952730722,0.31735685331579955,False
9113,4217266.0,0.6067763416059522,0.001729960707650557,0.026964527296999684,False
9114,4217554.0,-0.2580396831876668,0.6716450134582768,0.8309759035959947,False
9115,4217580.0,0.5309048866211316,0.008819236893215343,0.07225118224592646,False
9116,4217782.0,-0.4818716108549992,0.01687468957539311,0.10515198354815856,False
9117,4219813.0,-0.15658533531490315,0.7363937739815446,0.8682040204811194,False
9118,4221207.0,-0.20121575673024628,0.7409560615727756,0.8705572083961987,False
9119,4221843.0,0.1507476694535037,0.3211478905195706,0.5609107564907383,False
9120,4221915.0,-1.364336225348798,0.05073289973733905,0.19958848382953837,False
9121,4226312.0,0.16044339223021414,0.5928178080174582,0.7793370389977315,False
9122,4227343.0,0.24250411374166633,0.7089040741401106,0.8516908279422596,False
9123,4227380.0,1.4890534528728434,0.021345067689869716,0.12156385612462528,False
9124,4227459.0,0.29057721514375145,0.505498116594023,0.7187820350573906,False
9125,4227628.0,-0.3021981016780831,0.6195867760136491,0.7980500399601616,False
9126,4227797.0,0.4805131234365725,0.011152754164520566,0.08266732528376593,False
9127,4227800.0,0.4136062140830902,0.016547118428242996,0.10367115904610608,False
9128,4228298.0,0.35241103235802024,0.4058711710547732,0.6382343273648505,False
9129,4228475.0,0.15255986879669914,0.8275978961915753,0.9129649556056454,False
9130,4229006.0,-0.42135580458385813,0.02735528068745103,0.1401328795952246,False
9131,4229018.0,-0.7421518574172508,0.25277108498891127,0.48787875667756614,False
9132,4229665.0,1.063291151898212,0.0023670893168603597,0.032607556515887315,False
9133,4229710.0,-0.25045585533545656,0.5340168657858106,0.7396648051684286,False
9134,4229768.0,-1.384939351043891,0.01082476810687301,0.08131685660907026,False
9135,4229877.0,0.45343448539537656,0.008200535770406206,0.06892619701649022,False
9136,4230244.0,0.4356776966109336,0.021282055365649,0.1214057149500695,False
9137,4230513.0,-0.2728278028897824,0.6540613393022993,0.818762994003496,False
9138,4230616.0,-0.6583454418830872,0.002716678415358294,0.03510660023656462,False
9139,4231929.0,-0.9443976831399414,0.025431679205799692,0.13459818516770145,False
9140,4232513.0,0.22119905173976295,0.5651946425858573,0.7616620540371795,False
9141,4234065.0,0.938390885474599,0.1796652114967825,0.39825727400399713,False
9142,4234083.0,-1.9157335854459197,0.0029753244585723785,0.0369532574345574,False
9143,4234991.0,0.27924665074946176,0.5479973924779765,0.7498439046197447,False
9144,4234998.0,0.027491147001960932,0.9205164877390938,0.9605099470047925,False
9145,4235532.0,-0.6281529455607566,0.0014032984906278284,0.024026506491743024,False
9146,4235677.0,-1.317760651392803,0.05920129892113831,0.2185816665948831,False
9147,4236091.0,0.1255555370264574,0.3843284222113747,0.6202476300520693,False
9148,4236360.0,-0.024679680339969035,0.9718937439593368,0.9851439528133907,False
9149,4236498.0,-0.9098541084198092,0.16073167848395228,0.37304733161071246,False
9150,4236619.0,-0.45529579233487766,0.00031932308035516164,0.010255183542175384,False
9151,4237241.0,0.29753730178438187,0.08230109838267814,0.2619616754540235,False
9152,4237348.0,-0.3409766034688802,0.5996548032499692,0.7831151214242561,False
9153,4237449.0,0.4899358296600935,0.014744733018210724,0.09682642281468688,False
9154,4240008.0,-0.3604203541186131,0.6068298306222675,0.7888787798089477,False
9155,4240980.0,-0.583502295153467,0.0015295044344577897,0.02538649944348518,False
9156,4241451.0,0.31567409487892156,0.04127613140771559,0.17523000010921444,False
9157,4242886.0,-0.3220168293932485,0.3643242494917884,0.6027647810140776,False
9158,4244142.0,-0.6640784964699991,0.0017446630537399173,0.02713225995465158,False
9159,4244537.0,1.7774126707819207,0.0010285977530267033,0.02000972869015209,False
9160,4244903.0,0.05656234213268305,0.8032244230409057,0.9026815521388375,False
9161,4244948.0,-0.08118134272949294,0.7170564850040398,0.8557837705690724,False
9162,4246089.0,-0.2628288342722918,0.5216757499523312,0.7314376473433939,False
9163,4247333.0,-0.666779731497724,0.002493768809532091,0.03366898063118265,False
9164,4248685.0,-0.11993848347227659,0.7774686884131378,0.8897651673932114,False
9165,4248993.0,0.35295606577067756,0.4327097923538037,0.6613721199662826,False
9166,4249088.0,-0.04611039763597233,0.9434155327639582,0.9714262576506133,False
9167,4249625.0,0.03228369286906987,0.8488344902053936,0.923065312046042,False
9168,4249686.0,-0.003552782358287619,0.9820343780207547,0.9896011115313119,False
9169,4250504.0,-0.5159913819386079,0.20807486507143247,0.4348580401136695,False
9170,4251469.0,0.10795163945509803,0.8510565609160798,0.9239333171908487,False
9171,4251684.0,0.22414001214890789,0.11794145324824913,0.3172087400916116,False
9172,4251766.0,-0.37658491607882594,0.279904591952624,0.5194673184554169,False
9173,4251795.0,-1.2636192014435967,0.07044193612795108,0.24197696730028764,False
9174,4252045.0,-0.7581665237429467,0.14306117306882016,0.35189871598958594,False
9175,4252168.0,-0.20347388568846758,0.738166327248405,0.8690667551281385,False
9176,4253077.0,-0.5627774428462398,0.42148876148667586,0.6524900892666666,False
9177,4253992.0,0.1625393905122392,0.6921267437304671,0.8423192271901455,False
9178,4254759.0,-0.5157584231551242,0.0006528844678630329,0.015610266296593,False
9179,4255072.0,0.20694413969505443,0.2696250136507646,0.5076348425662627,False
9180,4256038.0,0.5157208331959435,0.15315552964170126,0.36402524069644565,False
9181,4256260.0,0.4269753630595931,0.12624614782249344,0.3303033306391659,False
9182,4256551.0,-0.1317019136065947,0.800771970839035,0.9017926904718047,False
9183,4257145.0,-0.020177975868880094,0.9610349864754508,0.9810998568786813,False
9184,4257214.0,-0.06982996782759233,0.9144074824286775,0.9574508750615699,False
9185,4257536.0,-0.5590959051179571,0.26362455415061203,0.5002000586094902,False
9186,4257689.0,0.530772988362998,0.3829739967095183,0.6190890147850814,False
9187,4257737.0,1.6439572959676951,0.0024285528790744613,0.03311624127287679,False
9188,4257805.0,0.5141278394077868,0.026319191798078595,0.13689227955540276,False
9189,4257993.0,-0.7440143232517498,0.08764184889733757,0.2713497632003991,False
9190,4258778.0,0.8170297792522647,0.010860037262975011,0.08152538346444935,False
9191,4258909.0,-0.6261956137665345,0.022392352210354304,0.1249711996110005,False
9192,4260230.0,0.23292995937122693,0.580435409793447,0.7716627523953297,False
9193,4260360.0,-0.2769505627489312,0.5138491048875299,0.7261305145878225,False
9194,4261262.0,-0.039519732001945626,0.9514945214657963,0.9754885748499451,False
9195,4262208.0,0.788499933754577,0.014038871475311224,0.09386677169593166,False
9196,4262556.0,-0.26552168012345406,0.6269431435891893,0.8024369559793244,False
9197,4263362.0,-0.2080805390498196,0.732511068700973,0.8654122388712518,False
9198,4263606.0,0.3419931940813553,0.029842319309792413,0.1465689869517432,False
9199,4264636.0,0.437589004752692,0.05284724073306723,0.20466890726468545,False
9200,4265247.0,0.18198100426383287,0.7273474173529086,0.8626918941614755,False
9201,4266084.0,0.9366328192756112,0.00039823845837136325,0.011654825665894484,False
9202,4267221.0,0.4538074322669531,0.045526069132443024,0.18662593671928587,False
9203,4267512.0,0.6285571985147738,0.0001234767021255387,0.005655441356846931,False
9204,4268206.0,0.02213025622434886,0.9710028976531166,0.9845167620049113,False
9205,4268510.0,-0.44734741242934434,0.33585847446419664,0.5751358307714439,False
9206,4268538.0,0.2530720566069927,0.5507373132969412,0.7515611375385962,False
9207,4268697.0,1.6551856370918512,0.0022659859006562127,0.03194480851997798,False
9208,4269256.0,-0.8116984100858323,0.13427594336528942,0.33999658624451057,False
9209,4269773.0,0.0799403898727745,0.8015700217716047,0.9019736590202272,False
9210,4270186.0,0.1375065387608817,0.7527096882909207,0.8779051967763988,False
9211,4270381.0,-0.062395157108980456,0.9234785486576104,0.9621275640092825,False
9212,4271263.0,-0.7180659951734844,0.0019604944232009375,0.029272581793461042,False
9213,4271293.0,-0.7024329583979975,0.0020307699823962325,0.029991847835253202,False
9214,4271505.0,0.7915488634581418,0.16792474421196543,0.38262449589019415,False
9215,4271797.0,-0.2910369379717388,0.6541052679869477,0.818762994003496,False
9216,4272595.0,-0.18768638310144045,0.5039686087701287,0.7173223154683509,False
9217,4272662.0,-0.3341999557413242,0.031281995009870486,0.15005128406192847,False
9218,4273322.0,0.49534614993687387,0.02573063384760872,0.13519168945585316,False
9219,4273586.0,-0.23907380635239522,0.6945210890495789,0.8436411911792167,False
9220,4273851.0,0.467813878261211,0.4156637755808412,0.6472572491651171,False
9221,4274089.0,-0.16771732718681656,0.6750766086839273,0.8329116375612674,False
9222,4274138.0,-0.4933124789771797,0.08178647561526597,0.26137891659609863,False
9223,4274314.0,0.7765331630243246,0.0025162992361250094,0.03381561095390759,False
9224,4274362.0,0.01996379319969485,0.9738392903791028,0.9856434029897585,False
9225,4274822.0,-0.12669649225559926,0.7574951946660425,0.8801872312551067,False
9226,4275468.0,0.7575877551463585,0.18695713194532654,0.4067179173446424,False
9227,4275610.0,0.5179148194405698,0.1684484634303911,0.3833350252697894,False
9228,4275996.0,0.0636799941555311,0.7947718482653788,0.8988589719650644,False
9229,4276296.0,-0.7585199644263814,0.06215054227356393,0.22473155775467568,False
9230,4276335.0,0.4987039732904089,0.025470221625675336,0.13465141012467943,False
9231,4276575.0,-0.3395184506404695,0.03746667805365523,0.16541744140681366,False
9232,4276669.0,0.3515616019438248,0.6156777862593599,0.7953329013263539,False
9233,4277254.0,0.5271822410674862,0.18988324817639518,0.4107578036976424,False
9234,4277458.0,0.008572894552679594,0.9683644149882665,0.982985203119434,False
9235,4277475.0,-0.31924099839051956,0.05015588525791302,0.19825397258030827,False
9236,4277581.0,-0.2021429197465323,0.772931705033805,0.8879430265786806,False
9237,4279306.0,0.23868348151568344,0.10125066294189497,0.2929645645963816,False
9238,4279555.0,0.07294637940213142,0.8149274853467697,0.9073649422439563,False
9239,4280224.0,-0.29108075800143,0.07451927197507459,0.24929206461194173,False
9240,4280639.0,1.4848847822015614,0.021703466967894013,0.1230202855570493,False
9241,4280912.0,-0.1882082479435757,0.20429863031058684,0.4300294031455149,False
9242,4281702.0,0.03985005763894672,0.936542121767948,0.9684295612268321,False
9243,4282234.0,-0.8583705082024777,0.03242709016084735,0.1527778874380374,False
9244,4282368.0,-0.3444437703612034,0.3775617254904527,0.613826919875351,False
9245,4283468.0,0.6673889531630601,0.00027281487382028243,0.009391208939530766,False
9246,4283838.0,0.8034917472697833,0.1616714874040154,0.3737350362045429,False
9247,4284751.0,-0.4356120295007881,0.11681612781646511,0.31590410250317114,False
9248,4285416.0,-1.2762485707006532,0.048740367666452296,0.19451348934534549,False
9249,4285445.0,0.29701644165609553,0.04291328418260799,0.17936992676249894,False
9250,4286801.0,-0.5576753290607427,0.35934039794099215,0.5983494431123592,False
9251,4286853.0,0.0862699797425395,0.6715290637198083,0.8309759035959947,False
9252,4287454.0,0.36519557398993857,0.03799250754032151,0.16681405425642815,False
9253,4287606.0,0.34458905543599094,0.04985619942884674,0.197684072127157,False
9254,4287884.0,1.4750294634798227,0.034566914262125374,0.15778967801319216,False
9255,4287885.0,0.34637029113045065,0.046924232535356894,0.18972666011297198,False
9256,4287905.0,-0.44295225620370304,0.0011773719023376432,0.021661647457415452,False
9257,4288095.0,0.36770999966801676,0.4809289881667836,0.6994876313164727,False
9258,4288163.0,-0.3964073390358528,0.31312942972954366,0.55241670074991,False
9259,4288614.0,0.44290714230134187,0.46669719638138896,0.6884084884794098,False
9260,4288966.0,-0.4297377934291151,0.0023483190834216044,0.03239009358391552,False
9261,4289357.0,-0.24383943018539056,0.10616066342000204,0.3000690566912724,False
9262,4289401.0,0.04139551360671141,0.8713213238882103,0.9349878822697218,False
9263,4289704.0,-0.34677548556382415,0.06088440106843002,0.2217699806284846,False
9264,4290232.0,-0.12406226191573613,0.8291384442881273,0.9141070295295167,False
9265,4290467.0,-0.41512552524644564,0.0035222713987807385,0.04146882433163223,False
9266,4291176.0,0.3908198037807826,0.0072155365291937095,0.06367857644259978,False
9267,4291565.0,0.44425193780451344,0.0019952453088976567,0.029587961513776042,False
9268,4291983.0,0.019273328493119385,0.9160256997255781,0.9583133163570886,False
9269,4292053.0,1.1604465108984376,0.015529962481234593,0.09963223565827513,False
9270,4292149.0,-0.7332610513683421,0.20162486413853226,0.42655191974737233,False
9271,4295064.0,-0.0417015543132251,0.8190148748618296,0.9092274468124198,False
9272,4295966.0,0.5305163723897756,0.14166946584980472,0.3505615196135453,False
9273,4296367.0,0.4012268619006175,0.37243866451832924,0.6092256936929572,False
9274,4296914.0,0.6740637668555061,0.07246841200449279,0.24573957614793043,False
9275,4297576.0,0.04702045090849144,0.8549235993466314,0.9264446112516406,False
9276,4297635.0,-0.14857219395556232,0.48834396050735823,0.7062438399262008,False
9277,4298441.0,0.38109998577336457,0.00538576781971067,0.05373392434095525,False
9278,4298948.0,-0.5547344660508629,0.3617925530550485,0.600590023461164,False
9279,4299840.0,-0.41502512316221907,0.015246651272633206,0.0990999882782148,False
9280,4300490.0,0.1903450122440181,0.5916224789011509,0.7788093631423713,False
9281,4300927.0,-0.28715545420569566,0.07073563719782477,0.24260200372271343,False
9282,4301054.0,-0.2961755381594405,0.16349560262839113,0.37647479856053967,False
9283,4301103.0,-0.7914179777190686,0.0005708012295794648,0.014375979923631302,False
9284,4301359.0,-0.13639423144958618,0.8456348280570344,0.9211606681945919,False
9285,4302167.0,1.9353420999972315,0.00542060854933469,0.05393281925117146,False
9286,4303061.0,-0.1519236504692991,0.6844143329427128,0.8383341891326053,False
9287,4303096.0,0.4973040990101667,0.0650880708654311,0.23104349550171832,False
9288,4303169.0,-0.07589780422763223,0.7133562825817954,0.8541233672430387,False
9289,4303868.0,0.5137584299809996,0.09412305770387475,0.28130666062102433,False
9290,4303981.0,0.139464554066285,0.2874123090747081,0.527551698294141,False
9291,4304587.0,0.37313320829826363,0.32112840628757683,0.5609107564907383,False
9292,4304607.0,-0.39362110549728146,0.053698276482997194,0.2060313678167047,False
9293,4304762.0,-0.11688664338532438,0.5114243170370059,0.7242675748775863,False
9294,4304829.0,-0.19082996903724259,0.29120744233737716,0.5318958079374438,False
9295,4305101.0,0.32895147412752834,0.392345738766208,0.6272331361277154,False
9296,4306335.0,-0.24924230114039786,0.11637910969551676,0.31519342209202456,False
9297,4307411.0,-0.3140303251717435,0.03780093587778708,0.1662634861239853,False
9298,4307422.0,0.10726182225544942,0.766829857368991,0.884981635801645,False
9299,4307510.0,0.09762931553743716,0.5446395705010386,0.7470384808931986,False
9300,4307541.0,-0.8406640401542133,0.12312803393292578,0.32567124959598176,False
9301,4307624.0,0.7873106195053288,0.17031307721179162,0.38625355221212093,False
9302,4308219.0,0.21890959102811608,0.569229378143158,0.7637132956823862,False
9303,4308564.0,-0.7380316738269104,0.13961777922261334,0.3478427802298526,False
9304,4308959.0,0.48818401159646163,0.3290386729127854,0.5690049340956084,False
9305,4309030.0,-0.552684051885008,0.42990550934254423,0.6589415848507932,False
9306,4309178.0,0.22022279522936197,0.5669134341961563,0.7623997696968675,False
9307,4309597.0,-0.07504362586709137,0.7096317593888636,0.8520736816306336,False
9308,4310429.0,-0.016010909719396657,0.9272863481198056,0.9643316065185371,False
9309,4310682.0,1.282586747511851,0.0013214290890446773,0.023362829853796136,False
9310,4312909.0,0.017274933043381846,0.9048921458666166,0.9529107725438614,False
9311,4313314.0,-0.03559355421869159,0.9594778346923277,0.9803399751115603,False
9312,4313580.0,-0.9221800832160958,0.03282794297757037,0.15367926520594247,False
9313,4313965.0,0.8433199937416935,0.01922123718185822,0.11373655879198998,False
9314,4314400.0,0.08752778359406993,0.6579485265800994,0.8213007424134061,False
9315,4316170.0,-0.1398416190501138,0.8417672205931775,0.9195313655569027,False
9316,4316926.0,0.3279627445819013,0.1510996691892541,0.3616729678168365,False
9317,4317868.0,0.04520083490502494,0.7745538884629445,0.8891198510019251,False
9318,4319464.0,-0.2660953237294018,0.10233839633157021,0.29411789573184927,False
9319,4319764.0,-0.20394432815059627,0.2715568088242825,0.5100794531558378,False
9320,4320051.0,0.2209097993225187,0.533746582564134,0.7396648051684286,False
9321,4320361.0,0.12418694472352199,0.4666378497296763,0.6884084884794098,False
9322,4320375.0,-0.7542440054539055,0.09092545501211083,0.27647714427951237,False
9323,4320449.0,-0.31273890938402105,0.09091042509092025,0.27647714427951237,False
9324,4321202.0,0.50448275976533,0.06447549475506474,0.22954460333428264,False
9325,4322032.0,-1.31543173454517,0.0300489852445332,0.1472098442310813,False
9326,4322248.0,0.30662607042013357,0.6144973304320878,0.7947537855165392,False
9327,4322377.0,0.785826298331909,0.026275018089005446,0.13687225319424284,False
9328,4322612.0,1.2777476461034345,0.035150455966276764,0.15925384604757292,False
9329,4322803.0,0.04224627793622247,0.9206914784509319,0.9605099470047925,False
9330,4322819.0,-1.28905607974015,0.0335358195008753,0.15497289088207808,False
9331,4322897.0,1.310945954889424,0.030627050497994128,0.14855077442168288,False
9332,4323200.0,1.3133561154596283,0.030327430882655732,0.1478905041470027,False
9333,4323264.0,1.304726786994065,0.031465706868846054,0.1504968296111234,False
9334,4323469.0,-0.3865382077546047,0.33363606280777236,0.5734384864012156,False
9335,4323563.0,0.4505807316567079,0.2482500152515038,0.48281911744371436,False
9336,4324523.0,-0.08529114384276126,0.6965045147325366,0.8447549170303559,False
9337,4324576.0,0.21785373062808622,0.20120861447399063,0.42625283179452933,False
9338,4325521.0,1.1549942846291512,0.0746594516658532,0.24963899254823207,False
9339,4325799.0,0.32303935166357334,0.5543162468222996,0.7541109689389444,False
9340,4326133.0,0.40404169764319087,0.11396290346751167,0.3114348235135915,False
9341,4326278.0,-0.08382965891183591,0.6995517728620374,0.8470311761759527,False
9342,4326813.0,0.1156906878622525,0.4623245631725462,0.6847500522906248,False
9343,4327440.0,0.10667052699125329,0.8174284423334287,0.9085316006649424,False
9344,4328688.0,0.24853123385642353,0.6830349807588953,0.8374951673034914,False
9345,4329164.0,0.2726301226806688,0.085766052341678,0.26852913128610173,False
9346,4329263.0,-1.1932662230399314,0.03726487387760623,0.16503884371334784,False
9347,4329684.0,-0.3502893427016448,0.06934101340263624,0.23948351908546495,False
9348,4330215.0,-0.13193995368391137,0.8506106820490102,0.9237997952618315,False
9349,4330456.0,-1.0041652810122503,0.09827413947138873,0.288237174807329,False
9350,4331041.0,-0.3911453386421867,0.29841722615582894,0.538988184679122,False
9351,4331263.0,0.6190463227197749,0.0807030788072682,0.25991674968182016,False
9352,4332029.0,0.22476501935698426,0.7119016120704998,0.853040291315297,False
9353,4332705.0,0.6714920679594426,0.05795037443243708,0.2153955717580738,False
9354,4332738.0,-0.06210575237496119,0.923835472834635,0.9622246072414609,False
9355,4333000.0,0.23736991690507273,0.5757026637694859,0.7684270484302917,False
9356,4333305.0,0.20496473520687825,0.18870624710181447,0.4087003815423376,False
9357,4333346.0,-1.4600957276651438,0.03645959032685256,0.16323457635968783,False
9358,4334271.0,0.07609030201350023,0.7302834130427432,0.864223930956458,False
9359,4336527.0,-0.2490832784417087,0.4995168101031276,0.7137363398274911,False
9360,4336749.0,-0.10199664057138137,0.5245791156341276,0.7325751061634446,False
9361,4337287.0,-0.9456040898336481,0.01350052591800988,0.09211075351351178,False
9362,4337794.0,-0.07021897281472088,0.6826433816307435,0.8372041472829873,False
9363,4338444.0,-0.5061541679459252,0.03450631093864419,0.15771200220588744,False
9364,4338769.0,0.4915698316786786,0.09782937730731858,0.28794411352249,False
9365,4339087.0,-0.1289303532478261,0.6870265612788897,0.8401169102715684,False
9366,4339154.0,0.47472812873289055,0.2499127829400761,0.4846584715504319,False
9367,4339673.0,0.3987292769324206,0.37546998455656383,0.6118790995888755,False
9368,4340154.0,-0.1314794538904269,0.49615042508759705,0.7112668864667018,False
9369,4340208.0,-0.9797357491149602,0.13085399400110956,0.3352981187448124,False
9370,4340439.0,0.1561165698357137,0.3653915936737323,0.6037929602983924,False
9371,4340893.0,0.18278818613611014,0.4148513554978697,0.6466415083184055,False
9372,4341240.0,0.10442017565906647,0.5527166601976488,0.7527300934039395,False
9373,4341891.0,-0.8210118074918696,0.13224033621778256,0.33722526913779294,False
9374,4341899.0,-1.0106870808750306,0.14839942989270555,0.3585017883308503,False
9375,4342379.0,-0.2839661695638109,0.42904195888893965,0.6582686167829597,False
9376,4342463.0,0.09264567249170473,0.5424384138833218,0.745441758744666,False
9377,4343013.0,1.2620182225801182,0.011268146862576692,0.08315141685470429,False
9378,4343531.0,0.4576599613875247,0.04808296429010919,0.19281144343152393,False
9379,4344105.0,0.27708968264519934,0.08208295578863196,0.26175396154101055,False
9380,4344559.0,-0.052580400188293575,0.7841769908173986,0.8939551811933272,False
9381,4344960.0,0.5012830330395152,0.03242342655171966,0.1527778874380374,False
9382,4345159.0,-0.48983532432997456,0.0373004248775328,0.1651289200838575,False
9383,4345609.0,-0.703249586344876,0.012034234056479283,0.08633479675967369,False
9384,4345727.0,0.4875259899261498,0.10969306755471128,0.3053947101449496,False
9385,4345743.0,0.00882780918765146,0.9670193011447993,0.9826000601340958,False
9386,4346470.0,-0.475647097629737,0.006193156738244926,0.058564915872935004,False
9387,4346625.0,-0.4930753648439183,0.03478073533431243,0.1581671060133898,False
9388,4346660.0,0.056103458734591584,0.8235935238452056,0.9109545242856844,False
9389,4346672.0,0.509691224957127,0.02900043913271654,0.1444035627457055,False
9390,4347214.0,0.5509946589469977,0.053714304092240844,0.2060313678167047,False
9391,4347953.0,-0.4909440038662185,0.011671169203305538,0.08513964721375636,False
9392,4348569.0,0.463779741271693,0.26123803258346817,0.49784740935631094,False
9393,4348834.0,-0.10501279460443416,0.8338376425392124,0.916719296884299,False
9394,4349046.0,0.4848785642336793,0.0392805695494901,0.17021580138112377,False
9395,4349287.0,-0.06564144196380034,0.7258214330080405,0.8617293727772372,False
9396,4349567.0,0.5019644293583156,0.033836546048952997,0.15569974877549164,False
9397,4350358.0,-0.4158781723479612,0.07747609304837905,0.25477218722815953,False
9398,4350737.0,0.2295188384204525,0.28153475654225385,0.5211561702363857,False
9399,4351301.0,-0.7255964628648832,0.008171272268074741,0.06890440952119264,False
9400,4351814.0,0.39848895596866263,0.48808851979219436,0.7062438399262008,False
9401,4351854.0,0.07256806678697186,0.6493920061436812,0.8157093954671315,False
9402,4352383.0,-0.21065810225960663,0.6172208288108869,0.7962295001483832,False
9403,4352683.0,-0.628587016418579,0.36917317636878494,0.6065347100776692,False
9404,4352722.0,0.2716300313220352,0.20827221423950923,0.4350192198518131,False
9405,4353529.0,0.6735638453903388,0.05111479341735324,0.20032268694099115,False
9406,4353532.0,0.6841573509685216,0.02359096673991702,0.12921109721507884,False
9407,4353625.0,-0.6747709412986749,0.07845728064758954,0.25674745718157366,False
9408,4353969.0,-0.22905968433444526,0.49358417476667626,0.7099319222329761,False
9409,4354814.0,0.22542986999469056,0.2902120387304408,0.5309752048883748,False
9410,4356342.0,-0.4737434654576326,0.0055489859757116115,0.05460946760321808,False
9411,4356890.0,-0.07675916927956578,0.8996608522622542,0.9496046382432596,False
9412,4357891.0,0.3339933853646435,0.20568223121978288,0.4316861214019225,False
9413,4358724.0,-0.2392839642283577,0.4681269942112152,0.6894869093843611,False
9414,4359499.0,0.4918580981557046,0.07086826657161663,0.2429801116976938,False
9415,4359751.0,-0.386214722356792,0.13943438682918438,0.34752412586734255,False
9416,4360958.0,0.20113717721958313,0.7568588672519347,0.8801496967982049,False
9417,4361918.0,0.015526101529030365,0.9175266494077867,0.9592364229337883,False
9418,4362411.0,-0.0031144245993802444,0.9950350048647508,0.9969637232607412,False
9419,4363297.0,-0.07415920946626538,0.887033021985527,0.9436244074532435,False
9420,4363971.0,-0.3520484986452455,0.011691852570828672,0.08513964721375636,False
9421,4363991.0,0.4798800022120576,0.07788740624563668,0.2557167238525984,False
9422,4364022.0,0.3293748315983288,0.018593566325622177,0.11163338631893183,False
9423,4364311.0,0.07113720475723756,0.8869636652098816,0.9436244074532435,False
9424,4364861.0,-0.3499273057458088,0.012639526936894577,0.0883464680618098,False
9425,4365085.0,-0.36752268559554935,0.008792875977507431,0.07220128210318015,False
9426,4365323.0,-0.0449426072643236,0.912781113920142,0.956842248612931,False
9427,4365670.0,0.12969780689270896,0.802518941296786,0.9023266286698394,False
9428,4365679.0,-0.13992832779804945,0.6181247366106188,0.7969763648780458,False
9429,4366227.0,0.2760823185404524,0.2870745066756778,0.5274498506519325,False
9430,4367133.0,-0.06037792861499197,0.686672279002135,0.8400418386409945,False
9431,4367795.0,0.3109000190694565,0.21950462657752995,0.44974003803304785,False
9432,4368250.0,0.26468584034984394,0.30057976098481615,0.5410103351171985,False
9433,4370029.0,0.40009710180644087,0.19570700187406273,0.41839274013162325,False
9434,4370559.0,-0.4439985883693385,0.019421207859892712,0.11421068271034202,False
9435,4371188.0,0.2820487021536302,0.27374202669026065,0.5128528995034138,False
9436,4371497.0,0.02687510570559496,0.9285968650066285,0.9647338571943824,False
9437,4371791.0,0.1680299464487029,0.46015019995085293,0.6832075530661345,False
9438,4373980.0,-0.04580023431918401,0.9332111094273227,0.966788184084137,False
9439,4374883.0,0.7057178423856281,0.054890210244373606,0.20893643545963955,False
9440,4375135.0,0.21029219302133892,0.7461731677300923,0.8739593633499119,False
9441,4376351.0,-0.27740470925214533,0.4675115496905991,0.6890557276298773,False
9442,4376535.0,-0.2156812205004981,0.3292942419151185,0.5690049340956084,False
9443,4376842.0,-0.618285925894814,0.016819959759540537,0.10493141562632904,False
9444,4377084.0,0.24449542230994367,0.12071233084789483,0.3215475347202125,False
9445,4378430.0,-0.21653903424096235,0.3418257513075014,0.5809485721689256,False
9446,4379200.0,-0.07173042961241709,0.9007197703723552,0.9503609163483588,False
9447,4379922.0,-0.2050220079550738,0.5607164421643214,0.7590638860447668,False
9448,4380075.0,0.39070083694298763,0.49666008704685816,0.7113399188406974,False
9449,4380554.0,-1.5573231443291826,0.02558651269740094,0.13482601715062487,False
9450,4380862.0,0.09179582564057676,0.8603692562732954,0.9290381030632684,False
9451,4381479.0,0.09014777953994624,0.5237822440691785,0.7321841019852641,False
9452,4381598.0,0.14075635946774512,0.8066241966796385,0.9042050790432604,False
9453,4382826.0,-0.5230077348067486,0.14473322661278135,0.3539671723503017,False
9454,4383349.0,0.8528028959415055,1.2471490708608692e-05,0.0013537803164194737,False
9455,4383663.0,1.064630842759265,0.03279737816901639,0.15367926520594247,False
9456,4384015.0,1.140698035771432,0.07836984360013431,0.2565454319298727,False
9457,4384151.0,-0.0844212883336848,0.5774926140159692,0.7694494826533895,False
9458,4384470.0,-0.2968279270718619,0.20925874826191201,0.4364214475252357,False
9459,4384749.0,-0.29750106485820005,0.09360441925800801,0.2807615283353625,False
9460,4384978.0,1.0533736867708319,0.0347024313889589,0.15812553344220787,False
9461,4385479.0,0.10305073658978375,0.7145496674710887,0.8547849955676308,False
9462,4386464.0,-0.18066409973009545,0.20101963476901527,0.4260144257498406,False
9463,4386908.0,-0.26866213379653925,0.38179154932343157,0.617545413188176,False
9464,4388005.0,-0.5814753094428506,0.09234237917695289,0.2786987882842838,False
9465,4388026.0,0.25201535958827753,0.327329640077762,0.567507306028447,False
9466,4388877.0,0.09391881657778679,0.7709194997873895,0.8869541048871736,False
9467,4389035.0,-0.010509264419855158,0.9436093282711844,0.9714441765800895,False
9468,4389620.0,-0.27859950532238376,0.31249633436409857,0.5519808037818006,False
9469,4389692.0,-0.1559168410307838,0.6440309399717995,0.8122407172526878,False
9470,4390719.0,-0.32145274803817814,0.5377851373413187,0.7424397568877467,False
9471,4390877.0,-0.05518228728645093,0.7415688086704088,0.8709943105515351,False
9472,4390976.0,-0.5181248137847982,0.20926518971615402,0.4364214475252357,False
9473,4391346.0,0.2374418086127973,0.35624290072520987,0.5947189275678556,False
9474,4391413.0,-0.09567767416153194,0.5701274690530815,0.7641451596550367,False
9475,4391544.0,0.26191529332772695,0.4526483023380651,0.6783787549191904,False
9476,4392040.0,-0.27622030364947636,0.42205326975194846,0.6529339960163965,False
9477,4392211.0,-0.2800942760499606,0.17115791739826366,0.38738932305215845,False
9478,4392407.0,-1.350887878452979,0.025846613303673518,0.1354731952734795,False
9479,4393831.0,-0.008810414340061634,0.9722825724964324,0.9853222895784388,False
9480,4394275.0,-0.16198224716336873,0.48598268486125124,0.7048037423025879,False
9481,4394483.0,0.2610288025641243,0.5169329224259749,0.7273242868352505,False
9482,4394754.0,0.06096115400164948,0.7424131419230899,0.8716087665558232,False
9483,4395032.0,-0.20383825973177142,0.39619789181139475,0.6302356558635244,False
9484,4396806.0,0.1069053220561636,0.4613686204866298,0.6839874863947509,False
9485,4396896.0,-0.08153719551869128,0.6405422737032035,0.8108555546411982,False
9486,4397137.0,0.18114959946578835,0.3523133509697147,0.5915485575833338,False
9487,4397450.0,-0.03449504428347394,0.8936755437253745,0.946886093424982,False
9488,4397781.0,0.06750626834582325,0.8637448349318421,0.9309189996688355,False
9489,4397860.0,-0.06160847231786368,0.683788229756575,0.8381347373540675,False
9490,4398280.0,-0.20872623180350558,0.5117108210780158,0.7244842784403106,False
9491,4398574.0,0.2095544618379632,0.29848353587836524,0.5390182635101738,False
9492,4398785.0,0.17945998363317978,0.18720459208162743,0.4069094607621277,False
9493,4399091.0,-0.2742358387357447,0.039834663159028734,0.1716575103577836,False
9494,4399816.0,0.6992758818406775,0.1458126975180771,0.35536525180932355,False
9495,4400136.0,-0.4537573440419384,0.05764784199132964,0.21505035401230677,False
9496,4400527.0,-0.2872629306697555,0.03154446138680116,0.15068446930109544,False
9497,4400773.0,0.2662961324842007,0.048218799882262665,0.19314209325533627,False
9498,4400988.0,0.5455358689185481,0.4359502981616717,0.6640808990380221,False
9499,4402016.0,-0.1771963094143784,0.1849477035158921,0.404189112475339,False
9500,4402238.0,-0.15037500572184673,0.25779361581155985,0.4939371960191082,False
9501,4402646.0,-0.13701853039430623,0.3011115594824478,0.5415119248147732,False
9502,4402789.0,0.13368996210995188,0.31606293955148146,0.5555154159377155,False
9503,4403025.0,0.20548706725018911,0.5298045974304272,0.7366203605117136,False
9504,4403199.0,-0.3524084063393644,0.2971332822950151,0.5374740508769187,False
9505,4403497.0,0.39424599084480666,0.44981748283089273,0.6761901088671016,False
9506,4404438.0,1.11959794718392,0.03125986878273596,0.1500114392734743,False
9507,4404569.0,-0.8632617351408107,0.027545571321078852,0.140576951899535,False
9508,4404716.0,0.8074370223079634,5.14205853445386e-06,0.0007752367415485645,False
9509,4405033.0,-0.24971821619565016,0.5225185742941993,0.7320702124504196,False
9510,4405811.0,0.21733262048547844,0.5635611006049404,0.7606747218339225,False
9511,4405870.0,-0.04671251959173135,0.8297214389419068,0.9144711361269569,False
9512,4406053.0,-0.6156093798189092,0.01356160038365227,0.09235642958149651,False
9513,4406148.0,-0.12000152349294563,0.45452552544967173,0.6793163401839717,False
9514,4406373.0,-0.25379130478840345,0.3208176784554431,0.5606948799925673,False
9515,4406775.0,0.16528233401957432,0.6891140726911787,0.8410538856603041,False
9516,4406927.0,0.10988130479574446,0.40705335240290447,0.6392598582658461,False
9517,4408123.0,-0.14409899285221817,0.37012689997539433,0.6072744104040063,False
9518,4408375.0,0.12638877170964874,0.3431800233713479,0.5822396718527392,False
9519,4409159.0,0.1328543742239856,0.32687860308003436,0.5672689426752634,False
9520,4409247.0,0.19503489286070216,0.15263953509956113,0.36359494261701475,False
9521,4409356.0,-0.07343034515094714,0.8411400208961911,0.9194939503351617,False
9522,4409476.0,-0.2652962406618866,0.5657059774552625,0.7619727491347407,False
9523,4409623.0,1.1228707119567167,0.030798689889116604,0.14878494826273286,False
9524,4409663.0,-0.1033655870231904,0.43839513437261163,0.6661225061050811,False
9525,4410009.0,1.1145051662102252,0.03208865397027146,0.15200333440212382,False
9526,4412225.0,0.9497421388945488,7.586090024915378e-05,0.0042229234472028945,False
9527,4412441.0,-0.07029897833062168,0.6510341055797177,0.8166390101038064,False
9528,4412583.0,-0.9479433330143335,0.14378424422182984,0.3531171880153762,False
9529,4412597.0,1.6778213963711344,0.003288799607362843,0.0394910616569952,False
9530,4412810.0,-0.3327569312268117,0.394120778632545,0.6284972898569526,False
9531,4413322.0,-0.08535631945540997,0.5822783613896324,0.7721598163683966,False
9532,4413417.0,0.3492934841036138,0.44952045084265857,0.6758371875203683,False
9533,4414287.0,-0.06899091305463018,0.8941774611937817,0.947179318954385,False
9534,4414701.0,-0.48199671465818106,0.1371464408977755,0.34389573017910674,False
9535,4414799.0,1.0079129495508743,0.12005062925921556,0.32049915902823045,False
9536,4415160.0,0.913487707958808,0.15902650987542283,0.37083161789348185,False
9537,4416238.0,0.658749085103116,7.657687061145918e-05,0.004241030257588722,False
9538,4417132.0,0.3705959325053777,0.4775782422824227,0.6970702998488232,False
9539,4418566.0,0.7659872937458235,0.2737245981871266,0.5128528995034138,False
9540,4419773.0,-0.34048905791631523,0.018008572236362024,0.1092694531166628,False
9541,4420238.0,-0.3835992893749918,0.007555346459023425,0.06556365154399947,False
9542,4420246.0,0.6471578695896757,0.2873002401046529,0.5275108434262529,False
9543,4420389.0,-0.21085785719173822,0.18030606761779666,0.3987008278653866,False
9544,4420617.0,-0.16332558199177605,0.2296441357922083,0.4625341472220246,False
9545,4421138.0,-0.3208099530067404,0.026560442978145787,0.1375542025418762,False
9546,4421355.0,0.09549314952292337,0.4854589804267461,0.7043406243960687,False
9547,4421432.0,-0.09365246111940435,0.49328431605854295,0.7097827744983409,False
9548,4422006.0,0.174232143163828,0.6730889558437324,0.8319722860036114,False
9549,4422343.0,-0.11572060557606846,0.39391477286912124,0.6283533959580179,False
9550,4422732.0,0.1234235624460999,0.5600957426395802,0.7588485035705367,False
9551,4423051.0,-0.4508444239582401,0.005323764654841433,0.05336054046934788,False
9552,4423609.0,-0.6679898945832077,0.01804570097563637,0.10930111647545286,False
9553,4425236.0,-0.27819351842916934,0.4295826332609086,0.6587513373063637,False
9554,4426275.0,-1.1516000210995334,0.04448333075973548,0.18401926653846365,False
9555,4426555.0,-0.26210928917582066,0.18241530205486098,0.40124550828571987,False
9556,4427225.0,0.264617964068746,0.0793566191573859,0.25760050865832057,False
9557,4427330.0,-0.9318206648533947,0.007126132529825459,0.06341528638092234,False
9558,4427406.0,-0.2540923651732994,0.06868213488135687,0.2385742637238812,False
9559,4427641.0,0.12435186951758045,0.8104851928934433,0.9050320716858685,False
9560,4427896.0,-0.022952679726215036,0.9646942093941122,0.98142039765446,False
9561,4428151.0,-0.14112228992629985,0.3021196591998632,0.5422468420328234,False
9562,4428435.0,-0.7549969361952021,0.04406277785470744,0.18269727028756658,False
9563,4428660.0,-0.9302218028729998,0.007211050636230841,0.06367857644259978,False
9564,4429025.0,1.0762380249815657,0.09685841960748044,0.28647492626273435,False
9565,4430365.0,-0.6505426858654455,0.010464603397967856,0.0794952354973165,False
9566,4430618.0,0.2268255793120675,0.13913269831071418,0.34719205520983965,False
9567,4431949.0,0.007630241390455095,0.9883344621864129,0.9926323637151657,False
9568,4432206.0,-0.22458323346590797,0.1145086020416057,0.312466283348826,False
9569,4433108.0,-0.14164529854537175,0.6754457481085792,0.8330830128074794,False
9570,4433130.0,0.7471094464949684,0.015301527593632144,0.09918331405229659,False
9571,4433437.0,0.7217122630698745,0.035364506829324384,0.15995071734679842,False
9572,4433483.0,0.17304966495911056,0.24341625278182835,0.47733771965853083,False
9573,4433927.0,1.0955730520240476,0.09095346680996211,0.27647714427951237,False
9574,4433998.0,0.2106738478607008,0.1534247172757287,0.36418304262336143,False
9575,4435614.0,0.37198093913170394,0.49584847494912454,0.7110218224006271,False
9576,4435657.0,0.18789403622518286,0.6409926191014782,0.8109527832571731,False
9577,4436861.0,-0.3493975017497204,0.5658850588499557,0.7621193937737306,False
9578,4437145.0,-0.006917660139473904,0.9621580937727083,0.9812568066297459,False
9579,4437422.0,1.010448288356022,0.1484811903268638,0.3585017883308503,False
9580,4438346.0,-0.16813477577392627,0.642238257901784,0.8112689243425033,False
9581,4439277.0,1.0943313232855936,0.0281251697868117,0.14153858045240658,False
9582,4439348.0,-0.09403469910369319,0.8131152083250691,0.9065813777256893,False
9583,4439376.0,1.6583091859944123,0.0061358011935626604,0.05835030175882789,False
9584,4441328.0,1.517104204931606,0.005205195833479927,0.05258910835347806,False
9585,4442048.0,-0.18132209671326616,0.6031508964985146,0.7855072563276996,False
9586,4442679.0,0.13839540313605447,0.75855246300854,0.8804626802777695,False
9587,4443214.0,0.6287726142086005,0.017554590580485106,0.10790208423055822,False
9588,4443317.0,-0.3660323535723597,0.4645277714978503,0.6862467173657816,False
9589,4443503.0,0.06469550510502943,0.8707890816026258,0.9349878822697218,False
9590,4443975.0,0.045980487058331077,0.8269950207109187,0.912740814624927,False
9591,4445513.0,-0.03497896098462498,0.9308264309440137,0.9657066696931577,False
9592,4446144.0,0.07951022132977202,0.8680583428560608,0.9337799337729203,False
9593,4446576.0,0.12634620659299328,0.5621175441422658,0.7596976666812616,False
9594,4446734.0,-0.39259320631245687,0.2601665189974729,0.49690751517664433,False
9595,4447432.0,-0.33331173304818534,0.17953481643966168,0.3980750324681565,False
9596,4447569.0,0.10197738358727078,0.8152900965973942,0.9074104376668424,False
9597,4447789.0,0.3363195479576193,0.35846053659744725,0.5973425122452087,False
9598,4447930.0,1.00130708352109,0.15217213090112078,0.36303922657838816,False
9599,4447939.0,0.1576050173081546,0.26274150531849644,0.49955223995633813,False
9600,4448442.0,0.7758895443922806,0.2675579244395921,0.5044010541493178,False
9601,4448500.0,-0.41744439608349265,0.23082417802269917,0.4634907411259857,False
9602,4449332.0,-0.33914267501433215,0.16676232148827722,0.3807751366754836,False
9603,4449335.0,-0.3931389069468657,0.10359435136161312,0.2958475885373087,False
9604,4449686.0,-0.10711088620176107,0.787664104742073,0.895365686805824,False
9605,4449995.0,1.0057136336933468,0.1503991742195755,0.3611909372021,False
9606,4450348.0,0.10974280489800559,0.8187083282028036,0.9090710825124215,False
9607,4450550.0,0.2906901889975629,0.1583485372547682,0.37004808867610517,False
9608,4450771.0,-0.30913000198310786,0.33763293428112295,0.5763161689097558,False
9609,4451572.0,-0.19313722934956906,0.5866067223253458,0.7755926882876528,False
9610,4451868.0,0.1709205493481604,0.35269238119104757,0.5918187970055373,False
9611,4452515.0,0.6395174926001125,0.0035343672134462295,0.041566149622923966,False
9612,4452629.0,-0.24193400477935123,0.48023344805835233,0.699079367839825,False
9613,4453073.0,-0.30870270499258307,0.12669331466230505,0.33059036794695223,False
9614,4453433.0,0.8480050390194983,0.01646522321574928,0.10343171180958242,False
9615,4454467.0,0.2987978237565716,0.1441106978307239,0.3533593008702299,False
9616,4455172.0,-0.7630985195496793,0.0798030303996888,0.25820026676262947,False
9617,4455248.0,-0.9218511385977143,0.15514767411647354,0.365893798313509,False
9618,4455957.0,0.3202831736638527,0.11767384659291973,0.31680297737255547,False
9619,4455978.0,-0.043521433134719734,0.9335494172542225,0.9668618380206645,False
9620,4456489.0,-0.10743134770761817,0.7800627213914442,0.8915346966217662,False
9621,4456820.0,-0.4625165570981523,0.03295164948276797,0.15397768193518996,False
9622,4456933.0,-0.42902414958895163,0.35614093138908126,0.5947189275678556,False
9623,4457414.0,-0.48036230689779325,0.49282333641668424,0.709583781911012,False
9624,4457562.0,-0.7799494424776718,0.07330942198570166,0.2472883081587295,False
9625,4457889.0,0.5684784671157836,0.2755326684480075,0.5148578403259436,False
9626,4458762.0,-0.4724451301043238,0.08122433051902743,0.2607008006457844,False
9627,4459735.0,-0.3376119439163446,0.35320108427022484,0.5922469580150472,False
9628,4459919.0,-0.566899654369059,0.4180759811854008,0.6494606576229965,False
9629,4460095.0,-0.12830812647348774,0.753144918036858,0.8779492341292974,False
9630,4460328.0,0.06712141897806519,0.8814439900919495,0.9408136197097455,False
9631,4460918.0,0.52686685591277,0.24141742985326375,0.47500203028043825,False
9632,4461114.0,-1.5650812880276737,0.024875959213044477,0.13334742580622114,False
9633,4461457.0,0.5755876882154531,0.018914707934460446,0.11259818537574551,False
9634,4461506.0,-0.7664971628595108,0.007404769277235953,0.06497879588067605,False
9635,4462208.0,0.9283232989171166,0.002658281933960446,0.034891959362927015,False
9636,4462247.0,-0.2588763816551318,0.4500811707603527,0.6763991566667076,False
9637,4462930.0,0.5944797017123642,0.01530829112018338,0.09918331405229659,False
9638,4464023.0,0.279416101187553,0.15741821842922715,0.3685963806976181,False
9639,4464801.0,0.166915164954483,0.5469113262949874,0.7491132425150899,False
9640,4464907.0,-0.20762788381849842,0.5785244617770153,0.769967912333458,False
9641,4466037.0,0.3393799840895358,0.31455303678257446,0.554317991014891,False
9642,4466044.0,0.24446864811567404,0.17055623648123627,0.38659176174646476,False
9643,4466507.0,-0.9046642471853923,0.06998256042957365,0.2412156244386418,False
9644,4466871.0,0.605552379459692,0.13202838251918028,0.33707316069417304,False
9645,4467098.0,-0.7629172337795904,0.010558854629935159,0.0799277315257644,False
9646,4467947.0,-0.3215451947628936,0.39973903268606314,0.6326094129286679,False
9647,4469191.0,-0.8282569777080993,0.14902292421592936,0.3592213373791703,False
9648,4469402.0,0.025426577258555252,0.8706762787122162,0.9349878822697218,False
9649,4470356.0,-0.047668022288257506,0.8931646582522212,0.946437169594676,False
9650,4471117.0,0.0721615337436855,0.90564200871608,0.9535154223679,False
9651,4471165.0,-1.009701953041572,0.09444319698851869,0.2817979393376499,False
9652,4471561.0,1.0085465181652398,0.1492349302149227,0.3594287036793845,False
9653,4472392.0,-0.22760997143613793,0.5425444013406181,0.745441758744666,False
9654,4472425.0,-0.8005682246423657,0.00463818633247579,0.04888108023206282,False
9655,4472882.0,-0.05368402618278964,0.8797592365424155,0.9400972861080477,False
9656,4475065.0,-0.09780226412207127,0.6377351630779283,0.8089031649737547,False
9657,4475213.0,-0.7895125963351168,0.005208041591892116,0.05258910835347806,False
9658,4475252.0,0.6316024997123674,0.0006345610472548303,0.015375357517748179,False
9659,4475332.0,-0.35943323321955245,0.24825132872028344,0.48281911744371436,False
9660,4475431.0,0.4553940819291328,0.12832624729438408,0.3322897486056688,False
9661,4475537.0,-0.34163335967168196,0.25985274741395165,0.49651497503581155,False
9662,4475563.0,0.9435776519609644,0.002264562167797987,0.03194480851997798,False
9663,4475909.0,0.1278135954297482,0.7894817558591612,0.896477853796036,False
9664,4476982.0,-0.05873463201321058,0.8961587717314454,0.9482640294012973,False
9665,4478197.0,-1.527963243272323,0.028553011370287505,0.14269932708308972,False
9666,4478511.0,0.019340475566925586,0.9646631416912533,0.98142039765446,False
9667,4478535.0,-0.02283478734661648,0.9582840551708558,0.9796286332019534,False
9668,4478699.0,0.02581516038291709,0.9528317796965114,0.9759918341848709,False
9669,4480002.0,0.02629165630032032,0.9519852595119933,0.9756888855028659,False
9670,4481082.0,-0.19854059517136685,0.6801988916270314,0.8359061438482311,False
9671,4481185.0,0.2831618622642992,0.06507417359809359,0.23104349550171832,False
9672,4481484.0,-0.03151497112752,0.9424557609756226,0.9710969343738031,False
9673,4481565.0,0.043152455670130374,0.9370564758558266,0.9684612058854611,False
9674,4481933.0,0.2894302848103063,0.32504114335444867,0.5653733562392307,False
9675,4482342.0,0.2685822485508119,0.34508660618188214,0.583811960025189,False
9676,4482451.0,0.07799445215597972,0.6730435773009072,0.8319722860036114,False
9677,4482651.0,-1.5871697688685935,0.022875596315319453,0.12651567191387592,False
9678,4483340.0,0.8958880875669322,0.009331789847436977,0.07442983474681167,False
9679,4483854.0,0.9215556370302944,0.15533089539116726,0.365893798313509,False
9680,4484199.0,0.24367679743130466,0.5057658444815987,0.7190685320036351,False
9681,4484309.0,-0.5581301484513007,0.4253050321893937,0.655657173883304,False
9682,4484668.0,-0.1485819080211997,0.5934219577558318,0.7794766882187264,False
9683,4485239.0,0.011569938979470382,0.9661820949865256,0.9821525534990367,False
9684,4485319.0,0.10505351649943456,0.8045506434485535,0.9034419197456242,False
9685,4485428.0,0.32208763257170214,0.03868281759686589,0.16856763750059384,False
9686,4486174.0,0.023235635488076445,0.9327527823810307,0.9665901148206288,False
9687,4486283.0,-1.4907607372371878,0.03269599792244349,0.15353969210623422,False
9688,4486765.0,0.012759912470413803,0.9832752022171992,0.9901168333016087,False
9689,4487113.0,-0.4384234332558218,0.34551974738693003,0.5841272459186866,False
9690,4487244.0,-1.2427732532179194,0.040506719112715965,0.17331511074833733,False
9691,4487645.0,0.0784780198870294,0.6678359813913146,0.8286970763338929,False
9692,4487764.0,-0.9181266666804835,0.04064202746190883,0.17375707290233175,False
9693,4488131.0,-0.2648687629886108,0.579855605662289,0.7709863546624384,False
9694,4488471.0,0.46982437308537756,0.22577681771618377,0.45818047416511026,False
9695,4489569.0,-0.019037429840286793,0.9185238902753879,0.959447346895625,False
9696,4490000.0,-0.05983815980773015,0.7531510121514059,0.8779492341292974,False
9697,4490003.0,-1.2127577370714877,0.045679665877141125,0.1869026660747708,False
9698,4490365.0,-0.11567715876304949,0.8172594215302426,0.9084844875279859,False
9699,4490870.0,-0.04233134836186769,0.9026658170729571,0.9514893614611526,False
9700,4491111.0,0.9787284869897354,0.06001948342993772,0.22024832662645394,False
9701,4491175.0,0.8392370069676951,0.23039219710424297,0.4634133072775152,False
9702,4491443.0,0.220909820895181,0.18246805420784976,0.40124550828571987,False
9703,4491477.0,-0.003078994838331947,0.9890074250631248,0.9932163566528096,False
9704,4491608.0,-0.11548400062780137,0.5449472837108138,0.7472716984185047,False
9705,4492120.0,-0.1511296207922284,0.7199956886360604,0.8575076919512058,False
9706,4494551.0,0.7996729289461585,0.04492622648591756,0.18528654578443585,False
9707,4494706.0,-0.158542154309652,0.7314676149082014,0.8646808269909296,False
9708,4495120.0,0.8903395553735067,0.1699100499824701,0.3858632906165146,False
9709,4495814.0,-0.9781094954603005,0.0013267810503675374,0.023380208282044835,False
9710,4496093.0,-0.004616679168407495,0.9746131820184368,0.9859670168508977,False
9711,4496570.0,0.013740542852597931,0.9843516728450403,0.990373288417176,False
9712,4496936.0,-0.16152669194077288,0.40177995608595074,0.6339129975745632,False
9713,4497233.0,-0.059871054133424945,0.6628589105840542,0.8251529213749895,False
9714,4497376.0,0.012503008003682411,0.985759366768921,0.9913301766052101,False
9715,4497719.0,0.04792295071892813,0.8270361203833455,0.912740814624927,False
9716,4498121.0,-0.29924714182795764,0.5344120149660956,0.7399288804154296,False
9717,4498731.0,0.1135719183858929,0.42731470366511287,0.6569175038373444,False
9718,4498870.0,0.867436706708425,0.013456900556604494,0.09203360463118215,False
9719,4499812.0,-0.22532494823792346,0.23332466259003914,0.4662627416080403,False
9720,4500226.0,0.18434305815536461,0.21213613829756134,0.4407153648267997,False
9721,4500702.0,-0.26350039533412895,0.0925749746083669,0.27906174656312766,False
9722,4501356.0,-0.010838823259671213,0.937176831869363,0.968493384419453,False
9723,4501696.0,0.04210047687706925,0.918890523572578,0.9595057119598632,False
9724,4501801.0,0.01528928644487794,0.9110164546169243,0.9560392395100977,False
9725,4502132.0,-0.016739396371719353,0.9022400755864023,0.9511329533349905,False
9726,4502248.0,-0.38989117526453476,0.3178856614835977,0.557906039677357,False
9727,4502421.0,-0.13923341354139024,0.7808957073556279,0.8919944126428854,False
9728,4502595.0,-0.16894004129400086,0.505222321729724,0.7185781318627036,False
9729,4502972.0,0.00461265414235662,0.9730681662165697,0.9853222895784388,False
9730,4504005.0,-0.06631247777667636,0.9132588228210781,0.9568942588535524,False
9731,4504974.0,-0.002206572097107125,0.9871743415351686,0.9919260832513427,False
9732,4505026.0,0.3604757590224301,0.040984032646193234,0.17453184557647217,False
9733,4505616.0,0.06106060101884982,0.8824929139170499,0.941377808625155,False
9734,4506731.0,0.8962552143734999,0.006251450126718372,0.05886371637908511,False
9735,4507215.0,0.054059005440864644,0.8046298320869668,0.9034419197456242,False
9736,4507311.0,-0.08408883395731849,0.5481591629374443,0.7499707226727952,False
9737,4507354.0,-0.048180616255915236,0.7271160085079477,0.8625121769689014,False
9738,4507982.0,-0.5267301495194765,0.29229274689387663,0.5328369446652184,False
9739,4508655.0,0.051309809748369524,0.7089219954979114,0.8516908279422596,False
9740,4508966.0,-0.375031773641394,0.33690500908674065,0.5759218698640267,False
9741,4509324.0,0.8777659781290132,0.010870019004584732,0.08154392280218885,False
9742,4511856.0,0.42187622780082706,0.5469082243180777,0.7491132425150899,False
9743,4512075.0,-0.2663055100622276,0.17875550173598256,0.3970515595138307,False
9744,4512734.0,0.05929919697185301,0.6794088986423469,0.8356057755596198,False
9745,4512824.0,-0.06659950464722007,0.6407250019087882,0.8108983714844734,False
9746,4513986.0,-0.5240245620760495,0.005172823338670798,0.05233084561162304,False
9747,4516011.0,0.1381002101120143,0.35672616156905707,0.5950003816582843,False
9748,4516256.0,-1.1914819320952974,0.08815671188765302,0.2720418250947213,False
9749,4517078.0,0.13687767955109748,0.36903490476525513,0.6063993174730312,False
9750,4517589.0,-0.8777737162006187,0.12618017457671518,0.3302835290644426,False
9751,4517654.0,0.0670255545302168,0.6344159506263928,0.8070532220847877,False
9752,4518133.0,-1.3317037093334467,0.01030966823312362,0.0788832045024586,False
9753,4518596.0,0.2997987214667276,0.06752606266917269,0.23570148254896453,False
9754,4518826.0,-0.20549316633285297,0.13688749962074356,0.34343048000108467,False
9755,4519260.0,-0.32043513191035417,0.47346742883131193,0.6938691696994588,False
9756,4520278.0,0.020815751823726164,0.9628844540512792,0.9812876766338339,False
9757,4520976.0,0.004332240975658777,0.9772046370204298,0.9869330419479685,False
9758,4521401.0,0.052873590310395874,0.7167256396204804,0.8556094598130777,False
9759,4522347.0,-0.3144867975262483,0.32254904101325227,0.5624529863773258,False
9760,4522706.0,-0.11888100418183939,0.4735829398872947,0.6939447641032106,False
9761,4522888.0,1.178111628101367,0.03044951657826253,0.14810054633633343,False
9762,4523680.0,0.5833711263001704,0.30994197744756785,0.5496520446321432,False
9763,4523788.0,-0.21998393042050404,0.16220212436487885,0.374697607997608,False
9764,4525961.0,0.6746623563288119,0.028525229026254203,0.142626145131271,False
9765,4526459.0,-0.17133343500353526,0.7203527369523761,0.8575815924125951,False
9766,4526706.0,0.5845225842552989,0.12791784605669787,0.332188569125707,False
9767,4527367.0,-0.9877967789793821,0.05768905857793251,0.21505035401230677,False
9768,4527500.0,0.6100968807392375,0.12960607150139083,0.33380632433126567,False
9769,4528567.0,-0.2822511953793694,0.17559233725672602,0.39303212952261346,False
9770,4529592.0,-0.41272510940882534,0.04734015364174031,0.1911035209301194,False
9771,4529653.0,0.7841514601785193,0.045547603864934005,0.18664372969190585,False
9772,4529711.0,0.6110823662254683,0.11123561749517842,0.3073393598418511,False
9773,4529824.0,-0.2925872187493637,0.49986575255623555,0.7138590638071223,False
9774,4530012.0,1.28206932149818,0.010030013363292628,0.07827159961074154,False
9775,4530615.0,0.24832554263797424,0.2902760136956,0.5309752048883748,False
9776,4530723.0,0.2277068164943911,0.3483061458454977,0.5864215770271445,False
9777,4530926.0,0.5220082504514794,0.040448344895559186,0.17320188711688164,False
9778,4531410.0,0.018103561227855558,0.9251923435699662,0.9631689737654151,False
9779,4531639.0,-0.2607652768683795,0.07528185382332508,0.2505932300681367,False
9780,4532535.0,0.484977935903803,0.05343509649129039,0.20568722425991393,False
9781,4533694.0,-0.5240214226672507,0.08946951314792283,0.2743478997798594,False
9782,4534477.0,-0.2188459178158479,0.11132734803299481,0.3073393598418511,False
9783,4535667.0,0.18285231949226943,0.3758978448333151,0.6124844049332987,False
9784,4536252.0,-0.24353989663742717,0.5030713151101287,0.7166246475626994,False
9785,4536373.0,0.08605183154609415,0.527592677367029,0.7352270030351503,False
9786,4536522.0,-0.14184192928510686,0.795170090274357,0.8989182226669485,False
9787,4536649.0,-0.09987463970071334,0.4595505574656997,0.6827841912524186,False
9788,4536864.0,-0.1020389931260289,0.4556941941781194,0.6800330599124946,False
9789,4537502.0,-0.027940010589157405,0.843314786031308,0.9202032571742912,False
9790,4537927.0,-0.13162178564551766,0.33231333973972704,0.5722579507358063,False
9791,4538017.0,-0.9297709164046788,0.062461214090437485,0.22506761476606427,False
9792,4538488.0,-0.01814764713986025,0.8978189749898875,0.9489412111254665,False
9793,4538895.0,-0.6585064536121724,0.11750215196946613,0.316582211464829,False
9794,4539438.0,-0.13266559560901856,0.5374899150246126,0.7422287725584283,False
9795,4539542.0,1.0044273125989869,0.1508803610357264,0.36161515310510906,False
9796,4539655.0,0.9773403928078434,0.0011627420683206547,0.021605408874821555,False
9797,4539983.0,0.10459130842469307,0.5004246215763049,0.7140935016709332,False
9798,4540523.0,-0.17792558882627157,0.24863772959860522,0.4828218651359207,False
9799,4540791.0,-0.14377540779572148,0.3658929426021222,0.6037929602983924,False
9800,4542626.0,-0.22307168038417519,0.4677531771788954,0.6893104450552416,False
9801,4543174.0,-0.2003660342851422,0.38339802540091134,0.6195472418559098,False
9802,4544120.0,0.6709634920722445,0.04128639469742915,0.17523000010921444,False
9803,4544842.0,-0.4712246257398287,0.014212212784110707,0.09447248608176469,False
9804,4544925.0,0.549150583638888,0.0076046272498489385,0.06572311209961006,False
9805,4545411.0,-0.05341891916570632,0.7713068624787222,0.887101182201773,False
9806,4545882.0,1.065149998183544,0.07944097436315808,0.2576495876264271,False
9807,4546065.0,0.19936131797337248,0.5647025715696578,0.7611879317507307,False
9808,4546262.0,-0.02438937796368003,0.9494298777298643,0.9744762975376018,False
9809,4547071.0,-0.17128270810743762,0.627060233498928,0.8024779708030443,False
9810,4547176.0,0.06902197861700991,0.8431063622187465,0.9201608246415135,False
9811,4547222.0,0.2072601465768175,0.5565991607495535,0.7558968960260732,False
9812,4547758.0,-0.13608226217028171,0.5946452787649951,0.7798749866451227,False
9813,4548132.0,-0.45698220151233493,0.04163001642883142,0.17590261904825422,False
9814,4548235.0,0.20693347105813995,0.5237724403280924,0.7321841019852641,False
9815,4548534.0,0.15499359158454162,0.6382059706626971,0.8091590487901731,False
9816,4548888.0,-0.5449697919478977,0.002329784641013799,0.032257413620159166,False
9817,4548922.0,0.2502460551468903,0.10411894811334857,0.2967212343844575,False
9818,4549292.0,-0.16751778738971285,0.6254857024319357,0.8015773596600454,False
9819,4549355.0,0.7945938079306899,0.16624477816870295,0.3799930652813793,False
9820,4549868.0,0.32909273308710885,0.06369377860609826,0.2278075673045129,False
9821,4550230.0,0.1142033321035985,0.8344086149729457,0.916719296884299,False
9822,4550533.0,-0.09740566283672474,0.7031947925002929,0.8490054837328415,False
9823,4551183.0,0.1495215851137717,0.48106941412782495,0.6995322827002732,False
9824,4551204.0,0.5154506173786548,0.011267644290337555,0.08315141685470429,False
9825,4551350.0,-0.3873418075231488,0.2748146191733098,0.514057593693032,False
9826,4552130.0,-0.2919423170380284,0.42506575176525296,0.655657173883304,False
9827,4552772.0,-0.4147388445838865,0.25699315925147004,0.4932243146730857,False
9828,4552965.0,0.3575468556242223,0.2088157421654607,0.4357922632129874,False
9829,4553083.0,0.4392957360449954,0.08236528773142165,0.2619616754540235,False
9830,4553627.0,-0.316265138967118,0.37837485058674003,0.6138483041576839,False
9831,4553954.0,0.1740846063521564,0.6117415969590517,0.792984838188501,False
9832,4554483.0,-0.43957732495497776,0.3796479271411457,0.6149234473549399,False
9833,4554607.0,-0.3638983165937666,0.3106258882067198,0.5501458666150993,False
9834,4554784.0,-0.3576080793476378,0.08942401617262526,0.2743478997798594,False
9835,4555092.0,0.8047472863585116,0.1609241123490319,0.37322320041269064,False
9836,4555372.0,0.4231857789093523,0.10358977319478749,0.2958475885373087,False
9837,4557152.0,-0.30127780167037954,0.056125613912190925,0.2119107961797678,False
9838,4557504.0,0.3452688610426084,0.01013666372475251,0.07829970667529697,False
9839,4559266.0,-0.3669889727113297,0.5016793302838636,0.7155077033545314,False
9840,4560103.0,0.8416108510220974,0.12281693323333306,0.3253240142137214,False
9841,4560244.0,-0.409414985442913,0.24825824656269674,0.48281911744371436,False
9842,4561758.0,-0.022042238596772096,0.9635022147727503,0.9812876766338339,False
9843,4561969.0,-0.1740952643871153,0.5406240439310341,0.7443478644942443,False
9844,4565144.0,0.03791229998990023,0.928797528728171,0.9647338571943824,False
9845,4565767.0,0.03616073815526179,0.8345481429581431,0.916719296884299,False
9846,4566339.0,-0.46596053914880475,0.185744217046322,0.4051126091928735,False
9847,4567079.0,-0.18324433764695383,0.30315822517182656,0.5426752200264144,False
9848,4567227.0,-0.2345047298531925,0.23590606273955364,0.46930192551215194,False
9849,4567612.0,-0.4268578277289268,0.0019133035836180392,0.02869396955087794,False
9850,4567613.0,-0.8119782944432021,0.18157568053529735,0.40021247138332927,False
9851,4567715.0,-0.5383762612999594,0.06411941306299235,0.22885620246378843,False
9852,4569871.0,-0.17904091696065424,0.5943640470720165,0.7798749866451227,False
9853,4570165.0,-0.5045826629262937,0.00018257355160274046,0.00723297774688959,False
9854,4572760.0,-1.4626216340221199,0.036127853736223584,0.16245555929562197,False
9855,4572824.0,0.6501986159812785,0.008022380877327921,0.06824682164842835,False
9856,4573615.0,0.2965774932543527,0.1598275965275551,0.37166421600398686,False
9857,4573801.0,0.2777129981527242,0.18562069599918235,0.4049261766622035,False
9858,4574290.0,0.4213614665094438,0.004280457171744772,0.046604175124663486,False
9859,4574414.0,0.06204505559536546,0.9013601353633282,0.9506669519402378,False
9860,4574424.0,-0.9061903113247498,0.059199114638427905,0.2185816665948831,False
9861,4574621.0,0.20195652428177902,0.5812809281352453,0.7721248745604611,False
9862,4574861.0,-0.1309256601664014,0.8106125650855199,0.9050549452701816,False
9863,4574932.0,0.5219727779530996,0.31686670154336477,0.5564775999438966,False
9864,4575452.0,-0.07232627239797333,0.743909045264529,0.872609972589849,False
9865,4576306.0,-0.34388138807374347,0.11130133800612713,0.3073393598418511,False
9866,4576550.0,-0.37593246854287227,0.07812301098269282,0.25621570889893375,False
9867,4577677.0,-0.08887146546948738,0.8082801480949163,0.9047050668230723,False
9868,4578286.0,0.41137253948624836,0.047373605894241944,0.19116746913828858,False
9869,4578619.0,-1.0376154122357024,0.00273292112462576,0.035274505122250444,False
9870,4578724.0,0.10912226915716333,0.7613075890479091,0.8821513534495147,False
9871,4579094.0,0.09938897806105315,0.825248193554372,0.9119484007973845,False
9872,4579557.0,0.26591507994870567,0.06377385500253953,0.2279437589899791,False
9873,4579856.0,0.5766524630243623,0.019546441332259672,0.11481418866973958,False
9874,4581638.0,-0.5392766211250283,0.009342183915543397,0.07442983474681167,False
9875,4581888.0,0.4435020915828638,0.022217097181931895,0.12431267521127357,False
9876,4582068.0,1.0262350369042184,0.07353524447648198,0.2478190247724967,False
9877,4582207.0,0.2630083676735812,0.5035485257349049,0.7170430600619695,False
9878,4583926.0,-0.024969183097138203,0.8709977148067906,0.9349878822697218,False
9879,4584371.0,0.7775427304269924,0.2665039995379158,0.5031457247116515,False
9880,4584806.0,0.6117363142346515,0.002842739527950365,0.03585502609154715,False
9881,4585183.0,-0.10062973062159576,0.6871375643009612,0.8401169102715684,False
9882,4585652.0,0.28195395996800904,0.6035671228961115,0.7857823345888688,False
9883,4586224.0,-0.2786607985598463,0.5489719519477522,0.7503261821194724,False
9884,4586514.0,-0.22274414212137675,0.5895043350092363,0.7777187112937846,False
9885,4590036.0,0.04558375444741769,0.9246311639384021,0.9626770846490845,False
9886,4590071.0,-0.12447550933429713,0.7573499636497799,0.8801872312551067,False
9887,4590830.0,0.10288046596307376,0.7984258761088122,0.900365627164254,False
9888,4591096.0,-0.09696994697736129,0.8097569369585413,0.904866029785586,False
9889,4591171.0,-0.4236795214397646,0.010341159394395989,0.07899597834353868,False
9890,4591271.0,0.06296573994340829,0.8789080375559927,0.9397701682102345,False
9891,4591775.0,-0.40267022852612444,0.42089259861091893,0.6518460776032994,False
9892,4592290.0,-0.39662281498664637,0.22847357888740494,0.46128337289974575,False
9893,4592568.0,0.488193512303406,0.0006200441551296523,0.015206095653787334,False
9894,4593153.0,-0.3808112203991523,0.35638799803779936,0.5947189275678556,False
9895,4593169.0,0.1066773456416153,0.7911310932058592,0.8974582548134751,False
9896,4593715.0,0.2995342147042198,0.533955800793343,0.7396648051684286,False
9897,4595146.0,-0.3921488523425327,0.1693056321897165,0.38480164100070613,False
9898,4596469.0,0.3860970576232652,0.09147374839947382,0.2773596477308068,False
9899,4596906.0,-0.7128734236736434,0.05754500238784316,0.2148782252906906,False
9900,4596944.0,0.12001496313003193,0.6609909661200875,0.8236075016819462,False
9901,4597056.0,1.035463677231766,0.07093866750465168,0.24303553621113147,False
9902,4598278.0,0.4728148872687262,0.00044055312116598474,0.01231189744693833,False
9903,4599075.0,-0.7161942055011072,0.056216156709026195,0.21210228860024782,False
9904,4599502.0,-0.9589667179349566,0.1703714424681377,0.38625355221212093,False
9905,4601707.0,-0.3715731313799794,0.47641690370188416,0.6959366827727026,False
9906,4601857.0,0.26942818064230456,0.1453713263891349,0.3546080332481032,False
9907,4602425.0,-0.0041047793748490435,0.9805272540036188,0.9889086074708987,False
9908,4603537.0,0.09655777303329578,0.7218316334629048,0.8585284989783981,False
9909,4605400.0,-0.2317412362286527,0.7212857630707112,0.8583714805107169,False
9910,4605589.0,-0.06905669677457713,0.6201318851031076,0.7980500399601616,False
9911,4605901.0,0.23351712357329607,0.37035507165501375,0.6072816167394522,False
9912,4606462.0,0.5198689192513911,3.649705615069993e-05,0.002486895581195745,False
9913,4606702.0,-0.17049077045924396,0.5622371743677338,0.7596976666812616,False
9914,4607465.0,0.0702411016731408,0.6494865320149625,0.8157093954671315,False
9915,4607701.0,-0.1355364474017446,0.7113896698456272,0.8527092387559942,False
9916,4608198.0,-0.13101884561127786,0.6956946880286105,0.8445770932214404,False
9917,4609001.0,0.06251288905349742,0.6905295274349046,0.8412961558259701,False
9918,4609003.0,-0.8498409352620933,5.458968734405404e-07,0.00020433484693782987,False
9919,4609218.0,0.7016162410588962,0.128112132967799,0.3322897486056688,False
9920,4609568.0,-0.07797595369422483,0.616826192760866,0.7958692882942114,False
9921,4609617.0,-0.13428147390175302,0.6885073960911005,0.8406479666566281,False
9922,4610007.0,-0.45175067012436243,0.15478040867776005,0.3655881284063234,False
9923,4610202.0,-0.0019734515872139313,0.9971181480571784,0.997945555703547,False
9924,4611375.0,0.4869953720220128,0.00031869373741950224,0.010255183542175384,False
9925,4611553.0,-0.8318728499173431,9.382159519244915e-07,0.00029953923994530454,False
9926,4611992.0,-0.9591790121039775,0.002937961274603393,0.03669915953489049,False
9927,4612862.0,-0.16407005001278477,0.5237069700327494,0.7321841019852641,False
9928,4612989.0,0.10256883940193119,0.566670338396055,0.7623997696968675,False
9929,4613891.0,0.7608194976783029,0.12770379528147502,0.3320014178754972,False
9930,4614721.0,-0.01730964391627199,0.9460740893596438,0.9726475068100716,False
9931,4614914.0,0.4539576038466717,0.00032680622631977164,0.010433769372650357,False
9932,4614941.0,-0.09680759476583595,0.7777332251172367,0.8899397162121994,False
9933,4615015.0,-0.12037112570553414,0.7281825909584803,0.863305157804096,False
9934,4615040.0,-0.2961643624679808,0.6244621471096669,0.8008724681975478,False
9935,4615813.0,0.1335892956697789,0.47900416704078763,0.6982579755082233,False
9936,4616849.0,-0.1840605628342887,0.6082955277424694,0.790261187075605,False
9937,4617316.0,-0.04377587701602377,0.8661924270377547,0.9326932811178165,False
9938,4617323.0,0.4589302234831405,0.0008144331856195895,0.017857358351964097,False
9939,4618385.0,0.4883615434655462,0.00038394806598191785,0.011545031180702821,False
9940,4619430.0,0.08010237977316476,0.8375734132553494,0.9174429264265205,False
9941,4619858.0,1.06403435032572,0.07978735382934533,0.25820026676262947,False
9942,4619864.0,0.02398463157022887,0.9120047601043454,0.9566820062162873,False
9943,4620028.0,-0.10637387982759722,0.8074791653557983,0.9044402193757802,False
9944,4620320.0,-0.12146245023645172,0.7085378748086841,0.8516908279422596,False
9945,4620357.0,0.2345566431570606,0.5601707101898398,0.7588485035705367,False
9946,4620530.0,-0.11372782053600686,0.49688350442369134,0.7114721594142157,False
9947,4620550.0,-0.5566497790589339,3.0692434630939295e-05,0.0022714576105229106,False
9948,4620774.0,0.11760720395985443,0.5086411209673437,0.7214555557429133,False
9949,4620798.0,-0.04247520225174445,0.9114608877863478,0.9563027195941239,False
9950,4621462.0,0.1721799148360682,0.32967071901984557,0.5693451041131683,False
9951,4621494.0,-0.11190447319193106,0.7304603044348936,0.864223930956458,False
9952,4621662.0,-0.9445904519134369,1.806584874356167e-05,0.0016761093000971104,False
9953,4621734.0,1.0311195470962524,0.0895629918465298,0.27444482074763754,False
9954,4621991.0,-0.039305643792247935,0.8944764999979601,0.9471800221907967,False
9955,4622343.0,0.47995974421769816,0.3372304029906929,0.5762966033476026,False
9956,4623053.0,-0.19995140747322776,0.7582574098676409,0.8804026295981647,False
9957,4623847.0,0.08446671347631243,0.8025761031605066,0.9023266286698394,False
9958,4623926.0,-0.15679859517598638,0.6450843908384616,0.8127194826545382,False
9959,4624427.0,-0.22705861157269497,0.11731381889491474,0.31650522817577104,False
9960,4625331.0,-0.1547463278923064,0.27881602364301494,0.5185997149837093,False
9961,4625390.0,0.23243060026561294,0.13211455158955998,0.33719808547017954,False
9962,4625402.0,0.48814632554229526,0.32904137516361265,0.5690049340956084,False
9963,4625935.0,-0.1148293711506771,0.7867149823415567,0.8950193289602749,False
9964,4625984.0,-0.5009736318861484,0.1890046025524512,0.4092323269902938,False
9965,4626530.0,-0.3321896107053306,0.5608743152207278,0.7590742104233121,False
9966,4626790.0,0.17214611820425485,0.4463634810030545,0.6731419264084686,False
9967,4626951.0,0.1739031486574149,0.8039443642027,0.9033035993603465,False
9968,4627212.0,0.1197812488714759,0.693020740643473,0.8427072457456314,False
9969,4627286.0,0.33166069074977766,0.023886143660538938,0.1300393520597209,False
9970,4627541.0,0.4373683902014105,0.1681250565305462,0.38292016127550965,False
9971,4628747.0,1.0440127730294533,0.08557699875533686,0.26824079623913644,False
9972,4629564.0,-0.20178168189687806,0.6540045447490427,0.818762994003496,False
9973,4629656.0,0.12270764276966736,0.5668968759481734,0.7623997696968675,False
9974,4629694.0,-0.16807393182058739,0.708889195749761,0.8516908279422596,False
9975,4629799.0,-0.21205372665028796,0.513752809655493,0.7261305145878225,False
9976,4629863.0,-0.10485573669589192,0.8101922594937977,0.9049518002889102,False
9977,4630009.0,1.0071791370635788,0.09728016091855074,0.28716044494571424,False
9978,4630544.0,-0.03266065717910678,0.9523362658989651,0.9757558245779879,False
9979,4630594.0,-0.04744630073062961,0.7247507768848293,0.8608348487892352,False
9980,4630772.0,-0.5599242762272395,0.1610035914172823,0.3732289125488827,False
9981,4631219.0,-0.14389921989372279,0.5508299309353146,0.7515611375385962,False
9982,4631446.0,-0.11713043218442866,0.378279001324004,0.6138483041576839,False
9983,4632735.0,0.17584174799650243,0.7475593931018067,0.8748048858805403,False
9984,4632747.0,0.17318351706649754,0.7513510122254029,0.8772258190666316,False
9985,4633336.0,-0.31363876465172164,0.5151296388991677,0.7261305145878225,False
9986,4633387.0,-0.1741312766771355,0.22440697783163524,0.4565956409301594,False
9987,4633632.0,0.16980922432713277,0.7059448732204017,0.8499874782255644,False
9988,4633695.0,-0.42288440346037154,0.20330490069360208,0.42868583858373166,False
9989,4633937.0,0.2146505714154547,0.13321759943338018,0.3381845280283774,False
9990,4633985.0,0.20471305740759604,0.15097557566765124,0.36161515310510906,False
9991,4634051.0,0.19487784879063882,0.17467115431376753,0.3918279355395633,False
9992,4634275.0,-0.13011415255794756,0.7591229725040832,0.881030671071509,False
9993,4634317.0,-0.49703623976937805,0.18044534453369723,0.39884630725173764,False
9994,4634343.0,0.18713644356298534,0.43868210341311237,0.666316107997804,False
9995,4634567.0,0.20639561173637747,0.1366988655772942,0.3432857875561183,False
9996,4635049.0,0.22546164620640755,0.10826904195716737,0.30321472334113947,False
9997,4635204.0,-0.9912488722112569,0.1026807515196351,0.29459349439034854,False
9998,4635401.0,-0.09850956722505873,0.7042208485648418,0.8492742263272256,False
9999,4636160.0,-0.08722572655955851,0.5373479600688942,0.7422287725584283,False
10000,4637864.0,-0.42592871538880933,0.376339711175645,0.6128364183635804,False
10001,4637988.0,-0.5304414773958895,0.4487015156356583,0.675139602301492,False
10002,4638564.0,-0.40178544459320403,0.02085920971368235,0.11986591923876226,False
10003,4639354.0,-0.26026147880880346,0.2508240328247469,0.4854395387846301,False
10004,4640820.0,0.39248702003387365,0.032853397769812165,0.15367926520594247,False
10005,4640919.0,-0.2770459191085264,0.22685971784452635,0.4595730031623265,False
10006,4640958.0,0.3958639171806897,0.02985599157478723,0.1465689869517432,False
10007,4640984.0,-0.15723957079551928,0.5543809794687035,0.7541109689389444,False
10008,4641070.0,-0.5237724677795272,0.04848025812119934,0.19376038361768,False
10009,4641281.0,0.4078640098487386,0.025195882498679534,0.13416386277966666,False
10010,4641977.0,-0.3499008288206873,0.018982324914915236,0.11290582846652324,False
10011,4642090.0,-0.35327028228967067,0.2958345580010146,0.5359032001855079,False
10012,4642294.0,-0.023233068013689552,0.9131697610296854,0.9568942588535524,False
10013,4642916.0,-0.3384417763488471,0.10324845404775619,0.29552025471548665,False
10014,4644284.0,0.1717484823554222,0.5506569440287689,0.7515611375385962,False
10015,4644906.0,-0.2689956097322292,0.043909871491080776,0.1822024675212851,False
10016,4645310.0,-0.42548893693539236,0.14133114779799547,0.35047782861518056,False
10017,4645429.0,0.19264255595999674,0.14802319348591123,0.35822446028811256,False
10018,4647414.0,-0.1060675289529455,0.4441149295704463,0.6708119487419867,False
10019,4647851.0,-0.5590720423769626,0.03685201428242804,0.16398151029303937,False
10020,4648010.0,0.03872205457382907,0.8409577832422048,0.9194799291996508,False
10021,4649107.0,-0.4180932690113105,0.053114285692774384,0.20539920598327963,False
10022,4649122.0,-0.39843284494482845,0.1505827855004534,0.3615518992717146,False
10023,4650985.0,0.027407493141441586,0.8545005258622353,0.9261710642271158,False
10024,4651013.0,-0.6553111241583978,0.1553458295614784,0.365893798313509,False
10025,4651083.0,-0.6540504823573086,0.010771657093016489,0.08103003308710603,False
10026,4651184.0,-0.649880296487916,0.11243961385514475,0.3092303036223958,False
10027,4652195.0,0.11046831962506247,0.5760275642969198,0.768626823656185,False
10028,4652644.0,-0.1392765757239551,0.4663977119241244,0.6882473032811813,False
10029,4653105.0,-0.43403554511976333,0.10745403734007436,0.3021326058350156,False
10030,4653347.0,-0.6639126341432109,0.01640901250702618,0.10313829227780497,False
10031,4654095.0,-0.26274402391265594,0.06570080788272062,0.23208013978748207,False
10032,4654440.0,0.18372472309723042,0.1795463251003311,0.3980750324681565,False
10033,4655096.0,-0.276569542878654,0.052187347631789095,0.20307186763937837,False
10034,4655236.0,0.2505836568553959,0.26055218183452905,0.4974149188653729,False
10035,4655733.0,-0.26827478499385804,0.2832099605210415,0.5232755951414308,False
10036,4655916.0,0.3626772153270682,0.3215789872890299,0.5613927158286297,False
10037,4656386.0,-0.26169692255688826,0.2776172080077724,0.517345028828218,False
10038,4656700.0,-0.279489206754761,0.053694441942228506,0.2060313678167047,False
10039,4656759.0,-0.31419478723617233,0.24064729271960683,0.4740645511565642,False
10040,4657023.0,0.17627017471332823,0.6952778166636727,0.8442103691145602,False
10041,4657501.0,0.42638776518918514,0.0010705442393759547,0.020567712775975203,False
10042,4658293.0,-0.524026652640562,0.45421218547666486,0.6791471291775761,False
10043,4659029.0,0.20524246245330363,0.31920539385885655,0.5591374133190072,False
10044,4659471.0,0.37247186171265784,0.40453109932283016,0.6371423510083171,False
10045,4660015.0,0.04113363508163697,0.9206758994833419,0.9605099470047925,False
10046,4660273.0,0.05370011483492647,0.8172016086788738,0.9084844875279859,False
10047,4660374.0,-0.07522124579103652,0.6904413271984899,0.8412961558259701,False
10048,4661023.0,0.4785923402108476,0.18204490786185848,0.40066858776165326,False
10049,4661425.0,-0.14437413160104473,0.43552333923169984,0.6638963414352059,False
10050,4661574.0,-0.004157725630348698,0.9823588952160551,0.9896975515113953,False
10051,4663389.0,0.03590844396821512,0.8948123686171487,0.9472584612189536,False
10052,4664185.0,-0.3122462135637278,0.5846935070687085,0.7738171201208036,False
10053,4664553.0,0.20644212636841613,0.4699263487575862,0.69081029817264,False
10054,4664695.0,-0.1035363633083618,0.5433354880083923,0.7460038859513152,False
10055,4664785.0,0.8430196861050413,0.00031585218611167857,0.010234553672364989,False
10056,4665851.0,0.21398411021241343,0.4536848047053226,0.6788153892878567,False
10057,4666191.0,0.0969446464311025,0.6300261806004359,0.8047599959979489,False
10058,4667627.0,0.0507573560777273,0.9377343273561628,0.9686084426159622,False
10059,4667925.0,-1.620007189337008,0.0045652021125039645,0.04867904610140524,False
10060,4668040.0,0.7593667424481538,0.27791820386244975,0.517550540903567,False
10061,4669428.0,-0.28892670079510213,0.19526896588963344,0.4178436489005752,False
10062,4670485.0,0.4159432953555914,0.3708922574003758,0.607614266019051,False
10063,4670715.0,0.1264573073658365,0.47920751239467,0.6984153527180643,False
10064,4670852.0,-0.20187867364819254,0.36505310218288145,0.6034188250639833,False
10065,4672772.0,-0.6940550060514481,0.18026020459667247,0.39868062772960056,False
10066,4674105.0,-0.04657558378984037,0.7188164422415131,0.8569744624416941,False
10067,4674396.0,-0.07892084832345157,0.8013638159658061,0.9019736590202272,False
10068,4674657.0,0.0892590075084162,0.494484707116489,0.7100041661044296,False
10069,4674717.0,0.6949801149007857,0.00011035051902570313,0.005271514260802783,False
10070,4675440.0,0.09811809998370362,0.48419656315076476,0.7030435651419946,False
10071,4676183.0,0.05169189418349457,0.9365797820137525,0.9684295612268321,False
10072,4676693.0,-0.14489037544430092,0.6315925823988643,0.8056176104397142,False
10073,4677309.0,-0.03425602796544065,0.8925463395177051,0.9459666584128772,False
10074,4677312.0,-0.47862074246187813,0.3201653799619231,0.5600695887990874,False
10075,4677374.0,0.050655361964871706,0.7221620653780465,0.8586145083986697,False
10076,4677959.0,-0.46627909188595196,0.1855015608380698,0.4048273885730139,False
10077,4677989.0,1.5270371292646645,0.028621528549964994,0.14291016210205612,False
10078,4678198.0,-0.8080153966062532,0.15936178037778448,0.37117228491490284,False
10079,4678409.0,-0.45074835473627917,0.09296165350271628,0.2799164351655992,False
10080,4678717.0,-0.05793986559723221,0.6775180216874966,0.834406413140206,False
10081,4678947.0,-0.23601298361855835,0.08853204124032099,0.272783226699882,False
10082,4680817.0,0.3684842372831302,0.5988290293736142,0.7827901148663995,False
10083,4680878.0,-0.5043765281590556,0.021027379454577846,0.12051330727531284,False
10084,4680921.0,0.4850719257025947,0.3984766783560776,0.6319689677220114,False
10085,4680950.0,-0.3763698697265953,0.039191664504136844,0.1700596033854977,False
10086,4681175.0,-0.595862904796851,0.39468349151441,0.6289326630048327,False
10087,4681588.0,0.8072801380564409,9.210112982212159e-05,0.004760751258186332,False
10088,4682031.0,-0.4165185041033102,0.2100344652799883,0.4375881941095941,False
10089,4682458.0,-0.4223837393991198,0.20361146196352645,0.4288036392787092,False
10090,4682723.0,0.16529391459057327,0.33557706398418136,0.5750101072688696,False
10091,4683042.0,0.1910947252989398,0.3158889884303421,0.5554166168288988,False
10092,4683638.0,-0.22377256514127625,0.12393934916647553,0.3266233637295683,False
10093,4684491.0,-0.00898906368228991,0.9569671252917548,0.9789725892980867,False
10094,4684729.0,-0.32479664759471727,0.5336146256823745,0.7396648051684286,False
10095,4685060.0,-0.4352198756848765,0.19022637956776522,0.4110344928243713,False
10096,4685231.0,-0.16376267009056233,0.29209475061549156,0.532709764437359,False
10097,4685396.0,-0.15829259856135383,0.3095803676785159,0.5493697713176868,False
10098,4686949.0,0.02863393231286559,0.9492807635860462,0.9744762975376018,False
10099,4687497.0,-0.509078041676519,0.1383958061436929,0.3459098493414199,False
10100,4687666.0,0.053233544751399034,0.7044388640026209,0.8493484248304398,False
10101,4688549.0,0.8874272830938933,0.20462305038094566,0.43037845609090586,False
10102,4690152.0,-0.3254587639090109,0.015605686933105089,0.09994084463649305,False
10103,4690352.0,0.2548106847875966,0.6575658202698281,0.8211062900067853,False
10104,4690838.0,0.27990774615383435,0.06709936069366822,0.23472883027063113,False
10105,4691757.0,-0.30336429443969093,0.023405808085647607,0.12864831968147994,False
10106,4692160.0,0.14532602366795236,0.41304581835896903,0.6450312700743215,False
10107,4692340.0,-0.17035153968894093,0.7931313276985569,0.8982201942793776,False
10108,4692982.0,0.2177051579566858,0.11719592304293104,0.3163007818575376,False
10109,4693289.0,-0.21870259061131184,0.11430890598038924,0.3119997924106425,False
10110,4693798.0,0.34130950486891154,0.02029572944187566,0.1176242088048907,False
10111,4694602.0,0.9418361213352847,0.08400604146430955,0.2652251354687467,False
10112,4695022.0,-0.7909207195843626,0.008036959862353308,0.06829244674260362,False
10113,4696018.0,-0.07379420717499466,0.8384549182095231,0.917799861430991,False
10114,4696212.0,0.7888166078434231,0.25963464878997233,0.4962673410491215,False
10115,4696862.0,-0.21568643552729833,0.679527233994306,0.8356057755596198,False
10116,4697166.0,-0.2561006479886248,0.0627364493605408,0.22572229294288046,False
10117,4697357.0,-1.1268726936679112,0.04927770165767585,0.19629704641984272,False
10118,4697371.0,0.38758386034499315,0.008785279733225527,0.07220128210318015,False
10119,4697880.0,0.19264080651207038,0.6300926030388363,0.8047599959979489,False
10120,4698222.0,-0.8023119078377285,0.21622428438911598,0.4460499063177221,False
10121,4698476.0,-0.28455311567100544,0.5698122535489129,0.7640904277051821,False
10122,4698654.0,0.6047191993355314,0.2923844275379029,0.5328369446652184,False
10123,4699844.0,0.2525993395401127,0.08215944549309248,0.26184171956624885,False
10124,4699943.0,0.22193803365873238,0.1263203298613078,0.33030528351344585,False
10125,4700881.0,0.5609450784000308,0.38756846320661964,0.6230828892339834,False
10126,4701380.0,0.8084221094849546,3.594599033095912e-05,0.002486895581195745,False
10127,4702833.0,-0.85775671722096,0.03137350295218015,0.15029098611911543,False
10128,4702840.0,0.13227191393042867,0.7619464924530531,0.8825440483035005,False
10129,4703800.0,-0.8065311192149726,0.03963340553636356,0.1710618755853783,False
10130,4704423.0,-0.013031132004605109,0.9361497347362449,0.9682615884289603,False
10131,4704715.0,-0.3131190132271779,0.6549379589503954,0.8190497170975279,False
10132,4705482.0,-0.8116097751888187,0.21097222091366646,0.43905839687894055,False
10133,4706260.0,-0.21619328798989101,0.12471472097400328,0.32755342273718985,False
10134,4706498.0,0.04397572720063049,0.7707234631463377,0.8869541048871736,False
10135,4706575.0,-0.014117210470645625,0.9305136821220161,0.9656525831199316,False
10136,4706596.0,0.4223554323158826,0.5464813153874422,0.7487131993601772,False
10137,4706814.0,-0.014881896488109381,0.9223073898011755,0.961641217586376,False
10138,4706821.0,0.16076031626466497,0.8184564419870254,0.9090703650638658,False
10139,4707080.0,0.3808617605286527,0.040442778963539816,0.17320188711688164,False
10140,4707373.0,-0.22656778761100674,0.5934017181807999,0.7794766882187264,False
10141,4708080.0,0.033762167857020096,0.8264066625412653,0.9126526744502264,False
10142,4708196.0,0.16944100704127735,0.8088834877500445,0.9047913177255436,False
10143,4708929.0,0.0018412702964940783,0.9894111785646736,0.9932542627688461,False
10144,4708960.0,-0.3141147787488284,0.20470296915484051,0.4304624431276621,False
10145,4709368.0,-0.03208197921483276,0.8215705121389182,0.9102539310470386,False
10146,4709531.0,-0.13119216132527273,0.7707598250978697,0.8869541048871736,False
10147,4710835.0,0.20518199838118126,0.35375354299417794,0.5929577994443794,False
10148,4711123.0,-0.6684390164700065,0.09629955151521745,0.2855745700049658,False
10149,4711189.0,-0.42507334767532373,0.03462101374088725,0.15795384314068306,False
10150,4711543.0,0.059972326466854936,0.8453629114530731,0.9210332537216227,False
10151,4713530.0,0.2409600180029673,0.07862363879428298,0.2569113784202113,False
10152,4713635.0,-0.5289426797852028,0.019735739879700183,0.11554100559971817,False
10153,4713849.0,-0.15681656940964658,0.7194576366981229,0.8571345592727597,False
10154,4714096.0,0.23684922401368036,0.7153723256807918,0.8551224089048558,False
10155,4714112.0,0.12062472309798755,0.37953575763230935,0.6149234473549399,False
10156,4714200.0,0.31347743673238404,0.09373441887066257,0.2808410479826227,False
10157,4714280.0,-0.04130657015300888,0.7633823236706072,0.8827650072914074,False
10158,4714308.0,-0.4681352952264139,0.0536851911502841,0.2060313678167047,False
10159,4714978.0,-0.05912162672230318,0.67706349213318,0.8339412466930294,False
10160,4715162.0,0.7984161180284948,0.00010436098168607295,0.005125965865168877,False
10161,4715453.0,-0.5152949429317287,0.03345736419510535,0.1549401400758825,False
10162,4715919.0,0.13718665778336772,0.3064426671342058,0.5462863493026933,False
10163,4716129.0,-0.26947892249044736,0.47096094997298676,0.6915865746224441,False
10164,4716424.0,-0.39312930116247524,0.28255333110512343,0.5225960826624834,False
10165,4716501.0,0.13090974074765876,0.33124568993979225,0.5709954564663566,False
10166,4716968.0,-0.5858390076579173,0.0026449512829434156,0.03475901474134477,False
10167,4717026.0,0.28397853578899596,0.03342119658453369,0.1549048202071363,False
10168,4717240.0,0.29192770701316884,0.03082493201056294,0.1488125473466578,False
10169,4717281.0,0.6545548147041634,0.05541224567035358,0.21015810788397724,False
10170,4717611.0,1.0756556469794558,0.09708255926051368,0.28676678181128434,False
10171,4718087.0,-1.1566778886216167,0.09790402668118826,0.28795905132239563,False
10172,4718296.0,-0.12251469562615061,0.7300621585471975,0.864223930956458,False
10173,4718437.0,-0.28515235530294647,0.03841541703377179,0.16787413522608405,False
10174,4718546.0,-0.6881563478222433,0.03934921535321073,0.17044522452478153,False
10175,4718749.0,-0.25915961813619914,0.0583609439382419,0.21635571816019056,False
10176,4719095.0,-0.5949818020385266,0.0022117394982566316,0.03187050152513414,False
10177,4719318.0,-0.1022734843839086,0.8748993140560938,0.9369605420361975,False
10178,4719394.0,0.042037462449367236,0.7935976594103776,0.8984671039736806,False
10179,4719467.0,-0.16586048830304462,0.7039895601461592,0.8490896305985065,False
10180,4719947.0,0.37681110872036483,0.01583483618674639,0.10093197111399416,False
10181,4721051.0,0.23257214776550844,0.29566842749754463,0.5359032001855079,False
10182,4721109.0,0.09026099018128464,0.5843343556419662,0.7736247628361438,False
10183,4721255.0,-0.12202178405810249,0.8062188507945992,0.9040811596462164,False
10184,4721539.0,-0.025429498026924912,0.9071496687063417,0.9541772920355949,False
10185,4721935.0,-0.1531054625475665,0.7258014223203648,0.8617293727772372,False
10186,4722267.0,-0.21580534585940758,0.6315514989532829,0.8056176104397142,False
10187,4722279.0,0.0725607223320533,0.6590038085968979,0.8220312071454955,False
10188,4722957.0,-0.13526973415436894,0.8044877226030851,0.9034419197456242,False
10189,4723261.0,-0.2596471346018949,0.7108457827784792,0.8526441838383906,False
10190,4723718.0,-0.03690951982038732,0.8211621051680348,0.910119935838168,False
10191,4724079.0,0.6085554753940291,0.08946462392647396,0.2743478997798594,False
10192,4724785.0,0.4919061835250512,0.3676326769660687,0.6049193130918108,False
10193,4725497.0,-0.09851284627844334,0.5378904127111889,0.7424720790920594,False
10194,4725595.0,-0.25339037462356195,0.5292330341635308,0.7362648772269307,False
10195,4725962.0,-0.34186614803508414,0.36007299214648547,0.5987774783602261,False
10196,4726623.0,-0.40530233289555295,0.39988170076763824,0.6326094129286679,False
10197,4726976.0,0.8448074189991416,0.227272104789782,0.4597537639756026,False
10198,4727523.0,0.1070903901844355,0.5206564391684353,0.730331191613483,False
10199,4727777.0,0.17915716081879718,0.7000145196905055,0.8472236349287672,False
10200,4728381.0,0.29633434742326925,0.026335544726490422,0.13689227955540276,False
10201,4728596.0,-0.047780937403668955,0.7755177765322921,0.8891668527990103,False
10202,4728930.0,-0.3888484150508027,0.41938290064770467,0.6503246791688715,False
10203,4729363.0,-0.06140868188641595,0.7146963260959758,0.8547849955676308,False
10204,4729786.0,0.2246656812314021,0.3127965674321096,0.5520986568252927,False
10205,4730669.0,-0.53200212068709,0.034007216506692604,0.15621913539364088,False
10206,4730746.0,-0.16313321754906437,0.6645438160435422,0.8258297794107212,False
10207,4730901.0,0.8196847085670699,0.08801962803172389,0.27198821149871255,False
10208,4731268.0,-0.10732541441713586,0.4755953497143682,0.69548531875919,False
10209,4731352.0,0.1405155717030349,0.30118592784564047,0.5415559461262924,False
10210,4733118.0,0.5809908407169858,0.40663642282481627,0.638843725078201,False
10211,4733735.0,0.01914071261290643,0.8895757279984147,0.9443165637398104,False
10212,4733852.0,0.08312091291641234,0.8182357848466859,0.9090703650638658,False
10213,4734845.0,-0.3762876362367079,0.5911346110907523,0.7786048409440818,False
10214,4735128.0,-0.22622604736848023,0.49933341356501854,0.7136621730412477,False
10215,4735303.0,-0.4743025407316223,0.0036047206255894744,0.041984857903431566,False
10216,4735343.0,0.03422207858683106,0.8421128927042696,0.9196313330286566,False
10217,4735847.0,-0.07607939683037132,0.6147857634119243,0.7949150111346422,False
10218,4736462.0,0.018235136975488904,0.9188649046769459,0.9595057119598632,False
10219,4737241.0,-0.5679142276385307,0.1926570594839855,0.41452772660032955,False
10220,4737746.0,-0.9859545027896908,0.03337797295569197,0.15477056661001126,False
10221,4738653.0,-0.2144998424286735,0.5218487391797383,0.7315856985401084,False
10222,4738914.0,-0.1969288596710848,0.5699547605354304,0.7641451596550367,False
10223,4739395.0,0.324073351897282,0.028474119830766927,0.14256660748263675,False
10224,4739514.0,0.7305420682371064,0.09133678733562905,0.27709916895703,False
10225,4739806.0,0.3659021566071054,0.011563959538660499,0.08466252079966215,False
10226,4740873.0,-0.22501329442190982,0.5015085967091862,0.7154522036112783,False
10227,4740923.0,0.22431711134879806,0.5028986205291085,0.7165848958294216,False
10228,4741000.0,0.3676182541634512,0.012031426873520166,0.08633479675967369,False
10229,4741432.0,1.1077090429492034,0.010740237667938522,0.08096199992046711,False
10230,4741764.0,-0.12871424936826711,0.5567874407427569,0.7560580021594479,False
10231,4741877.0,-0.08398813424793122,0.6799226347986462,0.835661254612693,False
10232,4742080.0,-0.5508340893850688,0.20659805093521177,0.4329385797107575,False
10233,4743239.0,0.8953042927415232,0.14073255873843268,0.34965711263577176,False
10234,4743546.0,-0.701106907536688,0.24892796353533683,0.48329691364265454,False
10235,4743843.0,-0.45068153613565204,0.17780867113591994,0.396133776891454,False
10236,4744719.0,-0.27339195843667063,0.38946702567568026,0.6248395748905571,False
10237,4745106.0,0.7141146795175524,0.0006384257444727578,0.01542318241898863,False
10238,4745269.0,-0.22062733117109032,0.4939262004277001,0.709970201088105,False
10239,4745701.0,-0.5338352373751543,0.006144117449133144,0.05835030175882789,False
10240,4746168.0,-0.2951518593534949,0.35293843227337685,0.5920486296287291,False
10241,4746455.0,0.30924962717503995,0.4786909998968202,0.6980374535034904,False
10242,4746681.0,-0.2650992905662035,0.6631454968403523,0.825320381587024,False
10243,4746837.0,-0.36357880792560326,0.14810286724715335,0.3582590172848267,False
10244,4747234.0,0.4988803326371538,0.44244090780546586,0.6695519384118683,False
10245,4747327.0,-0.4977905187972388,0.4433620017332226,0.6701203629817699,False
10246,4747383.0,0.72596079074697,0.0006056342758035947,0.01498370944929089,False
10247,4747457.0,-0.5149651270433584,0.4277764508559895,0.6572559623555223,False
10248,4747465.0,0.17642745279635005,0.801164412065583,0.9019736590202272,False
10249,4747705.0,-0.24098504483764213,0.5370958266326183,0.7422287725584283,False
10250,4747753.0,0.2467414268073668,0.301578611484725,0.5418228465104072,False
10251,4748261.0,-0.5256281115533856,0.41816624094439664,0.6494606576229965,False
10252,4748724.0,-0.019143639976382965,0.9782012656104442,0.9875720552642645,False
10253,4748886.0,-0.75857541032583,0.2783861548473593,0.5182028142279692,False
10254,4750205.0,-1.0741780775939551,0.02513183458067719,0.13399119075307017,False
10255,4750227.0,0.39083170320419625,0.4965157948137452,0.7113399188406974,False
10256,4750428.0,-0.1229093543345293,0.7491455650140536,0.8755356490339742,False
10257,4750893.0,0.22837992715958583,0.08057822412071855,0.25977921675984555,False
10258,4751110.0,-0.955810746242088,0.17172625507588254,0.38806990354505894,False
10259,4751855.0,-0.5715797927446156,0.0012881255238029585,0.022884783242031283,False
10260,4752069.0,0.1870600029320386,0.1565397230446402,0.36739040580619475,False
10261,4752299.0,-1.3634696485161388,0.03515125036754893,0.15925384604757292,False
10262,4753160.0,0.2528431850906898,0.31877816149423527,0.5586859740580944,False
10263,4754043.0,-0.612927349400183,0.3136072402471444,0.5530565691718043,False
10264,4754121.0,0.1833108471598068,0.18620196138061004,0.4057012381151058,False
10265,4754767.0,-0.21283671570482998,0.6160277557420847,0.7955009860314454,False
10266,4754881.0,0.5123936087031024,0.3997304862385226,0.6326094129286679,False
10267,4756152.0,-0.17892970084255738,0.26513499273282687,0.5017504090158361,False
10268,4757052.0,-0.5824803273213198,0.07434261310024795,0.24922454144632225,False
10269,4757548.0,-0.2499268219910485,0.3278612146511155,0.5679753407337789,False
10270,4757771.0,-0.5579552569158469,0.39022456394024624,0.6250499558531044,False
10271,4758143.0,0.8630096050447316,4.330997121457707e-05,0.0027955474152134897,False
10272,4758282.0,-0.30387730596846957,0.23400753162285579,0.4667047389564919,False
10273,4758394.0,-0.3931257593778541,0.23616709035978484,0.46952266773909607,False
10274,4759125.0,-0.6989296237909068,0.17976071824399453,0.39838762689639867,False
10275,4759621.0,-0.5927323701961238,0.06924978541079965,0.23948351908546495,False
10276,4759831.0,-0.08102726688807786,0.6922428337108579,0.8423192271901455,False
10277,4761222.0,-0.6208683149029554,0.06090247003717297,0.2217699806284846,False
10278,4761331.0,0.3534894718976582,0.49812668742406613,0.7124357902992607,False
10279,4761454.0,-0.12665548008798036,0.7717476025303324,0.8872400154063501,False
10280,4761815.0,-0.42545954264838015,0.25782111033111627,0.4939371960191082,False
10281,4763328.0,-0.11940473759332466,0.8114393079397547,0.9054021107102201,False
10282,4763429.0,0.7396285752557625,0.00020559889163943606,0.007912422605121339,False
10283,4764019.0,-0.4703456077718583,0.0030563846718524015,0.037445886696340656,False
10284,4764428.0,-0.11061679845242124,0.4550951181672572,0.6795127245812348,False
10285,4764998.0,0.12847284676501877,0.38828438602820425,0.623864270328028,False
10286,4765681.0,-0.4566795741271613,0.007932956654344722,0.06769830541109431,False
10287,4765687.0,0.073718484872543,0.8583371489260205,0.9281978234301607,False
10288,4766037.0,-0.047759459812661546,0.85634881014074,0.9274238103815862,False
10289,4766054.0,0.6708057061245789,0.33791425896704524,0.5763161689097558,False
10290,4766369.0,0.3447101773892952,0.6225912898850622,0.7996010946169367,False
10291,4766372.0,0.9422434130039126,0.042066306483350094,0.1771943177635876,False
10292,4766534.0,0.4657429215077088,0.12410146529897254,0.32693724457671935,False
10293,4768937.0,-0.46604496407897067,0.214937734756051,0.4441555512615522,False
10294,4769190.0,-0.34620254974331044,0.06066542950804208,0.22142677784458534,False
10295,4769396.0,0.1252806455427449,0.818654822020939,0.9090710825124215,False
10296,4769815.0,-0.054523407015520775,0.7054773006990287,0.8497248016114232,False
10297,4770010.0,0.5147224351023321,0.46227203806987427,0.6847500522906248,False
10298,4770388.0,0.4912885854867339,0.48296608416849535,0.7020081472481275,False
10299,4770673.0,-0.0016946367057495346,0.9904595527208161,0.9941228335445639,False
10300,4770846.0,-0.44949173810263476,0.23165437485719198,0.46446402642682283,False
10301,4771487.0,-0.31947362984496164,0.4164638410389399,0.6477473637553988,False
10302,4771496.0,1.4777532758838023,0.00650861378049274,0.06023103374872012,False
10303,4772012.0,-0.508674847179953,0.185322208783549,0.40455533682386097,False
10304,4772312.0,-0.44445533083143035,0.23681338815826664,0.4702907662747867,False
10305,4772339.0,-0.503740757582753,0.023306341404680728,0.12835633482892403,False
10306,4772926.0,0.13763494015438513,0.7906873879370233,0.8972309843253594,False
10307,4773375.0,0.8284581663485182,0.0009698238628884025,0.01943229014869165,False
10308,4773462.0,0.7734814017638763,0.0022793413854287126,0.03194480851997798,False
10309,4773482.0,0.8221328342713388,0.0012860388661507852,0.022884783242031283,False
10310,4773727.0,0.8382860467578459,0.0008470729429285357,0.018064787417464156,False
10311,4774093.0,0.8194536139512484,0.0011077915332576925,0.020913177553934348,False
10312,4774587.0,-0.4433041820856361,0.23822088546173725,0.4715732806030758,False
10313,4774861.0,-0.07055505459177397,0.8533809112771843,0.9253271193600875,False
10314,4775065.0,0.38024564544009964,0.020337739860023678,0.11774195529629707,False
10315,4775276.0,2.0679542821843686,0.0013267527186605163,0.023380208282044835,False
10316,4775293.0,-0.10206970619402889,0.8841509357939368,0.9418931004622544,False
10317,4776400.0,0.285650192662403,0.32087403021976574,0.5607030904757819,False
10318,4777350.0,0.8210964315114215,0.0010781943506357778,0.0206416220037943,False
10319,4778844.0,-0.05390884096939254,0.8033380417967133,0.902715780921669,False
10320,4779035.0,-0.7381364925632692,0.020542158778711298,0.11854605717326483,False
10321,4779476.0,0.008916191721577232,0.9856960904408735,0.9913301766052101,False
10322,4779546.0,0.19816571408329153,0.3126280959604339,0.5519808037818006,False
10323,4782188.0,-0.26378965653702624,0.0806092772420048,0.2598021687832429,False
10324,4784170.0,0.07318934647414262,0.8837753528690886,0.9417908779874569,False
10325,4784429.0,-0.6981798568942996,0.014437372565890656,0.095734684913099,False
10326,4784772.0,-0.5281850110343447,0.005686317119525246,0.05545819616572017,False
10327,4785124.0,-0.3124944978535619,0.036466266194397155,0.16323457635968783,False
10328,4785577.0,0.10173430718442379,0.8055530884593234,0.9038125029707367,False
10329,4785984.0,1.649489319795829,0.0014336186383750987,0.024329355006011737,False
10330,4786110.0,-0.5845402039390423,0.13671344630171345,0.3432857875561183,False
10331,4786790.0,0.6470941432023034,2.664876504029188e-06,0.0005232893959143246,False
10332,4787029.0,-0.7234733022924331,0.08741393376465936,0.2709093787353105,False
10333,4789288.0,-0.3167486055195013,0.03279596577484039,0.15367926520594247,False
10334,4789715.0,0.6619803273178593,7.4220065256104635e-06,0.0009621016206474894,False
10335,4789802.0,0.3836507748727892,0.18643485438854007,0.4060494270440615,False
10336,4789982.0,1.2017034878793755,0.0854828041300107,0.2681062810838677,False
10337,4790023.0,-0.05586480387032111,0.9364394483947409,0.9684295612268321,False
10338,4791074.0,-0.42984513487534665,0.002847262320673758,0.03585502609154715,False
10339,4791515.0,-0.27698912955577165,0.5956146422472812,0.7804313312922286,False
10340,4792264.0,-0.5302027113935626,0.030052235358459346,0.1472098442310813,False
10341,4792455.0,-1.0398953594953966,0.04559894273937503,0.18671313596224667,False
10342,4792556.0,-0.3746931727384113,0.057916117904723084,0.2153955717580738,False
10343,4792670.0,1.638108735720716,0.001548563388485488,0.025507823341441534,False
10344,4792816.0,0.7684659403540098,7.710994103761546e-06,0.0009621016206474894,False
10345,4793500.0,1.446504154870865,0.016985321251114436,0.10541775996617908,False
10346,4793813.0,-0.5673272121265441,0.028306506121047785,0.1421702523601865,False
10347,4793833.0,0.8245081965434258,8.571224952073774e-07,0.0002819413541053358,False
10348,4794687.0,1.280131295628463,0.06687547024923043,0.23424210774359538,False
10349,4795072.0,-0.030012960735354227,0.8891885603961057,0.9442409086537995,False
10350,4795262.0,0.8150249690859004,1.2681935786028539e-06,0.0003720605755603778,False
10351,4795709.0,-0.3821845751077881,0.15468593471556505,0.3655881284063234,False
10352,4796742.0,-0.28875434137772255,0.14468945785637052,0.3539671723503017,False
10353,4797678.0,0.8949988265270745,0.0536346340127417,0.2060169682265786,False
10354,4798283.0,0.2587705492113542,0.5417135457465744,0.7450963683577122,False
10355,4798335.0,-0.6730383729000001,0.018381895030384118,0.11079148837024963,False
10356,4798599.0,-0.31330251860633324,0.10993174287880897,0.3059523901147497,False
10357,4799023.0,-0.46576067722956904,0.1450892774691852,0.35455041153149097,False
10358,4799713.0,0.7779881743527899,0.003787308111639536,0.04317437602051548,False
10359,4800311.0,-0.7996896224343517,0.16355792310873335,0.37647479856053967,False
10360,4801074.0,-0.4835251563543531,0.0008767535097373592,0.01845740744360723,False
10361,4801135.0,-0.23845786662038349,0.10921508108552452,0.304802904028558,False
10362,4801244.0,-0.530331352945979,0.2381562647427802,0.4715732806030758,False
10363,4801418.0,-0.4704711511703573,0.066981349071372,0.23439153583808608,False
10364,4801435.0,0.31166026806590974,0.2293945463095431,0.4623522234382879,False
10365,4802284.0,0.07151176846940423,0.7333711966104263,0.8659571782014769,False
10366,4802814.0,-0.26139922560212175,0.3035669144433501,0.5429760442188267,False
10367,4803145.0,0.09854454768235962,0.6413467008344056,0.8111171429054495,False
10368,4803442.0,-0.09381085325739083,0.6590302375800801,0.8220312071454955,False
10369,4803599.0,-0.36583284543669015,0.010156175711052547,0.07829970667529697,False
10370,4803701.0,-0.04610880323279706,0.8270636136575676,0.912740814624927,False
10371,4803870.0,0.5300038019738718,0.0006966237196121576,0.016185899649704846,False
10372,4804012.0,0.6224778385961878,0.08233850706034179,0.2619616754540235,False
10373,4804339.0,0.06094986518747897,0.7802468556339732,0.8915346966217662,False
10374,4804940.0,-0.09641776296560774,0.8141994838630601,0.9072198108533687,False
10375,4805031.0,0.10287493181436677,0.6357175723667187,0.8078031653092591,False
10376,4805110.0,-0.06584480551814861,0.7625431566658576,0.8825440483035005,False
10377,4805816.0,-0.592433207711106,0.020795333824214085,0.11975243960840525,False
10378,4806809.0,0.049614548980680705,0.8183779571004578,0.9090703650638658,False
10379,4806825.0,0.5681449394665974,0.0891758603512194,0.27375677718113306,False
10380,4806985.0,0.05497101695693629,0.9198739182081478,0.9601184021297543,False
10381,4807231.0,-0.06173009650930622,0.9297875214444967,0.9652681278959461,False
10382,4807895.0,-0.13805713858716848,0.40092608726217704,0.6330258439608628,False
10383,4808056.0,0.3728139459775245,0.5945129501635452,0.7798749866451227,False
10384,4808137.0,-0.15997356944248603,0.32679069870907085,0.5672135758488097,False
10385,4808145.0,0.6295721073883773,0.12702623461272206,0.3309817034856212,False
10386,4808857.0,0.5767486239145527,0.00017991449619101537,0.007195300897604854,False
10387,4808922.0,0.3601301723208238,0.013375993046114374,0.09184887370150117,False
10388,4809994.0,0.3713738504557305,0.010282247868761134,0.07879814894293724,False
10389,4810304.0,0.46999470562460743,0.18507964666892843,0.40428126084688765,False
10390,4811000.0,-0.13633785030029755,0.5208149746899047,0.7304194509378443,False
10391,4811115.0,0.005638604581596297,0.9697751130358323,0.983676872284606,False
10392,4811621.0,1.5586905189299702,0.02547742776250303,0.13465141012467943,False
10393,4811776.0,-0.07741979522446721,0.8503901329823382,0.9237451109299791,False
10394,4812216.0,-0.49732591736271703,0.050841141517013945,0.19978818409447843,False
10395,4813537.0,0.3228511708485425,0.29622216933805234,0.5363622432301182,False
10396,4813546.0,-0.027930629569830584,0.8626940775073997,0.9304992260873235,False
10397,4813651.0,-0.5436166639710502,0.033009047060139525,0.15398075025260616,False
10398,4813989.0,0.18600293796764025,0.6419962135248226,0.8112689243425033,False
10399,4814131.0,0.23406188569977454,0.09339960621578687,0.2804571854695343,False
10400,4814538.0,0.1570332368102274,0.7847365268852438,0.8940951504412952,False
10401,4814954.0,0.30192844631008064,0.3781354779554557,0.613826919875351,False
10402,4815124.0,0.27771053455263267,0.047971644834462625,0.1925072845390358,False
10403,4815345.0,-0.11037069052298679,0.5280101290688026,0.7354054924563428,False
10404,4816183.0,-0.009329152482780309,0.9781439723788756,0.9875720552642645,False
10405,4816409.0,0.2742971226733321,0.07878634491311709,0.25714326166008405,False
10406,4816645.0,-0.06391677059881257,0.9163809139048689,0.9585925431663633,False
10407,4817235.0,0.04404879459918955,0.8988342288488176,0.9495450812604238,False
10408,4817470.0,-0.06342451557270903,0.8345414485092372,0.916719296884299,False
10409,4818203.0,-0.15454207089624486,0.527878772751258,0.7353855336518104,False
10410,4818472.0,0.08371621112840455,0.6644705188938312,0.8258297794107212,False
10411,4818567.0,-0.24837129088565937,0.08527759083706987,0.2677721285902208,False
10412,4819451.0,0.1804091807211638,0.5173525361149433,0.727726030779799,False
10413,4819455.0,-0.740741906849192,0.03171545786041547,0.15119512300167323,False
10414,4819624.0,-0.37101668317208325,0.013379741856037384,0.09184887370150117,False
10415,4820354.0,-0.2817080723692493,0.06061395796380706,0.2213877906114151,False
10416,4820745.0,-0.6438948200823124,0.35762950330742155,0.5962322620798742,False
10417,4820815.0,0.4276860763739656,0.02217751666387963,0.12415520545972841,False
10418,4821654.0,-0.9773995740317796,0.041818117589281265,0.17635418276287806,False
10419,4823376.0,-0.6855339741163216,0.0015553115387556232,0.025580161747261045,False
10420,4824378.0,-0.26227215398851855,0.37055541640018724,0.6075183575024969,False
10421,4824381.0,-0.2601823673854103,0.40672952409170404,0.638843725078201,False
10422,4825215.0,0.11389330049891502,0.7928816711231467,0.898218591112686,False
10423,4826055.0,0.2666917667834776,0.13238973085332087,0.3372940488792822,False
10424,4826294.0,0.12723040830674,0.4139396056838134,0.6459623950111838,False
10425,4826685.0,-0.324166496733404,0.01928786071816194,0.11373655879198998,False
10426,4826758.0,0.2473455450044649,0.12941540610550667,0.33376199412574836,False
10427,4826809.0,0.34327438351901773,0.014536579579569744,0.09589429488971513,False
10428,4826815.0,0.24727260729875214,0.13086827800007986,0.3352981187448124,False
10429,4826928.0,0.2887692161437046,0.37372459948267217,0.6102257110987374,False
10430,4828023.0,-0.7190543467684601,0.008646253834726069,0.07164510334042097,False
10431,4828543.0,-0.33256327370687755,0.267295594304735,0.5042150725149327,False
10432,4828603.0,-0.8486148088024572,0.13922926196312368,0.34735147049892406,False
10433,4828789.0,-0.21907358871560054,0.6492537341622361,0.8157001486494297,False
10434,4828827.0,0.10971540095920204,0.4902384927673101,0.7077455564555327,False
10435,4829274.0,-0.3726388606039843,0.11355440279337156,0.3107217147270099,False
10436,4829782.0,0.08040002269437706,0.5656201638527368,0.7619517099306848,False
10437,4829783.0,-0.2595076182963576,0.41445481638632936,0.646394688487587,False
10438,4829869.0,0.34833366510450153,0.1363087052644775,0.3428005180497018,False
10439,4829892.0,0.09344915680799898,0.5476562713909991,0.7496606337893186,False
10440,4830664.0,0.13228093103025956,0.3388766064740649,0.577708123859957,False
10441,4831330.0,-0.8844852393728202,0.023924581956043692,0.13011089034712137,False
10442,4831397.0,0.0192341827714975,0.8891554291503486,0.9442409086537995,False
10443,4831531.0,-0.6227466167678744,0.0016854655196385225,0.026609791954356237,False
10444,4832691.0,-0.4643862318712051,0.18255713738811957,0.40130776151236086,False
10445,4833105.0,-0.04527051593802052,0.7517580041261344,0.8774702948171365,False
10446,4833372.0,0.14922663141026288,0.29779736195592793,0.5382268338380949,False
10447,4833579.0,-0.2457532194272171,0.29942198774294954,0.539825071678444,False
10448,4833598.0,-0.8697370843543177,0.029110258666360054,0.14468491658577765,False
10449,4834305.0,-0.6153120549225147,0.0026774206958397576,0.0349428741761835,False
10450,4834573.0,-1.0263771872699854,0.05961068575623594,0.2195714554621355,False
10451,4834817.0,0.03128235436308689,0.8564090905038881,0.9274238103815862,False
10452,4835125.0,0.2412799225055805,0.10207480504078628,0.293683916808477,False
10453,4835338.0,-0.027921735940940454,0.8707843502148357,0.9349878822697218,False
10454,4835480.0,-0.03611505754289701,0.833219463996519,0.9166187914856905,False
10455,4835738.0,-0.9385511308626773,0.015722013066923418,0.10044876506265668,False
10456,4835817.0,-0.369397732762054,0.063724788736173,0.22784340636731157,False
10457,4835971.0,0.28978642407990535,0.2979856328207128,0.5383878236133218,False
10458,4835985.0,0.9425621390772931,0.015327938646690038,0.09918331405229659,False
10459,4836131.0,-0.944471637143578,0.017763453970532948,0.108535049948429,False
10460,4837338.0,-0.9570842679133484,0.01379653132968606,0.09308583997575587,False
10461,4837342.0,0.509749262931622,6.744152544596275e-05,0.0039148543246840944,False
10462,4837826.0,0.5342464621379284,1.5509108497882845e-05,0.0015304670249501663,False
10463,4837878.0,0.9544460766122265,0.03324285280035784,0.15440966428759187,False
10464,4837997.0,-0.19469096120849533,0.2800717579389714,0.5195154578733283,False
10465,4839148.0,-0.11402442946477116,0.6680082269912757,0.8286970763338929,False
10466,4839550.0,-1.1594127697500585,0.03316400337313758,0.1542444798093935,False
10467,4840465.0,0.08530034349760385,0.6244011467890604,0.8008724681975478,False
10468,4840665.0,-0.38293774508844725,0.4629644572192119,0.6851369029467683,False
10469,4840668.0,0.7720102937445695,0.01976252862063348,0.11554100559971817,False
10470,4841309.0,-0.6862258392700713,0.2591827258103023,0.49589548422126895,False
10471,4842004.0,0.15585242344218408,0.8239495026669701,0.9111630935201886,False
10472,4842441.0,0.21557113873010955,0.17388084232340176,0.39084358378516887,False
10473,4842541.0,0.5235269659280701,0.04169273232561936,0.17596213429027924,False
10474,4842793.0,0.561981202345419,0.021321615373137575,0.12149403405533248,False
10475,4843188.0,-0.31981555853070565,0.02024440097122847,0.11745214994264298,False
10476,4843687.0,-0.763720127607637,0.14259808859072964,0.35145755194383904,False
10477,4843924.0,0.4380588411722208,0.030377011768191197,0.1479993100285976,False
10478,4844414.0,-0.25293619082274016,0.7180258163761982,0.8565495098991606,False
10479,4844554.0,0.49778697448369424,0.0505864717527051,0.1992349838954107,False
10480,4845138.0,0.003751360409244467,0.9927086385046894,0.995459794084841,False
10481,4845538.0,-0.30547189176950496,0.11218878947874963,0.30877517996750187,False
10482,4846604.0,-0.27443863074366504,0.15023254445643777,0.36095048031753696,False
10483,4846779.0,-0.3533474009818708,0.08405848026902012,0.2652484893372713,False
10484,4847126.0,0.5520976406315156,0.010895791568878875,0.08155872184618068,False
10485,4847170.0,-0.9719309102204132,0.030169316431997887,0.14751224970738316,False
10486,4847339.0,-0.6425386179728036,0.08698851868046907,0.27040674979280976,False
10487,4847644.0,0.17802715825880522,0.2651242861982346,0.5017504090158361,False
10488,4848051.0,-0.16306454899801284,0.7152976211030145,0.8551224089048558,False
10489,4848188.0,-0.10930641508044324,0.6328259717868646,0.8059751171824961,False
10490,4848374.0,1.466410879505868,0.02337933632197267,0.12864831968147994,False
10491,4848518.0,0.2211164275962666,0.5229269637847573,0.7320702124504196,False
10492,4848856.0,0.34561250305183,0.29100298805255925,0.5317013020216345,False
10493,4849158.0,-0.16385810371115642,0.518417539866308,0.7288907397235164,False
10494,4849498.0,0.24609432696877806,0.3972218110827342,0.63084751416285,False
10495,4850032.0,0.5476912471045637,0.1131785567418386,0.3101623916770154,False
10496,4850087.0,-0.11459836116309458,0.6472247252387936,0.8139045867084227,False
10497,4850469.0,0.09722403635212547,0.5531817743851198,0.7530459193567188,False
10498,4850654.0,0.22201293280136536,0.44225810702239154,0.6695519384118683,False
10499,4851016.0,0.08222661158434835,0.8031276181179605,0.9026815521388375,False
10500,4851377.0,-0.017352176611337894,0.9020477381129685,0.9510225521771827,False
10501,4852123.0,0.33158480902597204,0.22154353165814344,0.452550815985914,False
10502,4852245.0,0.3930438824625626,0.14631213084111896,0.3561825925724033,False
10503,4853497.0,-0.942247016767997,0.015332068261607894,0.09918331405229659,False
10504,4854477.0,0.19794077020566522,0.5722792667356199,0.7654129423872786,False
10505,4855233.0,0.2384762400092408,0.4091285747590274,0.641479377890389,False
10506,4855633.0,-0.32050798455463364,0.3627728345011972,0.6015733453269929,False
10507,4855945.0,0.18408982504141008,0.5993048353315341,0.7831151214242561,False
10508,4856237.0,-0.21625594099114398,0.3111292018478971,0.5507676917904311,False
10509,4856287.0,0.8922729193477963,0.025114839164314007,0.13399119075307017,False
10510,4856745.0,0.018305638607736582,0.9425589406321869,0.9710969343738031,False
10511,4856875.0,0.19547378375927693,0.5768237536680277,0.769057857652942,False
10512,4857213.0,0.45344304665263196,0.08908001812155505,0.273595149792233,False
10513,4857792.0,0.21464800182839863,0.5327828180181641,0.7389927791447958,False
10514,4857814.0,-0.1443981179167534,0.5615174403842854,0.7594407943398228,False
10515,4858098.0,0.85252809579142,0.04246906687096649,0.17829249453563065,False
10516,4858394.0,0.31924121245865117,0.3451240301687368,0.583811960025189,False
10517,4858399.0,-0.14192442493110213,0.5705679967701304,0.7641598525527162,False
10518,4859263.0,-0.1233263197369936,0.8602503618866245,0.9290381030632684,False
10519,4859307.0,0.17803326850646198,0.20903295122333992,0.4361046868209408,False
10520,4859498.0,-1.0264296279794185,0.09100692626072644,0.27652004329577184,False
10521,4859773.0,-0.06641896584139044,0.7925896484069513,0.8981719522455737,False
10522,4860587.0,1.3209187944263823,0.0585827667252911,0.21681969894586192,False
10523,4860726.0,0.30617215461176095,0.3649136029024086,0.60337199687824,False
10524,4860784.0,-0.14574155935575064,0.5596732283766527,0.7587406008522303,False
10525,4861758.0,0.735365139420838,0.01942265502379469,0.11421068271034202,False
10526,4862018.0,-0.03151629214885726,0.8497036922221455,0.9236464629552763,False
10527,4862174.0,0.20204545616182804,0.37976427299338794,0.6149234473549399,False
10528,4862259.0,0.7540383342170891,0.01654666093213947,0.10367115904610608,False
10529,4862273.0,-0.08088446241367116,0.5762675311210751,0.768852513559399,False
10530,4862614.0,0.3845320707990893,0.16288358411838308,0.3754727767264915,False
10531,4863769.0,0.11450148519060634,0.6446628001300712,0.8125225077640962,False
10532,4864241.0,-0.32587111772606636,0.5148601421486275,0.7261305145878225,False
10533,4864496.0,-0.04690350664438901,0.7772993320143124,0.8897589633043722,False
10534,4864513.0,0.17336779352198073,0.8045775943043645,0.9034419197456242,False
10535,4864844.0,0.040073593368614074,0.8100007192945307,0.9049518002889102,False
10536,4864972.0,0.0658923217742659,0.6482275039285524,0.8148824036067674,False
10537,4865111.0,0.16687096460660084,0.8117145581353178,0.9054021107102201,False
10538,4865299.0,-0.01666277539387384,0.981024956245342,0.9890900550232218,False
10539,4865445.0,0.047481706868330247,0.7209474212083907,0.8581954443707732,False
10540,4866732.0,-0.02301297272680318,0.890790633916525,0.945120939415881,False
10541,4868199.0,-0.02749283877505066,0.839793566819428,0.9185771027634916,False
10542,4868579.0,-0.07966879912607444,0.6312534515553981,0.8055791460890955,False
10543,4869321.0,-0.03745321284419019,0.8776771221854438,0.939101543747954,False
10544,4870215.0,-0.08464782881059421,0.7293463539165326,0.8638845493503027,False
10545,4870407.0,0.7293219263514694,0.0007842789020755603,0.01744538418448813,False
10546,4870468.0,-0.3798667107309144,0.10726285973215613,0.3018556233647335,False
10547,4870861.0,-0.6343680650141775,0.03582003213566049,0.16147277775439978,False
10548,4870875.0,0.14319084053828712,0.3902315569614453,0.6250499558531044,False
10549,4871035.0,-0.1063433177010867,0.6753036966786903,0.8330650665241099,False
10550,4871114.0,0.0818440136538462,0.6215007860304104,0.7990514073623244,False
10551,4871151.0,-1.0160982494233117,0.09433950783784487,0.28156594929332035,False
10552,4872124.0,0.12173773282162453,0.7346617882805611,0.866874343996693,False
10553,4872224.0,-0.9440070430589333,0.015170192992653701,0.09872448737125657,False
10554,4873134.0,0.04334369491641982,0.8663607879788985,0.9326932811178165,False
10555,4873172.0,0.22550489651103356,0.15424039017503643,0.36524953460644205,False
10556,4873351.0,-0.39214327923953607,0.39892648723461227,0.6321807070609939,False
10557,4873422.0,-0.02695101951332325,0.850229158699372,0.9237451109299791,False
10558,4873576.0,-0.06444709656984243,0.6548889576154362,0.8190497170975279,False
10559,4873807.0,-1.1892678901927805,0.05002353218665058,0.19803261921447557,False
10560,4874862.0,0.3035530700660971,0.05047671832249326,0.1991005731797472,False
10561,4874957.0,-0.18236193425591052,0.2147346705227073,0.44403583816600517,False
10562,4875280.0,0.38532526640044873,0.027844225920670585,0.14095327919095782,False
10563,4875406.0,-0.5984140455327267,0.010687245907188052,0.08070210238265836,False
10564,4875834.0,0.027077210184234105,0.9151419316626962,0.9579426873865542,False
10565,4876505.0,-0.05173153564008715,0.8978242999112681,0.9489412111254665,False
10566,4877292.0,-0.1012872655894187,0.5155589167880976,0.7265211010950019,False
10567,4877742.0,-0.26733979033206196,0.08473648455829005,0.2669223853395933,False
10568,4877859.0,-0.34971323835364626,0.025706071043389907,0.1351487907403982,False
10569,4877916.0,0.3366764729127296,0.08858044569848694,0.2728549199934948,False
10570,4877966.0,-0.5891116242538528,0.0125610357431752,0.0881600429392752,False
10571,4878238.0,-0.2859659328205546,0.054711852315919,0.20864462721071314,False
10572,4878474.0,-0.023580964951580845,0.9288285160330254,0.9647338571943824,False
10573,4878951.0,-0.2519051134420278,0.08535113368644699,0.2678860919540145,False
10574,4878967.0,0.937749690835368,0.06025073971288341,0.22080411194576283,False
10575,4879150.0,0.18437607818876978,0.570286470201911,0.7641598525527162,False
10576,4879228.0,-0.30638488927753504,0.04781067624854416,0.19217097219092372,False
10577,4880350.0,0.8858039926588072,0.056112775830393,0.2119107961797678,False
10578,4880667.0,-0.290318361465409,0.06300238700720412,0.2261544017735452,False
10579,4880952.0,0.24279777873104105,0.12297914581130322,0.32551539326547096,False
10580,4881537.0,-0.028751357071951394,0.9131710433108489,0.9568942588535524,False
10581,4881914.0,0.2205360832310932,0.4969740933713707,0.7115080168222406,False
10582,4882865.0,0.09808092379871539,0.5711061329693907,0.7647862168002388,False
10583,4883761.0,-0.941325887510533,0.015495348813422113,0.09948226621962324,False
10584,4883813.0,0.5287556560127769,0.15106482571946164,0.3616693169794345,False
10585,4883870.0,0.24924269358135814,0.468782105020278,0.6899836949145922,False
10586,4884088.0,0.06150452938776878,0.7221695496711059,0.8586145083986697,False
10587,4884199.0,-0.01484621323822942,0.9754185521640748,0.9861384356655519,False
10588,4884404.0,0.18097661837218249,0.796127245986794,0.899080446856705,False
10589,4884605.0,-0.4036445625323341,0.2166043190577927,0.44649447082649824,False
10590,4884948.0,0.1429432884235739,0.8382941680078061,0.917799861430991,False
10591,4885378.0,-0.4494629109746362,0.46007933313106003,0.6831957812773812,False
10592,4885384.0,0.08140701423827376,0.631646821131401,0.8056176104397142,False
10593,4885531.0,0.21016550525589067,0.1909289519641669,0.4114498551488707,False
10594,4885921.0,0.06087911800683785,0.8171063008997805,0.9084844875279859,False
10595,4886083.0,0.14682240685934417,0.3223998064245849,0.5622830814169133,False
10596,4886735.0,0.061087413694249776,0.8227083163054786,0.9104660785329183,False
10597,4886938.0,-0.46597661644728106,0.41739939997445286,0.6488429738969906,False
10598,4887730.0,-0.20307425078134764,0.15663163927729098,0.36745822465884015,False
10599,4887782.0,-0.34541905442287735,0.16912643859074294,0.38463597127645394,False
10600,4887834.0,0.22151203397325103,0.5197058169837531,0.7294293565242616,False
10601,4887939.0,0.3040270938068789,0.1945752640492135,0.4169195600580759,False
10602,4887980.0,-0.9364788540082909,0.01868176745170839,0.11183455985833302,False
10603,4888374.0,-0.781563417458829,0.19862006482220562,0.42316404389500334,False
10604,4889060.0,0.41973527542515476,0.20578126509418854,0.43181048378067205,False
10605,4889579.0,0.530039923844025,0.11533848224005032,0.3135485160820802,False
10606,4889815.0,0.11849614397446202,0.45626038368059746,0.6802435798873222,False
10607,4890137.0,-0.18344490302858177,0.41466301081042123,0.6465757373490342,False
10608,4890271.0,0.05576573740859568,0.7141117960447579,0.854462472009022,False
10609,4890726.0,0.09834015295468106,0.850556662231132,0.9237997952618315,False
10610,4891850.0,0.02433863096340167,0.8691423680166899,0.9344929341913981,False
10611,4891897.0,0.2988489345088454,0.42716132067101426,0.6568214990370133,False
10612,4892078.0,-0.7392950703100771,0.015112441029466397,0.09840764689553554,False
10613,4892330.0,-0.17910391012141316,0.7981912933299476,0.900365627164254,False
10614,4892568.0,-0.005436140695329151,0.9744240874577225,0.9859670168508977,False
10615,4893508.0,-0.31885895265522346,0.07484300345972504,0.24978440193858614,False
10616,4894276.0,0.004904600240893592,0.9848701638116253,0.9907112990617359,False
10617,4894539.0,0.14949004147620276,0.2953285893012952,0.5356377338121235,False
10618,4894823.0,0.047935058201514266,0.8052183203461211,0.9036126193897596,False
10619,4895187.0,0.6904191779100242,0.004263464893850882,0.04647142567715959,False
10620,4896059.0,-0.19073606920262415,0.19026265800979691,0.4110344928243713,False
10621,4896067.0,0.7845423815199806,0.17173232456450008,0.38806990354505894,False
10622,4896372.0,1.1696821478180175,0.008965678316819766,0.07301008111708819,False
10623,4896732.0,1.2805375582094733,0.06680802147231249,0.23424210774359538,False
10624,4896968.0,0.14226427840105205,0.5927373958263701,0.7793370389977315,False
10625,4897346.0,0.3147221065127299,0.4129217216141129,0.6449302572836253,False
10626,4897926.0,-0.17805220943951627,0.2157004067829057,0.4453077055208142,False
10627,4898615.0,-0.09195624557934311,0.8799160796276596,0.9400972861080477,False
10628,4898656.0,0.11592131317199195,0.4725303753190369,0.6930573198335558,False
10629,4900923.0,0.6459323467028929,0.09981783807258342,0.29087855900077664,False
10630,4901996.0,0.12991902448512346,0.3635063550416175,0.6022516190101767,False
10631,4902052.0,-0.12614699303343627,0.3844906773487217,0.6202476300520693,False
10632,4902404.0,0.8452536901076844,0.07852821627765601,0.256770364956335,False
10633,4902576.0,0.9524156365146539,0.07868419051046813,0.2570318651793956,False
10634,4902584.0,0.7120340576777952,0.12502184756009593,0.328121894406393,False
10635,4903292.0,0.07946023679923288,0.5757362676078823,0.7684270484302917,False
10636,4903452.0,0.05858250411686177,0.6842110488867115,0.8382716435893535,False
10637,4903466.0,0.6903289154237917,0.12439165631113942,0.3272792352415802,False
10638,4903861.0,-0.15054192031341992,0.2973185882602891,0.5377196393811127,False
10639,4904351.0,-0.18240296620919488,0.34536830120744566,0.5841272459186866,False
10640,4904643.0,0.3363040734162157,0.42802896423374476,0.6573450783583391,False
10641,4904752.0,0.1264755207598859,0.3668892390128062,0.6045858801652316,False
10642,4904803.0,0.4482013741128056,0.3900701929155354,0.6250499558531044,False
10643,4905727.0,-0.18264930223010897,0.2141432863714204,0.44334165363298783,False
10644,4905736.0,-0.17459853529989988,0.233934187952482,0.4667047389564919,False
10645,4906159.0,-0.5936977183153955,0.2171738204717025,0.4471589190478624,False
10646,4907433.0,-0.02314047591529461,0.9631411738754784,0.9812876766338339,False
10647,4907473.0,0.5832920057586313,0.30692013748597974,0.5466149454323724,False
10648,4907516.0,-0.34400833712311174,0.4593254564225468,0.6826677667197052,False
10649,4908230.0,0.17225365802121556,0.7110468614716992,0.8526441838383906,False
10650,4908537.0,0.7182397629930544,0.12169072012222994,0.3235338319761604,False
10651,4908924.0,-0.19373774357941542,0.175783432240446,0.39325983499011347,False
10652,4909981.0,0.2941441141353604,0.29008314047929046,0.5309142623339568,False
10653,4910634.0,-0.17865181242409392,0.7986828851486731,0.9004810881529475,False
10654,4910729.0,0.19255094511116544,0.5627820623760518,0.7600148403946309,False
10655,4911498.0,-0.9413122218882122,0.018054067419667155,0.10930111647545286,False
10656,4911750.0,-0.43730721317808613,0.030664835231707814,0.1485509990060221,False
10657,4913426.0,-0.6560574959018233,0.0038246517683284092,0.04338202188631649,False
10658,4913643.0,-0.20960750377018822,0.21620108659772205,0.4460499063177221,False
10659,4913958.0,-0.28446229533807554,0.09792678112193623,0.28795905132239563,False
10660,4914817.0,-0.15049353462431736,0.6198844881108201,0.7980500399601616,False
10661,4915113.0,-0.17150099869664384,0.7105172766478366,0.85251078125481,False
10662,4915202.0,-0.15008892255073691,0.7736950588706826,0.8885378611977633,False
10663,4916132.0,-0.4298156164613853,0.030668151890602995,0.1485509990060221,False
10664,4916256.0,0.3725406684611078,0.012157572721860932,0.08659478470853046,False
10665,4916397.0,0.22812400309476716,0.1771607928648411,0.3952369922986915,False
10666,4916856.0,-0.6415413273255699,0.0023115397554396592,0.03208665478938299,False
10667,4916915.0,0.14597177543510562,0.8222177326543578,0.9103604128889284,False
10668,4917066.0,0.10541085228075914,0.6537515540518551,0.8186978679318052,False
10669,4918996.0,0.2090133088875055,0.5735753824121239,0.7667685684832026,False
10670,4919058.0,0.1589670527561166,0.638382136696365,0.8091590487901731,False
10671,4919662.0,0.10535359805708168,0.509367002877593,0.72220203973828,False
10672,4919751.0,0.1649252308411141,0.6639532529513605,0.8256630267827951,False
10673,4919770.0,-0.104999828030589,0.5082082069111417,0.7211421967012804,False
10674,4920186.0,-0.08187979667097364,0.6579271090189401,0.8213007424134061,False
10675,4920441.0,1.0003989229184929,0.06633501973534822,0.2334089592308606,False
10676,4920778.0,-0.5509551773803871,0.39608782123313335,0.6301765494092121,False
10677,4921274.0,-0.0625913173900923,0.7342091795193961,0.8665696035319175,False
10678,4921322.0,-0.0578499270243298,0.7576664660384814,0.8801872312551067,False
10679,4921419.0,0.20644331205156985,0.541599353727095,0.745033707351111,False
10680,4921564.0,0.04194785557907579,0.9359510607046739,0.9682406141188635,False
10681,4921722.0,0.6250044332014142,0.00039833628024383725,0.011654825665894484,False
10682,4922419.0,0.05553509504766235,0.7645143537581546,0.8835093484557401,False
10683,4922766.0,0.052030717949132714,0.7782735260488155,0.8903107941047416,False
10684,4922855.0,0.3059331892591934,0.04101465485761929,0.17459375626645388,False
10685,4922900.0,0.9031583784048065,0.010966080224841065,0.08169993194279325,False
10686,4923134.0,-0.044770994305546194,0.8094607745608257,0.904866029785586,False
10687,4923433.0,-0.24302953354505283,0.1587002707334417,0.3704712771637655,False
10688,4923500.0,-0.05045468036439668,0.785490051745752,0.8944188095772724,False
10689,4923757.0,-0.0457745662241205,0.8049829799889154,0.9034419197456242,False
10690,4923950.0,-0.21820017986637325,0.20216414307366273,0.42735964421900857,False
10691,4924144.0,-0.09324536600427898,0.6024677094038179,0.7850012572746461,False
10692,4924453.0,0.2093025402924834,0.4309215055797381,0.6600328690656212,False
10693,4924614.0,-0.17881253072801567,0.5508296497999411,0.7515611375385962,False
10694,4925663.0,0.13195554087605488,0.37230403990963784,0.6090972649915778,False
10695,4925742.0,0.24754164773593046,0.6842860464159614,0.8382716435893535,False
10696,4926524.0,-0.19255736628753584,0.4128966752434312,0.6449302572836253,False
10697,4926646.0,0.011536095296263857,0.9447969747336932,0.9719267589778467,False
10698,4926961.0,0.742670864142964,0.12255784310793537,0.32476875481980455,False
10699,4926985.0,-0.14076532833269756,0.416756704551422,0.6479366983537218,False
10700,4927465.0,-0.8983688692862513,0.05111873264178217,0.20032268694099115,False
10701,4927518.0,-0.4601552486697762,0.05748081478116475,0.21486027701430555,False
10702,4928191.0,0.206396572330225,0.5783520493194454,0.7698358669972507,False
10703,4928465.0,0.07545959693339974,0.7008641050181702,0.8477389737354668,False
10704,4928800.0,-0.30988668385285684,0.5499987918253666,0.7513108793203959,False
10705,4929237.0,0.47317894501904945,0.009419297485330878,0.07487196901330713,False
10706,4929758.0,-0.12258438794328688,0.6792023786958008,0.8356057755596198,False
10707,4929760.0,0.036213135668304294,0.8535627214266376,0.9254318159294997,False
10708,4929905.0,-0.26547458781356426,0.24260111298510967,0.4762950047844756,False
10709,4930495.0,0.6129695627655057,0.14790266349284337,0.35822446028811256,False
10710,4930844.0,0.18958205433000305,0.37946040138065595,0.6149234473549399,False
10711,4930861.0,0.37804739739802107,0.20363138049533497,0.4288036392787092,False
10712,4931074.0,0.7130640906339312,0.12453901788084061,0.3274771571036369,False
10713,4932560.0,0.21859047162305,0.7195034642186445,0.8571345592727597,False
10714,4934408.0,-0.16608290697030959,0.8125807587009382,0.9062533787833847,False
10715,4934694.0,0.5085785012497961,0.005133771363665599,0.05217892149118922,False
10716,4935869.0,-0.1510832002161111,0.7292805658864604,0.8638845493503027,False
10717,4936675.0,0.003540630809546641,0.9948302196427489,0.9968505524067238,False
10718,4936769.0,0.2588773044333659,0.37303781048353274,0.60972344763059,False
10719,4936894.0,0.6653232721468996,0.10655536895795906,0.3007432475399494,False
10720,4937139.0,-0.39200460846611784,0.043655467328293326,0.1814553237788449,False
10721,4937836.0,-0.6074882315646686,0.1636625740616866,0.37647479856053967,False
10722,4937877.0,-0.26889161275080165,0.3548999261715511,0.594375685432517,False
10723,4938117.0,0.5952929978487076,0.15990132885767913,0.3717560344292369,False
10724,4938651.0,-0.002705535653130982,0.9845045743054631,0.9904353247530865,False
10725,4938829.0,0.10299456997994812,0.8831252477130981,0.941589683127952,False
10726,4939309.0,-0.6818381949916605,0.09814194500853426,0.2879845044653061,False
10727,4940020.0,1.5565821008734595,0.025657329544386556,0.13500257498997387,False
10728,4940261.0,0.5592096349564226,0.005628699368520051,0.05509425757013991,False
10729,4940571.0,0.3742702705892632,0.32372262429519755,0.5640464023634622,False
10730,4941205.0,0.13244843725982663,0.5225992957212393,0.7320702124504196,False
10731,4942116.0,0.7098743655728809,0.08505583888875871,0.2674626683480521,False
10732,4942188.0,-0.10980977140077935,0.47391903510117833,0.6943435181567406,False
10733,4942385.0,0.6209332635016972,0.3074103785933385,0.5469496245911636,False
10734,4943146.0,0.6871294715271083,0.09547555617630389,0.2842531986543551,False
10735,4943366.0,0.9003649125667883,0.1383801787091244,0.3459098493414199,False
10736,4943489.0,-0.23854376892106943,0.09618152862045554,0.2854937088255523,False
10737,4943645.0,-0.1988717637582262,0.16888625826263148,0.3842507510880035,False
10738,4944732.0,0.6159511806232141,0.0053152473583796475,0.05332440857228381,False
10739,4945174.0,-0.22683637216653058,0.11162719789248496,0.30793220663860843,False
10740,4945226.0,-0.2746826943720798,0.4194908708927165,0.6503246791688715,False
10741,4946066.0,-0.06193585560279519,0.8580657144145314,0.9281816970572734,False
10742,4946568.0,0.7300223360542223,0.11595302963431885,0.31436713261326094,False
10743,4946743.0,0.10416596473881995,0.613921803009968,0.7946820118175618,False
10744,4946985.0,0.19454509211697918,0.14875790279834858,0.3588371188613498,False
10745,4947337.0,0.24817526197084167,0.45479463869615344,0.6795127245812348,False
10746,4947624.0,-0.20284177050866964,0.15399032320939063,0.36496475662066996,False
10747,4947674.0,-0.9745608904534131,0.003388949034416615,0.04020441723343427,False
10748,4948771.0,0.23230449828341596,0.10147798791856803,0.2931196271570133,False
10749,4949249.0,0.771743273336688,0.07637275566742112,0.2526748743583835,False
10750,4951610.0,0.24280179771302624,0.1181620890319666,0.317408927602573,False
10751,4952436.0,-0.948633685679084,0.002853885034469761,0.035896781053498555,False
10752,4952575.0,0.21999986879074282,0.16271144395202733,0.3752353354789158,False
10753,4952670.0,-0.41129144161793596,0.03692448904914671,0.1642012816995033,False
10754,4952910.0,-0.4301261158496687,0.4542621673002926,0.6791471291775761,False
10755,4953100.0,0.266670996506792,0.5797832025096076,0.7709845232441247,False
10756,4953392.0,-0.11309141554938215,0.7721396522503885,0.8874087797965027,False
10757,4953499.0,-0.21022004677404063,0.543848097238514,0.7465188537587342,False
10758,4954277.0,0.021353257946475947,0.9529744311861305,0.9759918341848709,False
10759,4956686.0,0.8162848439805656,0.07847886346646352,0.25674745718157366,False
10760,4957840.0,0.27632994589845206,0.47928232831100337,0.6984306180448303,False
10761,4958026.0,0.048248037527625194,0.7867643523291015,0.8950193289602749,False
10762,4958050.0,-0.26816800958519615,0.06915337413618151,0.23948351908546495,False
10763,4958184.0,-0.23753799672892945,0.5430968071870824,0.7458648585546279,False
10764,4958567.0,1.5661355297983066,0.024757181484878342,0.13290761870343937,False
10765,4958861.0,0.07617924496215756,0.621117606695646,0.798693962724632,False
10766,4959982.0,-0.6027519900414677,0.007207909658098695,0.06367857644259978,False
10767,4960163.0,-0.16484952043216478,0.22699334648736205,0.4595730031623265,False
10768,4960636.0,0.5442169430149512,0.09401689450215824,0.28114418452367157,False
10769,4960775.0,0.001530839421694033,0.9959775292939809,0.9974336817433335,False
10770,4960843.0,-0.41971806016531854,0.5181225228015243,0.7287132058527157,False
10771,4961651.0,-0.008580763139424179,0.9727872287331015,0.9853222895784388,False
10772,4962673.0,-0.6138675172331454,0.0059761351956439,0.05739237306614791,False
10773,4963000.0,-0.48267273676438244,0.40091578798639954,0.6330258439608628,False
10774,4963535.0,0.19823294370253994,0.27647775266105457,0.5159302054556898,False
10775,4964038.0,0.5840036924572094,0.06791959773775552,0.2367589060511677,False
10776,4964231.0,-0.39460464932601624,0.004256994340903074,0.04647142567715959,False
10777,4965411.0,0.32781389737381383,0.3556202815097318,0.5946864111727383,False
10778,4965635.0,-0.42333024264243824,0.016175994406979175,0.10214684077240195,False
10779,4965904.0,-0.1099368683192978,0.7537353661989908,0.8783134701994646,False
10780,4966228.0,0.10049909888879326,0.7937930746313948,0.898500920242314,False
10781,4967042.0,0.27288488354316465,0.6744418397068378,0.8325765852561512,False
10782,4967046.0,0.5468127395624256,0.20993997819490448,0.4375881941095941,False
10783,4968389.0,1.0354286138887634,0.00035281159303168227,0.010973552556902324,False
10784,4968537.0,0.8621895497640897,0.13301213267286463,0.33817372324163614,False
10785,4968805.0,0.693851208039745,0.017748643927591224,0.108535049948429,False
10786,4968922.0,-0.3752229420855796,0.009487297847670256,0.07522616372276159,False
10787,4969490.0,1.0089106166359427,0.0003772890212885734,0.011471911277555922,False
10788,4969897.0,0.9578062935460474,0.0007490299171548627,0.016938999480658405,False
10789,4970159.0,-0.2140577619839713,0.3470196030005931,0.5853765020313035,False
10790,4970685.0,0.10349406218290484,0.753528856445421,0.8782943988741593,False
10791,4970916.0,0.07339064348769271,0.6861080191567822,0.8396507945825108,False
10792,4971071.0,0.2401743897294604,0.2843663644194655,0.5245932940099465,False
10793,4971419.0,0.20590154457626766,0.36482132797430333,0.6033113216272186,False
10794,4971492.0,0.4749461095697713,0.06073255844126326,0.22148373147452718,False
10795,4971509.0,0.7799845580843474,0.006325499285323487,0.059192495467402115,False
10796,4972030.0,-0.059162192160505445,0.9016243053530507,0.950760815485464,False
10797,4972376.0,0.5674348581328766,0.19290600952082854,0.41477382968555404,False
10798,4972440.0,-0.15842452027993867,0.29897388302196926,0.5395447215633378,False
10799,4973078.0,-0.13546251698373574,0.3775312995761563,0.613826919875351,False
10800,4973895.0,0.7739230900325601,0.01258036909377589,0.0881600429392752,False
10801,4974287.0,0.47743705408430515,0.4953848314890816,0.7106251230916525,False
10802,4974446.0,0.49761088015634836,0.4772541838006622,0.6967111687511787,False
10803,4974883.0,-0.29368233230736135,0.5420126741342187,0.7453977125189335,False
10804,4975141.0,0.4995960142615724,0.4755124043518194,0.695457713451765,False
10805,4975902.0,-0.23789786022626255,0.2939874148999908,0.5343332422605122,False
10806,4975987.0,-0.5886138774788077,0.2211827945931017,0.4520691461698586,False
10807,4976356.0,0.20243343384129364,0.295551100633811,0.5359032001855079,False
10808,4976656.0,0.31535793821432934,0.05728983025623239,0.21447152250536256,False
10809,4976676.0,0.2509323532003554,0.20705782729244088,0.43340006079048315,False
10810,4977136.0,0.0318131465508439,0.8712364940932955,0.9349878822697218,False
10811,4977215.0,0.24809643201702475,0.211616776057929,0.4399293773666045,False
10812,4977389.0,-0.37103359464234215,0.596288342721191,0.7808794740304654,False
10813,4978011.0,-0.3886383173278909,0.5789405603295142,0.7701470321540291,False
10814,4978118.0,0.7605041184182324,0.009322443017271417,0.07442983474681167,False
10815,4978380.0,0.23200891090718564,0.23977840575116297,0.47332143924874964,False
10816,4978401.0,0.2621845485293461,0.1932223195728353,0.4151679095334773,False
10817,4978506.0,-0.40197827324530466,0.005954734405945478,0.057317902726303,False
10818,4978623.0,0.3018237980534074,0.12835979256195057,0.3322897486056688,False
10819,4978661.0,-0.2835281323287603,0.15299509656996305,0.3639626941194278,False
10820,4979018.0,0.7448196000845926,0.01191884105057122,0.08593064739195395,False
10821,4979274.0,-0.33014332200608165,0.044304078414156435,0.18334760624691884,False
10822,4979542.0,0.13087478444280926,0.6959688713833058,0.8445770932214404,False
10823,4979712.0,0.2966789424232484,0.07571501330611015,0.25128638690136856,False
10824,4980294.0,0.30190967768955945,0.5437024394894112,0.7464133022205083,False
10825,4980370.0,-0.6654549228127332,0.0030546517497991544,0.037445886696340656,False
10826,4980372.0,-0.6856966760767188,0.002690581066863094,0.0349428741761835,False
10827,4980969.0,0.3388825134028424,0.018619330149890263,0.11165353139582264,False
10828,4981308.0,-0.5021218202355423,0.018604721890376166,0.11163861587619307,False
10829,4981412.0,-0.24062721823796102,0.5928727409377238,0.7793370389977315,False
10830,4984319.0,0.14749096094996528,0.43176918419350924,0.6605589740115223,False
10831,4984595.0,0.5665544574825235,0.043061180217617054,0.17978042740855119,False
10832,4984899.0,0.14841237333841018,0.4275253797017862,0.6569854615941131,False
10833,4985727.0,-0.4556934900298584,0.0022859825500388584,0.03197724301632965,False
10834,4986198.0,-0.8672335438686918,0.13068816990892695,0.33513349500623724,False
10835,4986218.0,0.19954596867910268,0.2507341771682461,0.4854395387846301,False
10836,4986654.0,0.9458917115326348,0.14468955859918653,0.3539671723503017,False
10837,4987047.0,-0.38080905645907726,0.00952839282743892,0.07538725127888854,False
10838,4989046.0,-0.6540309199701626,0.09333970981113093,0.2804571854695343,False
10839,4990420.0,0.0776066968779171,0.816798391834342,0.9083440777954904,False
10840,4990561.0,0.6451020983646653,0.0016774590039273893,0.0265683274913922,False
10841,4990714.0,0.06349621822848758,0.7777851762049871,0.8899397162121994,False
10842,4990751.0,-0.050354090867242636,0.9231318261671058,0.9620387838943869,False
10843,4991134.0,-0.42071266463628554,0.027372866326436495,0.1401568226289944,False
10844,4992409.0,-0.045849992374956156,0.9300029209914882,0.9653994173627813,False
10845,4992582.0,0.36297500752134515,0.03220688496514969,0.15226730674943373,False
10846,4994890.0,-0.316916222400594,0.03018191677568844,0.14751224970738316,False
10847,4994906.0,-0.29355200713205365,0.04697403501864832,0.18983736043463423,False
10848,4997043.0,1.2170505186039007,0.003001600462042736,0.037109764254526084,False
10849,4997407.0,0.22472010497588943,0.17819279157889198,0.3964506564027203,False
10850,4998465.0,-0.35560570532501473,0.5590926726763695,0.7584292629220184,False
10851,4998750.0,0.211553748349169,0.17864071078921928,0.3968777968925451,False
10852,4999187.0,-0.17906608647374134,0.19964532097799711,0.42451517320590765,False
10853,4999335.0,0.31217581763634983,0.03978313886368511,0.1716368645372139,False
10854,4999541.0,0.30303004632288655,0.5422073088944724,0.7453977125189335,False
