snp_index_qc,position_bp,beta,p_value,p_fdr,is_true_causal
0,528.0,0.3318199402371569,0.31651673762184634,0.752394282767073,False
1,819.0,-1.0409858750223244,0.05761916467450545,0.45013779640416013,False
2,1356.0,-0.2712650605276845,0.41379257521217805,0.8084446371361038,False
3,1404.0,0.34873983322395097,0.3071053369787264,0.7487505601483324,False
4,1698.0,-0.06388778484307414,0.6554182333095675,0.9042157216790326,False
5,1782.0,0.019503627235520217,0.9009703452636088,0.975226134949514,False
6,1952.0,0.3200993880434563,0.04380121792454347,0.41443018925325964,False
7,2117.0,-0.42370670101424424,0.47369915978577903,0.8352833624877569,False
8,2292.0,0.05803027315166709,0.6834881932522993,0.9119708047766516,False
9,3106.0,-0.059455006550562545,0.9249176041413522,0.9802191960759526,False
10,3917.0,0.06331251787945084,0.6590508451626378,0.9057985470043598,False
11,4039.0,-0.05366184088130037,0.7116284740616927,0.9239164152407624,False
12,4136.0,0.6083846563131587,0.3032584018753327,0.7459483236702326,False
13,4164.0,-0.5333982350557986,0.11592030343891678,0.5677423316288577,False
14,5150.0,0.020471142642081046,0.8786181633643069,0.9713267665864582,False
15,5681.0,-0.5940425049513276,0.38119778083623135,0.793872464971652,False
16,7130.0,-0.5248809732045286,0.12219802218430234,0.5752209587209896,False
17,8313.0,-0.25147668664568157,0.07329362901792368,0.4916202179950721,False
18,8455.0,-0.10848067668061251,0.7703965491218686,0.9427899639382522,False
19,8482.0,-0.26221641937067786,0.6065384779582672,0.8814295441824285,False
20,8852.0,-0.11934682362762875,0.7670201427942411,0.9416926853113828,False
21,9951.0,-0.2567863602705519,0.6140242680277859,0.8846175297597576,False
22,11756.0,0.18932477392078675,0.20732094032320109,0.6701813005385193,False
23,11848.0,0.27884734593242183,0.12594321556380805,0.5803338435783117,False
24,11899.0,-0.527412451369391,0.12062291163364669,0.5737187286540817,False
25,12618.0,-0.4264540750404906,0.34323700354590847,0.7697365091508926,False
26,12663.0,0.15686994651778333,0.5009705941843167,0.8465682100288265,False
27,12856.0,0.08662116515695337,0.5133412698719487,0.8517507330573056,False
28,13077.0,-0.5719895664556893,0.09719224637730582,0.5344089396553494,False
29,13131.0,-0.017820050366172416,0.8923161767307642,0.9721632840745946,False
30,13305.0,-0.2677126213138902,0.5989272406125056,0.8781156191211636,False
31,13514.0,0.3618976891364094,0.09018943124360992,0.5231170377239927,False
32,14941.0,0.30302753065539706,0.4217425916802924,0.8119882707974855,False
33,15398.0,-0.5656807773580294,0.40433484589261565,0.8044501915434594,False
34,15526.0,-0.4899810771193263,0.2630988469574241,0.7145203862203748,False
35,16379.0,0.4289396049187125,0.1624562140648824,0.6229694806320021,False
36,16488.0,0.7131188903759649,0.13180650185385706,0.5887899496393492,False
37,17464.0,0.37119531117760324,0.09527413358578542,0.53226429243215,False
38,17487.0,-0.18008300803528351,0.734960334760804,0.9327853690121147,False
39,17606.0,0.27141586424655,0.6674493591835333,0.9075481935625836,False
40,18291.0,-0.32347110081711233,0.040310814245274405,0.4017315081593863,False
41,18366.0,0.36735836435824787,0.021060057053027777,0.31678020822414965,False
42,18936.0,0.9538377221652388,0.011331390624549907,0.25614659722432875,False
43,19178.0,-0.6483021387006678,0.016931032309925226,0.29642960600683604,False
44,19714.0,0.34266190557046305,0.031841555749743164,0.3688794959055091,False
45,19975.0,-0.40120052377179366,0.09776971950715921,0.5359436523690244,False
46,20026.0,0.3945057720765364,0.1062037311032562,0.5498684456426094,False
47,20341.0,-0.02338339404255703,0.9725345930316945,0.9908825800036647,False
48,20365.0,0.22244037788349746,0.3606858434544867,0.7802768613894512,False
49,20821.0,0.32175088078349035,0.17506773941209997,0.6357846474802091,False
50,21351.0,-0.7164969104537591,0.0368008574490469,0.3852201616291265,False
51,21504.0,-0.1999532072728157,0.19526248375317753,0.6604255264025536,False
52,21711.0,-0.21925370273309264,0.2558197065711058,0.7122316278740778,False
53,21869.0,-0.19363999343962518,0.6439354347186769,0.8987654097409585,False
54,22256.0,0.20397807848198007,0.28796002620868155,0.7336391967546332,False
55,22937.0,0.18497984604512033,0.3603780667913869,0.7802768613894512,False
56,23442.0,-0.19215029649841991,0.3329488955519461,0.761838166360956,False
57,23502.0,-0.21032261181786482,0.2917640701408308,0.7358825469356912,False
58,23737.0,0.12523595688675815,0.5347539617372971,0.8576105784226076,False
59,23887.0,0.2242663429449538,0.2573688621823192,0.7122316278740778,False
60,24016.0,-0.19744280163328481,0.2020928210742049,0.6669182094059218,False
61,24049.0,-0.23331305929958535,0.2401908330065703,0.6955905177539525,False
62,24399.0,0.19807695294939132,0.32141136415271676,0.7565659242875616,False
63,24562.0,-0.2022535026929726,0.3091308511524122,0.7495664647494701,False
64,24676.0,-0.09679496942282274,0.815195626231059,0.9566536178841201,False
65,24884.0,-0.5559332164969726,0.04849179489382924,0.4279499459939158,False
66,24899.0,-0.2024094679645141,0.3061238428391541,0.7481710645115033,False
67,25011.0,0.43968131516489944,0.4850638513520755,0.8390956514404383,False
68,25044.0,0.000554153220757303,0.9992979669654035,0.9994821184381697,False
69,25071.0,0.7229526514321112,0.17475646894820074,0.6357784226268415,False
70,25241.0,-0.5492397528174656,0.04787736932135559,0.42606007324537426,False
71,25890.0,-0.5921118547583557,0.4218108180150218,0.8119882707974855,False
72,26294.0,-0.2650054599631306,0.18518536161292398,0.6478205286201385,False
73,27065.0,0.23291974209582925,0.25952999752857964,0.7122316278740778,False
74,27897.0,0.19877017469111274,0.30143531738336693,0.7426419360409551,False
75,27953.0,0.05598662595951631,0.9337906868779445,0.9808384810332593,False
76,29323.0,-0.4470378569580312,0.30492093749876953,0.7474970136741516,False
77,30372.0,-0.27446868570573124,0.20411867579758858,0.6688655682526893,False
78,30720.0,-0.12725979175104984,0.8297093627237959,0.9611196208228717,False
79,30877.0,0.30990139761201413,0.12368877984701196,0.5775711552565178,False
80,31345.0,0.2426492548204588,0.2616123343786226,0.7128949013504352,False
81,31595.0,0.5636145886430675,0.34069836800205955,0.7677560275404518,False
82,31921.0,-0.5247334344275766,0.015625355970148733,0.28291725016978597,False
83,32505.0,0.5757179500023196,0.001449693960759845,0.1132117118276843,False
84,33331.0,-0.015737780609182114,0.9072463679119838,0.977047408661179,False
85,34526.0,-0.17401170196071675,0.6450530018852668,0.8990819639785017,False
86,35512.0,-0.0423708535525004,0.7531875569183032,0.9369830611233667,False
87,36034.0,-0.8973100970084037,0.023884745721660175,0.3281884997577484,False
88,37277.0,-0.0448033715446115,0.7382429746288202,0.9335765787936011,False
89,38900.0,0.0637930580990343,0.7461938675919497,0.9359757837659596,False
90,39059.0,0.07461877904250516,0.5791351319839381,0.8707080135298682,False
91,39620.0,0.4482981264917788,0.02748053536466984,0.34970833690913383,False
92,40447.0,-0.20026139178469016,0.32653687913251334,0.759576575611863,False
93,40597.0,-0.10397236680701194,0.43757069087557116,0.8199670654266474,False
94,40824.0,0.013017240940988273,0.9229222231920289,0.9798512045195563,False
95,41337.0,0.40190143822763824,0.05473570858772336,0.4438587342165712,False
96,41717.0,0.5497027246358437,0.08626233917494636,0.5191442983289968,False
97,41796.0,0.4500992012472588,0.3969843222707667,0.800825323470355,False
98,43223.0,0.45767051287990657,0.1211514411988947,0.5740413378029969,False
99,44603.0,0.2251552832908068,0.32098437210242126,0.7565659242875616,False
100,45090.0,-0.21139089259453286,0.11803044687021813,0.5717617792699213,False
101,45514.0,-0.6264151453193162,0.39588903617977067,0.8001028237626238,False
102,46382.0,-0.18787923833563472,0.7657456778255167,0.9412778951900646,False
103,46450.0,-0.12042711272407002,0.541305051793832,0.8597029622364961,False
104,46691.0,-0.037339202147683104,0.9327328760481673,0.9808384810332593,False
105,46697.0,0.498422889924277,0.0077460469196203125,0.22362590242680452,False
106,46790.0,1.4112350072440898,0.037349888968258235,0.3876032932604619,False
107,46799.0,-0.3386294674423672,0.15358827269829115,0.6136508535657775,False
108,46901.0,-0.3417963043702495,0.30458118809820894,0.7474970136741516,False
109,47178.0,0.28493232866001406,0.33466802172743126,0.7635130351101584,False
110,47194.0,0.0033182273733040335,0.9844227574999066,0.9944652552312984,False
111,47363.0,0.0033712044279947777,0.9841380912540926,0.9943981178966002,False
112,47903.0,0.43111200772920066,0.1447463301939666,0.6050438287330737,False
113,48380.0,0.30272819337953066,0.3106070756695901,0.7500706636249796,False
114,48566.0,0.5876688732684003,0.06532939133798693,0.47088349467054985,False
115,48753.0,1.1361277002215486,0.009079656853667918,0.23692229602539724,False
116,49179.0,0.27528389399353825,0.35171063830335003,0.7739129158176716,False
117,50230.0,-1.2581987745096268,0.018634416478989703,0.30555376265775414,False
118,50393.0,0.6447011393159796,0.33737336993998873,0.7655075105975288,False
119,50483.0,-0.15752154220962872,0.46224265874119225,0.8299525085907634,False
120,50655.0,0.08950813149090033,0.5101700544475266,0.8493705431024388,False
121,50863.0,0.6182443251368954,0.029174760859082292,0.35931863042965817,False
122,50970.0,-0.25055731013448584,0.11718460169721996,0.5699098796699474,False
123,51166.0,0.7488239489344549,0.20602771801457,0.6697153128306306,False
124,51217.0,-0.25631625583073003,0.29053680622523537,0.7345252294539043,False
125,52096.0,0.09724451523489527,0.5155302197531938,0.8523183003093502,False
126,52913.0,-0.04278471610460832,0.9230593651588045,0.9798512045195563,False
127,52952.0,0.29235789008069896,0.03888433234553247,0.3963281010429624,False
128,53275.0,0.7511067092102484,0.27642193528756226,0.7259088781978396,False
129,53454.0,0.48096526607122325,0.06717533571318833,0.4747319460720438,False
130,53589.0,0.4270225481737198,0.42467894026331027,0.8133064069190015,False
131,53736.0,0.49800493391582423,0.0678682963565401,0.4762187181320251,False
132,54512.0,0.4824327803975628,0.06424636731354076,0.46589964404185197,False
133,54541.0,0.877613616820007,0.16389430648066644,0.6250485696386469,False
134,54892.0,-0.16531257742123012,0.6278627627102625,0.8920150256371108,False
135,55215.0,-0.21717447561906936,0.28371898240205645,0.7313629907324443,False
136,55287.0,0.10997499425831161,0.4467823380953315,0.8235391883214168,False
137,55459.0,-0.2594007293754411,0.2848221195633789,0.7320014925858195,False
138,55735.0,0.23182928558408392,0.32182169394259763,0.7567968994252378,False
139,55960.0,0.7450250549085842,0.20825258649379993,0.6707524490942027,False
140,56440.0,-0.9801062593616334,0.011869505355593628,0.2602898598686239,False
141,56665.0,0.21936686618822612,0.35108428232094985,0.7739033942340068,False
142,56854.0,-0.04493759318312618,0.919176051712987,0.979161534970017,False
143,58142.0,-0.07619412312485954,0.794326367560688,0.9515273481552983,False
144,59645.0,-0.568636841856199,0.36739647885177734,0.7838156966912586,False
145,59689.0,-0.16436900014935085,0.3480313906829577,0.7733635099004106,False
146,59765.0,0.4580188455711287,0.005168729129681405,0.18510945894730998,False
147,60165.0,-0.42975827559805624,0.20748340351204092,0.6703072455723822,False
148,60594.0,-0.028913155956158815,0.9211171332644096,0.9795258369221345,False
149,60602.0,0.7863463504495563,0.09263522371621331,0.5284053354910644,False
150,61431.0,-0.26409448651757494,0.2730482613044905,0.7225594530619806,False
151,61846.0,-0.35287501091781553,0.5541089096831795,0.8630424783768135,False
152,62661.0,0.1519418988901859,0.7014953215798535,0.9191081938598813,False
153,63157.0,0.23077930790076473,0.42091413549998286,0.8119882707974855,False
154,64945.0,0.30668130471307214,0.4162002909458434,0.8099375198722394,False
155,64949.0,0.489356687817851,0.38260516127378175,0.793872464971652,False
156,65207.0,0.1349487409474119,0.7334934619028864,0.932570795321512,False
157,65510.0,-0.39620504860042155,0.23437581060788132,0.6905223727998842,False
158,65901.0,-0.46791994709775153,0.004746824264729087,0.1820644747086396,False
159,66115.0,0.41765670417431944,0.2815828750873362,0.730864298149255,False
160,66727.0,-0.4775349711953097,0.16679116436135108,0.6285379148611759,False
161,66747.0,-0.4890235827206719,0.0570524819145483,0.45013779640416013,False
162,67247.0,-0.2281162927654503,0.5922002851848949,0.8751488560965182,False
163,67817.0,-0.44531762924109697,0.018256645568514335,0.30355434210359833,False
164,68297.0,-0.5125258852690869,0.0029703059483909295,0.1502138890437682,False
165,68573.0,-0.48374397251159496,0.16103859586610467,0.6223118398456982,False
166,69137.0,-0.6053285118168887,0.061182279276468195,0.4584305379629557,False
167,69227.0,-0.2846211642090981,0.6749721657272151,0.909321074121257,False
168,69851.0,0.09391144898970805,0.6414388638009003,0.8986601531438788,False
169,70380.0,0.33787244724777693,0.03456948548313074,0.3798009150136128,False
170,70525.0,0.29468455383305026,0.06380713639065402,0.4645382062512069,False
171,70874.0,-0.2991138616271025,0.3072730757274812,0.7487505601483324,False
172,71218.0,0.6183502278330022,0.36252245889463647,0.7811564059655686,False
173,72035.0,-0.2059325557136337,0.351369022822231,0.7739129158176716,False
174,72057.0,-0.14191644664484357,0.520834148601858,0.8532530460418304,False
175,72684.0,0.6092448827309401,0.21476246087406967,0.6759947727487245,False
176,72917.0,-0.43525693284797523,0.10451543761303764,0.5482029444111168,False
177,73966.0,0.08432645152833251,0.8801099205535028,0.9715282642945458,False
178,74242.0,-0.22615915794964014,0.2529503129383068,0.7084776483854288,False
179,74260.0,0.4103350322578253,0.4927004802863677,0.8427231869152169,False
180,74366.0,0.3890863166229124,0.03570214842556972,0.37993156735967887,False
181,75144.0,0.7794214808451273,0.18842475899133881,0.6520085300768195,False
182,75197.0,0.04888322688891612,0.9382246496157985,0.981968772581868,False
183,75291.0,-0.807257760160462,0.16045905803421398,0.621619650865003,False
184,75316.0,0.23083279687313651,0.24209460902661853,0.6965112592059222,False
185,76942.0,0.19659308150957175,0.23364613789804106,0.6904588490122399,False
186,77611.0,0.38477214840737206,0.29678077443150097,0.7392519392525424,False
187,77624.0,0.4045525386860539,0.07942287120417392,0.5015972188326426,False
188,77901.0,-1.0400332243973252,0.09950147926253666,0.5406484286433426,False
189,78222.0,0.4272737184021774,0.01292580581244226,0.2642365764483253,False
190,78291.0,0.38833152595096876,0.13569173150331892,0.5914139815214984,False
191,78422.0,0.39336257333904434,0.28627319096554443,0.7329872638273471,False
192,82053.0,-0.04321991697331436,0.8154409449879783,0.9566536178841201,False
193,82129.0,-0.22034099016524852,0.5241799643088675,0.8544906969178123,False
194,82637.0,0.47576991926138856,0.4216955509600087,0.8119882707974855,False
195,83021.0,-0.12636613781731287,0.407039455497239,0.8058149066097496,False
196,83595.0,0.1213450872183362,0.756732949726384,0.938245136411182,False
197,83651.0,0.14430294619805634,0.5944197386206892,0.8756136496013212,False
198,84812.0,-0.3622227978833103,0.08681723198849557,0.5194262955034968,False
199,85171.0,0.11964995177267387,0.7503760024396783,0.9361117074520717,False
200,85523.0,-0.3877309768119882,0.2376320841407908,0.6934129767065279,False
201,86722.0,-0.33993536464777363,0.11134204144852926,0.5588070606339066,False
202,87900.0,-0.10149253492363129,0.4985622584606986,0.8463587634741259,False
203,88105.0,0.9095565779863162,0.07471794575857636,0.4916202179950721,False
204,88188.0,0.3869076980298753,0.26555507458020416,0.7164774883122258,False
205,88663.0,-0.34754976771128676,0.12059347278870142,0.5737187286540817,False
206,89066.0,-0.38059690982105054,0.09020099759842651,0.5231170377239927,False
207,89108.0,0.38448731958664717,0.08620022151089722,0.5191442983289968,False
208,89400.0,-0.39512031728391844,0.07618284766620577,0.4941763462752338,False
209,89896.0,-0.041804145900607964,0.765542109488542,0.9412778951900646,False
210,90285.0,-0.4195290982877726,0.06003169557945769,0.45474114132240984,False
211,90453.0,-0.3585255190945468,0.33683902462435855,0.7648934715606978,False
212,90497.0,-0.343258243346344,0.1258382714002708,0.5803338435783117,False
213,90956.0,-0.004136950795546643,0.9763066622283517,0.9917470352319631,False
214,92295.0,0.11335673511704752,0.42495805715272267,0.8133064069190015,False
215,92413.0,0.6645343070742635,0.10819297515454103,0.5527222026157121,False
216,92975.0,-0.5792158200640555,0.012243125667049949,0.26084895172462486,False
217,93094.0,0.01838918737605756,0.8927600535202684,0.9721809814662338,False
218,93876.0,0.6065310516947651,0.08724911950470281,0.5194262955034968,False
219,95035.0,0.16112102728617664,0.6752551208005294,0.909321074121257,False
220,96238.0,0.1736584197112367,0.21681344539598488,0.6770465083624883,False
221,96562.0,-0.11346802971622705,0.44302352163406833,0.8225043321384427,False
222,97210.0,-0.12414780505722511,0.40092310273735093,0.8029557712571853,False
223,97938.0,-0.06475256827859817,0.6536450146392023,0.9031716692857105,False
224,98191.0,1.07982488287859,0.08584825907457723,0.5191442983289968,False
225,101167.0,0.12998635791339297,0.44092513754684143,0.8211086581010403,False
226,101242.0,-1.1181224220404076,0.011012995436758618,0.25231921425166937,False
227,101252.0,-0.5574012256170308,0.15357365793583966,0.6136508535657775,False
228,101557.0,-0.11007597099519223,0.4574466564522861,0.8285141092910617,False
229,101953.0,0.14733484020343543,0.30287203832544823,0.7453357460944776,False
230,101995.0,-0.25262146648344064,0.40062155549781575,0.8028690780890388,False
231,103677.0,0.08641674820812237,0.5511752586705938,0.8623130341197923,False
232,104134.0,-0.4622579065313326,0.408443179115486,0.805972644709398,False
233,104289.0,-0.17791028873566325,0.5033248679766886,0.8465933751828044,False
234,104529.0,-0.18922033102367586,0.47662027337553153,0.835995603084639,False
235,105765.0,-0.33012131914554255,0.5598341164278945,0.8649229025744979,False
236,106192.0,0.5176188311165045,0.4457437054928277,0.8232367525618602,False
237,106208.0,-0.0877895039983641,0.5587564490227501,0.8642925593550943,False
238,106376.0,-0.08642517860279679,0.5629633782994347,0.8656987493186519,False
239,107598.0,-0.14982740245122533,0.27273895371924106,0.7219319020726165,False
240,107784.0,-0.12467436790583983,0.47675991472255264,0.835995603084639,False
241,108080.0,0.13286937198737447,0.844787669543366,0.9639619628816607,False
242,108614.0,-0.029316578824333597,0.8320498211649573,0.9619097328765415,False
243,108683.0,-0.05517354565279438,0.7658381852053384,0.9412778951900646,False
244,108922.0,0.07330200750850778,0.6190316404300379,0.8866130250876681,False
245,109728.0,-1.6434228022648814,0.008908747431197593,0.23644120627298257,False
246,109966.0,-0.009385489165501446,0.9566141966757269,0.9870755507649989,False
247,110286.0,-0.39780509469611824,0.5574156344952528,0.8636521142514944,False
248,110639.0,0.006155358877214426,0.9716015717804052,0.9904604178320151,False
249,111324.0,0.5537175605783586,0.061916808389279786,0.459403250215743,False
250,111395.0,0.7870268699705691,0.13554727926808605,0.5914139815214984,False
251,112708.0,-1.1456273444327105,0.032057038475325705,0.369708471874854,False
252,113465.0,0.10610938000203654,0.6578844680399941,0.9048829068137527,False
253,114159.0,0.10672218564565847,0.6558688535164677,0.904402490462558,False
254,114416.0,-0.3970694334815708,0.47515279824516454,0.8354729860580213,False
255,114772.0,-0.5578088474666789,0.12281223631908492,0.5758647193277178,False
256,115403.0,-0.7637102212109563,0.020056906964795913,0.3101392095482331,False
257,115602.0,-0.3742026932976836,0.4664256684403433,0.8318516335130318,False
258,116612.0,-0.07047486541923674,0.6796516175343758,0.9103868587663131,False
259,116878.0,0.48535685559679853,0.2678370805825342,0.7178463268124581,False
260,116891.0,0.18701301186470004,0.225814178720779,0.6850790693163935,False
261,117726.0,0.7937173021695936,0.15614597062841892,0.617612119278659,False
262,117876.0,0.055634139741076,0.7942336151544672,0.9515273481552983,False
263,118049.0,0.036725244146160234,0.8639568819678857,0.9675879210193268,False
264,118550.0,0.1643117129632417,0.5949138605496374,0.8757304943602114,False
265,119179.0,0.4898439944159524,0.0898324540662624,0.522578397046773,False
266,121701.0,-0.2913902398105209,0.08863403264637998,0.5200935113550931,False
267,122308.0,0.27659519467669147,0.1003622733342804,0.5410562434897381,False
268,122418.0,0.23834049195635565,0.34008180440938035,0.7674819099508989,False
269,122721.0,-0.4150976803526625,0.48016053957180715,0.836275241861246,False
270,123204.0,0.2738931143706993,0.10428163967806954,0.5482029444111168,False
271,123678.0,0.3048357666275982,0.06808354629930866,0.4768397314985396,False
272,124011.0,-0.6049750200157932,0.3726670284114414,0.7882864447464067,False
273,124653.0,-0.20366880058092993,0.22817044374233936,0.6863868669512747,False
274,125203.0,0.5099575617245964,0.4185914888989566,0.8106325838357195,False
275,126193.0,-0.5404418575446464,0.2853642667843034,0.7323000274098376,False
276,126397.0,-0.2350638854580043,0.4025385849100675,0.8041966912947733,False
277,126671.0,-0.1884254309701756,0.35955261971981767,0.7798089284832409,False
278,127246.0,-0.3940434242635452,0.10727359853349379,0.5513517576141453,False
279,127978.0,-0.38995824668305,0.5837032984338548,0.872259877710102,False
280,128152.0,0.3803651077086336,0.5196380008398546,0.8525582078680625,False
281,128308.0,-0.33341687850987284,0.1273815691010726,0.5820002223556217,False
282,128427.0,-0.262189413752978,0.5517122304293925,0.8623130341197923,False
283,128683.0,-0.4231956562834721,0.08382734189352772,0.5146752241257033,False
284,129174.0,0.8094773629813368,0.1708269496408764,0.6330920240190213,False
285,130408.0,0.3587490484415138,0.3660492084762065,0.7830369119752374,False
286,132049.0,0.4305001785562488,0.19197194031433099,0.6565391972627797,False
287,132777.0,0.36246497002567957,0.5649138742818798,0.8662222392876666,False
288,132878.0,-0.40618732193990126,0.05742580999997632,0.45013779640416013,False
289,133190.0,0.3970573234795829,0.47849502731357824,0.836275241861246,False
290,133746.0,0.08227203074617835,0.6662944371718523,0.9074404546460405,False
291,133985.0,0.2080958386136928,0.3802575427714503,0.7937828975033887,False
292,134424.0,0.4317324092348627,0.19091496837849747,0.6544915152136237,False
293,134731.0,0.2725802145597841,0.2656178434517774,0.7164774883122258,False
294,134936.0,-0.20205563632036125,0.7043987054735059,0.9206490716659742,False
295,135046.0,0.25937981058609705,0.28450724324641763,0.7320014925858195,False
296,135346.0,0.33490950878646925,0.3275818113814674,0.759576575611863,False
297,135697.0,0.27923850346817636,0.34296672396439437,0.7697365091508926,False
298,135769.0,0.9925657579020847,0.011003187064204849,0.25231921425166937,False
299,136863.0,0.1920604665148517,0.25375083760760236,0.7090940443337742,False
300,136896.0,-0.23420251304824433,0.3518307031384801,0.7739129158176716,False
301,137253.0,0.5215673081937894,0.09523303496001671,0.53226429243215,False
302,138052.0,0.41344136218174654,0.1819924987037174,0.6442290760177177,False
303,138140.0,0.42928907128718174,0.16415679987814022,0.6250485696386469,False
304,138277.0,0.5076934433121995,0.10934741580825377,0.5556502612494308,False
305,138284.0,0.3909782622497616,0.23594093521145157,0.6929488235173991,False
306,138346.0,0.9056063940282901,0.15101358190060377,0.6101798566287986,False
307,138837.0,0.7101818112752927,0.08525301871459418,0.5191442983289968,False
308,140095.0,-0.4479115028666858,0.11933520466047554,0.5737187286540817,False
309,140098.0,-0.7500876266789849,0.06680115903057646,0.47464385148001387,False
310,140107.0,-0.5427334933358887,0.07461328066493858,0.4916202179950721,False
311,140321.0,-0.5715162228473901,0.05717951477325405,0.45013779640416013,False
312,140637.0,0.3363359946998905,0.14741306943082688,0.6066683759808286,False
313,141270.0,-0.5183953888865065,0.11171759589113912,0.5600856422418181,False
314,141498.0,-0.7365079010320963,0.0714360118444845,0.4863085152151144,False
315,141815.0,0.5978961953760364,0.37816571109035985,0.7924383259684544,False
316,142254.0,0.47489494778181507,0.144909537273391,0.6050438287330737,False
317,142768.0,-0.03280590790671792,0.9230021841796137,0.9798512045195563,False
318,142926.0,-0.4671053144139507,0.15120993222768017,0.6101798566287986,False
319,143255.0,0.4126801573873139,0.19864208587984938,0.6636583428762178,False
320,143331.0,-0.5598143366148963,0.292888675766872,0.7361432548406616,False
321,143337.0,-0.5855536965809798,0.38851624838931653,0.7961859055298405,False
322,143450.0,0.6028599598978999,0.09660319772266045,0.5336549598728427,False
323,143591.0,0.6408902623797947,0.2780512208115358,0.7270462346020906,False
324,143697.0,0.36356959505124403,0.3111295233668976,0.7500706636249796,False
325,144058.0,-0.46565206581478236,0.10596086811357841,0.549811292243257,False
326,144298.0,0.012162819701948359,0.9530089185413045,0.9856895243522245,False
327,144518.0,-0.40952552502365247,0.20226025178095924,0.6669182094059218,False
328,145041.0,-0.7253124407540361,0.17253128749635177,0.6334101947359447,False
329,145557.0,-0.3920445270848345,0.2657267083304393,0.7164774883122258,False
330,146289.0,0.38279308273605284,0.2767749079776601,0.7260639172811554,False
331,147813.0,-0.47156768651094355,0.10003923488112798,0.5410069336116718,False
332,148479.0,0.07830884184999222,0.7601389297764423,0.9400288013901756,False
333,149237.0,0.0534511711578356,0.7932777952505966,0.9515273481552983,False
334,149935.0,-0.37652338204868185,0.18024565515168836,0.6419793146593732,False
335,150302.0,0.29660587500393676,0.03113622420442107,0.3659261734679848,False
336,150551.0,0.03869504029182858,0.8515226223304384,0.9655570944737186,False
337,151064.0,-0.4558605513499458,0.012087608238255278,0.26033926076639097,False
338,151542.0,0.3458658223852673,0.013456639310669254,0.27050336984687917,False
339,151862.0,-0.38250464590623784,0.007149786807855937,0.21498874182624983,False
340,152916.0,0.3482816203776541,0.13170517376411597,0.5885795229351498,False
341,153135.0,-0.19158637064615092,0.7195323017837436,0.9271457095224713,False
342,153259.0,1.239422661495532,0.06713884504965295,0.4747319460720438,False
343,154581.0,0.3227730009305659,0.6344736642067828,0.8959480201877014,False
344,155082.0,-0.27194528247344774,0.49245519491404205,0.8427231869152169,False
345,156679.0,-0.3712988387589383,0.4375451812242367,0.8199670654266474,False
346,156768.0,-0.49902230585836316,0.12499601396157076,0.5793474515597141,False
347,159221.0,0.0834602374865919,0.5381443013417274,0.858511186160994,False
348,160404.0,0.7607952620073525,0.1728089017449484,0.6334101947359447,False
349,160934.0,0.26404973466291004,0.34562497999924785,0.7711132009499332,False
350,162374.0,0.011063318011990932,0.9457664238848815,0.9837384564268292,False
351,163894.0,-0.18434048314276952,0.27847120411262966,0.7270462346020906,False
352,164170.0,0.10440569505243168,0.4435262058596352,0.8231282209961258,False
353,164780.0,0.40427851879334586,0.3003099921580843,0.7423969403042598,False
354,165276.0,-0.19367174309514937,0.2482919553548297,0.702567772741966,False
355,165313.0,-0.21776386235072798,0.19346345410170548,0.6595621213172151,False
356,166350.0,-0.0654741068399182,0.8293919829692022,0.9611196208228717,False
357,166639.0,0.10740351147108868,0.6242473899776365,0.8896815711292267,False
358,167540.0,0.08679191505479449,0.7924159927382131,0.9514150539393013,False
359,167630.0,-0.3521033984335936,0.3324111698076311,0.7618284082437468,False
360,167731.0,0.4365630524903404,0.2633132998468468,0.7147294743071265,False
361,167872.0,-0.17564222260670065,0.3095107709745735,0.7497303448026011,False
362,169063.0,-0.10486972614838592,0.733003558966646,0.9325461360488421,False
363,169693.0,-1.0902483416727549,0.18163668796915525,0.6441300270215469,False
364,169868.0,-0.05330464034376882,0.8611732987147337,0.9674851365804226,False
365,170627.0,-0.17410123293490126,0.258338620141714,0.7122316278740778,False
366,170798.0,0.15507848117572517,0.29544619307972664,0.7375344037079928,False
367,172109.0,0.28189724145803946,0.33691646864137936,0.7648934715606978,False
368,172164.0,0.07250458896816647,0.8430018458833095,0.9636462760176205,False
369,172227.0,0.9382397876261871,0.014003468758505876,0.27266039476576537,False
370,172246.0,0.8348051590817253,0.1160771240236121,0.5677423316288577,False
371,173550.0,0.1345820427175604,0.3495668265139136,0.7738855824304457,False
372,173604.0,-0.003448403313657561,0.9924904646535024,0.9975037404519534,False
373,173774.0,-0.09695339744957181,0.49965050904769187,0.8463587634741259,False
374,174596.0,-0.09425632619958514,0.7533947588572507,0.9369830611233667,False
375,174687.0,-0.10973157212865653,0.6990520973247785,0.918447169748302,False
376,174878.0,-0.09961977363426691,0.7259367197750876,0.9292022382127895,False
377,176237.0,-0.01271324125695611,0.9477579770326704,0.9842067196680031,False
378,176357.0,0.12413916424134272,0.37636956737925137,0.7916020062577429,False
379,176610.0,0.0011713131814235084,0.9937214330728368,0.9977385067305702,False
380,176671.0,-0.266340161252828,0.4636254024571412,0.8299525085907634,False
381,177197.0,0.2745689556254731,0.5476618456543968,0.8614159882464039,False
382,177240.0,-0.38697017512106274,0.491013342233233,0.84146355093216,False
383,178236.0,0.6256515207725463,0.1357562859933757,0.5914139815214984,False
384,178574.0,-1.1647393648803412,0.048298345442380375,0.4274797904330872,False
385,179138.0,0.7725652288631919,0.004987768760392396,0.18353298269172696,False
386,180820.0,-0.3000064632276007,0.05907444392051931,0.45382384200795267,False
387,181558.0,-0.718375237595624,0.008112303037001885,0.2269563130583904,False
388,181754.0,-0.712222262141748,0.0095233705911004,0.24216297347177232,False
389,181789.0,0.9170347211587452,0.14591803301974357,0.6054464244220905,False
390,181790.0,0.9337441790922251,0.014565327948219074,0.27644369447042777,False
391,182603.0,0.9820322251783006,0.11924549334015001,0.5737187286540817,False
392,182721.0,0.3061685956603496,0.4668796758249548,0.8318516335130318,False
393,183478.0,0.26285324601215265,0.049305459074659434,0.43042091837966207,False
394,183540.0,-0.501323730510636,0.15990270411832536,0.6204968918736582,False
395,183828.0,0.42121221136653353,0.19067028889285514,0.6542282527963084,False
396,183890.0,0.08421710353319392,0.8509735203841793,0.9654387085880295,False
397,183897.0,-0.18010883634186575,0.43575757185506836,0.8196881490807214,False
398,184033.0,0.3790460577073417,0.23349517585054788,0.6904588490122399,False
399,184078.0,0.09137272041955763,0.7992416277938866,0.9529776424019069,False
400,184958.0,0.16253773445146263,0.653972172898125,0.9031746203475521,False
401,185046.0,0.23932399631905793,0.10339658873386756,0.5468780195969359,False
402,186189.0,-0.4058943325932474,0.3964218301017648,0.8003041606352088,False
403,186980.0,0.8182681823074232,0.10739455948373654,0.5513678020130678,False
404,187357.0,0.09373624057005747,0.8336844972829806,0.9629147966038911,False
405,188142.0,0.42250278286631343,0.17878538687662296,0.6413467860362664,False
406,188413.0,-0.10302163462065075,0.5046702979961931,0.8476243361826824,False
407,189382.0,0.3053437754822562,0.022581534429098778,0.3216831446559938,False
408,189573.0,-0.1583163704867558,0.7370672765911529,0.9329803613029483,False
409,190005.0,-0.03022023889192981,0.945389802919793,0.9837384564268292,False
410,190128.0,-0.09875968183356876,0.7524670882452715,0.9365933084396769,False
411,191696.0,-0.044400766220071886,0.9198172107311938,0.9792542104379494,False
412,191705.0,-0.6186414607590803,0.36205836681794346,0.7810066163450256,False
413,192341.0,0.20235184364390435,0.13796281273097338,0.593337341151028,False
414,192664.0,0.44598080516405514,0.14856639253849152,0.6075921791816983,False
415,192679.0,-0.19765917821885448,0.14661321031623253,0.6060496565052186,False
416,193130.0,0.8593714707139609,0.12394806875797396,0.5775839563310489,False
417,193245.0,-0.17564364859894344,0.6152545127594032,0.8846983356740392,False
418,193320.0,-0.16303638289002254,0.23820950563796986,0.6934202691606766,False
419,194550.0,-0.15750699735651208,0.24524175154857789,0.6995606337432736,False
420,195134.0,0.13702105738118353,0.31681570728597036,0.752394282767073,False
421,195234.0,-0.12193818621419251,0.3760725362919636,0.7916020062577429,False
422,196566.0,-0.13631077664082475,0.3228707597682939,0.7572951809172062,False
423,196695.0,-0.1470628136132907,0.2875138622742457,0.7336391967546332,False
424,197177.0,-0.1127193651247703,0.4916882429770363,0.8419744245962658,False
425,197210.0,-0.5538837422421492,0.12744491280878054,0.5820002223556217,False
426,197343.0,0.8538592018949775,0.026587658621866746,0.3478735588863733,False
427,197500.0,0.028714353272631277,0.963777100430649,0.9881742160361477,False
428,198391.0,0.1785835025973488,0.7630139490359472,0.9408424436199448,False
429,198812.0,0.26738732688984934,0.5360787405668255,0.8577733975313814,False
430,199213.0,-0.10063009137103181,0.4676620687191891,0.8320720793225369,False
431,199710.0,0.10373840709016624,0.703105187449209,0.9202081998747486,False
432,199807.0,-0.12195781373935677,0.5710990716872777,0.8684576349724981,False
433,200009.0,0.005698748071619891,0.9658485264447354,0.9889800847870626,False
434,200055.0,0.4260869714318713,0.2814184507276906,0.7308127470452348,False
435,200184.0,0.10824547541137629,0.6468366644023475,0.9005273813117203,False
436,200436.0,0.3652656339287909,0.26826192155761347,0.7178463268124581,False
437,202057.0,-0.3272206483635136,0.5356998562764507,0.8576728524898041,False
438,202389.0,0.0009549853727263968,0.9947481558496658,0.9978514955244303,False
439,202434.0,-0.09667392412187524,0.48679853035269405,0.8400950790108894,False
440,202591.0,-0.05864813496812955,0.7472867665854547,0.9360625908745066,False
441,202879.0,0.1137069586248412,0.7475748326421534,0.9360625908745066,False
442,203404.0,-0.2932614621408562,0.49290184373327606,0.8427231869152169,False
443,203421.0,0.02202268703957816,0.9400985740925861,0.982390576923577,False
444,203499.0,0.22746768373101264,0.36851261125613266,0.7846615133749156,False
445,203757.0,-0.08798024119631273,0.534057312674427,0.8576105784226076,False
446,203857.0,-0.09095700892690567,0.5166540476372624,0.8523183003093502,False
447,203936.0,0.5143573991347593,0.38432944588974083,0.7951698993789893,False
448,204440.0,-0.34389008776045377,0.4017985363678044,0.8033978376547353,False
449,204642.0,0.0306265472615371,0.9176747757066469,0.9788129094519167,False
450,205080.0,0.2626447137986986,0.5917924368195305,0.8751488560965182,False
451,205137.0,-0.02831883468089788,0.9219546942586188,0.9798138051867346,False
452,205551.0,-0.10324443611118386,0.861273969995996,0.9674851365804226,False
453,205739.0,-0.12357463059023392,0.5402872994215878,0.8588858678675815,False
454,205816.0,-0.011114081977857515,0.9628093486799459,0.9881227392065018,False
455,205822.0,0.1597186369069178,0.43060236225802767,0.816594801242294,False
456,206224.0,0.06058669934860895,0.6647394774619294,0.9073242860276302,False
457,206358.0,0.2623399147426565,0.30020620691142413,0.7423094250623027,False
458,206850.0,0.017430994428959012,0.9514304233209202,0.9851003506226448,False
459,207032.0,-0.013681192902153999,0.9618965018572688,0.9881227392065018,False
460,207274.0,0.08328813507749264,0.5532497010644483,0.8626149820532297,False
461,207655.0,0.37174822489226134,0.20014054051453664,0.6658061805961677,False
462,207877.0,-0.44530647807012863,0.35276263316634154,0.7744666447555212,False
463,208583.0,0.4407345358091971,0.2925471032576518,0.7361146976962936,False
464,208950.0,-0.35326803436686693,0.5752601424770709,0.8692161534783692,False
465,209012.0,-1.110019994726649,0.1728967671121699,0.6334101947359447,False
466,209491.0,0.07035956609213045,0.9108628235368015,0.9779325904982779,False
467,209852.0,-0.2942534024688945,0.3665673279457114,0.7831309476187162,False
468,209892.0,-0.2966189610037083,0.48809518728265383,0.841153810601986,False
469,209939.0,0.8261802369387703,0.04875744886976,0.4287178363246204,False
470,210384.0,-0.12539070515144787,0.3765123130639085,0.7916020062577429,False
471,210668.0,-0.22110278927802518,0.11205884113597107,0.5602194545495612,False
472,210717.0,0.47828044197898617,0.25313041733641,0.7084776483854288,False
473,211321.0,0.47440032521469744,0.2568961940500263,0.7122316278740778,False
474,212316.0,0.4453785326909945,0.2870873983334145,0.7336391967546332,False
475,212543.0,-0.06496414030891479,0.7394485991337372,0.9335765787936011,False
476,212817.0,-0.17291085309753992,0.31026779214914174,0.7497303448026011,False
477,213082.0,-0.6247294267806225,0.08045327586414017,0.505393697630348,False
478,213677.0,0.1530851742718765,0.2923766714643353,0.7361146976962936,False
479,214144.0,-0.19942061677399603,0.17082375892688492,0.6330920240190213,False
480,215506.0,0.6780835354416265,0.2821641294845832,0.730864298149255,False
481,216034.0,0.04502118037486676,0.7710026045285846,0.9427899639382522,False
482,216293.0,-0.1744619664589946,0.7688986042354765,0.9423153771200278,False
483,216336.0,0.04547009378867285,0.8643161367579368,0.9675879210193268,False
484,216360.0,0.06836996693920988,0.8533889961120406,0.9657054455551027,False
485,216793.0,-0.00381501279042111,0.9869253644605459,0.9951689458365942,False
486,217344.0,-0.4525595372955803,0.2681475613191071,0.7178463268124581,False
487,217345.0,0.4555730379008369,0.240209286437057,0.6955905177539525,False
488,217460.0,-0.4553940718674555,0.25383474470405,0.7090940443337742,False
489,217604.0,-0.2758314281624347,0.5093394390800032,0.8492966548932642,False
490,218662.0,0.06578280431340877,0.8854386751891716,0.9715554662941385,False
491,218880.0,0.030315077325462014,0.8367110955792071,0.9634460491893265,False
492,218956.0,0.13930946105512987,0.7121715551853607,0.9239419423374077,False
493,218979.0,-0.1959315537611766,0.1643421410165874,0.6250535814420386,False
494,219177.0,-0.5865450317658036,0.10616586437296893,0.5498684456426094,False
495,219492.0,0.05027512636215018,0.7408703221603078,0.9341558075328309,False
496,219625.0,0.02995475298028515,0.8376354404462943,0.9634460491893265,False
497,220096.0,0.9783938062066553,0.12050714039830111,0.5737187286540817,False
498,221572.0,-0.4218676321829266,0.22943421084714954,0.6875571457431142,False
499,221673.0,0.9549101842809656,0.017760437883454737,0.3032647161042293,False
500,222287.0,0.13252328492162269,0.3856822503400587,0.7955896115495888,False
501,222455.0,-0.05213761892163301,0.7358172858749189,0.9328836182368547,False
502,222624.0,0.2501906770868219,0.23267508473370765,0.6904588490122399,False
503,223074.0,0.10789602057146083,0.47922009403499277,0.836275241861246,False
504,223129.0,-0.151700842510038,0.2895947924505367,0.7344091722455246,False
505,223288.0,-0.17809482638142962,0.20718260687827603,0.6699336305223969,False
506,223498.0,0.17362446517628816,0.22120106402792725,0.6780958909977832,False
507,223887.0,0.1799337903972522,0.20601782571825017,0.6697153128306306,False
508,224021.0,-1.1184309597826607,0.17005608860464053,0.6327386388128744,False
509,224065.0,0.20490942113848326,0.1497401415290364,0.6083247873752656,False
510,224556.0,0.10755787060587671,0.4928780007686349,0.8427231869152169,False
511,224835.0,0.8567259133155007,0.17436521827038065,0.6351457866862356,False
512,225522.0,0.3771343183894521,0.5239136207161073,0.8544906969178123,False
513,225572.0,-0.15808137200662276,0.2861278630424292,0.7328862305245007,False
514,225664.0,0.026313713316150164,0.8591360695784798,0.9672718489584977,False
515,226368.0,0.08173262588514578,0.5812524223649987,0.8714446049177784,False
516,226887.0,-0.03629940831602894,0.814153035974199,0.9565904052215235,False
517,227065.0,0.07071494205084203,0.6310619561273594,0.8940636673544143,False
518,227265.0,0.339724053405178,0.29447566535696373,0.7365362586758677,False
519,227621.0,0.40465465723381866,0.22705977775355193,0.6863868669512747,False
520,228687.0,0.325624560217024,0.3151024173624755,0.752394282767073,False
521,228722.0,-0.1402852365699921,0.34586082775710436,0.7713750846806836,False
522,228780.0,0.3096629721670245,0.34342291682168263,0.7698999921725248,False
523,229753.0,0.5495904317897868,0.10466612729347122,0.5483353338661342,False
524,229971.0,-0.31818666986846156,0.32628944018655287,0.759576575611863,False
525,230252.0,-0.376150351392093,0.26192138578262464,0.7129506011661813,False
526,230904.0,0.7233444455297919,0.14080463201220547,0.598882652248089,False
527,231179.0,-0.08143288549007216,0.9045213999024687,0.9765741420034114,False
528,231265.0,0.7152456767564555,0.12401034835801827,0.5775839563310489,False
529,231349.0,0.004236209082971905,0.9834704131611567,0.9943981178966002,False
530,232408.0,0.07226278843144164,0.8382327609510524,0.9634460491893265,False
531,233241.0,0.09248295522583115,0.7979243714931941,0.9522501660306659,False
532,233907.0,-0.023790108866232507,0.9464368097294418,0.9838187922691429,False
533,234126.0,-0.17241681861778693,0.2424038013596318,0.6972160211337581,False
534,234457.0,-0.21068364915003018,0.7069894884100407,0.9220480669292973,False
535,234638.0,-0.36214489946552736,0.3600783100537838,0.7802768613894512,False
536,236952.0,-0.11334332733762176,0.8242538794771032,0.9599051455556222,False
537,239189.0,-0.1818179530456403,0.49044987359926107,0.8411834771936298,False
538,239211.0,0.15110171567393504,0.2985135843480627,0.7408985377444535,False
539,239262.0,0.132956082873644,0.355651105242222,0.7761545531572818,False
540,239320.0,0.140618711188392,0.33114993143389,0.7615746834141686,False
541,239395.0,0.46130444644670315,0.18904550853068994,0.6529095534967965,False
542,240593.0,0.2129620337004954,0.42451711307817275,0.8133064069190015,False
543,241065.0,0.21472622208515982,0.2743859738038941,0.7239642852610805,False
544,241151.0,0.3886280086545208,0.06888100198709839,0.48059999964584454,False
545,241699.0,-0.02988809525628853,0.8402877419001157,0.9634460491893265,False
546,241747.0,-0.06331896379686439,0.8537455174298817,0.9657054455551027,False
547,243084.0,-0.07506756014817413,0.5802806553119352,0.8714113392373765,False
548,243446.0,-1.1644744507202236,0.022056591125906307,0.3186878841157398,False
549,243611.0,-0.07348642974165044,0.5857974134595579,0.8728332922247775,False
550,243774.0,0.30779264202203194,0.12182605614604412,0.5744664810883184,False
551,243926.0,-0.30108887984956867,0.5503642391179653,0.861556437479399,False
552,243999.0,-0.0358890429139818,0.8005566247474026,0.9537937249403728,False
553,244933.0,-0.07724976229255984,0.5676762749731689,0.8683322848721013,False
554,246267.0,-0.253502263898284,0.619874532533426,0.8869942065186315,False
555,246380.0,0.10463739173179347,0.43387328195064073,0.8187925027076157,False
556,246408.0,0.23487328032349702,0.38981326586202075,0.7974827579363871,False
557,246489.0,-0.0439287166130245,0.7529169355062919,0.9368886057042813,False
558,247046.0,0.7196094295876876,0.06561977884725553,0.4710996689067188,False
559,247176.0,0.054739170634563926,0.8025787451736848,0.9542387816644899,False
560,247250.0,-0.857747650300509,0.1461996957121621,0.6054464244220905,False
561,248177.0,0.054586303478482257,0.9246978307761385,0.9802191960759526,False
562,248234.0,-0.24129399771872845,0.3869702072735579,0.7959829187679452,False
563,248577.0,-0.05193672669429225,0.8133046596759619,0.9562991422300517,False
564,248777.0,0.2659232809049861,0.3338717794429251,0.7628355068060423,False
565,249087.0,-0.12233761829348819,0.37014594498026754,0.7858158455702494,False
566,249445.0,-0.811979069994013,0.16897908215190385,0.6313492989082106,False
567,249575.0,-0.24833172190964647,0.3627533474320995,0.7811564059655686,False
568,249954.0,0.22492852842664873,0.1237317921822851,0.5775711552565178,False
569,250333.0,-0.20953711026169194,0.6544776837704417,0.9035841290349423,False
570,250766.0,-0.2413523069743411,0.37647915612044186,0.7916020062577429,False
571,251319.0,-0.16360831439646756,0.5531331197897146,0.8626020990505915,False
572,251390.0,-0.14173229127351486,0.4793331193725699,0.836275241861246,False
573,251891.0,0.24107749467803247,0.3766399699609625,0.7917170553691417,False
574,252577.0,0.3763717759439903,0.12014307675008055,0.5737187286540817,False
575,252707.0,-0.2738552067109435,0.4713271651107226,0.8335061780771449,False
576,253006.0,0.04121538363204175,0.9281894411920306,0.980469186391243,False
577,255195.0,-0.2608286684017399,0.4121462360711694,0.8072712206149497,False
578,256161.0,0.9649223417400186,0.12571927287172738,0.5802222393803574,False
579,256188.0,-0.11695504775970993,0.5722467691960175,0.8684576349724981,False
580,256910.0,0.10903422186792011,0.46861131693232533,0.832703257477337,False
581,256985.0,-0.04159254613887315,0.7507968148429015,0.9361502925383169,False
582,257102.0,-0.024416142124069402,0.9104871847443454,0.9779325904982779,False
583,257182.0,0.12061882505179122,0.59032666630478,0.8748739533790227,False
584,257862.0,-0.2244825789989225,0.4809897129522714,0.8368579726858302,False
585,257943.0,-0.37071105550158046,0.31647127756454124,0.752394282767073,False
586,259403.0,0.338595516926942,0.5447197196825324,0.8604720268018781,False
587,260588.0,-1.254150068626359,0.018049139899508012,0.30355434210359833,False
588,260732.0,-0.23870540723766898,0.6403721377001572,0.8982090134042133,False
589,261024.0,-1.099863055536607,0.05950557213343611,0.4539188713640068,False
590,261350.0,0.4985779690270221,0.19417780694701178,0.6599999637420225,False
591,262071.0,0.5855809658081681,0.15719501048691975,0.6191061302212408,False
592,262290.0,-0.2489030643834348,0.6261296249933286,0.8907781231064983,False
593,262914.0,-0.40716666528355644,0.2043887888330718,0.6688655682526893,False
594,263149.0,0.4663405348017835,0.25027513533244006,0.7061380150136312,False
595,265229.0,-0.22116428457111958,0.45950682774124796,0.8293861403966956,False
596,265696.0,-0.06908828041886025,0.7036442383445196,0.9204696582752278,False
597,265735.0,0.023324949778679667,0.8622248927940127,0.9674851365804226,False
598,266136.0,0.29618920848504293,0.18032196502961112,0.6419793146593732,False
599,266337.0,0.8546805339006158,0.08041947685001445,0.505393697630348,False
600,266764.0,0.6853622679774825,0.24741992231454946,0.7016048215058606,False
601,266850.0,0.0014229003503453373,0.9916141577378106,0.9974218176556843,False
602,267060.0,0.31787598287006347,0.4008058529861356,0.8028690780890388,False
603,268151.0,-0.03889476569067381,0.8637213779763864,0.9675879210193268,False
604,268268.0,-0.24798189506222912,0.4961053816289841,0.845271373031333,False
605,268548.0,-0.1382562255702217,0.5275672472393044,0.8548586987933043,False
606,268620.0,-0.31352967660530257,0.06750819629635908,0.4753783158598559,False
607,268826.0,-0.33201382884767305,0.12621442282069203,0.5803854050872019,False
608,269253.0,-0.6085335438981545,0.2329062436521914,0.6904588490122399,False
609,269272.0,0.32960210988907473,0.5554231319154802,0.8630424783768135,False
610,269422.0,-1.9133393316659422,0.0005691361029770713,0.07286658158521987,False
611,269555.0,0.15823323484894908,0.7569760817265341,0.93843939780054,False
612,270724.0,0.287979755866699,0.19704833148282566,0.6617395851783792,False
613,270859.0,-0.5836478846246822,0.25228435878207267,0.7084776483854288,False
614,270991.0,0.41780858039483426,0.47976992887258596,0.836275241861246,False
615,271232.0,0.11451279079022378,0.838174203997854,0.9634460491893265,False
616,271909.0,-0.7386513098423997,0.27518509407459657,0.7246807850994046,False
617,272386.0,-1.0977544381216326,0.17777095367880774,0.6405890806524547,False
618,273794.0,0.5167499354414954,0.05568686423924338,0.4459195218434067,False
619,274737.0,-0.8993283532356375,0.1463196271550455,0.6054464244220905,False
620,274772.0,-0.25105315861423333,0.591755055455498,0.8751488560965182,False
621,274860.0,-0.20100109625030566,0.5019299191622366,0.8465933751828044,False
622,275863.0,-0.5288763721386013,0.2767061843463729,0.7260639172811554,False
623,276794.0,-0.24207721487651326,0.25367189383609995,0.7090940443337742,False
624,277115.0,-0.37354483943156414,0.3378448098603271,0.766317873147805,False
625,277302.0,-0.6343303747866633,0.23368769753908483,0.6904588490122399,False
626,278352.0,0.36356290739594455,0.09392156694726644,0.5296200567338063,False
627,278767.0,-0.09884815661020535,0.8418083963447605,0.9634460491893265,False
628,279307.0,-0.4498436554852082,0.32543162698977607,0.7585945287749929,False
629,279638.0,0.018587189030822293,0.9697004586063809,0.9901324878348475,False
630,280239.0,-0.02613010422806017,0.9647686958206545,0.9886306233487402,False
631,280336.0,1.0520395641034965,0.0385513003019629,0.39413370253600943,False
632,280494.0,0.3373649869560194,0.16416522082356352,0.6250485696386469,False
633,281976.0,0.45426441231358194,0.09607747403931043,0.5330916926681488,False
634,282526.0,0.10445124673921885,0.8385300811046699,0.9634460491893265,False
635,283609.0,0.032587678998414055,0.9350789820134267,0.9809879530062575,False
636,284870.0,0.28892944458725317,0.22826263105148764,0.6863868669512747,False
637,286594.0,-0.17352835559280827,0.220338137719397,0.6770911517578009,False
638,287429.0,0.30719643957394865,0.23802828381489397,0.6934202691606766,False
639,287719.0,-0.20328892340628948,0.2675596052910006,0.7178463268124581,False
640,287921.0,-0.10092085730505808,0.8644246812693609,0.9675879210193268,False
641,288468.0,-0.13625127588544855,0.3462030193672225,0.7714166572074814,False
642,288861.0,0.8563668032147741,0.12163408558117701,0.5742526781269515,False
643,289999.0,-0.16871901807532824,0.24355319145478677,0.6976354542208155,False
644,290311.0,0.412674708651403,0.29761607461117656,0.739950180921741,False
645,290335.0,0.014191074556865704,0.9490020559297565,0.984720936509441,False
646,291020.0,0.08128562986080924,0.5857891450924044,0.8728332922247775,False
647,291263.0,0.03733398191031806,0.868676905166469,0.9687799365357085,False
648,291450.0,0.11966026174120191,0.8229745481174018,0.9599051455556222,False
649,292712.0,0.23869590538732335,0.29239796492003467,0.7361146976962936,False
650,293469.0,0.8775229244567341,0.11248275880740613,0.5606850540633384,False
651,293613.0,-1.1763379493813355,0.01999893603382287,0.31006814852992776,False
652,293763.0,-0.05337266080362271,0.9370536525759366,0.9815380451459941,False
653,294344.0,0.03208028123800559,0.8168833668713554,0.9569953569703018,False
654,294386.0,0.7572811112926109,0.11659108720747344,0.5690630627864767,False
655,294434.0,-0.24306575709516504,0.47702964214705246,0.835995603084639,False
656,294834.0,0.6224329367058244,0.1738509961754566,0.6351457866862356,False
657,294883.0,0.608441574654391,0.2763470446047119,0.7259088781978396,False
658,296150.0,0.47287095099256765,0.355183342870555,0.7761545531572818,False
659,296698.0,0.08763735473700252,0.6700305993627408,0.9078238198617231,False
660,298157.0,0.8731856042095765,0.11440410628399181,0.5652287050212484,False
661,299344.0,-0.04836464961993118,0.7925153472788008,0.9514150539393013,False
662,299447.0,0.06422187578103658,0.9026322542371543,0.9756121796021419,False
663,299628.0,-0.7498617928039129,0.0475715457508795,0.42531188065469744,False
664,299872.0,0.7998267604385325,0.20420009091108024,0.6688655682526893,False
665,299998.0,-0.0069824326099524325,0.975792285693929,0.991522958011548,False
666,300291.0,0.09490964062052143,0.8520956098043424,0.9657054455551027,False
667,301800.0,-0.9135422999094194,0.06017141579994137,0.4554816725999746,False
668,301871.0,-0.6785638562123724,0.057416396361253313,0.45013779640416013,False
669,301984.0,0.22072355839561014,0.7101083329165434,0.923403145108083,False
670,302226.0,-0.5819524917628286,0.15997825234613114,0.6204968918736582,False
671,302336.0,-0.11054786078665246,0.809779284225624,0.9562991422300517,False
672,302874.0,-0.9716135416920091,0.0548767268647351,0.4438587342165712,False
673,303218.0,0.9054247329045915,0.0876986383447626,0.5199287688748503,False
674,303315.0,0.11951348873673742,0.6615477776655394,0.9068263660380445,False
675,303659.0,-0.7285559185840601,0.21712335494228843,0.6770911517578009,False
676,303708.0,0.40127390263480844,0.1802070502736591,0.6419793146593732,False
677,304517.0,0.8962284834412986,0.09098330061327134,0.5251168311226758,False
678,305194.0,0.8704748436434735,0.11842212368510094,0.5727133212603978,False
679,306606.0,0.09196510913717773,0.8013921194915137,0.9537937249403728,False
680,306705.0,0.19405405528160913,0.7161755046402414,0.9253761579418902,False
681,307292.0,-0.031005323266344004,0.8946502160141945,0.9731317579651948,False
682,307694.0,0.19630544961482926,0.349210663286721,0.7738855824304457,False
683,307819.0,0.23419257427387047,0.6603863076420586,0.9065781616953251,False
684,308395.0,0.1944955328411755,0.7744440176590075,0.9444037383804683,False
685,308598.0,0.15000018467844556,0.47897660869196207,0.836275241861246,False
686,309651.0,-0.08400613150123898,0.8055958916678103,0.9551811963394444,False
687,309652.0,1.0556848139084543,0.04745929276007096,0.42505826972819327,False
688,310513.0,0.8954305245854632,0.09141493652180491,0.5255874660721358,False
689,310747.0,0.5927326592221862,0.2265469719579026,0.685608792974602,False
690,310832.0,-0.5802288921615327,0.07628150234920374,0.4941763462752338,False
691,311346.0,-0.29464803716432025,0.11196553142927179,0.5600856422418181,False
692,311498.0,0.3071734654663609,0.09363925992173776,0.5290245029782557,False
693,311703.0,0.03896700490439474,0.8363634828724144,0.9634460491893265,False
694,312287.0,-0.34033406092384816,0.06547921549816939,0.47092776988613577,False
695,312445.0,0.16972868217443582,0.4427775537400643,0.8224643522148616,False
696,312834.0,-0.8191190086251586,0.0924064829101824,0.528372779802789,False
697,313159.0,0.1754658275906421,0.7960677632284359,0.9517271275695582,False
698,313477.0,-0.01944968453959449,0.933885698147241,0.9808384810332593,False
699,314673.0,-1.151688999302747,0.009042013933600757,0.23692229602539724,False
700,315332.0,-0.2323959006511579,0.38823879396856065,0.7961859055298405,False
701,315600.0,-1.0342832656338623,0.0029024292051130426,0.1502138890437682,False
702,316385.0,-0.06886394583940708,0.6242186544028608,0.8896815711292267,False
703,316974.0,0.17534876675384314,0.429298251524812,0.8152611127190053,False
704,317630.0,0.019501927082953285,0.9753736627563823,0.9914577565214744,False
705,317850.0,-0.2023109232483371,0.2590688697862482,0.7122316278740778,False
706,318058.0,-1.041165486324927,0.002826471375954799,0.1502138890437682,False
707,318170.0,0.8589339699356722,0.2007922345136602,0.666620536053159,False
708,318339.0,0.32139579393326867,0.08553428837630996,0.5191442983289968,False
709,318615.0,-0.012833772271426097,0.9606181500785256,0.9875471180132963,False
710,320877.0,0.12453187891081882,0.6676827192840669,0.9075502025830886,False
711,323928.0,0.5476495778755179,0.30373738148323465,0.746788057984261,False
712,325121.0,-0.26075746769048236,0.07218344831710503,0.48825653084730625,False
713,325428.0,0.569412069719748,0.2848933218402039,0.7320014925858195,False
714,325661.0,0.33293646157912893,0.04282984375689858,0.4123907039308468,False
715,326263.0,-0.15935359382514025,0.7411194381701395,0.934349101085469,False
716,326705.0,-0.30271735092072094,0.2800154599033222,0.7286122017449345,False
717,326755.0,-0.039280902436746534,0.9439731793989986,0.9831921763937949,False
718,326949.0,0.24054790694827174,0.651482249804459,0.9017600116676404,False
719,327654.0,-0.9315766331068769,0.03495868434533799,0.37993156735967887,False
720,328908.0,-0.19314387782256204,0.1599656251213496,0.6204968918736582,False
721,328997.0,0.17688086876483033,0.19763625752596226,0.6617395851783792,False
722,329822.0,0.9643931405520125,0.15453653061669317,0.6142416843076545,False
723,330863.0,0.2795697435919998,0.4486588310686758,0.8252187498370773,False
724,331335.0,0.136533665639279,0.7979426540962632,0.9522501660306659,False
725,331796.0,-0.11438726862131544,0.577808431967309,0.8700389137196753,False
726,331959.0,-0.14978302151168071,0.5305839352631658,0.8571023065580383,False
727,332205.0,-0.4083903276165529,0.2902935561884454,0.7345252294539043,False
728,332672.0,0.2066648756828796,0.46195701363873143,0.8299525085907634,False
729,333374.0,0.06583914565677573,0.7533821785630327,0.9369830611233667,False
730,333528.0,0.0009568082206889844,0.9964883852239406,0.9981435288000253,False
731,333662.0,-0.026200971768613968,0.9105174039058282,0.9779325904982779,False
732,333878.0,0.14163247271566404,0.5949003633156148,0.8757304943602114,False
733,334225.0,-0.14267207338417748,0.40874161578912227,0.8061085820118323,False
734,334255.0,0.4149887817254687,0.2997594726543689,0.7418807742050102,False
735,335552.0,0.020879019724985813,0.9182581659408718,0.9788600578764685,False
736,335683.0,0.07402978189568143,0.8347716571155586,0.9633043204153875,False
737,335716.0,0.33278853933007524,0.551589408016225,0.8623130341197923,False
738,336112.0,0.12194605972398816,0.5827430989132644,0.871665473157432,False
739,336454.0,0.2208350906438248,0.6352173192579914,0.8961347598634278,False
740,336728.0,0.18289012768195106,0.41899461848713115,0.8106357724948257,False
741,336775.0,0.013171702707999155,0.9482704261443524,0.9842680699748466,False
742,336888.0,0.17137885221790666,0.4460279569406232,0.8232367525618602,False
743,337312.0,0.9081404123240562,0.08675920362410455,0.5194262955034968,False
744,337437.0,-0.8220380756078594,0.03081551498091844,0.3647674207633835,False
745,337713.0,-0.0002785439189158384,0.999077737929356,0.9994460275756298,False
746,337778.0,-0.37407012019131713,0.2067092917214491,0.6697153128306306,False
747,337842.0,0.11537309555738198,0.6754982339278959,0.909321074121257,False
748,338179.0,0.17679658603579215,0.711994982647036,0.9239164152407624,False
749,339269.0,-0.7334940918634294,0.06922243021017947,0.4816723095247951,False
750,339759.0,0.18876210440333308,0.17932589898985266,0.6417525382090467,False
751,340704.0,0.263045929808864,0.4429203148815821,0.8225043321384427,False
752,341192.0,0.14883782086716932,0.2933605315518114,0.7364543408868901,False
753,341198.0,-0.2071364150651141,0.3276770170960502,0.759576575611863,False
754,341416.0,0.2817810158224585,0.4765655695502093,0.835995603084639,False
755,342155.0,0.04180308017672226,0.9509634604595338,0.985092740451518,False
756,342424.0,0.025208972263895534,0.8764812358542884,0.9712335458552777,False
757,342680.0,-0.7273096026143671,0.05133313699208621,0.436693732013398,False
758,342818.0,0.4019288464183663,0.5543375500457082,0.8630424783768135,False
759,343690.0,-0.8461990743922607,0.017361738256432665,0.3020219050858599,False
760,344311.0,-0.3724210830091144,0.43163223915015936,0.817265787897664,False
761,345183.0,0.46758463872028794,0.4591795057028593,0.8292336776674026,False
762,345400.0,0.34596269584536415,0.5175284673893135,0.8523183003093502,False
763,345448.0,0.4552758341400942,0.12537129168382297,0.5793726021937466,False
764,345834.0,-0.09673333147901117,0.8055403118107417,0.9551811963394444,False
765,346683.0,0.4407884218744315,0.3886115812103908,0.7961859055298405,False
766,346794.0,-0.09071046732982954,0.8652182435888109,0.9675879210193268,False
767,347035.0,-0.12097839987058082,0.8377336189893683,0.9634460491893265,False
768,347044.0,-0.9049221383924968,0.011015157646248188,0.25231921425166937,False
769,347620.0,-0.09183375466498991,0.6445286630550553,0.8987654097409585,False
770,347967.0,0.06106116548697249,0.7674568380540208,0.9416926853113828,False
771,348003.0,-0.023418117279569037,0.8715441931338053,0.9696860789493773,False
772,348541.0,0.09764468605418247,0.7132918338254483,0.924435215858767,False
773,348809.0,0.5657155277060271,0.33999903576023066,0.7674819099508989,False
774,349060.0,0.6666830806587963,0.29090429813214974,0.7348769272107251,False
775,349193.0,0.04499682479151267,0.947238018121959,0.9838550078187603,False
776,349201.0,0.03635281726245612,0.8598880627996449,0.9673232388078283,False
777,350139.0,-0.7873301453745755,0.09371848173442521,0.5290245029782557,False
778,350959.0,0.3262384451417675,0.5221494594619336,0.8538614616540056,False
779,352040.0,0.10402327409213907,0.68467006039462,0.9123427770046797,False
780,352813.0,0.33575867160199685,0.548184850801043,0.8615240416165226,False
781,353115.0,0.23935861457968122,0.2845345144956969,0.7320014925858195,False
782,353521.0,-0.04040395513877315,0.9103357980869184,0.9779325904982779,False
783,353934.0,-0.16203820405688518,0.4330338755845665,0.8176348442286431,False
784,356595.0,0.12086433774538577,0.6976503571437288,0.9180098543153365,False
785,356639.0,0.20134405305934927,0.37447420259982606,0.7898209452568041,False
786,357173.0,0.030231653800493398,0.9158826490871934,0.9784377675269643,False
787,357371.0,1.2078735905508369,0.0746171750613199,0.4916202179950721,False
788,358042.0,0.5390126851630334,0.29004628111659814,0.7345252294539043,False
789,358551.0,-0.1085460032688107,0.7936578708599631,0.9515273481552983,False
790,359474.0,-0.19326791781898056,0.6800774782708076,0.9103868587663131,False
791,359554.0,-0.9855883701937804,0.025763133583728923,0.3431396503697883,False
792,359762.0,0.09529854724951356,0.7782412731184154,0.9461091969649904,False
793,359988.0,0.10902765472618324,0.5183078640144492,0.852337351958,False
794,360022.0,-0.07706577850152085,0.8841713378907279,0.9715554662941385,False
795,360147.0,-0.08426287678426234,0.7291311782819465,0.9303258535156202,False
796,360471.0,0.3543128848622427,0.021711766308444496,0.31762968096787736,False
797,360652.0,0.1329197795330781,0.844742178207456,0.9639619628816607,False
798,360945.0,-0.4296684741865861,0.04304255952520898,0.4131096230293046,False
799,361217.0,0.02824975439012284,0.9281860767019019,0.980469186391243,False
800,361390.0,0.40949961393516354,0.008021834353104308,0.22660893154732395,False
801,361748.0,-0.4364141818235784,0.1832617026717065,0.6448726415320155,False
802,362239.0,0.4714028229412815,0.4552671704945523,0.8276424766329803,False
803,362323.0,0.012976229341762346,0.9805721814096934,0.9933841371163996,False
804,362997.0,-0.15284493234918498,0.7935253284024354,0.9515273481552983,False
805,363093.0,-0.44316084458634275,0.31497670488919843,0.752394282767073,False
806,363102.0,0.6068575873354528,0.3055850809604695,0.7478936306921516,False
807,363311.0,-0.7238252615533955,0.28498789409110425,0.7320077722766586,False
808,364436.0,-0.15696128864221354,0.5525853184477874,0.8623155770302895,False
809,364712.0,-0.6494619577858005,0.13722395632156303,0.592272781658277,False
810,365331.0,-0.09158020348853824,0.794706561998798,0.9515860798983538,False
811,365366.0,-0.22870028123001207,0.30783808686019926,0.7489210296021528,False
812,366332.0,0.22312396711117038,0.3199576945650332,0.7556877229119747,False
813,366637.0,-0.3847194539064741,0.38214647430161136,0.793872464971652,False
814,366745.0,-0.3924833431096348,0.3138069132598009,0.752394282767073,False
815,367084.0,-0.18901574315330805,0.4028079357663003,0.8041966912947733,False
816,368425.0,-0.02989161713015695,0.8928966375655882,0.9721809814662338,False
817,369295.0,-0.031666357841368745,0.863893607513324,0.9675879210193268,False
818,369553.0,-0.11977835264738912,0.8308300644110569,0.9616152993832738,False
819,370611.0,-0.16148374258822218,0.2296055746694791,0.6875571457431142,False
820,370637.0,0.03272037213300437,0.8822763576246555,0.9715554662941385,False
821,370647.0,-0.3355995269802718,0.04948703552382524,0.43042091837966207,False
822,370824.0,-0.5097629476832756,0.4548599816586694,0.827107336072722,False
823,371234.0,0.5133288778219346,0.007666147496739404,0.22252376842596958,False
824,371282.0,-0.15120850249950957,0.6736418002044925,0.908892960550674,False
825,371425.0,-0.09155425050218628,0.6798311493874896,0.9103868587663131,False
826,371533.0,-0.16192134220972443,0.7815572624996316,0.9478100548560575,False
827,371763.0,-0.2120981132843174,0.148665576039299,0.6075921791816983,False
828,372706.0,0.014438697790332078,0.9480174535555198,0.9842355581171052,False
829,372759.0,0.2777138215096719,0.4954219723207413,0.8451794377983955,False
830,372764.0,0.2086554019535267,0.15618104720588843,0.617612119278659,False
831,373021.0,-0.45093593126828496,0.05817263625113398,0.451045690361471,False
832,373526.0,0.06089568789928035,0.9285459894404037,0.980469186391243,False
833,373578.0,0.06432483563626268,0.7721237152993833,0.9432143742487964,False
834,373702.0,-0.222558145988688,0.1313431300892027,0.5884135189011177,False
835,373943.0,-0.10288380315115825,0.8698300671741728,0.9687799365357085,False
836,374214.0,0.09188758535558808,0.7479394309054772,0.9360625908745066,False
837,374246.0,-0.1941733069042753,0.1831613021497936,0.6448726415320155,False
838,374422.0,0.2915062277095068,0.3652858916351756,0.7830016800268593,False
839,374613.0,-0.08757282496560242,0.8889570553644915,0.9715554662941385,False
840,374775.0,-0.13886949846931188,0.3061650489395579,0.7481710645115033,False
841,374829.0,-0.2234773856583745,0.12542843069141452,0.5793726021937466,False
842,375047.0,-0.07313422360543506,0.8900653359483816,0.9715554662941385,False
843,375118.0,0.11770047127017855,0.46102552818619263,0.8299525085907634,False
844,376123.0,-0.8575524388716662,0.018499686192466773,0.3047254834889633,False
845,376610.0,0.19112436237862895,0.6948263031376397,0.9172129010340102,False
846,376736.0,-0.04463184391791523,0.8382540531978199,0.9634460491893265,False
847,376765.0,-0.08942697770040076,0.6936813880250401,0.9172129010340102,False
848,378717.0,-0.359467100277245,0.3815483168293438,0.793872464971652,False
849,379030.0,-0.6034413166053093,0.25817628531140047,0.7122316278740778,False
850,379347.0,0.7338439583786311,0.07671577723113558,0.4950949832603904,False
851,380201.0,-0.04302852616113656,0.8493493247587737,0.9651890482210258,False
852,383656.0,-0.214318074433065,0.5204680019753386,0.853039432499215,False
853,384068.0,-0.2991471128173021,0.05299481293422315,0.44224970868301966,False
854,384230.0,0.06998999682000306,0.9060449649900107,0.9765741420034114,False
855,384684.0,0.3219220661765164,0.5858098355847214,0.8728332922247775,False
856,385389.0,0.03488762126804644,0.8817012541241517,0.9715554662941385,False
857,385757.0,-0.0942722225137218,0.6871050074127046,0.9137071471340095,False
858,385834.0,0.03929155837646635,0.8661413514354015,0.9675879210193268,False
859,385863.0,0.5392767455039351,0.33672631525900426,0.7648934715606978,False
860,386332.0,-0.1594568918821712,0.7877807030287104,0.9498033211865775,False
861,386814.0,0.08858277607250051,0.6839090707817269,0.9119708047766516,False
862,387270.0,-0.9425755632403873,0.16339856385502424,0.6247592147397986,False
863,387916.0,0.15056388121679948,0.7594526515091465,0.939792354324189,False
864,388415.0,0.020116873254753087,0.9598568255504392,0.9873020343655967,False
865,389376.0,0.24970836362742427,0.16725856204911987,0.628885241095669,False
866,389529.0,-0.39238667595122334,0.48310247240315957,0.8375570922781171,False
867,390606.0,-0.11918101143220594,0.5378263494210908,0.858511186160994,False
868,390670.0,0.2503870381029841,0.16663723646870637,0.6285379148611759,False
869,391430.0,0.3007207491042803,0.08581354748075491,0.5191442983289968,False
870,392901.0,0.22420726947216146,0.5788905919903847,0.870703599660289,False
871,393915.0,-0.15400956479161412,0.8073901251831122,0.9557632950564722,False
872,394294.0,-0.09764296251235563,0.6971474506167187,0.9177219956881495,False
873,394555.0,-1.1368965595235072,0.0198860181020534,0.31006814852992776,False
874,394789.0,-0.17516525551068396,0.7673691906332464,0.9416926853113828,False
875,394935.0,0.6817407637944597,0.18255788508625231,0.6446538199776412,False
876,396334.0,0.15064752721200536,0.7496698556621296,0.9361117074520717,False
877,396879.0,-0.16558639096612376,0.332663901895473,0.7618284082437468,False
878,397027.0,0.27277215152946405,0.18295778310076602,0.6448726415320155,False
879,397303.0,-0.2742742088873735,0.5977002975981839,0.8773049177458756,False
880,397656.0,0.2288433417200852,0.17129452186273944,0.6330956877153683,False
881,398183.0,0.8942147673903079,0.1883517239340779,0.6520085300768195,False
882,399399.0,-0.22191929888179712,0.7073252678851997,0.9220480669292973,False
883,400153.0,0.0903098024202558,0.5571134572904705,0.8634218358254039,False
884,401467.0,0.10276201798140322,0.7098429281356571,0.923403145108083,False
885,402514.0,0.39933779000826475,0.5561470485134108,0.8630785023061187,False
886,403354.0,0.09780074828819554,0.7238131132991901,0.9282345498935555,False
887,404012.0,0.0654426263308014,0.7843274763398821,0.9492557426323359,False
888,404216.0,-0.743148018004469,0.157855207445309,0.6203896935316949,False
889,405849.0,-0.03289985976940538,0.8653754110189432,0.9675879210193268,False
890,407383.0,0.39146729525452867,0.4073244028160015,0.8058149066097496,False
891,407432.0,0.1360918393705714,0.5170095457738602,0.8523183003093502,False
892,407437.0,-0.9121488024793978,0.12346566717580178,0.577325007552154,False
893,407485.0,0.34433565781400444,0.41255176496535895,0.8074061164014844,False
894,407855.0,-0.28996936190838934,0.4002844237684963,0.8028690780890388,False
895,409213.0,-0.10589005025930545,0.6281219412638569,0.8920925909223035,False
896,411202.0,-0.07585842584612461,0.6365045691291769,0.896530375835228,False
897,411339.0,-0.03787338665593401,0.8114626963393791,0.9562991422300517,False
898,412895.0,-0.9054451833878435,0.1251145344488371,0.5793726021937466,False
899,413284.0,-0.03957296114623753,0.8320895470135022,0.9619097328765415,False
900,413387.0,0.13000183837184642,0.6436939355154437,0.8987654097409585,False
901,413727.0,-0.2855673805018177,0.5824813853629192,0.871665473157432,False
902,414054.0,0.179858047064687,0.36759507804852415,0.7839380299050549,False
903,414348.0,-0.02618731640397664,0.8694299618196406,0.9687799365357085,False
904,414387.0,0.3426240822333996,0.10110719316514698,0.5424143508276277,False
905,414502.0,-0.5989384303977874,0.06268629909515347,0.4609863092649072,False
906,414622.0,-0.18443028818502594,0.3510236235351558,0.7739033942340068,False
907,415018.0,-0.42925028099920426,0.3320295713625084,0.7618284082437468,False
908,415031.0,-0.6095616510321016,0.054748437478507654,0.4438587342165712,False
909,416573.0,-0.16793417835117552,0.6205383709796402,0.8874999162744895,False
910,417825.0,0.17098056709405896,0.2715203345236964,0.7209244556972639,False
911,418147.0,-0.05270021527812285,0.9380459647753258,0.981968772581868,False
912,418964.0,-0.13492759910138552,0.43243692649032356,0.817265787897664,False
913,419854.0,-0.4664709458183318,0.21436656782477914,0.6754569212592098,False
914,420185.0,0.13222644149551271,0.440901457434006,0.8211086581010403,False
915,420196.0,-0.9014543133606294,0.12700999096725255,0.5817271949154119,False
916,421194.0,-0.4482601921099252,0.23327006461859864,0.6904588490122399,False
917,422784.0,-0.19217156557775572,0.35041453616258617,0.7739033942340068,False
918,423967.0,-0.09372435291226536,0.8744229182677258,0.9704386849806935,False
919,425479.0,0.12482201758150355,0.8543296145629407,0.9657136276247756,False
920,426559.0,0.11088631622015668,0.4186463625041956,0.8106325838357195,False
921,428627.0,0.048571143133656944,0.8135664106885173,0.9563854654563413,False
922,428974.0,-0.6467464512028236,0.1869135596801687,0.6502451897767909,False
923,429088.0,0.837134875837235,0.030747160253721505,0.3643672757141342,False
924,429736.0,0.07750773739929318,0.6117185989786091,0.8839885460749226,False
925,430318.0,-0.23888309632199836,0.19953086961642694,0.6647966819172235,False
926,430380.0,0.1551686510141192,0.33150914529035935,0.7617844042151167,False
927,430654.0,-0.4406928069094471,0.24661006080356876,0.7007966172953882,False
928,430815.0,0.009032723132818832,0.9673253543069311,0.9890097693323666,False
929,430923.0,-0.3101047569642897,0.09261498637999713,0.5284053354910644,False
930,431285.0,0.3117115161401512,0.31387545657005733,0.752394282767073,False
931,431323.0,-0.21012130020929398,0.32444278275606414,0.7578479558547864,False
932,431925.0,-0.3867342518916083,0.510974265378008,0.8499273139255712,False
933,432377.0,0.13358221843249404,0.39263491959065827,0.7987370337016471,False
934,433533.0,0.29056925518271504,0.6686715163382707,0.9077811212642927,False
935,435098.0,0.47259729980354953,0.024206253348614707,0.3300990956020259,False
936,435764.0,-0.9568862194602512,0.08717650517405194,0.5194262955034968,False
937,436064.0,0.10904127455516893,0.7446304846677556,0.9355350047944941,False
938,436120.0,-0.9210432327289825,0.09975216924280532,0.5406484286433426,False
939,436176.0,-0.14813923508255875,0.40152655680455734,0.8033822962592488,False
940,437087.0,0.15119373855992663,0.7780139764659929,0.9460351643970519,False
941,437934.0,0.1077274201268785,0.7974271659901314,0.9521685604084493,False
942,439219.0,0.12413161636421713,0.43631854201759146,0.8196881490807214,False
943,440290.0,0.5297897480328129,0.0884429841865568,0.5200696605336262,False
944,442161.0,-0.28779880827240606,0.15929954559266896,0.6204968918736582,False
945,443191.0,-0.2808029456236755,0.17492964230333924,0.6357846474802091,False
946,443695.0,-1.601942140572647,0.01898366738813535,0.30719579336774433,False
947,443779.0,-0.011469029349793908,0.9689251614949433,0.9896201193100875,False
948,444387.0,0.17700157696583232,0.3861327034459946,0.7955896115495888,False
949,444713.0,-0.19137756485192062,0.3438778288313777,0.7701245784948637,False
950,444773.0,0.19867121302858032,0.4500488846370913,0.8253416279483335,False
951,446208.0,0.03505470717082573,0.893009356628265,0.9721809814662338,False
952,446773.0,-0.8524189748555031,0.05044173671746639,0.43432294636278357,False
953,447880.0,-0.05309680820261951,0.7139321999419386,0.9246017026797829,False
954,448614.0,0.9503473460413052,0.0162248921193414,0.28777974502524656,False
955,448623.0,0.19097966021841317,0.21966811012076418,0.6770911517578009,False
956,448630.0,-0.0076021105931611006,0.9581204548236437,0.9873020343655967,False
957,449207.0,0.1529706363620638,0.6423870119413777,0.8987654097409585,False
958,449801.0,-0.218664865082216,0.22890242736636346,0.6866654838467209,False
959,450127.0,-0.019030101677610677,0.8945267805693763,0.9731317579651948,False
960,450397.0,0.920760430493859,0.004838137754766311,0.18244132784722678,False
961,451377.0,-0.583030308173451,0.25127350780923574,0.7080929198518313,False
962,451779.0,0.8814869512895311,0.01567634172381007,0.2829513575635777,False
963,453235.0,-0.30870231065125237,0.13057232817971018,0.5876629963724822,False
964,454113.0,-0.5750036188751179,0.25743253385387094,0.7122316278740778,False
965,455622.0,-0.20452354708728504,0.744710837774282,0.9355350047944941,False
966,456756.0,0.1267780279164824,0.576964677422136,0.8695483369848913,False
967,457062.0,0.43857354409604954,0.012985298484063459,0.26445668863885335,False
968,457405.0,-0.25820372778357215,0.08099056569436687,0.5073009755408842,False
969,458721.0,-0.8176920374834905,0.19606109223115456,0.6604255264025536,False
970,459483.0,0.7478195626980866,0.2699870675405357,0.7190014144831173,False
971,459853.0,0.18440833520707278,0.45317168732401797,0.827107336072722,False
972,461742.0,0.29195270373383364,0.32162697581212124,0.7566668449155994,False
973,463312.0,-0.8999509444772336,0.18865494837532443,0.6523891253947585,False
974,463558.0,-0.3993505686375274,0.39237960353925516,0.7987370337016471,False
975,464326.0,0.7538989474019191,0.2663674271780218,0.7169398517276039,False
976,464688.0,0.4242167884158845,0.022221230383607828,0.3197232898205936,False
977,466800.0,0.40787136380108835,0.11675297098404996,0.569085541100971,False
978,467087.0,0.4987888596519552,0.12939878231323973,0.5865178264529067,False
979,467401.0,0.2511843385576717,0.2928975327182697,0.7361432548406616,False
980,468646.0,0.35535900010787613,0.5089440354892784,0.8492966548932642,False
981,468915.0,0.3928145501951053,0.14128677180793447,0.5991133811013387,False
982,469842.0,-0.06019055517914579,0.8832353178602863,0.9715554662941385,False
983,469879.0,-0.9337064465352466,0.00023401455876246883,0.048850539141665365,False
984,470369.0,0.38420526178812386,0.007564527378320987,0.22132869189130544,False
985,471344.0,0.3332977857481165,0.021064852856062004,0.31678020822414965,False
986,472002.0,-0.279565337009001,0.0584727328256983,0.45254462196265477,False
987,472260.0,-0.45192971298268647,0.5048686095071556,0.8477855652253806,False
988,474233.0,0.06003220570761375,0.83492537474079,0.9633412991933753,False
989,474307.0,0.33037871118011347,0.026829241352811797,0.3488786074460197,False
990,474521.0,0.47105204661584066,0.08148423908373968,0.5081675986571428,False
991,474610.0,0.06899608463675123,0.8110654000156128,0.9562991422300517,False
992,474985.0,-0.09004807201612926,0.8660921573324408,0.9675879210193268,False
993,476084.0,-0.09284370873260799,0.8619202299380448,0.9674851365804226,False
994,476161.0,-0.06080580879046743,0.858365264399764,0.9669817197107029,False
995,477034.0,-0.881853464180027,0.17831567069991935,0.6407618751345363,False
996,477639.0,0.19448959345321698,0.5058012149554482,0.8483715367944823,False
997,478040.0,0.4562856808893126,0.46971266874215617,0.8334654598440316,False
998,479011.0,-1.2310190301636177,1.9724822440098892e-06,0.0016470226737482576,False
999,479305.0,-0.19854058524277962,0.6364181615395766,0.896530375835228,False
1000,479419.0,-0.8090527447791249,5.828760133915647e-08,7.908898906706794e-05,False
1001,479490.0,-1.1886900914882252,0.03262218916083418,0.3717095996782265,False
1002,479623.0,0.6685489397650662,1.8314420849472502e-06,0.0016470226737482576,False
1003,481659.0,-1.0248217325442113,1.158644779575882e-05,0.006987271712386778,False
1004,481744.0,0.3058777791573895,0.21664840229417467,0.6769073761031444,False
1005,482163.0,-0.5319191811995159,0.003358330675756901,0.1578124653045072,False
1006,483468.0,-0.804025487739928,3.088875039576379e-08,4.789962650657371e-05,True
1007,483809.0,-0.4920709564868061,0.007302081839469603,0.217161913335459,False
1008,484682.0,-0.5190562444753257,0.43641925890401767,0.8196881490807214,False
1009,486078.0,0.27544939338475455,0.3449205311054889,0.7707499487560887,False
1010,486300.0,0.48109326889026005,0.12152436612356397,0.5740413378029969,False
1011,487103.0,-1.685010228042467,0.013382088232095106,0.2695038362882975,False
1012,487689.0,-0.8485883033288437,0.15022676685004097,0.608474460506416,False
1013,487841.0,0.5390828324241836,0.39264078243775713,0.7987370337016471,False
1014,488406.0,-0.5112216395247052,0.10085066501989029,0.5423895736578107,False
1015,488732.0,0.4993376673106549,0.11217388636201885,0.5602194545495612,False
1016,489164.0,-1.7046364089627448,0.012301856613473638,0.26084895172462486,False
1017,489293.0,-0.6418920317897137,0.16194043536041863,0.6229694806320021,False
1018,489804.0,-0.010600186097804581,0.9833315561175088,0.9943981178966002,False
1019,490204.0,0.20407415515359378,0.7634872571962146,0.9409088660356646,False
1020,490669.0,0.5230975011732483,0.033825125819806255,0.3769730398090317,False
1021,491025.0,-0.25361832809824014,0.582645962418901,0.871665473157432,False
1022,491649.0,-0.44694730403975486,0.012869383188671035,0.2640777968110096,False
1023,491801.0,1.053488428388415,0.057683218322295726,0.45013779640416013,False
1024,494396.0,-0.079808298869517,0.8811533986545416,0.9715554662941385,False
1025,494565.0,-0.07444088819397068,0.8709902973550988,0.9694661052334113,False
1026,494923.0,-0.9861008017272451,0.0074023069336867885,0.21834793957926654,False
1027,496128.0,0.20480010802038992,0.4791520409791987,0.836275241861246,False
1028,496360.0,-0.739246136073298,0.18608928486513945,0.6496272194048349,False
1029,497274.0,-0.024643120996543866,0.9710562452627175,0.9902128268977735,False
1030,498431.0,-0.5465190143257452,0.42402773149236206,0.8133064069190015,False
1031,499281.0,1.0380242412703453,0.07904940009580588,0.5009230811675265,False
1032,499907.0,-0.17733681855829297,0.7517102128094972,0.9364451628145203,False
1033,501770.0,-0.034661629490468415,0.9273200403533388,0.980469186391243,False
1034,502526.0,-0.018731477048878453,0.9705446154019834,0.9902128268977735,False
1035,503694.0,0.13960711354505154,0.6940201426695932,0.9172129010340102,False
1036,503715.0,-0.313102126755852,0.2342638938437399,0.6905223727998842,False
1037,504074.0,-0.12351517632990515,0.7520705224918725,0.9364451628145203,False
1038,504440.0,1.1049119991862302,0.04648057477338843,0.42379780469043915,False
1039,506840.0,0.8550254224006159,0.14231844760558104,0.6004928972009538,False
1040,507236.0,-0.08837579336669193,0.8681991757046518,0.9685819169860221,False
1041,507425.0,-0.3497056162139242,0.5319055397451466,0.8572879931601436,False
1042,508111.0,0.9522376254491474,0.09021419572725142,0.5231170377239927,False
1043,508226.0,-0.11031465066862578,0.8534167573248921,0.9657054455551027,False
1044,509486.0,0.11694412208429898,0.695732815603232,0.9172196591263815,False
1045,509627.0,-0.10317479918857027,0.697752368350402,0.9180098543153365,False
1046,509903.0,-0.04771280636157604,0.8532316774620538,0.9657054455551027,False
1047,510486.0,0.2116065262419624,0.22651410256558388,0.685608792974602,False
1048,511080.0,-0.01121978390713499,0.977610431690862,0.9921429727004775,False
1049,511116.0,-0.0983467769530107,0.5691690329008409,0.8683622515454004,False
1050,511153.0,0.03108681691146644,0.9108225569560091,0.9779325904982779,False
1051,511526.0,0.14054327371200104,0.5989152170027967,0.8781156191211636,False
1052,512572.0,-0.02890588487103722,0.9164557205490214,0.9787512033736542,False
1053,512888.0,-0.061215608989714704,0.8239733155467698,0.9599051455556222,False
1054,513052.0,0.07572024356450208,0.7830136790026798,0.9484234844885918,False
1055,513338.0,-0.5497781447315957,0.11859902795206785,0.5727133212603978,False
1056,514054.0,0.028701922727561807,0.9203455969496048,0.9792542104379494,False
1057,514346.0,-0.10482755226365784,0.7928604862215495,0.9514150539393013,False
1058,514797.0,-0.06200683734181929,0.8291799127340951,0.9610023438745038,False
1059,515076.0,-0.13006509240229594,0.7534707637536497,0.9369830611233667,False
1060,515331.0,-0.19483430531904822,0.728199552388016,0.9303258535156202,False
1061,515395.0,-0.17896901795295148,0.2747098207704936,0.7241318854938582,False
1062,515676.0,0.8956506501280393,0.023059374952516472,0.3238156728454933,False
1063,515949.0,-0.09858520124488704,0.743943894851712,0.9351206468564135,False
1064,516020.0,-0.2660596441069373,0.3338432875157041,0.7628355068060423,False
1065,516376.0,0.17962543705840925,0.6959248028925487,0.9172196591263815,False
1066,517489.0,0.8716867014812456,0.031179756990083372,0.3659261734679848,False
1067,517621.0,-0.08955165134451842,0.8664331176484972,0.967612935545888,False
1068,517934.0,0.1089037793401032,0.854144447975545,0.9657054455551027,False
1069,518431.0,-0.34949962258019135,0.19075379273148926,0.6542282527963084,False
1070,518826.0,0.0927324996381344,0.5287870626054767,0.8555179806414225,False
1071,519515.0,0.09316945020301441,0.5307520299624907,0.8571023065580383,False
1072,519982.0,0.09690144598673653,0.5103649844944843,0.8494685057585908,False
1073,520270.0,0.11015861553402555,0.45578633019265025,0.8280802773051409,False
1074,520276.0,0.28340696540242805,0.543147132867295,0.859994898288096,False
1075,520502.0,0.2173835088307034,0.61274904206982,0.8844934643175393,False
1076,520726.0,0.04484773994145208,0.7555402573615936,0.9379766850442932,False
1077,521810.0,0.26022913096415057,0.5765715303328389,0.8695483369848913,False
1078,522270.0,0.03794624840342695,0.7945998687029235,0.9515860798983538,False
1079,522922.0,1.2635146755036164,0.04313928718810568,0.4133071159990178,False
1080,523064.0,0.1389780438095637,0.739898220155161,0.9337733145975975,False
1081,523174.0,-0.023240234362302752,0.8736309422382693,0.9703624952489408,False
1082,523668.0,-0.08919631935100818,0.5810198159115827,0.8714446049177784,False
1083,523816.0,-0.0004413498198838073,0.9994868440739944,0.9994868440739944,False
1084,523889.0,-0.07261711233682533,0.8420590366023876,0.9634460491893265,False
1085,523896.0,-0.4401778627270368,0.29967569716299564,0.7418807742050102,False
1086,524032.0,0.5398876958921544,0.1905987505190695,0.6542282527963084,False
1087,524213.0,-0.3587043182059997,0.1821562530818316,0.6442290760177177,False
1088,524645.0,-0.10068913752114092,0.5040103642533447,0.8473025404940462,False
1089,524912.0,-0.15109141986726418,0.7057961714149121,0.9212863685316103,False
1090,525163.0,0.6647531631122998,0.26195936484756727,0.7129506011661813,False
1091,525489.0,0.2182020600381383,0.5023541154131757,0.8465933751828044,False
1092,526067.0,-0.013920730829833531,0.9257663143615733,0.9802191960759526,False
1093,526183.0,1.1829378609523538,0.06089082781810319,0.45814253402134286,False
1094,527884.0,0.08072153907515717,0.8622143604042437,0.9674851365804226,False
1095,527885.0,0.021309242115780877,0.8964947340398002,0.973620419492611,False
1096,529162.0,-0.1605558490342578,0.5195268573298499,0.8525582078680625,False
1097,529593.0,-0.12093861591787741,0.7757640943600264,0.94486993212324,False
1098,529683.0,0.0887681572758453,0.8049914593178842,0.9551811963394444,False
1099,529702.0,0.02892464905523448,0.8829563800262159,0.9715554662941385,False
1100,529907.0,0.05596969791309537,0.6718710130169391,0.9082390842215285,False
1101,534164.0,0.08548353900124599,0.6004838545127957,0.8781156191211636,False
1102,534269.0,0.060799664926653584,0.7290699058546997,0.9303258535156202,False
1103,534396.0,0.20119676893268018,0.6704304977692748,0.9078238198617231,False
1104,534569.0,0.004112228660313192,0.9866840714650503,0.9951689458365942,False
1105,535638.0,0.1615599341322446,0.2520279035918652,0.7084776483854288,False
1106,536271.0,0.09406852359551955,0.7659769358871851,0.9412861334256101,False
1107,536282.0,-0.21190259059833116,0.22219933743574402,0.6792364194748606,False
1108,536335.0,0.5549022153077815,0.3789356705060812,0.7928914498036046,False
1109,536472.0,-0.07701011837753333,0.7755669278506324,0.9448685748393507,False
1110,537056.0,0.43036852996057806,0.09358357362238712,0.5290245029782557,False
1111,539339.0,-0.29469021333895395,0.4760109105551904,0.8354729860580213,False
1112,539789.0,0.23163838385828506,0.11287008630284859,0.5615054018411647,False
1113,539820.0,0.21327436633795968,0.14208957106540895,0.6003823643110215,False
1114,540611.0,0.20189233914923793,0.17193810672050017,0.6334101947359447,False
1115,540794.0,-1.568826860259,0.012336489665762812,0.26084895172462486,False
1116,541219.0,-0.2272829102646955,0.18951507970123002,0.6534576340818602,False
1117,541399.0,-0.17772201500361556,0.4655498278188357,0.8311748981864245,False
1118,541973.0,-0.039690426275249574,0.7886425843535333,0.9500925502142112,False
1119,542340.0,0.044767779844251704,0.8331858052292644,0.9626643869892141,False
1120,543254.0,0.1035282101386645,0.5093432725338691,0.8492966548932642,False
1121,543497.0,-0.44461737974896837,0.2571407025882175,0.7122316278740778,False
1122,543596.0,-0.014001992268874483,0.9306967659878411,0.980469186391243,False
1123,543657.0,0.1391489858851969,0.3798537269396286,0.7934023871328975,False
1124,543819.0,0.5630958986405372,0.02717484729704699,0.3488786074460197,False
1125,544125.0,-0.0012293877521189767,0.9963285416406205,0.998096131388434,False
1126,544890.0,-0.15276601209945118,0.34375909966494056,0.7701245784948637,False
1127,544991.0,0.6021186165125753,0.30887047802486467,0.7495664647494701,False
1128,545485.0,-0.05432571014403194,0.7140481506834846,0.9246017026797829,False
1129,545791.0,0.31820705378611525,0.5700661140225729,0.8683622515454004,False
1130,546211.0,-0.1405874851720666,0.6643412991242631,0.9073242860276302,False
1131,546416.0,-0.09260415881204051,0.5332972704384268,0.8576035569033383,False
1132,546592.0,-0.023333055730478884,0.866439220037405,0.967612935545888,False
1133,547068.0,-1.575410544298939,0.012009672404729105,0.26033926076639097,False
1134,547205.0,-0.4726092625198025,0.14919655258935852,0.6082419381524917,False
1135,547219.0,0.011141449161669481,0.9354661181682589,0.9812044364398927,False
1136,547625.0,-0.08719984118889718,0.5327360661782559,0.8573535950133384,False
1137,548052.0,-0.06183030394769781,0.8754611690375964,0.9708960962303953,False
1138,548414.0,0.20115413548418692,0.3188633618915509,0.7543230928373189,False
1139,548551.0,-0.16132921152979873,0.7997465402383933,0.9533547874245288,False
1140,548628.0,0.17446291134033312,0.35376725890831656,0.7752862471043848,False
1141,548742.0,0.14892567423473171,0.3660699143037265,0.7830369119752374,False
1142,549032.0,-0.3892636267211148,0.4112039551679454,0.8068541448197881,False
1143,549300.0,-0.17233206574337928,0.46131168349280743,0.8299525085907634,False
1144,549382.0,0.18414708549906517,0.7859154097881997,0.9496014946677056,False
1145,549977.0,-0.09277436758587784,0.5279982757396243,0.8549098467528045,False
1146,551012.0,-0.37072580310602976,0.351268726245136,0.7739033942340068,False
1147,551386.0,-0.10126794724249095,0.4899379209455497,0.8411834771936298,False
1148,551471.0,-0.5426394829837036,0.22505005332988984,0.6837160174500019,False
1149,551545.0,-0.3260277067071866,0.41902140206987254,0.8106357724948257,False
1150,552065.0,-0.6583463346291839,0.11188151573350008,0.5600856422418181,False
1151,552396.0,-0.09235529351943816,0.5267284528264502,0.8548586987933043,False
1152,552727.0,-0.24099083666090956,0.2974554888576145,0.739950180921741,False
1153,552919.0,-0.24000862440260767,0.6000648949929616,0.8781156191211636,False
1154,553035.0,-0.10478501477254555,0.46915491439792284,0.8330895788957062,False
1155,553048.0,0.03151759373363475,0.8423975286482482,0.9634460491893265,False
1156,554883.0,-0.20650845231757847,0.6762658847605592,0.909321074121257,False
1157,555241.0,0.22175374887658267,0.3989729960810941,0.8027528957294303,False
1158,555590.0,0.598530481633884,0.28970429070062975,0.7344091722455246,False
1159,556433.0,0.10198053720056043,0.6412236982615244,0.8985906590019168,False
1160,556454.0,-0.12091576283305684,0.4757563023843642,0.8354729860580213,False
1161,556467.0,-0.0071689005180330875,0.9621401963354282,0.9881227392065018,False
1162,557453.0,0.01904348061153987,0.8954507707816127,0.973179627236124,False
1163,558358.0,0.1567523019041181,0.41054595609206795,0.8068541448197881,False
1164,559119.0,-0.03193471376113159,0.8159459787720446,0.9566962194394625,False
1165,559392.0,-0.015806149833055838,0.9653671791049682,0.9889800847870626,False
1166,559709.0,0.020400291263064082,0.8877481146618703,0.9715554662941385,False
1167,560374.0,0.3789347945027169,0.49859444656766183,0.8463587634741259,False
1168,560693.0,0.04897393737679101,0.8839127175938197,0.9715554662941385,False
1169,560890.0,0.042010979352386235,0.77078039119856,0.9427899639382522,False
1170,560963.0,0.40798642042104855,0.22159564309136767,0.6785389861091103,False
1171,561384.0,0.3948408686989633,0.14552296727510589,0.60505354426495,False
1172,561490.0,-0.36164283499321204,0.36876705767028084,0.7848953747080193,False
1173,561579.0,0.7308497370456439,0.28096471165547887,0.729892640392093,False
1174,562232.0,0.3180274035181321,0.27629700788202843,0.7259088781978396,False
1175,562464.0,-0.31359133804912764,0.55718746752252,0.8634218358254039,False
1176,562661.0,0.07500491070183204,0.8187112750669248,0.9580757752103782,False
1177,563058.0,-0.015495297873057062,0.9345056733818162,0.9809879530062575,False
1178,563118.0,-0.46926446179380904,0.2850480749344482,0.7320077722766586,False
1179,563259.0,0.3152080849504528,0.6130148958112314,0.8846175297597576,False
1180,564114.0,-0.03912746087488628,0.8998889341800771,0.9750344524470379,False
1181,564344.0,-0.35800696088684186,0.38040556809916193,0.7937913190535184,False
1182,565370.0,0.5244698346336298,0.3484179259931332,0.7738855824304457,False
1183,565574.0,0.03611933110261997,0.8018238943433598,0.9540545996433586,False
1184,565993.0,0.5072997253286362,0.33858921182056856,0.7672743434313809,False
1185,566149.0,-0.1628834119771665,0.38691338687863114,0.7959829187679452,False
1186,566610.0,0.9277113445592862,0.08271286615166819,0.5105145199453318,False
1187,566681.0,0.03697220843546534,0.8638770991852491,0.9675879210193268,False
1188,567605.0,-0.1578527051903354,0.4725286428328956,0.8343574447640342,False
1189,568277.0,0.12906477258947385,0.8152383311993693,0.9566536178841201,False
1190,568332.0,-0.4182980906810449,0.2696441863256335,0.7190014144831173,False
1191,568464.0,-0.47423690475484787,0.0945549624114762,0.5311815545212475,False
1192,568541.0,-0.5555919755816776,0.20449301850400778,0.6688655682526893,False
1193,568683.0,1.1158514428970405,0.07813741887956861,0.49834411394695494,False
1194,568942.0,-0.17272166643511175,0.3156185159173268,0.752394282767073,False
1195,569583.0,0.0383434986962424,0.8841187064537102,0.9715554662941385,False
1196,570697.0,-0.32044105804977396,0.029394283171030537,0.35931863042965817,False
1197,571018.0,0.3277850150545265,0.026079113684502105,0.34523021834789064,False
1198,571208.0,0.22338159444942943,0.4242777963306881,0.8133064069190015,False
1199,571373.0,-0.04853306100868658,0.7618996406714693,0.9407410509601345,False
1200,572244.0,0.4057825435253909,0.4660059477457616,0.8313055978274843,False
1201,572347.0,0.0674230429979158,0.9092321441351366,0.9779070580418693,False
1202,572757.0,0.26588810350297254,0.3942269995884546,0.7991807636586509,False
1203,573232.0,0.28960291332412685,0.048815775743641716,0.4287178363246204,False
1204,573547.0,-0.04288644184863683,0.8771169061168382,0.9713049919519247,False
1205,574676.0,-0.1263353611024991,0.3706779091223848,0.78634135304348,False
1206,576296.0,0.17240555530928184,0.6304953007013088,0.8940636673544143,False
1207,577735.0,-0.13748598216170327,0.40210018771775263,0.8037999646271523,False
1208,579478.0,0.6680644533083664,0.10694547535473678,0.5513261278046694,False
1209,579908.0,0.08429955932451766,0.8557303952495636,0.9662133610847459,False
1210,579914.0,-1.32935320843757,0.03451813494443246,0.3796295388265597,False
1211,580387.0,0.18750185846015005,0.6822959130625276,0.9116595441031188,False
1212,580845.0,0.9366864312260551,0.16481894648940476,0.6251256688128891,False
1213,581020.0,-0.24027020659891124,0.516004362525211,0.8523183003093502,False
1214,581298.0,0.2835641808584155,0.1963627117890442,0.6609355772000232,False
1215,581942.0,-0.07633812026930331,0.5939236656580549,0.8756136496013212,False
1216,582107.0,0.6870734745167714,0.09705185321535481,0.5343397413390395,False
1217,583059.0,-0.12719855625118923,0.41190955335730794,0.8072712206149497,False
1218,583593.0,0.18189420555833288,0.2467689965378767,0.7010409467204008,False
1219,583864.0,-0.1335805661799373,0.38799177842050186,0.7961859055298405,False
1220,584993.0,0.0204067621229779,0.939064275213534,0.9820301397324517,False
1221,585286.0,-0.01251179661964924,0.9629986603468984,0.9881227392065018,False
1222,585438.0,1.1676318706893136,0.0644244692807042,0.46651042113583396,False
1223,585450.0,-0.26006409518970286,0.4721309718653023,0.8343574447640342,False
1224,585532.0,-1.248784118265603,0.03434085640310903,0.379216679812562,False
1225,586828.0,0.36466310340329866,0.3747675762948979,0.7900761391884087,False
1226,587457.0,0.3938145244860472,0.4818252911434511,0.8371020383102051,False
1227,587704.0,0.09454703273453034,0.6785959038204815,0.909963994561004,False
1228,588471.0,0.24619601120967063,0.4957019346054351,0.8452473295856107,False
1229,588586.0,-0.19455128161365243,0.6060716197885785,0.8809696809511696,False
1230,588912.0,0.9808370807154267,0.145674190800324,0.60505354426495,False
1231,589106.0,0.1425721303924419,0.6817079838605781,0.9112104623576622,False
1232,589406.0,-0.2872171606454593,0.5726285723256325,0.8684576349724981,False
1233,590788.0,0.3713292336237737,0.5073113859346505,0.8492966548932642,False
1234,590877.0,-0.2264250819203578,0.24945906802743484,0.7046261211131422,False
1235,590895.0,-0.07601551002944444,0.8673845977558158,0.96787210203941,False
1236,591123.0,-0.22496958274328938,0.25138623555555106,0.7080954979114223,False
1237,591634.0,-0.7803244811469741,0.21414554205802552,0.6751951851982867,False
1238,591917.0,0.2583607760545225,0.1890288496032213,0.6529095534967965,False
1239,592171.0,0.21238819432396416,0.24775312405920774,0.7020528830259601,False
1240,592337.0,0.2313017293642977,0.24356424476246386,0.6976354542208155,False
1241,592631.0,0.14839697835560756,0.4746897754117227,0.8354729860580213,False
1242,592948.0,-0.7975217373713637,0.20436970423175166,0.6688655682526893,False
1243,593102.0,0.3882499545976224,0.12145503685366885,0.5740413378029969,False
1244,593309.0,-0.16764156623020132,0.41830568568508153,0.8106109254476999,False
1245,593851.0,-0.19778233406747026,0.33293501212735743,0.761838166360956,False
1246,594230.0,0.22227386650729497,0.2776196836230089,0.7270462346020906,False
1247,595150.0,-0.11480837199871236,0.7735938642819981,0.9439164184406063,False
1248,595727.0,0.9799445917580709,0.14611628663298631,0.6054464244220905,False
1249,596041.0,-0.29464425341140404,0.5628258886947244,0.8656987493186519,False
1250,596066.0,-0.11718935023514265,0.7691628255031683,0.9423153771200278,False
1251,596306.0,-0.14400656650121302,0.6866828386633368,0.9134733105012893,False
1252,597652.0,0.18740717138032995,0.5772423138013014,0.8695483369848913,False
1253,597984.0,-0.2562201875808009,0.13293966426426373,0.5908089256981229,False
1254,598170.0,-0.2794928444261378,0.5830937586961545,0.8718691584476853,False
1255,598175.0,-0.3629935140317432,0.034157948865950714,0.3784534925967743,False
1256,598336.0,-0.33750546236984325,0.048482774006824866,0.4279499459939158,False
1257,598393.0,-0.3073375604978624,0.07154626428360551,0.4863085152151144,False
1258,598417.0,0.3052236311532107,0.07524101898037955,0.4916202179950721,False
1259,598449.0,0.3452407887697455,0.042392077190977796,0.410130122912713,False
1260,600498.0,0.16375369913981783,0.8093425614417415,0.9562991422300517,False
1261,600716.0,-0.6218929005150147,0.0040105208586940005,0.1687372245004782,False
1262,600758.0,0.16353718234651288,0.419192583371175,0.8107776620451114,False
1263,602283.0,1.2717004614046645,0.041939459897391174,0.40756744600374323,False
1264,604687.0,-0.020051876883783043,0.9117061103404361,0.9780087403669322,False
1265,605755.0,-0.7940926312525318,0.2410602633809507,0.6958991428734941,False
1266,605915.0,0.3737708589757902,0.03547845939719274,0.37993156735967887,False
1267,607180.0,0.1790775717828954,0.7369904413628539,0.9329803613029483,False
1268,608186.0,-0.019553899359656374,0.9468520597137752,0.9838550078187603,False
1269,608213.0,0.19538705643194937,0.4541037169011261,0.827107336072722,False
1270,608339.0,0.010670015682603104,0.9631746175220264,0.9881742160361477,False
1271,608981.0,0.15731114832894122,0.5658894486979912,0.8667602604228439,False
1272,609748.0,-0.4145150946210704,0.4158639839418349,0.8099375198722394,False
1273,610036.0,-0.2631306271863947,0.0791938668808278,0.501253309032878,False
1274,610216.0,0.24585972482503293,0.09928750194165663,0.5402335005396905,False
1275,610617.0,0.16182185700787693,0.5544547274512506,0.8630424783768135,False
1276,610760.0,-0.25042837440193744,0.17006748958414042,0.6327386388128744,False
1277,611305.0,0.183658443910129,0.21641572699483436,0.6765068467568709,False
1278,611428.0,0.11483585737371055,0.8655794896135628,0.9675879210193268,False
1279,612261.0,0.6979504515326895,0.08859756976082506,0.5200935113550931,False
1280,613658.0,-0.0724796075143951,0.8184134753193358,0.9578524183665305,False
1281,614296.0,-0.38130267507812543,0.4043112047219085,0.8044501915434594,False
1282,614312.0,0.11241978777104321,0.49552761839518905,0.8452156344562818,False
1283,614846.0,1.2393584839423855,0.008630599469200289,0.23246937279942712,False
1284,615466.0,-0.2537278050658049,0.6335034657699395,0.8954010574131112,False
1285,617650.0,-0.3853876338639239,0.5445392383015504,0.8604720268018781,False
1286,617766.0,0.09983972155102458,0.7419303344217766,0.93454149631912,False
1287,618058.0,0.4016981219787083,0.47325663431494175,0.8347742550355366,False
1288,618174.0,-1.0966007058183447,0.046899652448902665,0.42389319511476975,False
1289,618660.0,-0.7854175631779633,0.2113018172883718,0.6724051529089434,False
1290,618961.0,-0.02507599191641323,0.9271548099583599,0.980469186391243,False
1291,619278.0,-0.8021971489834835,0.15114590223369492,0.6101798566287986,False
1292,619731.0,0.430280742978026,0.058667738765707765,0.452621396092223,False
1293,619944.0,0.024024146533092455,0.909680112240479,0.9779245278280081,False
1294,620125.0,0.4217456161032377,0.0630648148687628,0.4615785429741604,False
1295,620388.0,-1.0908454849944922,0.04808139932985568,0.42606007324537426,False
1296,620752.0,-0.434279945383835,0.055672862540696144,0.4459195218434067,False
1297,620831.0,0.166380375545877,0.30388447512381006,0.7469805202601808,False
1298,620908.0,-0.46523507508421613,0.04127090694927916,0.4057932019333562,False
1299,621467.0,-0.20475082469825912,0.6171078294388507,0.8854690505319883,False
1300,622946.0,-0.06052051260132131,0.8018277395252289,0.9540545996433586,False
1301,624581.0,-0.024725688366014173,0.8735461197982629,0.9703624952489408,False
1302,624686.0,-0.0333314526137915,0.9402264082197357,0.982390576923577,False
1303,624687.0,-0.453960682057325,0.39347961374744267,0.7991036813399963,False
1304,625027.0,-0.1399417481046354,0.45215113326906503,0.8265632799753804,False
1305,625045.0,0.03197264460785139,0.824150454636687,0.9599051455556222,False
1306,625062.0,-0.6780524072301317,0.115234776996084,0.5660899641975025,False
1307,625142.0,-0.015185952111586798,0.9743727042236584,0.9914577565214744,False
1308,625729.0,0.6593550909859207,0.26574244227785004,0.7164774883122258,False
1309,625733.0,-0.0514296799646535,0.7414072512002075,0.9343986661765066,False
1310,625848.0,-0.44088721856738455,0.4300386852999555,0.8159534922095818,False
1311,625953.0,0.2576994297755044,0.41388783053714967,0.8084852259277955,False
1312,626585.0,-0.21318338874692994,0.49229428926708596,0.8426725863794874,False
1313,626927.0,0.04470907561565622,0.7708615491592965,0.9427899639382522,False
1314,627103.0,0.18717013285290857,0.3680858380746261,0.7843682317039784,False
1315,627833.0,0.5977861613102549,0.28491076058729503,0.7320014925858195,False
1316,628497.0,0.0687870728387639,0.6752413349847258,0.909321074121257,False
1317,628680.0,-0.07622258596907484,0.6242888418450293,0.8896815711292267,False
1318,628895.0,0.0011709112529809038,0.9940619023759665,0.9977385067305702,False
1319,628971.0,-0.0827516387322441,0.6299912115194859,0.8935782831626837,False
1320,628995.0,-0.02556625338387236,0.9019867812757253,0.975594510835791,False
1321,629119.0,-0.28482209061046015,0.5924890781624425,0.8751488560965182,False
1322,629740.0,-0.03486915858461924,0.846460158317195,0.9648673002718204,False
1323,630185.0,-0.3253737690373944,0.5606243213664986,0.8649229025744979,False
1324,631198.0,-0.2937447064303237,0.36085506046305726,0.7802768613894512,False
1325,631765.0,-0.2822365185342052,0.5955780357203277,0.8761889663108612,False
1326,631979.0,-0.23478558627237073,0.589915431302714,0.8748739533790227,False
1327,632040.0,0.5036690838274519,0.256749702856527,0.7122316278740778,False
1328,632372.0,0.4369724794324107,0.12565969610754013,0.5801939605475748,False
1329,633425.0,-0.08753322168318381,0.5462628512220605,0.8613717678697657,False
1330,634328.0,-0.6945279130203548,0.10634823772558095,0.5501716390104129,False
1331,634565.0,-0.027160251487092057,0.9559115793621682,0.9869146085197199,False
1332,634611.0,0.5071917389179226,0.36456172419157684,0.782358580410545,False
1333,634659.0,-0.18063255599331085,0.26152353707148185,0.7128949013504352,False
1334,634818.0,-0.11895512025035918,0.5355450517828005,0.8576728524898041,False
1335,634986.0,-0.12240331923767614,0.5231008010774674,0.8544906969178123,False
1336,635492.0,-0.0856251244768727,0.5906646681062107,0.8748739533790227,False
1337,635783.0,-0.18475524177461605,0.24145151960273756,0.6959599128476325,False
1338,636066.0,0.18439000591222748,0.4032386065260424,0.8044379830932937,False
1339,636378.0,0.21366050484601853,0.33548288680607585,0.7639356465804177,False
1340,636436.0,-0.22870000140729624,0.6642609583507167,0.9073242860276302,False
1341,636507.0,0.520561748478344,0.21281613039474945,0.6737196449899513,False
1342,636518.0,0.3099601945910005,0.4097631010920684,0.8065237465737811,False
1343,638145.0,-0.046679048675081825,0.8839274286218266,0.9715554662941385,False
1344,638268.0,-0.3995975905266239,0.18056060810774477,0.6419867019356599,False
1345,638727.0,-0.3227978034159439,0.13718604027437192,0.592272781658277,False
1346,639042.0,0.28319231019774294,0.6766980896740367,0.909321074121257,False
1347,640878.0,-0.41900304098357477,0.25225533696254904,0.7084776483854288,False
1348,640923.0,-0.3102212044848382,0.5164544429789872,0.8523183003093502,False
1349,641393.0,-0.19339777065250024,0.7292623387899044,0.9303258535156202,False
1350,641765.0,0.43350206867241703,0.023168132536358393,0.3239037889614449,False
1351,641961.0,-0.1404816971671828,0.3659454952637027,0.7830369119752374,False
1352,642201.0,0.43913116119615253,0.021224644386512226,0.31690116749484026,False
1353,642787.0,-0.5142891284177568,0.16445919389213007,0.6250535814420386,False
1354,643099.0,-0.037027312979624465,0.843455341722386,0.9637209480841885,False
1355,643477.0,-0.41341649047162854,0.5413726146878136,0.8597029622364961,False
1356,644004.0,-0.08330489235298234,0.554259661702141,0.8630424783768135,False
1357,644805.0,0.33166566438569783,0.09783196703443274,0.5359436523690244,False
1358,644822.0,-0.3434506430840961,0.08786554606322583,0.5200547996272172,False
1359,645078.0,-0.0904028069971141,0.6019758121387268,0.8783377205232169,False
1360,645515.0,-0.1050216622398508,0.8156452541241392,0.9566536178841201,False
1361,645844.0,-0.020634173789055674,0.8835985668990848,0.9715554662941385,False
1362,647116.0,0.667664382097756,0.3212607060445124,0.7565659242875616,False
1363,647624.0,-0.1851337624036339,0.4799773913699135,0.836275241861246,False
1364,647854.0,-0.72595129555787,0.28582913440871904,0.7326269785139657,False
1365,648383.0,-0.12535689573514336,0.7809640642940902,0.9477327929934878,False
1366,651081.0,0.30052879802852567,0.14039248013516645,0.5981006169023673,False
1367,651468.0,0.009980649473935163,0.9436355250999534,0.9831921763937949,False
1368,651711.0,-0.07847770911548899,0.6406668813938352,0.8983902593373054,False
1369,651967.0,0.15621174891082865,0.29289650405840734,0.7361432548406616,False
1370,652047.0,0.18813439780325736,0.20645148738278002,0.6697153128306306,False
1371,652154.0,-0.13993146824178782,0.7698497861311063,0.9427899639382522,False
1372,652565.0,-0.7292515719512092,0.28355829543815503,0.7313494943699443,False
1373,653375.0,0.12303076118536183,0.7604129453415791,0.9400481081305697,False
1374,653726.0,-0.12956792601683315,0.3494586441535942,0.7738855824304457,False
1375,653790.0,0.08342198532636882,0.8899900377522674,0.9715554662941385,False
1376,653843.0,0.11419624138798448,0.42109791844008115,0.8119882707974855,False
1377,653926.0,-0.08328489373475732,0.8757347162467835,0.9710010566760812,False
1378,654174.0,0.019360635656852677,0.9738645227988408,0.9914577565214744,False
1379,654990.0,-0.7217737137789129,0.19882237964380106,0.6636583428762178,False
1380,655072.0,-0.19592495190171366,0.15834514928922458,0.6204968918736582,False
1381,655338.0,1.2829289566610682,0.008671998343135968,0.23300629211569537,False
1382,655653.0,-0.17190756872268045,0.21620855857486418,0.6765068467568709,False
1383,655714.0,0.24858566757981237,0.10546948053411793,0.5493623854116364,False
1384,656228.0,-0.12942303459372154,0.6210746563839833,0.8876583798615061,False
1385,656621.0,-0.040253019712109483,0.8755897197563584,0.9709394634748463,False
1386,657055.0,0.11360784168895616,0.7733507953600359,0.9439164184406063,False
1387,657271.0,-0.10107415962482483,0.4622669484660986,0.8299525085907634,False
1388,657952.0,-0.03284248432483708,0.8993216598749869,0.9750103389437585,False
1389,658414.0,0.2832928157543514,0.41523701423466214,0.8096131655717793,False
1390,658870.0,0.2480982541593568,0.4910846611215888,0.84146355093216,False
1391,658874.0,0.11368828521837195,0.4105434901396056,0.8068541448197881,False
1392,659880.0,0.09521659272107541,0.4760059678513761,0.8354729860580213,False
1393,659910.0,0.1521908431504035,0.3042919124572254,0.7473051379464213,False
1394,660098.0,0.12273871895205811,0.36063484450313354,0.7802768613894512,False
1395,660169.0,-0.3321976027003901,0.5761501420979498,0.8695483369848913,False
1396,660235.0,0.09531982430701234,0.4797241902279108,0.836275241861246,False
1397,660352.0,-0.13363228590278264,0.3158869950048358,0.752394282767073,False
1398,660469.0,0.14070113325711675,0.29689850710389804,0.7393515243433846,False
1399,660583.0,-0.04232856521530767,0.9286000014525279,0.980469186391243,False
1400,660783.0,-0.3115088357083553,0.5583669699328062,0.864239993810058,False
1401,661327.0,0.19376110614371223,0.7750387695951088,0.9445653346942438,False
1402,661399.0,0.3732752421645489,0.3678899499847147,0.7843400463391934,False
1403,662129.0,0.04558657775150032,0.9290202170862252,0.980469186391243,False
1404,662818.0,-0.4167487660079307,0.5120865017848061,0.8507344623315075,False
1405,663271.0,-0.08300073661713775,0.6151620667603065,0.8846983356740392,False
1406,663380.0,0.054878213564512945,0.7731554647459927,0.9438508883019935,False
1407,664432.0,0.024941423121040474,0.8934825625710393,0.9724565594182494,False
1408,666478.0,-0.0697136613016987,0.8827458096020155,0.9715554662941385,False
1409,666499.0,0.12639048721644724,0.36994240454295496,0.7858158455702494,False
1410,666574.0,-0.16734874364458557,0.19782572480753144,0.6619600008587403,False
1411,666604.0,0.22652591234939168,0.16687077352791002,0.6285379148611759,False
1412,666888.0,0.11197986185447889,0.7434175722228502,0.9348876817665703,False
1413,667313.0,0.5054848679429926,0.13487066557544983,0.5913217812067733,False
1414,667744.0,-0.01934767304786883,0.9662039267100506,0.9889810112623856,False
1415,668533.0,-0.32621117035970937,0.4897398489399768,0.8411834771936298,False
1416,671441.0,-0.019508289135633634,0.8893982481751556,0.9715554662941385,False
1417,671521.0,-0.4032139968888979,0.45082201060776717,0.8258205342868488,False
1418,671833.0,-0.03550564010649268,0.9444595325583732,0.9835099986493804,False
1419,673033.0,-0.0975554971331325,0.4874161407806802,0.8408935486608842,False
1420,673114.0,0.09803057341880056,0.48464653142432784,0.8389529020450338,False
1421,674922.0,0.017944164544867677,0.8972956911331815,0.9741118839134598,False
1422,676051.0,0.23217122902120862,0.2099716356628858,0.6719345997043235,False
1423,676228.0,0.3233105519786598,0.1635957352167177,0.6250485696386469,False
1424,677140.0,0.24840648343821262,0.47963729995402143,0.836275241861246,False
1425,677446.0,-0.22629038770860305,0.1633103276533248,0.6246418628177732,False
1426,677708.0,-0.23542355223563238,0.38178062494366066,0.793872464971652,False
1427,677741.0,0.06676858593064675,0.8412383057800511,0.9634460491893265,False
1428,678414.0,0.28196627933221247,0.14679100877569332,0.6063228311492203,False
1429,678479.0,0.024105076984988483,0.8844495406916403,0.9715554662941385,False
1430,678673.0,-0.27756692824591783,0.1544605566513234,0.6142416843076545,False
1431,678853.0,0.2731262581784263,0.16166938410743883,0.6228974303384568,False
1432,678907.0,-0.2054934251039938,0.21764760643283576,0.6770911517578009,False
1433,679279.0,-0.48895843914336334,0.29169105706455273,0.7358825469356912,False
1434,679339.0,0.27708469936391367,0.15311021404129385,0.6136508535657775,False
1435,679641.0,0.2749265536707241,0.16097969687236582,0.6223057726315994,False
1436,679913.0,0.2548083896000306,0.46838524963436257,0.832703257477337,False
1437,680186.0,-0.25355087059447,0.34101589293231566,0.7679932609502669,False
1438,680374.0,-0.29843924197610366,0.20063499050058284,0.666620536053159,False
1439,680530.0,0.3168988418767553,0.1645343537550886,0.6250535814420386,False
1440,681237.0,-0.016615061679612547,0.9709699965868364,0.9902128268977735,False
1441,682511.0,0.17347639111283905,0.6075900228629567,0.8818544856501397,False
1442,682873.0,0.3827361933616522,0.518009151394598,0.8523183003093502,False
1443,683380.0,-0.7084584607823834,0.20495203412874288,0.6691288219329644,False
1444,683981.0,1.2869072361703082,0.008453284668510403,0.2316963518106053,False
1445,685018.0,-0.40635662544806733,0.4470727161594668,0.8236561461078764,False
1446,685120.0,0.7816923699039554,0.047240457920876264,0.4247591345526459,False
1447,685998.0,0.3371057476617809,0.13562891914124275,0.5914139815214984,False
1448,686263.0,-0.22547908495196112,0.46532768419716763,0.8309149550847598,False
1449,686401.0,0.33697566953568525,0.14954013694949692,0.6083247873752656,False
1450,686668.0,1.2912894995095154,0.008250498985065356,0.22963888841765243,False
1451,687019.0,-0.17142866910586346,0.4997009916922489,0.8463587634741259,False
1452,687041.0,0.6086673231161805,0.14152281972297687,0.5991537473061287,False
1453,687077.0,-0.44309753794784507,0.48124106790323634,0.836866964467548,False
1454,688195.0,-1.0235253220443032,0.03025020203536902,0.36163650120476953,False
1455,688264.0,-0.11746266815585275,0.5943025260473318,0.8756136496013212,False
1456,688497.0,-0.27241737972197483,0.3530672762595397,0.7745645278490912,False
1457,688700.0,-0.19080954076668222,0.45083486745130036,0.8258205342868488,False
1458,688871.0,-0.5365146301276328,0.05116626973099729,0.4362999669520625,False
1459,690139.0,-0.17019586098702533,0.7496971766698837,0.9361117074520717,False
1460,690385.0,0.399290947788799,0.5264178448389899,0.8548586987933043,False
1461,691097.0,-0.11656865186132029,0.6003350551850037,0.8781156191211636,False
1462,691919.0,0.17130594341696714,0.4906613465281547,0.8411834771936298,False
1463,692180.0,-0.31319796443567577,0.5782211263644441,0.8704604792441557,False
1464,693277.0,-0.11015094982163043,0.5700981691978659,0.8683622515454004,False
1465,693696.0,0.05946921397584551,0.7706716995927114,0.9427899639382522,False
1466,694053.0,0.5397427365306459,0.04373939865389093,0.41443018925325964,False
1467,694602.0,0.04741932288942736,0.7370130944142502,0.9329803613029483,False
1468,695636.0,-0.15455872282558403,0.7425353486425821,0.93454149631912,False
1469,695800.0,0.044285447872256294,0.7906596275643921,0.9510546488491097,False
1470,696024.0,-0.06378323523424775,0.6997841284178433,0.9188528745585689,False
1471,696336.0,0.0932692444556753,0.48350087685653664,0.8378674997250487,False
1472,696615.0,0.25398955640976356,0.34221297596061073,0.7692528171572643,False
1473,696760.0,0.7115183289960009,0.2591877196216317,0.7122316278740778,False
1474,697091.0,-0.12253341427012869,0.4566549922587458,0.8280802773051409,False
1475,697156.0,-0.027785572403032806,0.8663666862034355,0.967612935545888,False
1476,697163.0,0.31498571374173656,0.24199470532087233,0.6964095043107547,False
1477,698235.0,0.00019519640152282358,0.9994566386426347,0.9994868440739944,False
1478,699295.0,-1.125018486012879,0.0737501055176085,0.4916202179950721,False
1479,700089.0,-0.08803931905610815,0.7355045365471331,0.9328222876181086,False
1480,700416.0,0.10459489554272437,0.46032137519756294,0.8295173548467214,False
1481,701223.0,0.5142805580949685,0.05906240265534387,0.45382384200795267,False
1482,702111.0,-0.07218088490940022,0.6658881259193127,0.9074404546460405,False
1483,703408.0,0.014703936144445172,0.9371405158814448,0.9815380451459941,False
1484,703962.0,0.2857082306349852,0.29283667129060315,0.7361432548406616,False
1485,704019.0,-0.16842002830106195,0.3570292554970262,0.7770817869465098,False
1486,704099.0,0.16535444983374015,0.23392874894482174,0.6904588490122399,False
1487,704478.0,0.21006015574125042,0.1343729689833005,0.5913217812067733,False
1488,704754.0,-0.17462030447213212,0.5001157168909138,0.8463587634741259,False
1489,705936.0,-0.29323518085563577,0.6819484655040058,0.911419674100712,False
1490,705945.0,0.03877334669086799,0.8383647153683669,0.9634460491893265,False
1491,706379.0,-0.7097194941635896,0.2041756450872883,0.6688655682526893,False
1492,706414.0,0.20507619205505356,0.41786180561577074,0.8102697213217561,False
1493,706720.0,-0.5047514163277743,0.38713072402296983,0.7959829187679452,False
1494,707385.0,-0.05320524508507957,0.8514553943865136,0.9655570944737186,False
1495,708218.0,0.055462796702487646,0.6884023352338502,0.9143811171008777,False
1496,708300.0,-0.026551827434195253,0.8464241595947478,0.9648673002718204,False
1497,708796.0,-0.10720081791195077,0.826368607778558,0.9600568337246436,False
1498,708914.0,-0.038218530773672474,0.7816151101026575,0.9478100548560575,False
1499,709175.0,-0.019997630438158054,0.976619332066889,0.991786214761538,False
1500,709839.0,0.8910731517588043,0.11106862504661716,0.5584297938309538,False
1501,709928.0,-0.3773659845096493,0.24199508523815444,0.6964095043107547,False
1502,710076.0,0.090293527443237,0.5769026091205433,0.8695483369848913,False
1503,710382.0,0.1929969323812213,0.1588814421274552,0.6204968918736582,False
1504,710410.0,0.03450196655092887,0.9041301547088125,0.9763887411714335,False
1505,710774.0,-0.07628418276743495,0.7157699740442275,0.925197549253894,False
1506,711677.0,0.08489078567571799,0.5975723924338951,0.8773049177458756,False
1507,713535.0,0.11384263816941727,0.44525938822748884,0.8232367525618602,False
1508,713592.0,0.1230193778172864,0.4884975190458576,0.8411549126336904,False
1509,713896.0,0.12240218436094283,0.3888027600520729,0.7963120679934437,False
1510,714266.0,-0.527288685495483,0.43663249616524946,0.8196881490807214,False
1511,716359.0,-0.6402952694919263,0.20811415482469534,0.6707479663367185,False
1512,717267.0,-0.1858911099537327,0.5654963943210823,0.8665250367525902,False
1513,717423.0,0.34928192966932303,0.1203134622448197,0.5737187286540817,False
1514,718024.0,-0.2606425330064593,0.42192833318092143,0.8119882707974855,False
1515,718460.0,-0.37043821312093295,0.09448528447013924,0.5311815545212475,False
1516,719860.0,-0.08586579538521985,0.6733765241715933,0.908892960550674,False
1517,720042.0,0.44881423034581897,0.0056543169294513956,0.19095669328054907,False
1518,720165.0,0.5324551748729498,0.2569102180232174,0.7122316278740778,False
1519,720828.0,-0.48491730628668617,0.0031767195583231045,0.15325907024709912,False
1520,720973.0,0.3220623717291286,0.5379938882583233,0.858511186160994,False
1521,721021.0,-0.4119012758726068,0.5428501108325575,0.859994898288096,False
1522,721331.0,0.4885125341599176,0.002994682882204323,0.1502138890437682,False
1523,721348.0,-0.4874371580589786,0.003092020246797239,0.15239981666098026,False
1524,721737.0,0.48342891290039536,0.003705639059944521,0.1615450280951718,False
1525,721747.0,0.5415603950104845,0.0012206871248924194,0.10433510819454497,False
1526,721799.0,0.5251620104156606,0.263558331030044,0.7147294743071265,False
1527,721899.0,-0.5023221825951124,0.002457323019511656,0.14246841960502432,False
1528,721927.0,-0.2802517101849611,0.37911707920566423,0.7928914498036046,False
1529,722004.0,0.26309156649108534,0.3560286289865517,0.7763541116209358,False
1530,722067.0,-0.3529751212254812,0.5526067081372106,0.8623155770302895,False
1531,722155.0,-0.09072687743936488,0.7949316050224111,0.9515860798983538,False
1532,722385.0,0.4884079308625136,0.01933002967946793,0.30860692916941174,False
1533,722447.0,0.47352593501411044,0.020922493109405506,0.31631429345765566,False
1534,722666.0,-0.5220871542045851,0.2365945098914589,0.6931804061732216,False
1535,722759.0,-0.3413930900950215,0.09514752758645942,0.532110464683677,False
1536,722766.0,0.5045995317067218,0.28248035026413815,0.7309603154458792,False
1537,722834.0,0.13027124287891534,0.3821673233560459,0.793872464971652,False
1538,722881.0,-0.054353565624158204,0.7937078111223128,0.9515273481552983,False
1539,723406.0,0.4349790465378278,0.49005062023099083,0.8411834771936298,False
1540,723883.0,-0.07384949324862733,0.8638153072087534,0.9675879210193268,False
1541,723934.0,0.1571607776264734,0.30122084451858916,0.7426419360409551,False
1542,724526.0,0.3611559566037786,0.053055266468460316,0.44224970868301966,False
1543,725255.0,0.19247929620834237,0.665259695301143,0.9073242860276302,False
1544,725268.0,0.026615525060346756,0.9040734750274898,0.9763887411714335,False
1545,725383.0,-0.322118475499187,0.1659378644686277,0.6279982436693209,False
1546,725432.0,-0.1108300227441952,0.7032155141325199,0.9202416402541898,False
1547,725564.0,0.29312004798434604,0.25194572557574035,0.7084776483854288,False
1548,725885.0,-0.21227451987831608,0.212121826383385,0.6726796451626188,False
1549,727835.0,0.1282635394516874,0.7983908122818825,0.9524673148521708,False
1550,727932.0,0.2869408990570391,0.11071896348416202,0.5582813958573867,False
1551,727941.0,0.35891061368314064,0.17622271047864335,0.6380578793347811,False
1552,729004.0,-0.0028592784991762765,0.9938090422854254,0.9977385067305702,False
1553,729007.0,-0.41242276964471597,0.2335675818623915,0.6904588490122399,False
1554,729142.0,0.7648579198386138,0.15234696455835528,0.6129452558491277,False
1555,730287.0,0.06405339136833177,0.8818579839918279,0.9715554662941385,False
1556,730692.0,0.0995466170954889,0.5503143771029018,0.861556437479399,False
1557,731338.0,0.05559806153302492,0.8252073998860198,0.9599947421761031,False
1558,732515.0,-0.5697645158845247,0.06948860771219062,0.4816723095247951,False
1559,732856.0,-0.5716606648191785,0.07247281502331868,0.48954101249416565,False
1560,732947.0,0.14467184654976994,0.5403345547367769,0.8588858678675815,False
1561,733780.0,-0.5176397391042716,0.44505224712466823,0.8232367525618602,False
1562,734779.0,-0.11020466163394727,0.7884924531400708,0.9500925502142112,False
1563,735004.0,-0.7698081087880277,0.10230781390585718,0.5446548896263265,False
1564,735712.0,0.1439142793660126,0.7465679757664365,0.9360625908745066,False
1565,735988.0,-0.7669397189143781,0.10363225115715313,0.5468780195969359,False
1566,737026.0,-0.3571178282075208,0.05121788257143575,0.436397264766825,False
1567,738005.0,-1.5747457990733786,0.012021783942299615,0.26033926076639097,False
1568,738159.0,0.08817162580023871,0.7434055505505212,0.9348876817665703,False
1569,738166.0,0.704124741212379,0.2089211746956811,0.6717455762185766,False
1570,738921.0,0.1419772272135527,0.7775049070950236,0.9457625566563057,False
1571,739653.0,0.8064643895067181,0.06232787398243024,0.45993818632174055,False
1572,739891.0,-0.17788817273790528,0.2379419941476482,0.6934202691606766,False
1573,740412.0,-0.17187478467491968,0.23885706508090576,0.6940025271555761,False
1574,741124.0,0.11099602338703135,0.45420784951238635,0.827107336072722,False
1575,741996.0,0.5564320627305466,0.4153892254748757,0.8096131655717793,False
1576,743620.0,-0.19441893662204054,0.20707586500875994,0.6699336305223969,False
1577,744027.0,0.15694386792237364,0.5176956420861039,0.8523183003093502,False
1578,744165.0,-0.37716816779545603,0.4805427297280917,0.836346213115029,False
1579,745029.0,-0.14650744928191545,0.3315218356068366,0.7617844042151167,False
1580,745481.0,-0.1649221049749626,0.2703771570443763,0.7190014144831173,False
1581,745963.0,0.15444592393971057,0.30132685281456895,0.7426419360409551,False
1582,748339.0,0.42723573587629105,0.40070109844342755,0.8028690780890388,False
1583,748410.0,0.23791910683821776,0.10928395494226,0.5556334102567833,False
1584,748427.0,-0.4724062532618906,0.14410126951197047,0.6042964419745382,False
1585,748766.0,0.31205643302433866,0.032684873867999,0.3717095996782265,False
1586,749487.0,-0.202082543554627,0.13258581201199585,0.5905827736824946,False
1587,749491.0,-0.13010189208148454,0.571873473525862,0.8684576349724981,False
1588,750005.0,0.18467510585612268,0.3053800083678155,0.7477783908364481,False
1589,750044.0,0.19556358295729617,0.14554900276089333,0.60505354426495,False
1590,750153.0,0.2239814570465726,0.09138215459991007,0.5255874660721358,False
1591,750555.0,-0.23194038647644982,0.08354321846388381,0.5143854999577191,False
1592,750804.0,-0.21440914950129947,0.10701628595969694,0.5513261278046694,False
1593,751036.0,-0.09918368105881681,0.8746951442160663,0.9705423479980987,False
1594,752148.0,0.23544117108594376,0.07903175687508353,0.5009230811675265,False
1595,752467.0,0.3061531071789947,0.23037982722736158,0.6884053125168826,False
1596,753718.0,-0.5257527875990771,0.251404887052107,0.7080954979114223,False
1597,754721.0,0.07746259247356688,0.8042778735454661,0.9548227159139858,False
1598,754824.0,0.01747899081402965,0.9423312874425547,0.9828967161707438,False
1599,755013.0,-0.4274541092433087,0.423687987200601,0.8133064069190015,False
1600,755298.0,0.20780387913507853,0.38851761273958657,0.7961859055298405,False
1601,756557.0,-0.31342271113942743,0.5225480327243888,0.8542558577143433,False
1602,757503.0,0.5220778982209238,0.44129899767501113,0.821382136447573,False
1603,758152.0,-0.2091587367448205,0.5269155477516084,0.8548586987933043,False
1604,758244.0,-0.4973733275892105,0.26780102351094615,0.7178463268124581,False
1605,758672.0,0.2535897959519662,0.3183710680755981,0.7541080014266067,False
1606,759685.0,0.05762843367710535,0.6946704269883502,0.9172129010340102,False
1607,759694.0,0.14874376768206043,0.2668081529874907,0.7172867971063052,False
1608,760250.0,-0.10117287541368014,0.7922786233002194,0.9514150539393013,False
1609,763438.0,-0.05141702821570681,0.7351977438952418,0.9328222876181086,False
1610,763795.0,-0.03186682147946911,0.8315619378392349,0.9618698698228715,False
1611,765864.0,0.0008002505940361282,0.9957372086154426,0.9978514955244303,False
1612,766452.0,0.0884540875800731,0.8474471510254595,0.9651890482210258,False
1613,766801.0,-0.16413532175946724,0.5854113678340604,0.8728332922247775,False
1614,767377.0,0.7090464653531003,0.10967364984434694,0.5556502612494308,False
1615,767558.0,-0.11920050817170669,0.777517062392156,0.9457625566563057,False
1616,767594.0,-0.05312392281116752,0.8172749602186752,0.9572205107006603,False
1617,767829.0,-0.28105331253106647,0.2610204836648625,0.7124465012781267,False
1618,769920.0,0.026427471056634733,0.8646563800082329,0.9675879210193268,False
1619,770911.0,-0.2535792462396395,0.7090680306558913,0.9231150722918805,False
1620,771206.0,-0.3973780628549913,0.3444398934726704,0.770747277601698,False
1621,771598.0,0.3028583248929595,0.2609044528384876,0.7124465012781267,False
1622,772302.0,-0.11632091524131337,0.409675809903927,0.8065237465737811,False
1623,772909.0,-0.05336189341844675,0.7071664988575519,0.9220480669292973,False
1624,773010.0,-0.10925863856158496,0.8621147413005781,0.9674851365804226,False
1625,773146.0,-0.44023882434566325,0.2820786124549874,0.730864298149255,False
1626,773869.0,0.8100540827473606,0.19813181797337998,0.6626252517675625,False
1627,775254.0,-0.027082167310136525,0.8895328371816137,0.9715554662941385,False
1628,775602.0,-0.03207396969032112,0.8720806042876617,0.9696860789493773,False
1629,775635.0,-0.22892020406497987,0.42391632441385285,0.8133064069190015,False
1630,775840.0,-0.053209262754109324,0.7897888943125659,0.9508395127205376,False
1631,776098.0,0.053328631882899394,0.7903992163688224,0.9510546488491097,False
1632,777061.0,0.06145280739548406,0.6567958652765863,0.9047058974448053,False
1633,777379.0,-0.08078850634595375,0.8419331573990978,0.9634460491893265,False
1634,777856.0,0.21283650652707695,0.7001591033798353,0.9188842278826768,False
1635,778046.0,-0.04050254751537423,0.8761907140223262,0.9712316288671582,False
1636,778230.0,-0.0018330918540490904,0.9947238667438532,0.9978514955244303,False
1637,778352.0,0.08852900416111184,0.5195442824248809,0.8525582078680625,False
1638,779351.0,0.21475247447720983,0.38562542315315174,0.7955896115495888,False
1639,779823.0,0.06506861015260491,0.8278798249181848,0.960418456715496,False
1640,780071.0,-0.07150245646214375,0.5942813299428089,0.8756136496013212,False
1641,780605.0,-0.27655286745478214,0.14497641626298707,0.6050438287330737,False
1642,781797.0,-0.10167990658888837,0.7908078544921294,0.9510546488491097,False
1643,781918.0,0.0011271271282899606,0.9948895806038437,0.9978514955244303,False
1644,782189.0,0.10963691084418915,0.5207715591532677,0.8532530460418304,False
1645,782238.0,0.09805652116721453,0.8851014856200988,0.9715554662941385,False
1646,782505.0,0.12970498336092873,0.45327463269066676,0.827107336072722,False
1647,783426.0,0.8838299868071198,0.11505978463170378,0.5659147993552989,False
1648,783604.0,1.1616764046462,0.050320672472620794,0.4338609211201737,False
1649,783652.0,0.17138760748366896,0.24642316898320432,0.7006085645135367,False
1650,785069.0,-0.20887138038339198,0.6740421427953303,0.9090231656160157,False
1651,785075.0,0.08447454578475508,0.6409377310974657,0.8984939032700519,False
1652,785132.0,0.017548899014885294,0.9217255528785674,0.979762130483436,False
1653,785162.0,-0.32881515776482356,0.5782487808226261,0.8704604792441557,False
1654,785726.0,-0.054206710827640225,0.8967532891835215,0.973620419492611,False
1655,785970.0,-0.04977392483092495,0.7251224586076591,0.9290396263985237,False
1656,786198.0,-0.11483867533812647,0.56057118790842,0.8649229025744979,False
1657,786605.0,-0.43011004934279284,0.32993591957261426,0.7604559127953795,False
1658,787341.0,-0.13302755149618584,0.5989064102119647,0.8781156191211636,False
1659,787715.0,-0.059234541200459984,0.8861882274992696,0.9715554662941385,False
1660,790554.0,-0.35735758912590593,0.52405104805198,0.8544906969178123,False
1661,791596.0,-0.018099555529129015,0.9167415119748973,0.9787512033736542,False
1662,791783.0,-0.062243043196156894,0.8436886383826848,0.9637209480841885,False
1663,792353.0,-0.7089580112587542,0.26036898930797187,0.7122316278740778,False
1664,792448.0,0.41322244830738836,0.22620460472937404,0.6856080470775041,False
1665,792576.0,-0.325658411003498,0.42634281812736,0.8133064069190015,False
1666,794999.0,0.5249875908886285,0.11602595521345349,0.5677423316288577,False
1667,795131.0,-0.1495350767073637,0.34495233827903576,0.7707499487560887,False
1668,795151.0,-0.1791556921677841,0.5701460852488194,0.8683622515454004,False
1669,795213.0,0.37788431942114864,0.04799269647202558,0.42606007324537426,False
1670,795368.0,0.08201171172819725,0.8377089666787527,0.9634460491893265,False
1671,796161.0,0.3658679789379048,0.40705107785979067,0.8058149066097496,False
1672,796284.0,0.100868623660642,0.458733332830932,0.8290959586879398,False
1673,796633.0,-0.06411597235534112,0.7294083514575885,0.9304027796794504,False
1674,797259.0,-0.5317204791675558,0.10519436391885266,0.5492485266959355,False
1675,797777.0,0.14072279950857594,0.30426594144394636,0.7473051379464213,False
1676,798703.0,-0.1992491814432588,0.7517547122688987,0.9364451628145203,False
1677,799904.0,-1.5840907658432375,0.011512546740661815,0.25614659722432875,False
1678,800354.0,-0.7231720606158214,0.13956003341951423,0.5966617419333702,False
1679,801621.0,-0.7361503666163174,0.14899271014743398,0.6082419381524917,False
1680,801672.0,0.5711921940717485,0.30843454610909665,0.7495327438634343,False
1681,802371.0,0.08256425067067419,0.840077025240601,0.9634460491893265,False
1682,802561.0,-0.0830718233718511,0.7024922923023016,0.919700558258916,False
1683,803271.0,0.11029329725343426,0.4111327504026851,0.8068541448197881,False
1684,803330.0,-0.3285351960522142,0.2996999113032661,0.7418807742050102,False
1685,803845.0,0.10314298312419806,0.5823264763873922,0.871665473157432,False
1686,804376.0,0.18099913014544938,0.6886456015638933,0.9144034256851452,False
1687,805083.0,0.32688001093516766,0.24501360052195276,0.6995325180604411,False
1688,805547.0,-0.14476885261180097,0.35082543180773834,0.7739033942340068,False
1689,807306.0,0.039580989223148955,0.8026846234875001,0.9542387816644899,False
1690,807699.0,-0.061765389486951344,0.6755633780254197,0.909321074121257,False
1691,807830.0,0.04539388772332276,0.8512511715554661,0.9655518774539796,False
1692,808937.0,0.39342619289202574,0.4604184304883921,0.8295173548467214,False
1693,809814.0,-0.6633751525242481,0.23682656021415346,0.6933607904056499,False
1694,811757.0,-0.0636319798248189,0.6689644300765953,0.9077811212642927,False
1695,813270.0,0.16070932984264397,0.7739070477380535,0.9441178920202935,False
1696,813724.0,-0.6689786209524469,0.2328976541169085,0.6904588490122399,False
1697,814368.0,-0.7906565074174507,0.07325517969208593,0.4916202179950721,False
1698,814389.0,0.0641512187140154,0.6727235632194175,0.9087125782412614,False
1699,814426.0,0.11389627878415129,0.4504096583221914,0.8255989262221187,False
1700,815822.0,0.006226152601782182,0.9676478773287445,0.9892463466192807,False
1701,816564.0,0.12603056421977676,0.4025136945780913,0.8041966912947733,False
1702,818271.0,0.15522755327932347,0.44113019603937054,0.8213496188691881,False
1703,818721.0,0.025188705264055367,0.8953170766281345,0.9731317579651948,False
1704,819202.0,0.0745337322679378,0.6589712261904538,0.9057985470043598,False
1705,819785.0,-0.9651897647853008,0.124363763537345,0.5776502581077793,False
1706,820063.0,-0.06010428560728909,0.6878903400194502,0.9142952909160195,False
1707,820777.0,0.08364359850705352,0.732028069664652,0.9323201567769326,False
1708,821688.0,-0.0713563428970973,0.770384240083704,0.9427899639382522,False
1709,822191.0,0.22249193398527975,0.5096175931613889,0.8493441875876211,False
1710,822385.0,0.07490386249106418,0.7596824149681966,0.9399695217690384,False
1711,822514.0,-0.7894183936681735,0.2448166055331531,0.6991539734444558,False
1712,822643.0,0.20802399658088763,0.37450432474181056,0.7898209452568041,False
1713,822703.0,-0.1078817597838711,0.830415111866258,0.9615099775262114,False
1714,822781.0,-0.48518310689993904,0.23770489177803653,0.6934202691606766,False
1715,823789.0,-0.16061596726521316,0.47544152551656804,0.8354729860580213,False
1716,824070.0,-0.04226099224523755,0.9199750324148342,0.9792542104379494,False
1717,825001.0,0.06192270719116162,0.7387250083059065,0.9335765787936011,False
1718,825672.0,-0.35152440370055477,0.3163243926439028,0.752394282767073,False
1719,825818.0,-0.02916591428078069,0.9064011497636453,0.9765741420034114,False
1720,826112.0,-0.030147818000071814,0.8962282957262048,0.9734398789381582,False
1721,826271.0,0.29848911234768877,0.3620963662751498,0.7810066163450256,False
1722,827124.0,0.07869832477454694,0.7486997197247535,0.9361117074520717,False
1723,828085.0,-0.16766341467578544,0.665021082188392,0.9073242860276302,False
1724,828206.0,-0.12061486617327154,0.39178622391166734,0.7986552977579623,False
1725,828867.0,0.12809564888643823,0.6042881682262051,0.8796497339540642,False
1726,829031.0,-0.10004156228131507,0.6950428818667592,0.9172129010340102,False
1727,829211.0,-0.149533204081779,0.797800480238595,0.9522501660306659,False
1728,829604.0,0.0907920141316425,0.7106692312743367,0.9238700006566376,False
1729,830931.0,0.05139731291320341,0.8287312522826848,0.9608291890121575,False
1730,831197.0,0.19529848124372567,0.3363903806155659,0.7648934715606978,False
1731,831779.0,0.11263656442397185,0.7053644408544741,0.9210550950890554,False
1732,831812.0,-0.6555122158362992,0.05098659047542452,0.43600760283297996,False
1733,832689.0,0.4762906181659559,0.3102058690221275,0.7497303448026011,False
1734,832785.0,-0.2759752895860488,0.6618255480914668,0.9068263660380445,False
1735,832828.0,0.22162046954887507,0.3403322394195061,0.7675226328477894,False
1736,833101.0,-0.12250821842353599,0.5616523767699259,0.8652762631049595,False
1737,834463.0,0.22945218797871217,0.20155886592149175,0.666846704538271,False
1738,834508.0,0.059670657867629956,0.8377791684618672,0.9634460491893265,False
1739,834521.0,-0.20094468843470312,0.26618465357555676,0.7167455343314254,False
1740,834626.0,0.21030642908914166,0.2549007070906979,0.710749338676991,False
1741,835575.0,0.06641304363254813,0.8218021005043314,0.9596236877124051,False
1742,835692.0,0.16013949879431982,0.3800902910471184,0.7937161329447723,False
1743,835904.0,-0.2032317685520877,0.25633134072169117,0.7122316278740778,False
1744,836321.0,-0.34576201079296565,0.5826196136903566,0.871665473157432,False
1745,836824.0,-0.12656198008469344,0.55202018376794,0.8623130341197923,False
1746,836940.0,0.16225542554148853,0.49975247626390606,0.8463587634741259,False
1747,837031.0,0.0077949865762628745,0.9742141775344886,0.9914577565214744,False
1748,837396.0,-0.0020482165053512524,0.9956962299236394,0.9978514955244303,False
1749,837594.0,-0.1414733706082753,0.8230018408198395,0.9599051455556222,False
1750,837998.0,0.1980404796783276,0.27173503555517037,0.7209244556972639,False
1751,838434.0,-0.23130519570017197,0.20009416970975108,0.6658061805961677,False
1752,839140.0,-0.14281103400991219,0.35371368351111165,0.7752862471043848,False
1753,840006.0,-0.0048801617746764,0.9722024297809133,0.9907301328644211,False
1754,840258.0,0.01696826469230235,0.9036468743257431,0.9762699704376322,False
1755,842103.0,0.443851970067372,0.21544642022071825,0.676002622601767,False
1756,842199.0,0.11049494516074874,0.6615046521010949,0.9068263660380445,False
1757,842358.0,0.4451825671007704,0.4800024910425372,0.836275241861246,False
1758,842616.0,0.09925949612409626,0.7388459932168374,0.9335765787936011,False
1759,842630.0,0.0099150151301165,0.9456768440813085,0.9837384564268292,False
1760,842689.0,-0.02967707746332217,0.8406644983091355,0.9634460491893265,False
1761,842748.0,0.2522919255227259,0.5488854557981931,0.861556437479399,False
1762,843071.0,0.14346261625551399,0.4731493879571002,0.8347742550355366,False
1763,843151.0,-0.1278670799803998,0.8398361657791114,0.9634460491893265,False
1764,843642.0,0.17368229294339793,0.3910465227146493,0.7983468128770957,False
1765,843713.0,-0.15533901928677102,0.36645117575626035,0.7830369119752374,False
1766,844533.0,-0.20054398206688656,0.2682788486379682,0.7178463268124581,False
1767,845025.0,1.6309591624309472,0.015832003719270554,0.2835914197569007,False
1768,845134.0,0.03846187031044908,0.8606588069268063,0.9674851365804226,False
1769,845271.0,1.6682201050613334,0.014643493719069181,0.27644369447042777,False
1770,845375.0,0.10258262255215696,0.5975492987861537,0.8773049177458756,False
1771,845416.0,0.15171446035270447,0.31455689822015653,0.752394282767073,False
1772,845743.0,0.1228440142180174,0.3615919181809516,0.7807337185922283,False
1773,846917.0,-0.27308300946457764,0.5317662459520656,0.8572879931601436,False
1774,848664.0,-0.10030428160102622,0.6713874285164128,0.9079229032782797,False
1775,848978.0,0.04062677197705744,0.854060930661208,0.9657054455551027,False
1776,849744.0,-0.1293967265604911,0.40064227116792717,0.8028690780890388,False
1777,850323.0,-0.053390111782576785,0.7660496139604954,0.9412861334256101,False
1778,850752.0,-0.06273244109196856,0.7263946363060564,0.9292022382127895,False
1779,851185.0,0.14911698225129183,0.7522887065931457,0.9365860660704894,False
1780,852375.0,0.3851045390656683,0.5165231707595704,0.8523183003093502,False
1781,852383.0,0.4517553533563058,0.5041584746843779,0.847303147463841,False
1782,853568.0,-0.08754011636017943,0.6253276339811292,0.8901037853219457,False
1783,854769.0,0.17666774240578303,0.2940965456380439,0.7365362586758677,False
1784,854827.0,0.1903277434943508,0.4268833776163996,0.8135894537091666,False
1785,854829.0,-0.25869962532755086,0.32244176293066645,0.7571810169376534,False
1786,856112.0,0.04636887858419943,0.8020444681958083,0.9542078805639521,False
1787,856425.0,-0.11897758222848055,0.5159034071420678,0.8523183003093502,False
1788,856541.0,-0.09348606071154585,0.6099734333781017,0.8825835455315175,False
1789,856794.0,-0.08161138945311049,0.6554159121453788,0.9042157216790326,False
1790,857096.0,-0.12805262544265408,0.4863557687995388,0.8395979437530207,False
1791,857135.0,0.1574259665965848,0.6764117572810652,0.909321074121257,False
1792,857198.0,0.03500104518569763,0.8492128529902592,0.9651890482210258,False
1793,857217.0,-0.10723821552042553,0.5567534212242793,0.8634137588696413,False
1794,857429.0,-0.05365449468663644,0.6888843255482671,0.9144211601509608,False
1795,857462.0,-0.013654826623316504,0.9190905209750216,0.979161534970017,False
1796,857590.0,-0.07050714927514413,0.6994743244763694,0.9186683354133078,False
1797,857612.0,-0.06360968880018937,0.7290553710514177,0.9303258535156202,False
1798,857805.0,0.07747405890308068,0.6767855784861933,0.909321074121257,False
1799,858362.0,-0.7619331456196023,0.1713576695017276,0.6331135134245245,False
1800,858538.0,-0.035475758448696354,0.8156033889724342,0.9566536178841201,False
1801,858654.0,-0.13362542078936043,0.44724012839981425,0.8237732752720478,False
1802,858761.0,-0.025876010145668996,0.8481654850375249,0.9651890482210258,False
1803,859371.0,-0.10605348786278196,0.5415503444445003,0.8597029622364961,False
1804,859697.0,-0.03764746814181105,0.7812084346893614,0.9478084556108671,False
1805,859876.0,-0.7644712682397552,0.16991932189793976,0.6327386388128744,False
1806,860038.0,-0.12382932205288052,0.46692203443519065,0.8318516335130318,False
1807,860276.0,0.011697636390401445,0.9306595647235173,0.980469186391243,False
1808,861451.0,0.11044761159510894,0.5191938177382999,0.8525582078680625,False
1809,862117.0,0.0653619373595909,0.8394850177283347,0.9634460491893265,False
1810,862554.0,-0.13814225318445272,0.41825862059661556,0.8106109254476999,False
1811,862986.0,0.10968062773154591,0.7154613863570851,0.9251885197858052,False
1812,863243.0,-0.13175318353911028,0.32737693882253155,0.759576575611863,False
1813,863292.0,0.25301198831417143,0.09509742804230048,0.5321044234016349,False
1814,863461.0,-0.12795543125528414,0.4541154001103386,0.827107336072722,False
1815,863542.0,-0.3028852845849195,0.41590164386883915,0.8099375198722394,False
1816,863579.0,1.0479411774054048,0.02446245004060133,0.33234029435635476,False
1817,863611.0,-0.18504249915931192,0.6516630844492889,0.9017600116676404,False
1818,863950.0,-0.0945467230245021,0.48109322836198204,0.8368579726858302,False
1819,864241.0,0.0121283879249455,0.9818347274667515,0.994106516803618,False
1820,864448.0,-0.6246209828136701,0.07464881652509577,0.4916202179950721,False
1821,865094.0,-0.09104963514006828,0.4938576675485564,0.8438257486604093,False
1822,865295.0,0.52962424899856,0.22025191445649114,0.6770911517578009,False
1823,865311.0,0.2399246326754847,0.11333464592603654,0.5627314183961417,False
1824,866194.0,0.07713988036750913,0.6780838982115369,0.9095943785400711,False
1825,866513.0,-0.12687555970176714,0.48324459409837384,0.8375570922781171,False
1826,867656.0,-0.08957457508620342,0.68039716843174,0.9103868587663131,False
1827,867697.0,-0.1452091737989716,0.5728139132450066,0.8684576349724981,False
1828,868642.0,0.10107537238930857,0.45007361270777685,0.8253416279483335,False
1829,869452.0,0.025214288772271568,0.9090978822539265,0.9779070580418693,False
1830,870006.0,0.07960521201439053,0.8667492313743114,0.9676604861224056,False
1831,870165.0,0.05484031227861817,0.7606463578041851,0.9400906539866138,False
1832,870220.0,-0.4027348837489131,0.16670455197729736,0.6285379148611759,False
1833,870292.0,0.02617593206591692,0.9055230253322826,0.9765741420034114,False
1834,870298.0,0.5097000601007567,0.11249698225222213,0.5606850540633384,False
1835,870301.0,-0.22781064071630752,0.5495551538305539,0.861556437479399,False
1836,870346.0,0.11342900765380486,0.527738557361031,0.8548586987933043,False
1837,871393.0,-0.4527370166885848,0.1238316810392596,0.5775839563310489,False
1838,871862.0,-0.2609564142257054,0.3762291757660958,0.7916020062577429,False
1839,872595.0,0.041296177103387316,0.764836049765925,0.9411867429947561,False
1840,872597.0,-0.055102913362438874,0.7866395012329136,0.9498033211865775,False
1841,873444.0,-0.5801210698310924,0.35718044811467753,0.7770817869465098,False
1842,874833.0,-0.04134525033956238,0.8890164470092841,0.9715554662941385,False
1843,874883.0,-0.11346592623190091,0.5825564280792881,0.871665473157432,False
1844,875179.0,0.005209189351975986,0.9695532745853966,0.9900753335488693,False
1845,875495.0,-0.08913714374090068,0.7742684903365156,0.9443465688317839,False
1846,875573.0,0.013103742239361296,0.9258007585757834,0.9802191960759526,False
1847,875953.0,-0.011832850878862586,0.9318266066947686,0.9805135532834154,False
1848,878453.0,-0.71042977138575,0.14148514226664802,0.5991537473061287,False
1849,881354.0,-0.0743417425824704,0.8198119200136083,0.9583442692387846,False
1850,881376.0,0.19533536069418522,0.294669710308576,0.7366679727593585,False
1851,881879.0,-0.562572191926993,0.2497288280809738,0.7050969799049018,False
1852,882046.0,0.5857755180754589,0.3234263773940956,0.7576711946449302,False
1853,883250.0,0.024588531139988157,0.9316941186205132,0.980469186391243,False
1854,883267.0,0.21476085993983193,0.24702783930318406,0.7013519695844509,False
1855,883333.0,-0.7015436223102429,0.14635572710120362,0.6054464244220905,False
1856,883695.0,-0.00877434994142301,0.9758120461020144,0.991522958011548,False
1857,884683.0,0.19818577167367568,0.2878861401922575,0.7336391967546332,False
1858,884981.0,0.4280261964491535,0.4640164804343371,0.830083413193006,False
1859,886630.0,0.23960391837933698,0.3623174341121981,0.7811564059655686,False
1860,888073.0,-0.1541658740189716,0.5355469975197337,0.8576728524898041,False
1861,888694.0,-0.27257794014307457,0.6091400863696002,0.8823081437978606,False
1862,889620.0,-0.07476949469648854,0.6017514469855978,0.8783377205232169,False
1863,889662.0,0.10659628465129219,0.45443410944257523,0.827107336072722,False
1864,890267.0,0.19382738788887569,0.39527131958786904,0.7997984811012286,False
1865,890462.0,-0.06909876918394009,0.8799458068084786,0.9715282642945458,False
1866,891495.0,-0.11656492916371616,0.4220804899235803,0.8120320170022428,False
1867,892041.0,0.47274904115467836,0.4244558099160117,0.8133064069190015,False
1868,892042.0,0.07301963091294739,0.6060876625834486,0.8809696809511696,False
1869,892462.0,-0.05556344975359165,0.8564935187860288,0.9663203947130191,False
1870,892510.0,-0.5705878012156305,0.3342326818717536,0.7633275324464307,False
1871,893271.0,-0.010140507417945845,0.9688995305775838,0.9896201193100875,False
1872,894027.0,0.264698862720024,0.5092484719062447,0.8492966548932642,False
1873,894083.0,-0.03684650318463101,0.9119527254001889,0.9780087403669322,False
1874,894442.0,-0.1577127771865804,0.39749659293161854,0.8011187367754771,False
1875,894840.0,0.10430022548184015,0.8196707257329963,0.9583442692387846,False
1876,894860.0,-0.007337793681774896,0.9841035290324778,0.9943981178966002,False
1877,895793.0,0.06451244640730397,0.6481219169551621,0.900882603263824,False
1878,895904.0,0.19105764681050258,0.4545509637550537,0.827107336072722,False
1879,897001.0,1.1214330794517902,0.028049525718325516,0.35159076405591627,False
1880,897314.0,-0.33263774973970417,0.39018248985722265,0.7974827579363871,False
1881,897460.0,-0.1634308298164173,0.564306087871942,0.8660458905485552,False
1882,897544.0,0.10355698584902188,0.5003225143086263,0.8463587634741259,False
1883,898159.0,0.05680134524767874,0.711572284251667,0.9239164152407624,False
1884,898318.0,0.20021575680218595,0.5407082411348211,0.8592282180527716,False
1885,898481.0,-0.03979402570497925,0.8792432313446489,0.9714705650826381,False
1886,899884.0,-0.35094242097931483,0.3745737656547239,0.7898209452568041,False
1887,899891.0,-0.09986458517163382,0.718750907958177,0.9267499743799983,False
1888,900256.0,0.04800686570462381,0.9068676544439072,0.9768828410229843,False
1889,900579.0,-0.6426526139135011,0.10693552056261345,0.5513261278046694,False
1890,900954.0,0.03837565939315625,0.8837419598082468,0.9715554662941385,False
1891,901053.0,0.3225142501783082,0.3302245574002236,0.7607359020754303,False
1892,902240.0,0.10415058482669441,0.47309738554486475,0.8347742550355366,False
1893,902782.0,0.021223381232354118,0.8833192253677048,0.9715554662941385,False
1894,903137.0,0.1479552848125565,0.6488997940765446,0.900882603263824,False
1895,904457.0,0.3938857309098151,0.10564590159893077,0.5495651085148323,False
1896,905827.0,1.188358104053082,0.08071589281291003,0.5064572349619297,False
1897,907021.0,0.21390198749084638,0.5956045408770263,0.8761889663108612,False
1898,908730.0,-0.17910419505355624,0.23961387463726402,0.6948711496078992,False
1899,909266.0,-0.01632612198580899,0.9422053404832657,0.9828967161707438,False
1900,909500.0,0.24364406361860946,0.518312193484547,0.852337351958,False
1901,909657.0,-0.0027532688189899207,0.9840690493750354,0.9943981178966002,False
1902,910273.0,0.03250890437378418,0.814504134774945,0.9565904052215235,False
1903,910293.0,0.1866961478246803,0.5423927069550507,0.8598081368352779,False
1904,910797.0,0.04127863798501746,0.857901072876558,0.9669817197107029,False
1905,910997.0,0.26148271178476606,0.5558069128838117,0.8630424783768135,False
1906,911310.0,-0.07656579950272989,0.6589912888464322,0.9057985470043598,False
1907,911801.0,0.16324477542376403,0.36407000698320746,0.7822604762079804,False
1908,911989.0,-0.23743588716525996,0.6164604443683934,0.8851177706825941,False
1909,912490.0,-0.08941707715280672,0.5569436333123196,0.8634137588696413,False
1910,912618.0,-0.15267989507845475,0.6873334246716752,0.9138907796191861,False
1911,912859.0,-0.11671716154514095,0.8091116380965423,0.9562991422300517,False
1912,913042.0,-0.11555553671598492,0.44151126002884583,0.8214954966769149,False
1913,913301.0,0.09799469198904602,0.7099607084733649,0.923403145108083,False
1914,914994.0,-0.08158939395823649,0.7887018689913624,0.9500925502142112,False
1915,916040.0,-1.6300650445682532,0.0005705812468672215,0.07286658158521987,False
1916,916043.0,-1.4441375816373356,0.032574744773781986,0.3717095996782265,False
1917,916257.0,-0.05311253857551407,0.9076461095643754,0.977047408661179,False
1918,916394.0,-0.2410343900505864,0.11714308753347445,0.5699098796699474,False
1919,917525.0,0.2610431121868072,0.7009139110440384,0.9191081938598813,False
1920,917615.0,0.01092806560916279,0.9600740963703153,0.9873618489909779,False
1921,917620.0,-0.16678052512850775,0.6605390406587602,0.9065812727716327,False
1922,918383.0,-0.07500205130091697,0.8831879771325121,0.9715554662941385,False
1923,918504.0,-0.08466690385252917,0.6444399767878082,0.8987654097409585,False
1924,918533.0,0.32110094474906076,0.23206186944864055,0.6904588490122399,False
1925,918779.0,-0.11482122125628372,0.5325387704334316,0.8573535950133384,False
1926,918878.0,-0.017460523180000534,0.9371160198467896,0.9815380451459941,False
1927,919238.0,0.016890546763430353,0.9671068649455383,0.9890097693323666,False
1928,919335.0,-0.2748823736956666,0.481132671589233,0.8368579726858302,False
1929,919371.0,-0.1094133558537807,0.6409891098040794,0.8984939032700519,False
1930,919775.0,-0.29132031218452736,0.3355430638749555,0.7639356465804177,False
1931,920399.0,-0.007599105537877848,0.9588262975133041,0.9873020343655967,False
1932,920747.0,-0.23426101230636837,0.5447205768130067,0.8604720268018781,False
1933,920932.0,-0.1618372310878537,0.6693905855123644,0.9077811212642927,False
1934,921048.0,0.6120110742134415,0.04951218876991498,0.43042091837966207,False
1935,921176.0,-0.16858220789588152,0.6573030689971965,0.9047058974448053,False
1936,921552.0,-0.14859800408501697,0.6954797283716714,0.9172196591263815,False
1937,921557.0,0.03407287065937531,0.8121650161043061,0.9562991422300517,False
1938,922308.0,-0.00458122111474113,0.9754808692741692,0.9914577565214744,False
1939,922481.0,-0.162153490622099,0.6691990193598141,0.9077811212642927,False
1940,922573.0,0.026014233059003293,0.8703962903367586,0.9691406022777224,False
1941,922662.0,0.04747730583001877,0.7492260920921701,0.9361117074520717,False
1942,922948.0,-0.857770425267565,0.06539185354628604,0.47092776988613577,False
1943,923296.0,-1.4672275424134327,0.029881476721521753,0.36097270765490624,False
1944,923513.0,-0.0516845770787695,0.9100552813293659,0.9779325904982779,False
1945,924036.0,-0.006513090679340569,0.9651519522050332,0.9889300019997769,False
1946,924477.0,0.013333546637046834,0.9288039175561923,0.980469186391243,False
1947,924565.0,0.001636827698024118,0.991147765212143,0.9974218176556843,False
1948,924983.0,0.34954528261906276,0.49306658850641066,0.8428720973601713,False
1949,925699.0,-0.04057202803014634,0.8487420036355096,0.9651890482210258,False
1950,925754.0,-0.3079855808546924,0.3346432525590599,0.7635130351101584,False
1951,925774.0,0.03841027877985438,0.8026122753986991,0.9542387816644899,False
1952,926762.0,-0.22811717228893402,0.16009763070504127,0.6204968918736582,False
1953,926995.0,-0.29432533868781946,0.665156704983842,0.9073242860276302,False
1954,927539.0,-0.05569394078800616,0.9168072073609688,0.9787512033736542,False
1955,927574.0,-0.1577989243433593,0.6615389559773626,0.9068263660380445,False
1956,927974.0,-0.17939742389002217,0.6174285827487965,0.8855955689400352,False
1957,928070.0,0.03681133637720145,0.8074922100291992,0.9557632950564722,False
1958,928159.0,-0.2786402671747189,0.37924388828929667,0.7928914498036046,False
1959,928855.0,0.37277601344727823,0.07761481687597516,0.4975916036547227,False
1960,928992.0,0.34229796252004563,0.014220201130523786,0.27402408009254553,False
1961,929863.0,-0.3908722216554595,0.3851328242873645,0.7954377147297221,False
1962,930224.0,0.448519783612762,0.2670396473097992,0.7174663285037104,False
1963,931394.0,-0.08561776989283171,0.796210302414956,0.9517271275695582,False
1964,931911.0,-0.06652472206088317,0.8742883889945675,0.9703885953513324,False
1965,932160.0,-0.2524185621396642,0.08591923607354693,0.5191442983289968,False
1966,933285.0,0.42128273413078443,0.04806139636531276,0.42606007324537426,False
1967,933299.0,-0.4190357909268897,0.0042435817658825516,0.17252464445189175,False
1968,933450.0,0.00953749839924952,0.9646593730000248,0.9886306233487402,False
1969,933525.0,0.46209558754587504,0.00311679035455897,0.15239981666098026,False
1970,933766.0,0.12566194850512413,0.754837243533632,0.9377120981616317,False
1971,934572.0,-0.397590342590171,0.006441960449193949,0.20627575420649058,False
1972,934661.0,0.13612021961826495,0.7353276734875248,0.9328222876181086,False
1973,934926.0,0.04863075609354906,0.742116708804184,0.93454149631912,False
1974,935088.0,0.5070189214755109,0.22082755716670702,0.677716463965113,False
1975,935158.0,-0.37133944735596475,0.18667606142417523,0.6502053726899437,False
1976,935335.0,-0.4100783302446411,0.004890872998944541,0.18244132784722678,False
1977,936094.0,-0.6568181830021855,0.15699651333873033,0.618731418072971,False
1978,936300.0,0.4354902360985206,0.002837472670491139,0.1502138890437682,False
1979,936784.0,-0.6235526790520268,0.1790935639118483,0.6413924896941977,False
1980,936790.0,0.13064172307437982,0.7453266780546532,0.9355366663139756,False
1981,937088.0,-0.5490726327410409,0.3872091989189781,0.7959829187679452,False
1982,937397.0,0.010346190995112164,0.9599249811786742,0.9873020343655967,False
1983,937987.0,0.13884763024102026,0.3201422126794303,0.7558071845860629,False
1984,938441.0,0.10820659416183134,0.7879897120180809,0.9498754385292912,False
1985,938952.0,-0.16574361686419853,0.21946620592609384,0.6770911517578009,False
1986,939458.0,0.02311792956370179,0.9595897279705968,0.9873020343655967,False
1987,939838.0,-0.4426214311564309,0.0025783953439342303,0.14246841960502432,False
1988,940350.0,0.43513258333436666,0.0031151653495649326,0.15239981666098026,False
1989,940508.0,-1.2769054134804882,0.0029499830841587405,0.1502138890437682,False
1990,941457.0,0.06646671157990092,0.8874024745878444,0.9715554662941385,False
1991,941695.0,-0.45981612321675724,0.0018130787160547319,0.12456309786565896,False
1992,941882.0,0.10934855525423812,0.7858140516669557,0.9496014946677056,False
1993,942221.0,0.2634644986407379,0.1580682261680123,0.6204968918736582,False
1994,942388.0,0.5190058909388584,0.0003442060459883393,0.05499224171915679,False
1995,942792.0,-0.14183173008593436,0.8225549553992729,0.9599051455556222,False
1996,942894.0,-0.4472311931295196,0.0017048254746223396,0.12279653946566893,False
1997,943193.0,0.417435035592983,0.0033130309639266176,0.15704345464377045,False
1998,943257.0,0.4238530742533161,0.0034875147958049503,0.15918296906420284,False
1999,943530.0,-0.8529904132257998,0.06679738475332021,0.47464385148001387,False
2000,943729.0,0.2914988047391639,0.2617122231120667,0.7128949013504352,False
2001,943767.0,-0.8133264317801869,0.10990062937705274,0.5559046280931536,False
2002,943777.0,0.40966321261292016,0.0038858136336153647,0.16738296425751897,False
2003,944041.0,-0.4132907255945501,0.003477772261621217,0.15918296906420284,False
2004,944126.0,0.7620259752231603,0.2245801491896873,0.6830533817467234,False
2005,944400.0,-0.353772736252281,0.025432251989859267,0.3404033234894233,False
2006,946052.0,-0.10380726360924261,0.5354143936164748,0.8576728524898041,False
2007,947597.0,0.4570462305285431,0.23948611282367066,0.6948711496078992,False
2008,947729.0,-0.12570351232280916,0.43868491476104277,0.8206754391865764,False
2009,948203.0,0.3442386462740915,0.4994259818834804,0.8463587634741259,False
2010,948513.0,0.23811853101087788,0.23608004826985438,0.6929586761002241,False
2011,948831.0,0.23228548089679893,0.7323381734747678,0.9324831143734252,False
2012,949090.0,-0.4931128003248101,0.0008099927446492244,0.08792471243167331,False
2013,949779.0,0.1654115936914533,0.7420944038578416,0.93454149631912,False
2014,950333.0,-0.539039066186468,0.02170400936885816,0.31762968096787736,False
2015,950544.0,-0.07716030842534981,0.5968506471067645,0.8769374356177488,False
2016,950791.0,0.34841641563826126,0.13979055343958924,0.5969123759576239,False
2017,951653.0,0.4466825534019475,0.19607052518727924,0.6604255264025536,False
2018,951853.0,-0.02604782626014982,0.8623814684470403,0.9675608103351547,False
2019,952067.0,-0.8008495334752037,0.11559194599930514,0.5667346765232417,False
2020,952089.0,0.1499349153028937,0.7281794677529352,0.9303258535156202,False
2021,953421.0,0.6694977454117655,0.1875767861310073,0.6509418201573159,False
2022,955110.0,0.0669891989312671,0.8302942123524966,0.9615099775262114,False
2023,957485.0,0.7173310620775343,0.15923252068418778,0.6204968918736582,False
2024,957599.0,0.2164932527235468,0.3259969367418218,0.7595399760318685,False
2025,958178.0,-0.4928623410807587,0.01367902385002533,0.27145485172216627,False
2026,958947.0,-0.5264403617498293,0.11887133712380885,0.5737187286540817,False
2027,959565.0,-0.545590130958864,0.28484446689416787,0.7320014925858195,False
2028,959630.0,-0.02549960543913201,0.8802377226473383,0.9715282642945458,False
2029,959933.0,-0.11699362776404056,0.4712742390826711,0.8335061780771449,False
2030,960340.0,-0.06436257824163297,0.7924388366547312,0.9514150539393013,False
2031,960412.0,-0.091928185682677,0.5725832022725796,0.8684576349724981,False
2032,960526.0,-0.3198143449763507,0.6121177656051052,0.8840524674884802,False
2033,961787.0,0.15834015472835727,0.5880734610904607,0.8734774125515554,False
2034,962857.0,-0.013145123206087204,0.9227792948705796,0.9798512045195563,False
2035,962910.0,-0.23140815187614894,0.6268153703676776,0.8915200269052856,False
2036,963075.0,0.19955019222784592,0.5871525154844071,0.8729366305191233,False
2037,964218.0,0.2639983423858413,0.3343948212984701,0.763376610976844,False
2038,964903.0,0.006739191209394944,0.9602995334479023,0.98740659615203,False
2039,965319.0,-0.12257100122448623,0.6001371384528568,0.8781156191211636,False
2040,966208.0,0.08124415177851813,0.7873514440224297,0.9498033211865775,False
2041,966234.0,0.3355858933823163,0.02155517910304048,0.31690116749484026,False
2042,966969.0,0.9009298358219917,0.12445521345508746,0.5778277767557631,False
2043,967403.0,0.5503794203614893,0.19561318493301538,0.6604255264025536,False
2044,967441.0,0.17852025438002211,0.49254958167336244,0.8427231869152169,False
2045,967541.0,-0.5088210824905469,0.4672174805681629,0.8318516335130318,False
2046,968112.0,0.16303362805692762,0.5339366445160431,0.8576105784226076,False
2047,968411.0,0.16026677199667946,0.5025802088908567,0.8465933751828044,False
2048,968417.0,0.2035121223060099,0.43804603426402594,0.8202500779603246,False
2049,969080.0,0.5072967197937295,0.11417952856392277,0.5648200165198141,False
2050,970202.0,-0.5457562569133686,0.11271649378100512,0.5612261687311046,False
2051,970204.0,0.20306368907128866,0.2706077731240026,0.7192574381148501,False
2052,971173.0,0.5248630107300862,0.1387817791356132,0.5951144064220477,False
2053,972172.0,0.1730072342142666,0.23551128376357752,0.6920614470096464,False
2054,973133.0,0.2979294232792187,0.4566685725954236,0.8280802773051409,False
2055,973424.0,0.4052724836431272,0.5176327110366372,0.8523183003093502,False
2056,973713.0,-0.755246297501673,0.05267796231989323,0.4415592903339313,False
2057,973996.0,0.03454949685435814,0.9460564601692641,0.9837573402756359,False
2058,974378.0,-0.8669292371651851,0.14201489791530414,0.6003005128000881,False
2059,974703.0,-0.14326094414555998,0.3182397023646135,0.7541080014266067,False
2060,974868.0,0.52342290267356,0.4029348011044154,0.8041966912947733,False
2061,975790.0,0.07792338469769347,0.9016694015068012,0.9755428439505958,False
2062,976082.0,0.08155127519852476,0.8269795416617212,0.9600579836677524,False
2063,976412.0,-0.4820538217366983,0.49068390396960515,0.8411834771936298,False
2064,976980.0,0.06689397963797557,0.6330239849482074,0.8951816753690016,False
2065,977022.0,0.1364914886786897,0.36421035263676343,0.782358580410545,False
2066,977448.0,0.2026658584004832,0.3947531102895481,0.7994486963046726,False
2067,978382.0,-0.3053186097707283,0.039612440272928685,0.3981417029283712,False
2068,978502.0,-0.03525998385998366,0.921444958126574,0.9797145555436103,False
2069,979062.0,-0.5593104210836319,0.16522969018463995,0.6260273252894473,False
2070,979457.0,-0.22076736358552213,0.23851041568015025,0.693758313881702,False
2071,980111.0,-0.6899071453418738,0.24388295355054831,0.6980925414294573,False
2072,980594.0,0.027192023437019597,0.8779489065434004,0.9713049919519247,False
2073,981355.0,-0.12530362745229692,0.5813934473000837,0.8714479246675516,False
2074,982106.0,0.2101953620865283,0.69348524270383,0.9172129010340102,False
2075,982152.0,0.017291476794829674,0.9659229938646717,0.9889800847870626,False
2076,982410.0,-1.235479465618261,0.03594562134301153,0.37993156735967887,False
2077,982874.0,0.19280387364758456,0.17265768671014628,0.6334101947359447,False
2078,983498.0,-0.16653269845723817,0.3602809413950016,0.7802768613894512,False
2079,983521.0,0.2819395047188787,0.11892470619420321,0.5737187286540817,False
2080,983525.0,0.258810124466859,0.5268169585111943,0.8548586987933043,False
2081,983659.0,-0.14922670776319807,0.5090318147342695,0.8492966548932642,False
2082,983760.0,0.4927511677455736,0.23416421471015417,0.6905223727998842,False
2083,987150.0,-0.011299939601708976,0.9350483618538188,0.9809879530062575,False
2084,987225.0,0.21526447161775616,0.29252445246234465,0.7361146976962936,False
2085,987723.0,-0.08903763702671531,0.5705351983437859,0.8683622515454004,False
2086,987761.0,-0.19903846869551392,0.1841785105000152,0.6461726578730589,False
2087,988395.0,-0.7578729823904015,0.2643054639387684,0.7151340224367982,False
2088,988411.0,-0.03917611105909375,0.9337976720960435,0.9808384810332593,False
2089,989115.0,-0.04665903390453735,0.7634148932270564,0.9409088660356646,False
2090,989184.0,0.12647561499148546,0.3644900837950211,0.782358580410545,False
2091,990715.0,0.17818813868010308,0.3450443130042236,0.7707499487560887,False
2092,990832.0,0.10798367346921595,0.8197688704000282,0.9583442692387846,False
2093,990879.0,0.06137922452652261,0.928145418558432,0.980469186391243,False
2094,990963.0,0.2662567955478129,0.2636972046771946,0.7147294743071265,False
2095,992257.0,0.06836589787816444,0.8641484836064466,0.9675879210193268,False
2096,992652.0,0.12521892366098242,0.5080851076112224,0.8492966548932642,False
2097,992924.0,0.40224623322692643,0.2616512014234199,0.7128949013504352,False
2098,994015.0,0.18092582289158785,0.23374368676426263,0.6904588490122399,False
2099,994018.0,-0.7133914064610005,0.29378893623995983,0.7365078297655344,False
2100,994132.0,0.09504697113462615,0.6146779037498217,0.8846895578366898,False
2101,994285.0,0.15438781012040811,0.4084386818731545,0.805972644709398,False
2102,994777.0,0.10924336093783937,0.5526604762229133,0.8623155770302895,False
2103,994788.0,-0.05420726389710631,0.843413958410144,0.9637209480841885,False
2104,994885.0,0.12123175005506505,0.41924412870190786,0.8107776620451114,False
2105,995401.0,-0.07660898929075466,0.6095814764071615,0.882385241552172,False
2106,995802.0,0.08598560504717567,0.5631374667172984,0.8657580225380044,False
2107,996233.0,0.08803056636474811,0.5594423950928332,0.8647314541601966,False
2108,996359.0,0.04532730229373442,0.7408167840055929,0.9341558075328309,False
2109,996581.0,-0.5410055474398734,0.17931439023661125,0.6417525382090467,False
2110,997015.0,-0.13880885809933,0.3492752334403689,0.7738855824304457,False
2111,997034.0,-0.07658241654332046,0.8103108951429034,0.9562991422300517,False
2112,997043.0,0.06155429958384492,0.6538732259531829,0.9031746203475521,False
2113,997185.0,0.08574795426498728,0.6675192370390103,0.9075481935625836,False
2114,997543.0,-0.5284437194874994,0.1340346506194504,0.5913217812067733,False
2115,997856.0,-0.32832351171737434,0.6431056123878224,0.8987654097409585,False
2116,998212.0,1.6574548463895176,0.015310919483348296,0.2826531139315404,False
2117,998328.0,-0.032441201673844296,0.8130058367186892,0.9562991422300517,False
2118,998661.0,-0.45603511264502766,0.12130890059928974,0.5740413378029969,False
2119,998765.0,-0.025822340767825358,0.8502319422187673,0.9652877795242515,False
2120,999158.0,0.01670604753059804,0.9021674313260325,0.9755954838657185,False
2121,1000280.0,0.03752809791392728,0.8438837060893322,0.9637409394634089,False
2122,1000365.0,-0.04269245633376878,0.9497884835758397,0.9849960818969848,False
2123,1001139.0,1.651985427552821,0.015637987112102403,0.28291725016978597,False
2124,1001836.0,0.024590667684387585,0.8566045986926983,0.9663203947130191,False
2125,1001996.0,0.03493620511991814,0.8012693550417843,0.9537937249403728,False
2126,1002127.0,0.6328027059109456,0.3106815751500045,0.7500706636249796,False
2127,1002828.0,0.04802799125150803,0.7213033687423017,0.927948312245219,False
2128,1002882.0,0.8025686747767666,0.10252699285534514,0.5452868728293834,False
2129,1003053.0,-0.04455784918905152,0.7418286922059766,0.93454149631912,False
2130,1004231.0,-0.6389085731468465,0.16161005068402126,0.6228974303384568,False
2131,1005454.0,-0.11970680824344576,0.7561217334683559,0.9380378872623919,False
2132,1005704.0,-0.0662898366867863,0.8405396041264919,0.9634460491893265,False
2133,1005927.0,-0.04703374243627298,0.8828312385952632,0.9715554662941385,False
2134,1006090.0,0.10298058901334384,0.7544170701437486,0.9376227726597653,False
2135,1006155.0,0.06375891728298208,0.8465588362771828,0.9648673002718204,False
2136,1006708.0,-0.08168299460380654,0.9043849589407682,0.9765342414505161,False
2137,1007139.0,-0.0698666842038593,0.6306533515227117,0.8940636673544143,False
2138,1007329.0,-0.14051846892036193,0.3331422306607897,0.7619593160183042,False
2139,1007421.0,0.0925118905374112,0.8169064005238891,0.9569953569703018,False
2140,1008141.0,-0.10837032232080229,0.45456311513766207,0.827107336072722,False
2141,1008221.0,0.0432138635306511,0.9202609731098255,0.9792542104379494,False
2142,1008773.0,1.6682334613323317,0.014642547252486992,0.27644369447042777,False
2143,1009198.0,0.35888758469994786,0.4755196633771442,0.8354729860580213,False
2144,1009206.0,0.36157161412316396,0.2703237683246354,0.7190014144831173,False
2145,1009454.0,0.2592349408566973,0.5270866887970563,0.8548586987933043,False
2146,1009809.0,0.5211307943624333,0.35157829865621,0.7739129158176716,False
2147,1009981.0,0.06501317524956032,0.8785587468992362,0.9713267665864582,False
2148,1010339.0,-0.15960459238422744,0.29566833341646603,0.7375344037079928,False
2149,1010733.0,0.16060539114143452,0.2601347438927693,0.7122316278740778,False
2150,1011965.0,-0.16003530888611855,0.26688340244923925,0.7172867971063052,False
2151,1012330.0,0.06876935235836945,0.919518934926697,0.9792476793550839,False
2152,1012724.0,1.6376071575407625,0.016580697699121006,0.2926560545105017,False
2153,1012795.0,-0.7097117037378635,0.14718380631651343,0.6064697797232529,False
2154,1013332.0,0.11608822395345432,0.806746939918047,0.9555108654153347,False
2155,1013455.0,-0.5054205941662514,0.2457511210775564,0.7001203055554928,False
2156,1013852.0,0.3078899817941446,0.4797148076612222,0.836275241861246,False
2157,1013921.0,-0.17671024396441926,0.4001535867619079,0.8028690780890388,False
2158,1014915.0,0.1354136565790709,0.3558881161136734,0.7763541116209358,False
2159,1014958.0,0.19447874860829317,0.17631847827084524,0.6381917577959403,False
2160,1016239.0,-0.08506033711278617,0.6847403596736182,0.9123427770046797,False
2161,1016861.0,0.061934767829234294,0.899585016085877,0.9750103389437585,False
2162,1017204.0,-1.2422110433004945,0.034940559527337274,0.37993156735967887,False
2163,1017223.0,-0.20704974525969483,0.12035912163515015,0.5737187286540817,False
2164,1017967.0,0.9356981859554249,0.11009438168118743,0.5563661606840268,False
2165,1019199.0,-0.9667688935881391,0.04879794127215357,0.4287178363246204,False
2166,1019250.0,-0.4262933004611832,0.009653813879423927,0.24216297347177232,False
2167,1019991.0,-0.19638074876921485,0.1408146320725005,0.598882652248089,False
2168,1020368.0,0.11773460306355837,0.803936677345079,0.954575873176639,False
2169,1020396.0,0.4072761055581901,0.33564567211858864,0.7639827575691507,False
2170,1020397.0,0.8295910475587265,0.13805526142457014,0.593337341151028,False
2171,1020536.0,0.7786379510265375,0.21639350309315403,0.6765068467568709,False
2172,1020863.0,0.26686806004173136,0.6122021261352646,0.8840566820803907,False
2173,1021107.0,-0.16837878064850748,0.20281539914919147,0.6674515754577952,False
2174,1021257.0,0.16343677045118932,0.21992883792238146,0.6770911517578009,False
2175,1021338.0,0.17800794156775016,0.18176809198274857,0.6441699766479713,False
2176,1021450.0,-0.01200448174916674,0.9499500016726667,0.9850206068769393,False
2177,1021537.0,0.15448056591989487,0.24376647243091867,0.6979913105348515,False
2178,1021993.0,0.4148874145969452,0.2714505074890116,0.7209244556972639,False
2179,1022057.0,0.12272993672276901,0.36085087816479844,0.7802768613894512,False
2180,1022076.0,0.1862605905546967,0.6313164387044052,0.8941727481910646,False
2181,1022492.0,-0.19220896473018062,0.14757955307253115,0.6066749561890333,False
2182,1022750.0,0.528164593705672,0.31447162658804156,0.752394282767073,False
2183,1023274.0,0.19644498091218818,0.14183907237743887,0.5999933164041444,False
2184,1023331.0,-0.27511877312475475,0.09103270670263708,0.5251168311226758,False
2185,1023492.0,0.3591879355045517,0.4752901860225015,0.8354729860580213,False
2186,1023635.0,-0.39492717743127914,0.5317246942815872,0.8572879931601436,False
2187,1023935.0,0.05818920560666829,0.8842064580317348,0.9715554662941385,False
2188,1024031.0,-0.5363707445377787,0.33195444963185383,0.7618284082437468,False
2189,1024499.0,-0.12240052761005576,0.8105909993583873,0.9562991422300517,False
2190,1024735.0,-0.07851311910159942,0.6631785890283229,0.9073242860276302,False
2191,1026225.0,0.36430652751159476,0.47712815978039025,0.836033280777423,False
2192,1026712.0,0.1129324926554703,0.38231977699214637,0.793872464971652,False
2193,1026757.0,-0.46520070603149793,0.4324969516103241,0.817265787897664,False
2194,1031077.0,0.223938703142116,0.25596966795110515,0.7122316278740778,False
2195,1031329.0,0.12305556843493909,0.5485547439090017,0.861556437479399,False
2196,1031584.0,0.5552703142018596,0.378768944619854,0.7928914498036046,False
2197,1031791.0,-0.0015926941096373326,0.9906809339811079,0.9974218176556843,False
2198,1031975.0,0.04414076856384569,0.7545285023488078,0.9376539087574479,False
2199,1032873.0,-0.014369700481306744,0.9201456732835344,0.9792542104379494,False
2200,1033433.0,0.19144170769121094,0.3445976809677424,0.7707499487560887,False
2201,1033438.0,-0.44126233293260747,0.3671866328187549,0.7836090035992315,False
2202,1034079.0,0.12243957208550317,0.7962275171996187,0.9517271275695582,False
2203,1034732.0,0.06707601311089023,0.6373085754557969,0.896630879699186,False
2204,1034917.0,-0.15428785499389647,0.2919092610000065,0.7358825469356912,False
2205,1035167.0,-0.2283396432232217,0.17496211048268,0.6357846474802091,False
2206,1035760.0,0.10202684836082779,0.5944158155939588,0.8756136496013212,False
2207,1036174.0,-0.030741252792585314,0.8281221752028987,0.9605969450552966,False
2208,1037303.0,-0.04725266831323645,0.9053381426807832,0.9765741420034114,False
2209,1037395.0,0.07130897931713176,0.714298468786058,0.9246017026797829,False
2210,1038073.0,0.016963840087033125,0.9062765572614325,0.9765741420034114,False
2211,1038147.0,0.07106612811167921,0.6980366870205811,0.9180098543153365,False
2212,1038305.0,0.045587281940108554,0.9386373085499274,0.981968772581868,False
2213,1039921.0,-0.3412437002766737,0.5037332695972753,0.846967881269892,False
2214,1040478.0,0.5678030259905558,0.2301252264975262,0.6884053125168826,False
2215,1040628.0,0.06443208512742755,0.6490006409509999,0.900882603263824,False
2216,1040900.0,-0.9541304311108709,0.00831983955182071,0.23097661978264397,False
2217,1041998.0,-0.05409249518097778,0.6969819152289176,0.9177219956881495,False
2218,1042103.0,0.0669187080647552,0.8997103556938468,0.9750103389437585,False
2219,1042251.0,-0.4276973694664674,0.13097513848115921,0.5879491584054558,False
2220,1042414.0,-0.0821828936194155,0.5604880545337262,0.8649229025744979,False
2221,1042572.0,0.07719966402838131,0.9096915525545968,0.9779245278280081,False
2222,1042763.0,-0.04036946843596026,0.9396874625124244,0.9823100352053512,False
2223,1042772.0,0.054349021631686256,0.936146330880854,0.981230191995791,False
2224,1042978.0,1.2040692006324965,0.031212244603018784,0.3659261734679848,False
2225,1044564.0,0.30260641168672603,0.6556436646219943,0.9042157216790326,False
2226,1044629.0,-0.044554602432256035,0.7491767544366,0.9361117074520717,False
2227,1044876.0,-0.8221167851544209,0.07774439058483737,0.4975916036547227,False
2228,1045045.0,0.07339963912372255,0.5976129041771562,0.8773049177458756,False
2229,1045850.0,-0.09576101814972329,0.819702078002764,0.9583442692387846,False
2230,1046006.0,-0.07597768052246599,0.5832152920846098,0.8718691584476853,False
2231,1047133.0,0.11225975043457169,0.8592488776437122,0.9672718489584977,False
2232,1047890.0,0.18743713330537182,0.36131232498896154,0.7807337185922283,False
2233,1047901.0,-0.47231701361024725,0.3010617072936919,0.7426419360409551,False
2234,1047960.0,-0.867268022784133,0.06228126898234751,0.45993818632174055,False
2235,1048243.0,0.20892280793301304,0.3116369132149846,0.7500706636249796,False
2236,1048819.0,0.19482227339829322,0.3461691056274205,0.7714166572074814,False
2237,1048992.0,0.25221312226069925,0.7101091179340184,0.923403145108083,False
2238,1049535.0,-0.08932690622422737,0.5096345974582875,0.8493441875876211,False
2239,1049642.0,-0.20279133463805238,0.7652363982237409,0.9411867429947561,False
2240,1049788.0,-0.5755539755250325,0.3617133098912661,0.7807337185922283,False
2241,1050545.0,0.1968152969112943,0.6649310612127689,0.9073242860276302,False
2242,1050767.0,0.16629432891455007,0.39161833644255295,0.7986420244171829,False
2243,1050804.0,-0.16115346383269352,0.40678754552005997,0.8057808041277831,False
2244,1050923.0,-0.20968202050083062,0.28003409541039764,0.7286122017449345,False
2245,1051398.0,-0.35607464171614833,0.4077218894535955,0.805972644709398,False
2246,1051618.0,0.09937535070727427,0.7577301165911525,0.9391311287281973,False
2247,1051697.0,-0.12908870698631508,0.5153381980896167,0.8523183003093502,False
2248,1051733.0,0.025553085343641625,0.8546599990234551,0.9659781140737989,False
2249,1052496.0,0.0975003258803892,0.6070104178105862,0.8816026338418401,False
2250,1053314.0,-0.5169107910541055,0.24305017789519293,0.6976354542208155,False
2251,1053408.0,-0.05678060321347228,0.7630314211000958,0.9408424436199448,False
2252,1053486.0,-0.02437023895244561,0.9602416192522812,0.98740659615203,False
2253,1053598.0,0.06392553834104359,0.7313283741826987,0.9316102179259985,False
2254,1054026.0,0.29876157190245867,0.2149749326898735,0.676002622601767,False
2255,1054321.0,0.1402814500334274,0.40952031707133874,0.8065237465737811,False
2256,1054349.0,-0.1442372026676784,0.3985224447953505,0.8023052415709608,False
2257,1054427.0,0.13258009044198055,0.4363161336485603,0.8196881490807214,False
2258,1054502.0,-0.10178335662119495,0.550197156469295,0.861556437479399,False
2259,1054713.0,0.06853590151236341,0.7150215013337228,0.9249186671165086,False
2260,1055351.0,-0.5585737388801798,0.2734587733765783,0.7228476083555494,False
2261,1055718.0,0.1597342375512708,0.34925628464186964,0.7738855824304457,False
2262,1055833.0,0.16916363863637157,0.6625197647573341,0.9071135022392084,False
2263,1056427.0,0.3520875244979575,0.4838486060461259,0.8381494861043672,False
2264,1056945.0,-0.14586264762388246,0.35534764291689475,0.7761545531572818,False
2265,1058414.0,-0.14641873544966333,0.39445668898389663,0.7991807636586509,False
2266,1058502.0,-0.03059572658386657,0.842943920487688,0.9636462760176205,False
2267,1058536.0,-0.07993412551059265,0.61192655698659,0.8839885460749226,False
2268,1058588.0,-0.09232515159383797,0.5914115374611671,0.8751488560965182,False
2269,1059107.0,-0.05705688649647205,0.7117888021929613,0.9239164152407624,False
2270,1059495.0,-0.3192385382701025,0.05190319559943103,0.43962901361320095,False
2271,1059651.0,-0.1979591746214347,0.21153971415790346,0.6724051529089434,False
2272,1059767.0,-0.37058654977814104,0.30162189980475423,0.7429329980441587,False
2273,1059808.0,-0.0895326594991786,0.6059602092821029,0.8809696809511696,False
2274,1059938.0,0.27647134756621483,0.6388092406016729,0.8978731460224212,False
2275,1060135.0,-0.28278800650673447,0.07445627536534304,0.4916202179950721,False
2276,1060814.0,-0.3177217123462731,0.35621532111349025,0.7763661792220968,False
2277,1061539.0,0.10409396497013854,0.7855453347747192,0.9495840629993394,False
2278,1061747.0,0.6626625733768137,0.21026160726881163,0.6719345997043235,False
2279,1062419.0,-0.248862146261871,0.11799057611243752,0.5717617792699213,False
2280,1062678.0,-0.22372616311568522,0.1626294735151648,0.6231332074198298,False
2281,1062948.0,0.5436923230059595,0.22013475497807128,0.6770911517578009,False
2282,1062994.0,0.13063610428394729,0.8360689324697858,0.9634460491893265,False
2283,1063739.0,-0.31466717754550555,0.0498283579901873,0.43167917193168703,False
2284,1063849.0,-0.20541153007986243,0.16592327026285977,0.6279982436693209,False
2285,1063926.0,0.3179528693798183,0.04756509435699314,0.42531188065469744,False
2286,1064218.0,0.3315515490934383,0.03856010981973671,0.39413370253600943,False
2287,1064443.0,-0.2542945224593709,0.3728740913495036,0.7883810404360853,False
2288,1065529.0,-0.14584016401076394,0.37695685106363336,0.7917698564813739,False
2289,1066202.0,0.40363533908017346,0.2696501541027503,0.7190014144831173,False
2290,1066203.0,-0.4072627709871399,0.4672811795924938,0.8318516335130318,False
2291,1066389.0,-1.227888288543725,0.03718438780865753,0.3868522124416003,False
2292,1067111.0,0.08524306243127383,0.8655193013687479,0.9675879210193268,False
2293,1068861.0,0.0898010914169114,0.8583911424350376,0.9669817197107029,False
2294,1068961.0,0.37303572889552283,0.32117258354229083,0.7565659242875616,False
2295,1070043.0,0.16410134097433296,0.6027291416198892,0.8788192986214016,False
2296,1070644.0,0.5154119567682309,0.3899411253683698,0.7974827579363871,False
2297,1071686.0,-0.10492102449716753,0.5839440378921522,0.872259877710102,False
2298,1071923.0,-0.43881113346115364,0.2071743139453534,0.6699336305223969,False
2299,1071969.0,-0.15533375072429856,0.8053477663781378,0.9551811963394444,False
2300,1072471.0,0.34396273273271827,0.04496680819230453,0.41944992650514185,False
2301,1072550.0,-0.4353812619047661,0.21108237346172276,0.6724051529089434,False
2302,1072838.0,0.15037177439456112,0.5136549315272598,0.8519831921888235,False
2303,1073732.0,-0.18790864974890986,0.2635695094185654,0.7147294743071265,False
2304,1073863.0,0.04857214283004649,0.9310667584492789,0.980469186391243,False
2305,1075043.0,-0.4303916483503862,0.226052936926536,0.6856069371133032,False
2306,1075309.0,0.555173079060332,0.0022459052742487724,0.13851875995437743,False
2307,1075799.0,-0.24700264233843192,0.22799051927744574,0.6863868669512747,False
2308,1075892.0,0.44841634816177667,0.06213312007060789,0.45993818632174055,False
2309,1075927.0,0.07931755087823955,0.8666354510795288,0.9676604861224056,False
2310,1075939.0,0.47757665182196485,0.01756290423186664,0.3032647161042293,False
2311,1075970.0,0.5226718663031151,0.37687194881215325,0.7917698564813739,False
2312,1076345.0,-0.3990023920493212,0.4535977866866091,0.827107336072722,False
2313,1076415.0,0.05800269925072177,0.7849009584588806,0.9495263461574891,False
2314,1076509.0,0.31870712377673227,0.11276225462943706,0.5612261687311046,False
2315,1077429.0,0.3563855711230832,0.16978926824958382,0.6327386388128744,False
2316,1077815.0,0.29564339580183024,0.6157294303111855,0.8848477049425529,False
2317,1078107.0,1.4300119447585082,0.0103993499032664,0.24701300481390978,False
2318,1078573.0,0.12020908100150318,0.6137072706755897,0.8846175297597576,False
2319,1079179.0,0.41963432536444,0.01412333577519574,0.27374222964768075,False
2320,1079745.0,0.2998385103324704,0.15360469551079983,0.6136508535657775,False
2321,1080337.0,0.1552079765937187,0.7515726879641088,0.9364451628145203,False
2322,1080459.0,-0.34470228409446546,0.018966616513138062,0.30719579336774433,False
2323,1080525.0,0.1554930926142156,0.3007146380406543,0.7426419360409551,False
2324,1081136.0,-0.117152432496965,0.49055053892020667,0.8411834771936298,False
2325,1081849.0,0.3941907167567986,0.12338826555780934,0.577325007552154,False
2326,1082696.0,0.40667348205935344,0.11554011701158123,0.5667346765232417,False
2327,1082795.0,-1.2221230152016433,0.0380476225370794,0.39110505931817885,False
2328,1083149.0,0.3844515375556212,0.5159103236113239,0.8523183003093502,False
2329,1084324.0,-0.1319501790179115,0.3329114786642498,0.761838166360956,False
2330,1084552.0,0.31271027850932187,0.03957562349425632,0.3981417029283712,False
2331,1084909.0,0.21039223569556623,0.24429620801680044,0.698341125592551,False
2332,1085073.0,0.22211470377681175,0.20957918585590082,0.6717455762185766,False
2333,1085116.0,-1.0515560056183273,0.031101158821802373,0.3659261734679848,False
2334,1085224.0,0.2757330519924216,0.4652689153456257,0.8309149550847598,False
2335,1085780.0,-1.0975945647805139,0.06277436157480974,0.4609863092649072,False
2336,1085979.0,-0.4993113360695172,0.34898223316422944,0.7738855824304457,False
2337,1086084.0,-0.452556422016478,0.3215126492935972,0.7565659242875616,False
2338,1086091.0,0.3347494631509672,0.19034518822614904,0.6542282527963084,False
2339,1086124.0,0.3168337073354893,0.5536759494486856,0.863031652967473,False
2340,1087319.0,0.03251313890419083,0.9025100429304063,0.9756121796021419,False
2341,1087691.0,-0.0728210332838377,0.5816129333790296,0.8715362219532533,False
2342,1087715.0,-0.12757570083505407,0.3566148726860255,0.776856338659701,False
2343,1087848.0,0.15927952077236976,0.7052399698644051,0.9210550950890554,False
2344,1088090.0,0.04492362315383425,0.7449582986208179,0.9355350047944941,False
2345,1090240.0,-0.024738358789910084,0.8645814306148325,0.9675879210193268,False
2346,1090729.0,0.4537213975215493,0.39646098578038136,0.8003041606352088,False
2347,1091563.0,0.2717283544672895,0.24318066005591435,0.6976354542208155,False
2348,1091701.0,0.13823191127097448,0.7426397924687912,0.93454149631912,False
2349,1093039.0,0.5935158979611086,0.382288266708345,0.793872464971652,False
2350,1093254.0,0.05115307532963279,0.7218626716546891,0.927948312245219,False
2351,1093893.0,0.09496115465699531,0.6602720559386351,0.9065587107530843,False
2352,1094056.0,-0.06005279356531225,0.6759972734894325,0.909321074121257,False
2353,1094323.0,0.07771963320011104,0.588827540719826,0.873943371747765,False
2354,1094391.0,-0.03249544950623129,0.8205451374210886,0.9587668564304226,False
2355,1095125.0,0.10517627690671962,0.8772392319608645,0.9713049919519247,False
2356,1095574.0,-0.42136876482878005,0.30285613414516593,0.7453357460944776,False
2357,1095602.0,-0.15564116960107416,0.28809254924877664,0.7336391967546332,False
2358,1096110.0,0.2807239907771175,0.20283484887806905,0.6674515754577952,False
2359,1096635.0,-0.36598916261027925,0.1058121673695071,0.5495651085148323,False
2360,1097155.0,-0.3270484373620993,0.1380718676874709,0.593337341151028,False
2361,1097251.0,0.322014473911693,0.6151749291045004,0.8846983356740392,False
2362,1097583.0,-0.17166154422700808,0.24036921159717625,0.6955905177539525,False
2363,1097623.0,0.20891604685083492,0.4959334996202322,0.845271373031333,False
2364,1097877.0,0.037010912067201744,0.8027253245197301,0.9542387816644899,False
2365,1098011.0,-0.2583407845933958,0.24112216472352216,0.6958991428734941,False
2366,1098034.0,-0.018540147047957346,0.9781210967956612,0.9922901407212058,False
2367,1098367.0,0.37314902397897387,0.34310520538348843,0.7697365091508926,False
2368,1098510.0,0.5938986572468368,0.0063554692900069515,0.20471400339176693,False
2369,1099391.0,-0.10291125224011125,0.4988373844641038,0.8463587634741259,False
2370,1100177.0,0.48837728151091164,0.3827116176136946,0.793872464971652,False
2371,1100413.0,-0.42481093263955777,0.5005640959469265,0.8463587634741259,False
2372,1100432.0,0.6201996102157348,0.18947305076143967,0.6534576340818602,False
2373,1100446.0,0.1629616664551543,0.7060926316477187,0.9213409684500524,False
2374,1100452.0,0.04232492385506202,0.7592045845649089,0.9396996311803976,False
2375,1101292.0,0.020103341492187565,0.8912571846253459,0.9715554662941385,False
2376,1101332.0,-0.41169041381706484,0.20337080941565372,0.6683869169465031,False
2377,1101372.0,-0.03278461249193671,0.8553564520088234,0.9662133610847459,False
2378,1102698.0,-0.06083724582707424,0.771437836222112,0.942907072648466,False
2379,1102854.0,0.0013560687966704676,0.9948764755957508,0.9978514955244303,False
2380,1102957.0,-0.47865465928201406,0.13439568044777755,0.5913217812067733,False
2381,1103398.0,-0.09844548575391852,0.6599433741200131,0.9063707607994965,False
2382,1104072.0,-0.06601801998784435,0.7533046852326174,0.9369830611233667,False
2383,1104536.0,-0.023245850810083388,0.9139846475730251,0.9780768416185518,False
2384,1105088.0,0.11044524858528237,0.6027461702658992,0.8788192986214016,False
2385,1105454.0,-0.5468719133997403,0.09137548285096703,0.5255874660721358,False
2386,1105677.0,0.036393900035237764,0.7980502955350384,0.9522739318492736,False
2387,1105952.0,0.7330390572548136,0.18837343049472602,0.6520085300768195,False
2388,1106262.0,0.014831868305776333,0.9135860702393388,0.9780768416185518,False
2389,1106274.0,0.025945705613036836,0.8601201198501298,0.9673232388078283,False
2390,1106287.0,-0.05494445137251214,0.7927725179154261,0.9514150539393013,False
2391,1106555.0,-0.20930116530318885,0.565853930756162,0.8667602604228439,False
2392,1106733.0,-0.08022050139367431,0.9061850408077989,0.9765741420034114,False
2393,1106752.0,0.05637720566860295,0.6944464086014596,0.9172129010340102,False
2394,1108199.0,0.6350219783921468,0.1742054533866524,0.6351457866862356,False
2395,1108340.0,-0.7019668962339961,0.26575238120915784,0.7164774883122258,False
2396,1108752.0,-0.11135240731236255,0.592655920916523,0.8751700088195891,False
2397,1109712.0,-0.16194015631650333,0.3230961978988865,0.7574965935620762,False
2398,1110018.0,0.18542196840261907,0.2200545163994076,0.6770911517578009,False
2399,1110174.0,-0.11715388204785213,0.4724727583783442,0.8343574447640342,False
2400,1110458.0,-0.18891831643565954,0.2457999525077829,0.7001203055554928,False
2401,1110771.0,0.1621454189590008,0.7407628371456968,0.9341558075328309,False
2402,1110794.0,-0.1406497042536451,0.386266527190641,0.7955896115495888,False
2403,1111620.0,-0.13030237476037104,0.4221369573416542,0.8120320170022428,False
2404,1111953.0,0.3408783073926798,0.5944225950776947,0.8756136496013212,False
2405,1112368.0,0.17443415406507098,0.23029255589469694,0.6884053125168826,False
2406,1112775.0,-0.16664565034392242,0.31087841639296865,0.7500706636249796,False
2407,1112917.0,0.16108322981798978,0.6835220009538604,0.9119708047766516,False
2408,1113566.0,-0.1216613330828364,0.40064537334865236,0.8028690780890388,False
2409,1113841.0,-0.5265045186168253,0.24424321476297164,0.698341125592551,False
2410,1114895.0,0.07018172521479045,0.667995829914242,0.9076534063952338,False
2411,1115129.0,0.20611827856167636,0.5607730188024077,0.8649229025744979,False
2412,1115926.0,-0.14258892786870503,0.3636427006896834,0.781651785343864,False
2413,1116159.0,-0.17104410379686485,0.5355030190549768,0.8576728524898041,False
2414,1116367.0,-0.11842864901946237,0.4547071418247218,0.827107336072722,False
2415,1116811.0,0.15961055190089785,0.6795305078107255,0.9103868587663131,False
2416,1116854.0,0.23058847980289437,0.3645303536571855,0.782358580410545,False
2417,1117037.0,0.2324886842804447,0.5163134120595001,0.8523183003093502,False
2418,1117289.0,-0.16589734634859182,0.290772607529583,0.7347817428347406,False
2419,1117393.0,-0.019487012731110656,0.976996594356828,0.991933906401308,False
2420,1117411.0,-0.1257799237713081,0.42865135330020016,0.8150308677539196,False
2421,1117553.0,-0.13902897907903275,0.37791478586656135,0.7924383259684544,False
2422,1118646.0,-0.35137754787315795,0.3716990471320707,0.7871929425979974,False
2423,1118726.0,-0.09721426935074652,0.5400595723882158,0.8588858678675815,False
2424,1119882.0,0.0320397328644611,0.8241651556123922,0.9599051455556222,False
2425,1119970.0,0.039155151587002404,0.785103711188251,0.9495840629993394,False
2426,1120646.0,0.1389677316855283,0.31323073757383507,0.7515737525119318,False
2427,1120833.0,0.23116702608362477,0.35126462140734066,0.7739033942340068,False
2428,1120871.0,-0.15839869445898558,0.4631234699916316,0.8299525085907634,False
2429,1121398.0,-0.18013937211798237,0.40260805990847226,0.8041966912947733,False
2430,1121822.0,0.3536024054437844,0.5276307747586708,0.8548586987933043,False
2431,1121894.0,-0.5426115949512079,0.050222396380970334,0.4337427125638381,False
2432,1122511.0,-0.39350300691581375,0.562152220973117,0.8654321881524869,False
2433,1123120.0,0.7590243779732024,0.2626701755436997,0.7138920269220983,False
2434,1123154.0,-1.1581273474161895,0.048359758880868825,0.4274797904330872,False
2435,1123423.0,-0.0919092930697998,0.6724702568667305,0.9084834646282961,False
2436,1123670.0,0.004361891332000781,0.9748554037102477,0.9914577565214744,False
2437,1124001.0,-0.0742973078038798,0.7310740717384598,0.9316102179259985,False
2438,1124410.0,-0.2852591197011208,0.10953641855099987,0.5556502612494308,False
2439,1125180.0,-0.09143838225455758,0.6711723444473477,0.9078238198617231,False
2440,1125237.0,-0.49080979451384593,0.07859529446900497,0.49976037191002765,False
2441,1125877.0,0.8925822394397829,0.02257781510197759,0.3216831446559938,False
2442,1126137.0,0.4129421142401679,0.4622839705027984,0.8299525085907634,False
2443,1126171.0,-0.052695407799566774,0.700708266938123,0.9190920692524244,False
2444,1126461.0,0.1993361231246264,0.23132169161271557,0.6891339236925826,False
2445,1126610.0,0.18339096371938257,0.20665050979826466,0.6697153128306306,False
2446,1126622.0,-0.7666782951505093,0.05276201805863299,0.4419226126747385,False
2447,1126644.0,-0.37572991166024877,0.025814073848697088,0.3433967789554006,False
2448,1127104.0,-0.25884920393521504,0.1495156323246257,0.6083247873752656,False
2449,1127518.0,0.08482226970247025,0.8000794051440268,0.9535421544618369,False
2450,1127870.0,-0.13412569232935362,0.509199522096841,0.8492966548932642,False
2451,1127995.0,0.24162789656722167,0.0945500990829296,0.5311815545212475,False
2452,1128021.0,0.18539495541024512,0.20119944721261115,0.666620536053159,False
2453,1128959.0,0.11375987716471127,0.5728259123712178,0.8684576349724981,False
2454,1129133.0,0.18718211261412576,0.3539437891557937,0.7752862471043848,False
2455,1129213.0,-0.14973045391120463,0.4546826257705379,0.827107336072722,False
2456,1129267.0,1.6717340950215098,0.013641331773529155,0.27145485172216627,False
2457,1129315.0,0.14865681085280238,0.4617450805596001,0.8299525085907634,False
2458,1129444.0,-0.1113724801919142,0.43190159986280985,0.817265787897664,False
2459,1129614.0,-0.22577723153959645,0.26013213465985724,0.7122316278740778,False
2460,1130000.0,-0.8636037168517819,0.1703521777988076,0.6327386388128744,False
2461,1130551.0,0.1746784547630063,0.3937729701969268,0.7991036813399963,False
2462,1130820.0,-0.18742313110918096,0.35238539771201294,0.7742173185987308,False
2463,1131122.0,0.0954243434809841,0.6389773645660247,0.8979931761217244,False
2464,1131128.0,1.1122838099834478,0.06102939697787764,0.45814253402134286,False
2465,1131167.0,0.7017090533938495,0.20978512237503222,0.6717455762185766,False
2466,1132049.0,-0.08464411035115454,0.6748517711466249,0.909321074121257,False
2467,1132059.0,-0.11297332613098579,0.5748976021835074,0.8692161534783692,False
2468,1132104.0,-0.12429151557708769,0.538124241436062,0.858511186160994,False
2469,1132324.0,-0.09720286579328977,0.4690388258537738,0.8330197078931143,False
2470,1132545.0,0.11466926363792772,0.572982702422799,0.8685556814410674,False
2471,1132925.0,-0.12213969516512363,0.546228019760744,0.8613717678697657,False
2472,1133283.0,-0.10468371100485359,0.6042174539383222,0.8796497339540642,False
2473,1133549.0,-0.1692413556895797,0.22802923328932148,0.6863868669512747,False
2474,1133868.0,0.5249252010027788,0.4418869726630868,0.8217719870237806,False
2475,1134068.0,0.35566188646906083,0.5744370086681444,0.8692161534783692,False
2476,1134360.0,-0.10649183631896461,0.4436090085962677,0.8231411603952966,False
2477,1134492.0,-0.45537531580462537,0.17748521034516637,0.6403352865024031,False
2478,1135105.0,-0.043973001002569345,0.8433974724759243,0.9637209480841885,False
2479,1135614.0,0.6967299634683117,0.21571911093937715,0.6761856625027257,False
2480,1136236.0,0.343034914633563,0.5924417669925196,0.8751488560965182,False
2481,1136487.0,0.24945607124278257,0.14140290026546568,0.5991133811013387,False
2482,1137065.0,0.1111314746818986,0.6496890882705088,0.9009742780499534,False
2483,1137350.0,-0.2630109098102587,0.2718474859403968,0.7209637087424889,False
2484,1137495.0,0.19140087565811997,0.4165379390540916,0.8099428239619001,False
2485,1138135.0,0.0886626668935251,0.6825879943834124,0.9118253358395203,False
2486,1138864.0,0.16416457672239457,0.23260981100266107,0.6904588490122399,False
2487,1138898.0,-0.608717553928826,0.2525468852489279,0.7084776483854288,False
2488,1138937.0,-0.23177537022356093,0.2150704202230393,0.676002622601767,False
2489,1139123.0,-0.16029888000898113,0.40433719438609994,0.8044501915434594,False
2490,1139133.0,-0.2996492263512602,0.44620512590823247,0.8232367525618602,False
2491,1139205.0,-0.3315279208533789,0.07861171652838266,0.49976037191002765,False
2492,1140379.0,-0.22820181725052593,0.22271102351984304,0.679653685776749,False
2493,1140548.0,0.13310570441869365,0.31845518917914006,0.7541080014266067,False
2494,1141937.0,0.04255475124923177,0.8552700904475938,0.9662133610847459,False
2495,1141951.0,-0.23401243107175967,0.4110798020383864,0.8068541448197881,False
2496,1143583.0,0.04801497425465753,0.7471017179381221,0.9360625908745066,False
2497,1144683.0,0.3128293642731435,0.22007984235020214,0.6770911517578009,False
2498,1144684.0,0.3712572189634331,0.14219187473964423,0.6004928972009538,False
2499,1145040.0,0.27636300193230295,0.5940556347757394,0.8756136496013212,False
2500,1145311.0,-0.4975806144346652,0.3935845191708094,0.7991036813399963,False
2501,1145367.0,-1.464147191288835,0.030217484806279976,0.36163650120476953,False
2502,1145383.0,-0.05467909933817766,0.7672717220392186,0.9416926853113828,False
2503,1145390.0,-0.24946709449247234,0.4174922992539447,0.8099428239619001,False
2504,1145693.0,1.497486705381652,0.027371597412084576,0.3488786074460197,False
2505,1146214.0,0.06410421888548296,0.7340857445999486,0.9327853690121147,False
2506,1146820.0,-0.035483197039884756,0.850462413607089,0.9652877795242515,False
2507,1147565.0,-0.6859863220302427,0.21924812794134801,0.6770911517578009,False
2508,1148273.0,0.24842954252485763,0.42472071187583316,0.8133064069190015,False
2509,1148276.0,-0.26324897527673674,0.4147461998869083,0.8093779547822847,False
2510,1148623.0,-0.2843828803907633,0.3777827755636035,0.7924383259684544,False
2511,1148778.0,-0.5655106115230278,0.33917857078725727,0.7672743434313809,False
2512,1148979.0,-0.40704985556308837,0.11993126664748824,0.5737187286540817,False
2513,1149570.0,-0.4201309714934705,0.06710029435037809,0.4747319460720438,False
2514,1149571.0,-0.5438203200452937,0.018126573670787308,0.30355434210359833,False
2515,1150249.0,-0.2241444339174684,0.15626489110650682,0.6177186427389408,False
2516,1150533.0,-0.16281207281697332,0.7403125095421351,0.9338863789750003,False
2517,1150640.0,-0.4047540095180164,0.08592005483356603,0.5191442983289968,False
2518,1150829.0,0.4185497368421663,0.45633085657242184,0.8280802773051409,False
2519,1151107.0,-0.5232357342219381,0.04710804531340594,0.4247591345526459,False
2520,1151130.0,0.34214485874423645,0.02932506353887887,0.35931863042965817,False
2521,1151373.0,-0.5213225349026414,0.23867142461316287,0.693758313881702,False
2522,1151467.0,0.4005096676333815,0.475979206588034,0.8354729860580213,False
2523,1151587.0,-0.6017834844015618,0.30996104458776447,0.7497303448026011,False
2524,1151612.0,0.355383104313866,0.14292251436887443,0.6024947159122842,False
2525,1152453.0,-0.14410118803498467,0.4876624588504452,0.841153810601986,False
2526,1153066.0,-0.3059479837806365,0.1956915206860719,0.6604255264025536,False
2527,1153265.0,-0.21470944959826704,0.2372117040678683,0.6934129767065279,False
2528,1153348.0,0.23900060955202554,0.0741698493318247,0.4916202179950721,False
2529,1153548.0,-0.7503875350022489,0.06984337405893447,0.4832057523325262,False
2530,1153594.0,-0.20832841899120294,0.5250734621651839,0.8545579818988862,False
2531,1153821.0,-0.12552605943720066,0.36029144808232827,0.7802768613894512,False
2532,1153961.0,0.897864533712943,0.0021124378777135013,0.13568350983775182,False
2533,1154273.0,0.14422401195108298,0.4563171039835152,0.8280802773051409,False
2534,1154517.0,0.23756682521993455,0.7267453386852601,0.9293405547361897,False
2535,1154538.0,0.40932050140201703,0.37268411187826433,0.7882864447464067,False
2536,1154860.0,0.41693857833842407,0.4580106015664834,0.8286175133340294,False
2537,1155744.0,-0.2804157730375701,0.6573590261960318,0.9047058974448053,False
2538,1157744.0,-0.8207544221348022,0.16429916244330808,0.6250535814420386,False
2539,1158342.0,-0.21107848966518433,0.5223183755141121,0.8540090324153767,False
2540,1158435.0,0.4093699130615435,0.03161131717362655,0.3669955592724237,False
2541,1158792.0,-0.23054874209766726,0.3011590766685961,0.7426419360409551,False
2542,1160543.0,-0.08041400482514652,0.6144358950955017,0.8846175297597576,False
2543,1160552.0,0.03476825929737552,0.8232069310338779,0.9599051455556222,False
2544,1160560.0,0.6979234924217933,0.21519275470482677,0.676002622601767,False
2545,1160841.0,0.041460650849138914,0.7901531597284017,0.9508993956598449,False
2546,1160894.0,0.08719537152341741,0.6686682895576145,0.9077811212642927,False
2547,1162309.0,0.05253302886708347,0.7335994492169867,0.932570795321512,False
2548,1162513.0,-0.22195700629401302,0.3215143812748523,0.7565659242875616,False
2549,1163155.0,0.11504914533722638,0.5466077671825951,0.8614159882464039,False
2550,1164203.0,-0.6198886714559467,0.1834733680121461,0.6453672747154393,False
2551,1164631.0,-0.14288211768168602,0.6653919105236151,0.907390601599729,False
2552,1165058.0,-0.09824091704492494,0.5418437703361701,0.8597029622364961,False
2553,1165857.0,0.7651033518749057,0.197399430089048,0.6617395851783792,False
2554,1165871.0,-0.6885309296105254,0.08454878710035822,0.5172421896452702,False
2555,1166638.0,0.11885249429073119,0.6714698357916195,0.9079229032782797,False
2556,1167099.0,0.26256628217906547,0.10026601939017027,0.5410562434897381,False
2557,1167334.0,0.12483528709266821,0.5242210953124092,0.8544906969178123,False
2558,1167370.0,-0.4237798556629317,0.583800361608081,0.872259877710102,False
2559,1168642.0,-0.13662692871183632,0.42494326663361265,0.8133064069190015,False
2560,1169106.0,0.3069967471895151,0.059352268347825456,0.4539188713640068,False
2561,1169451.0,0.3403538659873063,0.16686953532998516,0.6285379148611759,False
2562,1169619.0,-0.4106550309215411,0.17945748368324294,0.6417525382090467,False
2563,1169626.0,0.3189055533689239,0.19540986625718249,0.6604255264025536,False
2564,1170071.0,-0.06879810063703416,0.8792028464373363,0.9714705650826381,False
2565,1171004.0,0.1924956004934662,0.47580959291784436,0.8354729860580213,False
2566,1171376.0,0.44407013137543994,0.007356530009197168,0.2175889189368808,False
2567,1172368.0,-0.435787210873177,0.02633038111020644,0.34588921406663026,False
2568,1172526.0,-0.27375467779474616,0.26950261317391877,0.7190014144831173,False
2569,1173386.0,-0.03309598400027308,0.9061372601676753,0.9765741420034114,False
2570,1173825.0,-0.34040542381382566,0.1661812302548592,0.628316703036049,False
2571,1174146.0,-0.3227009940908945,0.19432025942162295,0.6599999637420225,False
2572,1174608.0,-0.4813044785838749,0.0906914452436333,0.5251168311226758,False
2573,1174629.0,0.11179765095326649,0.747657455960449,0.9360625908745066,False
2574,1175289.0,0.3392410225630008,0.5962419931324843,0.8768004682415994,False
2575,1176524.0,-0.9749007057632713,0.054470325749052084,0.4438587342165712,False
2576,1178413.0,0.331070730414551,0.6051711697970261,0.8802268589235855,False
2577,1179367.0,-0.2623654314014051,0.32670669881673525,0.759576575611863,False
2578,1180852.0,-0.37688612389742004,0.04979366806999908,0.43167917193168703,False
2579,1181477.0,-0.19220058835301362,0.3033419113861371,0.7459846959892429,False
2580,1181534.0,-0.2340485443073937,0.3164861696907521,0.752394282767073,False
2581,1181724.0,0.3635271503196746,0.008541376538810512,0.2316963518106053,False
2582,1181943.0,-0.22467630619284112,0.2281889097481006,0.6863868669512747,False
2583,1182635.0,-0.1502429407660953,0.3957519718065898,0.8001028237626238,False
2584,1183075.0,-0.5823895355482992,0.32531566833325204,0.7585945287749929,False
2585,1183232.0,0.2895421299618512,0.054991185259523075,0.4438587342165712,False
2586,1183583.0,0.2558107528008112,0.5463982521505475,0.8614159882464039,False
2587,1183594.0,-0.3376914236569485,0.024560285575959285,0.3328363294969264,False
2588,1183756.0,0.31415232379929414,0.038024065569334874,0.39110505931817885,False
2589,1184043.0,-0.33644636958003915,0.025991107642611425,0.34490644677328486,False
2590,1185518.0,-1.5333574648799548,0.0021409042661067624,0.13670303416817003,False
2591,1185616.0,0.21974072942772127,0.2205216910198588,0.6770911517578009,False
2592,1185776.0,-0.18095104452867258,0.3048600670258378,0.7474970136741516,False
2593,1186513.0,0.2252246727095413,0.20438924594389857,0.6688655682526893,False
2594,1188709.0,-0.08355005436827635,0.5611827007507387,0.8649229025744979,False
2595,1188925.0,-0.1381211043800964,0.33078596525769577,0.7612214655230629,False
2596,1189389.0,-0.10099226929568891,0.4669322172256338,0.8318516335130318,False
2597,1190154.0,0.6566062425538143,0.09498664707811777,0.5320330516165988,False
2598,1190240.0,0.1549936817795975,0.6807127966543565,0.9104407845839132,False
2599,1190393.0,0.2550311731533543,0.5772210541438979,0.8695483369848913,False
2600,1190517.0,0.0765150008836914,0.7556523363161994,0.9379766850442932,False
2601,1190574.0,0.17106957039597787,0.22753781760142658,0.6863868669512747,False
2602,1190944.0,-0.14381247596695867,0.30452205513040165,0.7474970136741516,False
2603,1191294.0,0.48176000671068886,0.3078797420240029,0.7489210296021528,False
2604,1191395.0,0.2610794331152026,0.6789996796260165,0.9101681306915792,False
2605,1191872.0,-0.2579592095604109,0.46236406284291837,0.8299525085907634,False
2606,1192468.0,-0.07198040298462985,0.6082139071920811,0.8823081437978606,False
2607,1192992.0,0.6064726335212705,0.2153519630654636,0.676002622601767,False
2608,1193272.0,-0.1092312919663567,0.4408329605111838,0.8211086581010403,False
2609,1193685.0,-0.06772044814995334,0.6347124433235067,0.8959587624693706,False
2610,1193983.0,0.21196131404063837,0.7549238834464838,0.9377120981616317,False
2611,1194488.0,0.07149529704661407,0.6110847539083288,0.8835009328283044,False
2612,1195127.0,-0.02896812012382239,0.9060330544696577,0.9765741420034114,False
2613,1195225.0,0.09719050794675121,0.6469202584365773,0.9005282643407344,False
2614,1196950.0,0.34746661725229544,0.5678577733009678,0.8683322848721013,False
2615,1198378.0,-0.5588748114457924,0.2936323876176471,0.7365078297655344,False
2616,1198803.0,0.11411395139260808,0.44402028126487075,0.8232367525618602,False
2617,1199316.0,-0.3460408219166699,0.41532430446727475,0.8096131655717793,False
2618,1200802.0,-0.3659414035171361,0.3900350785514867,0.7974827579363871,False
2619,1201095.0,0.163318351891116,0.7285134749171782,0.9303258535156202,False
2620,1201101.0,-0.07845085415115574,0.5685108141799453,0.8683622515454004,False
2621,1201265.0,1.4220546507094625,0.009815910486188836,0.24216297347177232,False
2622,1201565.0,-0.30939309340044646,0.6488291130396621,0.900882603263824,False
2623,1201801.0,0.8334879161203781,0.00853374613122028,0.2316963518106053,False
2624,1202527.0,0.27447895320220966,0.5964599566378119,0.8769374356177488,False
2625,1203083.0,-0.328861849985239,0.3680822863279039,0.7843682317039784,False
2626,1203172.0,0.19245221132647566,0.6647386278614826,0.9073242860276302,False
2627,1204348.0,-0.20372621184537293,0.4598871652738563,0.8293861403966956,False
2628,1204406.0,0.007818037869438202,0.9553656453802309,0.9868202569799607,False
2629,1204497.0,0.0765674757589627,0.862994497110081,0.9675879210193268,False
2630,1204710.0,-0.1597369931795077,0.7112163756970694,0.9238789135102654,False
2631,1205261.0,0.1983433533055599,0.4155984158669533,0.8097865381862822,False
2632,1205913.0,0.03282755551917072,0.8143038973487671,0.9565904052215235,False
2633,1206616.0,-0.22466374991757165,0.6129808101331958,0.8846175297597576,False
2634,1206649.0,-0.11250317365020558,0.43953142711912774,0.8210278624073779,False
2635,1207173.0,0.3116585499962637,0.4826289953784521,0.8375570922781171,False
2636,1207177.0,0.26498686341645916,0.6091682423176363,0.8823081437978606,False
2637,1207447.0,-0.1122870555336455,0.4377012715134289,0.8199670654266474,False
2638,1207948.0,0.18503659770119227,0.6762991055489735,0.909321074121257,False
2639,1208701.0,0.3974942295374856,0.41756396623840636,0.8099428239619001,False
2640,1208744.0,-0.07997212932555499,0.5789068657870232,0.870703599660289,False
2641,1209028.0,0.18182150481921577,0.39164022113071045,0.7986420244171829,False
2642,1209657.0,0.13158315733057008,0.3684605685919329,0.7846615133749156,False
2643,1209713.0,0.21670871833772742,0.7496016238014119,0.9361117074520717,False
2644,1209855.0,0.1431132931909154,0.326412789862989,0.759576575611863,False
2645,1209936.0,-0.20518391538258401,0.6439577682502661,0.8987654097409585,False
2646,1210190.0,0.14608217182323785,0.7349581518283985,0.9327853690121147,False
2647,1210885.0,0.46202031963286905,0.3282496463225097,0.759576575611863,False
2648,1211130.0,0.016961322858131955,0.9701112358000508,0.9902128268977735,False
2649,1211640.0,0.3845708512979641,0.5714522073057837,0.8684576349724981,False
2650,1212063.0,-0.25905858355798356,0.559567526622224,0.8647644506668908,False
2651,1212722.0,-0.010419771373388398,0.9837455473726651,0.9943981178966002,False
2652,1212807.0,0.26172840643427564,0.5556116699481035,0.8630424783768135,False
2653,1212912.0,0.1503906720653424,0.5556799438945543,0.8630424783768135,False
2654,1213053.0,-0.10919588592135238,0.4239217487897223,0.8133064069190015,False
2655,1213159.0,0.43305892725798045,0.35933346895993096,0.779489369616317,False
2656,1213249.0,0.14715623969972425,0.7329751778022008,0.9325461360488421,False
2657,1213514.0,-0.197705196576001,0.14927282572438857,0.6082419381524917,False
2658,1213806.0,0.5053582228105069,0.25814993743119646,0.7122316278740778,False
2659,1214428.0,-0.6912080763173174,0.11449610855072685,0.5652287050212484,False
2660,1214839.0,-0.9271830774761223,0.019823494876525564,0.31006814852992776,False
2661,1215579.0,-0.05095838817406086,0.8236920724339759,0.9599051455556222,False
2662,1215869.0,0.11868579362241895,0.3852981579040884,0.7954377147297221,False
2663,1216690.0,0.1165550379582882,0.6393517294734536,0.8980915756405882,False
2664,1216787.0,0.13479464957685175,0.32623360230215503,0.759576575611863,False
2665,1217023.0,-0.10316803845247348,0.44479308217965974,0.8232367525618602,False
2666,1217769.0,1.1338569442554551,0.033711740388763164,0.3769730398090317,False
2667,1218677.0,0.22229967299541448,0.11794189343705978,0.5717617792699213,False
2668,1219190.0,-0.437711215804418,0.5715785147774183,0.8684576349724981,False
2669,1219372.0,-0.12571739305645324,0.3743845008018825,0.7898209452568041,False
2670,1219521.0,0.1917600531092718,0.17039276179087676,0.6327386388128744,False
2671,1219872.0,0.103371576625642,0.880784510488003,0.9715554662941385,False
2672,1220022.0,0.03942634024484176,0.8903045464129746,0.9715554662941385,False
2673,1220669.0,0.1731203152473263,0.4991552558815781,0.8463587634741259,False
2674,1221141.0,-0.041880260157532864,0.8548305632236676,0.9659781140737989,False
2675,1221582.0,-0.1865156097656218,0.7386255012412823,0.9335765787936011,False
2676,1221668.0,-0.17704835716895667,0.6896899471852341,0.9148184249291726,False
2677,1222576.0,0.04332056092674014,0.8671545851196436,0.9678144171780517,False
2678,1222658.0,-0.5708714221439046,0.28407984021597016,0.7317718712729844,False
2679,1222901.0,-0.6258373170046546,0.20096966431765767,0.666620536053159,False
2680,1223507.0,0.014296970236568618,0.948844921443858,0.9846760633148259,False
2681,1223665.0,0.06653097945842643,0.6624834459988187,0.9071135022392084,False
2682,1224268.0,-0.4304752426158317,0.34777438396907245,0.7731134540297111,False
2683,1225161.0,-0.13682114089207217,0.5268783012664081,0.8548586987933043,False
2684,1225454.0,-0.10677378649315193,0.6213835520322362,0.8878660599328582,False
2685,1225647.0,-0.0559984080225259,0.9057606973290367,0.9765741420034114,False
2686,1226222.0,0.0574957745123582,0.6989490613353135,0.9184229585758176,False
2687,1226889.0,0.04824652358883415,0.7439470039205586,0.9351206468564135,False
2688,1227387.0,0.008067550315819412,0.9536670905997262,0.9856895243522245,False
2689,1228564.0,-0.6065052871487178,0.06661882499557317,0.47419498054226017,False
2690,1228814.0,0.5216333637963552,0.287077250687264,0.7336391967546332,False
2691,1229275.0,-0.46302986684263425,0.364484098302079,0.782358580410545,False
2692,1229992.0,-0.8843291876277964,0.08205314019133718,0.5094698236671408,False
2693,1230221.0,-0.19249819672645008,0.19938382354107534,0.6645734202083127,False
2694,1231348.0,-0.349474094307313,0.0866516509223777,0.5194262955034968,False
2695,1231451.0,0.20298308588002173,0.40486969754097696,0.8052144680848855,False
2696,1231473.0,0.7383961870074295,0.27989693293267914,0.7286046059914225,False
2697,1232035.0,-0.36214780650376155,0.2471443335145192,0.7013519695844509,False
2698,1232218.0,0.33844648476502714,0.01056277894845965,0.24925862062071633,False
2699,1232228.0,-0.610158958237899,0.3681641906068463,0.7843812147276381,False
2700,1232485.0,0.23442384595555193,0.0766021250516607,0.4950854028389626,False
2701,1232939.0,0.1430240043387238,0.5545098687150797,0.8630424783768135,False
2702,1235178.0,-1.245480245592078,0.04739666083861687,0.42484785582426604,False
2703,1235651.0,0.27435620894693985,0.04303586699056523,0.4131096230293046,False
2704,1236023.0,0.3017631241735007,0.5444358161306446,0.8604720268018781,False
2705,1237975.0,0.2139745706666144,0.6397092641965019,0.8980915756405882,False
2706,1238181.0,0.749565650770676,0.06281761581445204,0.4609863092649072,False
2707,1238938.0,0.22335912321755436,0.4259393868637202,0.8133064069190015,False
2708,1239403.0,-0.08179734778887043,0.688787914865665,0.9144211601509608,False
2709,1239469.0,-0.19155923675752543,0.14985626282539807,0.608474460506416,False
2710,1239692.0,0.42687824260449014,0.5322316404902449,0.8573535950133384,False
2711,1240589.0,-0.20331423782645755,0.13831701918188244,0.5941381418079152,False
2712,1240684.0,0.3692093064573724,0.5092505838268458,0.8492966548932642,False
2713,1241097.0,0.610022376958205,0.1334799927481674,0.5913217812067733,False
2714,1241744.0,0.09763411431588076,0.8689017596532432,0.9687799365357085,False
2715,1242105.0,-0.31235820233780287,0.02490010004316265,0.3359432890310369,False
2716,1242590.0,-0.19156850885641744,0.4013603410916357,0.8033822962592488,False
2717,1243187.0,-0.24081043453877254,0.18861379769912587,0.6523891253947585,False
2718,1243354.0,0.12821321498559135,0.8524149691456352,0.9657054455551027,False
2719,1243411.0,0.386472562583725,0.4626419922974178,0.8299525085907634,False
2720,1243630.0,-0.17575235367552575,0.1850121018539496,0.6475654857272405,False
2721,1244437.0,0.41656241118209647,0.279570248651166,0.7281136465644923,False
2722,1245097.0,-0.3393549399700968,0.20364031838045815,0.6688655682526893,False
2723,1245189.0,-0.33134121543728834,0.21478636307787663,0.6759947727487245,False
2724,1245218.0,-0.37277625617330423,0.16514019701516078,0.6260273252894473,False
2725,1245434.0,-0.3162386001739762,0.23613580312249924,0.6929586761002241,False
2726,1245526.0,0.26309219640738724,0.057365606073025696,0.45013779640416013,False
2727,1245660.0,-0.34108445342355154,0.20131864170033661,0.666620536053159,False
2728,1246089.0,0.26757177495669376,0.0594783103210495,0.4539188713640068,False
2729,1246130.0,-0.39958978350331187,0.13789278763310586,0.593337341151028,False
2730,1246180.0,-0.008623702888264764,0.9608245218739728,0.9876657372104143,False
2731,1246248.0,-0.38314791522500047,0.15433759598783695,0.6142416843076545,False
2732,1247422.0,-0.22203835559175583,0.1768086833059515,0.6388812693283092,False
2733,1248002.0,-0.08041471885029605,0.6192116320192279,0.886630031073568,False
2734,1248031.0,-0.12616634178123406,0.4887943194991725,0.8411834771936298,False
2735,1248287.0,0.6900965473704955,0.24306883186453077,0.6976354542208155,False
2736,1248633.0,-0.11646510028014233,0.47522347183631847,0.8354729860580213,False
2737,1248809.0,-0.11205544158491414,0.489214789573801,0.8411834771936298,False
2738,1248854.0,0.1336619410832821,0.813203932177443,0.9562991422300517,False
2739,1248926.0,0.16119807474167958,0.6964976912403997,0.9175342765066189,False
2740,1249079.0,-0.1531263317683506,0.5586358565878992,0.8642925593550943,False
2741,1249087.0,0.3160878138983878,0.489269125865035,0.8411834771936298,False
2742,1249459.0,0.13490425487176363,0.40835017690083153,0.805972644709398,False
2743,1250005.0,-0.09795494493071774,0.5460331137883283,0.8612597283017006,False
2744,1250058.0,-0.5965588443268944,0.2066182448122956,0.6697153128306306,False
2745,1250077.0,0.16258677696058352,0.7017025820278565,0.9191081938598813,False
2746,1251178.0,-0.26089450606766057,0.06045944336402632,0.45638891357197897,False
2747,1251317.0,-1.4344081919942255,0.033742215452401476,0.3769730398090317,False
2748,1251506.0,-0.11078056253255136,0.6142826042341087,0.8846175297597576,False
2749,1251969.0,0.37951858117563575,0.22960798280228364,0.6875571457431142,False
2750,1252293.0,-0.24721896737321872,0.07539683155029951,0.4918220732439534,False
2751,1252431.0,0.4089171514979791,0.07481815953314684,0.4916202179950721,False
2752,1253109.0,0.352117034561403,0.2032613891171717,0.6683869169465031,False
2753,1253930.0,-0.014757267443041157,0.912827845972277,0.9780701902779048,False
2754,1254469.0,-0.3011888011373085,0.19855597261744723,0.6635853087322628,False
2755,1254738.0,-0.11744445461082334,0.41017638833526704,0.8067770875766275,False
2756,1255026.0,0.39567621607874126,0.1502255068890628,0.608474460506416,False
2757,1255205.0,-0.024376910346953287,0.8535119457624433,0.9657054455551027,False
2758,1255499.0,0.03286089758783005,0.8048604338710186,0.9551580322053141,False
2759,1256558.0,0.0011409004597916217,0.9981096203581743,0.9989346738181605,False
2760,1257563.0,-0.13352917953216986,0.362347469967603,0.7811564059655686,False
2761,1257825.0,-0.36423486257188836,0.2518698558903675,0.7084776483854288,False
2762,1257955.0,0.09195107370345554,0.7494108130951608,0.9361117074520717,False
2763,1258820.0,1.570998734776823,0.019212770202871612,0.30851275229611147,False
2764,1259512.0,-0.5446630328954981,0.22858210805680876,0.6865685619691917,False
2765,1260068.0,0.11887123129311969,0.42579771239415043,0.8133064069190015,False
2766,1260189.0,-0.5171828483391554,0.1552987129030285,0.6165709215476722,False
2767,1260476.0,-0.07264120745135932,0.6914229234886404,0.9160082553356573,False
2768,1262566.0,-0.6886882057532321,0.22001219163927518,0.6770911517578009,False
2769,1263826.0,0.37929200107874783,0.3791659103849972,0.7928914498036046,False
2770,1264453.0,-0.28250364854492405,0.3651040764538113,0.7829325859158677,False
2771,1264583.0,0.027740610909895713,0.960557208567346,0.9875471180132963,False
2772,1264785.0,-0.09475081802135092,0.5341153698437544,0.8576105784226076,False
2773,1264806.0,-0.311436783759719,0.0824374697921822,0.5103039603130363,False
2774,1264941.0,-0.05012729790613793,0.790051619663031,0.9508826179667592,False
2775,1265349.0,0.19121687884529237,0.27840479891302256,0.7270462346020906,False
2776,1265839.0,-0.18470516919701035,0.19738424077546027,0.6617395851783792,False
2777,1265940.0,-0.09203139729446343,0.5472427039043256,0.8614159882464039,False
2778,1266271.0,0.7566483345443841,0.011478050938713453,0.25614659722432875,False
2779,1266975.0,1.0927251672727074,0.06425165980015222,0.46589964404185197,False
2780,1267054.0,0.3412796659809564,0.24050353230945767,0.6956210613427026,False
2781,1267817.0,-0.07623184453908136,0.6196788549079753,0.8869480445709482,False
2782,1267924.0,-0.9821128684978068,0.14708681433286647,0.6064697797232529,False
2783,1269416.0,0.5269129634715184,0.02204915516449235,0.3186878841157398,False
2784,1270398.0,-0.20629387327756626,0.4121989682624174,0.8072712206149497,False
2785,1270835.0,0.1800650587892434,0.5236829499350313,0.8544906969178123,False
2786,1271102.0,0.0784372328961822,0.5607939007130597,0.8649229025744979,False
2787,1271404.0,0.32028780663874623,0.5768443674107997,0.8695483369848913,False
2788,1272064.0,-0.28121213478071116,0.3569533930555052,0.7770817869465098,False
2789,1272102.0,-0.10786478644678033,0.7497287834343743,0.9361117074520717,False
2790,1273296.0,-0.12944357808735285,0.5874529788984059,0.8729366305191233,False
2791,1273416.0,0.319353014243071,0.05411104165729482,0.4438587342165712,False
2792,1273469.0,-0.8319447676726164,0.15427377674662626,0.6142416843076545,False
2793,1273781.0,-0.6317621607426036,0.05468952683573993,0.4438587342165712,False
2794,1275721.0,-0.1525214985069454,0.6402940068787333,0.8982090134042133,False
2795,1275938.0,-0.31052754840812324,0.2961814533965566,0.738412879333859,False
2796,1276392.0,-0.29845853809842066,0.4942135800333557,0.8443009775357375,False
2797,1276852.0,-0.22171094117798967,0.30266070421108976,0.7451535369043728,False
2798,1276965.0,0.1844654625399661,0.56069165412362,0.8649229025744979,False
2799,1277013.0,-1.0660440516504528,0.006571462914085827,0.208180668601501,False
2800,1277330.0,-0.28976671551441247,0.1700178997656936,0.6327386388128744,False
2801,1277394.0,0.8884946687798796,0.06729920767783876,0.474988881237282,False
2802,1277612.0,0.266482273040328,0.20214412328603495,0.6669182094059218,False
2803,1277689.0,-0.28499697065628476,0.3570227666822079,0.7770817869465098,False
2804,1277720.0,0.04692136686594875,0.8725261848291525,0.9698209846734026,False
2805,1278512.0,-0.29246115983633686,0.5321211739929737,0.8573535950133384,False
2806,1278902.0,-0.6343419397246338,0.04207305041257666,0.40817666274115444,False
2807,1279189.0,0.6839937250191169,0.05545271455868311,0.4459195218434067,False
2808,1280632.0,0.3370271578914539,0.03669821359159488,0.38488802757175106,False
2809,1280733.0,-0.3112933757004744,0.5058747857260512,0.8483715367944823,False
2810,1281239.0,0.09042059916901511,0.5723483154836723,0.8684576349724981,False
2811,1281796.0,-0.20018227020794496,0.3432790825241337,0.7697365091508926,False
2812,1282203.0,-0.2514528281743246,0.22979437572022213,0.6879255235639855,False
2813,1282891.0,0.16361392777705117,0.5587844478631093,0.8642925593550943,False
2814,1283089.0,-0.8304398621473756,0.16072055349226452,0.6221088056253933,False
2815,1283390.0,-0.18175416895202673,0.5160782055083539,0.8523183003093502,False
2816,1283827.0,-0.6114802354290623,0.08964735630444719,0.5220611870626471,False
2817,1284536.0,-0.1771482046061652,0.32231217017133595,0.7571301898311733,False
2818,1284593.0,-0.07252240403787444,0.8873171176261164,0.9715554662941385,False
2819,1284919.0,-0.1372908907446835,0.4559681475957383,0.8280802773051409,False
2820,1285023.0,0.12207620814279097,0.8107930896495015,0.9562991422300517,False
2821,1286227.0,-0.18776856749635884,0.35817355360492875,0.7783797953744332,False
2822,1286605.0,-0.07779067993905814,0.6145463649855673,0.8846175297597576,False
2823,1286945.0,1.1352432849649956,0.05246504546933015,0.440368343361123,False
2824,1287285.0,0.19530866613894143,0.5378573087582708,0.858511186160994,False
2825,1287776.0,-0.33950479080845675,0.2586462526424809,0.7122316278740778,False
2826,1287814.0,-1.3243076955370645,0.022022506191229068,0.3186878841157398,False
2827,1288309.0,0.020936386876157467,0.915104306905661,0.978212828448341,False
2828,1289775.0,0.15915097685599128,0.5400962660565218,0.8588858678675815,False
2829,1290467.0,0.02407350055402141,0.9594683883324492,0.9873020343655967,False
2830,1291152.0,0.2966852391828062,0.033808389291162394,0.3769730398090317,False
2831,1291160.0,0.3250987922183153,0.043485842960196114,0.41443018925325964,False
2832,1291606.0,-0.17847728816026243,0.2868842966529059,0.7336391967546332,False
2833,1292041.0,-0.4765106796925745,0.057686839797034255,0.45013779640416013,False
2834,1292695.0,0.22480261568797266,0.10855572332360826,0.5534738420002918,False
2835,1292823.0,-0.18670463399851728,0.5245022122121956,0.8544906969178123,False
2836,1292829.0,0.28390284435871427,0.555995858473702,0.8630785023061187,False
2837,1292851.0,-0.1303834922648883,0.47227024968384285,0.8343574447640342,False
2838,1293191.0,0.2906130478322713,0.03547840196407386,0.37993156735967887,False
2839,1293990.0,-0.4344631199700842,0.2604845290336332,0.7122316278740778,False
2840,1294204.0,0.2400631036741685,0.437702273156765,0.8199670654266474,False
2841,1294217.0,0.5398865274797497,0.27041438637168247,0.7190014144831173,False
2842,1294863.0,-0.07981520697294886,0.7845591489776632,0.9493244412164235,False
2843,1295128.0,-0.404521829042543,0.15337306250215096,0.6136508535657775,False
2844,1295406.0,-0.19105210511136778,0.2524327071022645,0.7084776483854288,False
2845,1295826.0,0.19123264294937373,0.1820966808395507,0.6442290760177177,False
2846,1296138.0,-0.04573719327949194,0.8329293344179868,0.962470505121061,False
2847,1296239.0,-0.017603705600914878,0.9114963204640366,0.9780087403669322,False
2848,1296473.0,-0.05598309841101909,0.7369705803386731,0.9329803613029483,False
2849,1296935.0,0.4519163115180369,0.16217565929093758,0.6229694806320021,False
2850,1296949.0,-0.22421163711495626,0.4444206296622692,0.8232367525618602,False
2851,1297032.0,-0.04804926825791064,0.7729824252187757,0.9438508883019935,False
2852,1297176.0,0.04067942486253377,0.8064844877771595,0.9555107088868224,False
2853,1297595.0,-0.5635021809266746,0.11064105969470242,0.5582813958573867,False
2854,1297896.0,-0.2234778136179171,0.5099157907312071,0.8493441875876211,False
2855,1298083.0,0.3101009164066676,0.5190263232961946,0.8525582078680625,False
2856,1298279.0,-0.1984692669837788,0.15748143622863994,0.6195944147379073,False
2857,1298741.0,1.8360861469871534,0.0034266787122238596,0.15914755619634258,False
2858,1298859.0,-0.08326873074877347,0.6217323978099218,0.8881306985427952,False
2859,1299051.0,-0.0654312047491103,0.9174016435782667,0.9788129094519167,False
2860,1299949.0,-0.07949782031826397,0.7720561554614547,0.9432143742487964,False
2861,1300104.0,0.48017911111335515,0.3254513791345133,0.7585945287749929,False
2862,1300431.0,0.006202290119125542,0.9660936599688305,0.9889800847870626,False
2863,1300678.0,-0.022826005475215988,0.9570133064972439,0.9870755507649989,False
2864,1301306.0,0.11508848262875826,0.42719152596519366,0.8138995057211962,False
2865,1301943.0,0.20534829414291092,0.20926924240061376,0.6717455762185766,False
2866,1302445.0,-0.17975801960934545,0.4051233425133544,0.805362781989679,False
2867,1302648.0,0.41183644410787773,0.1964922714741482,0.6611138579861207,False
2868,1302827.0,0.127446713556517,0.3715223118084443,0.7870559513428304,False
2869,1303866.0,-0.13687894872257797,0.5167884378502612,0.8523183003093502,False
2870,1304076.0,-0.3118207534655064,0.594910952388635,0.8757304943602114,False
2871,1304128.0,0.2976509628939404,0.3552108313839044,0.7761545531572818,False
2872,1304512.0,-0.1518000920261298,0.47253121597468506,0.8343574447640342,False
2873,1304663.0,-0.1959719173630154,0.22301152873880964,0.680123008959507,False
2874,1304833.0,-0.037021686839631814,0.8837696551639398,0.9715554662941385,False
2875,1305021.0,-0.22005110374494483,0.21669766300860682,0.6769073761031444,False
2876,1305661.0,0.08305613552310154,0.7229861549938054,0.9281001315583913,False
2877,1305987.0,-0.19721952568830656,0.4746496897223816,0.8354729860580213,False
2878,1306246.0,-0.08489828469186311,0.7499801801184918,0.9361117074520717,False
2879,1306448.0,-0.4016338560430586,0.20793244740693576,0.6705605218663956,False
2880,1306501.0,-0.009164853936564028,0.9534792927834645,0.9856895243522245,False
2881,1306861.0,0.3711942138412647,0.3502361050931531,0.7739033942340068,False
2882,1310075.0,1.0595447035163754,0.08411651668256312,0.515867112197301,False
2883,1311274.0,-0.09522875383460311,0.6276542796132868,0.891895170205816,False
2884,1312036.0,0.09541463129164782,0.6274324808368952,0.891895170205816,False
2885,1312869.0,-0.024386498482632635,0.9011243822184963,0.9752447825505262,False
2886,1313213.0,-0.11009581754961861,0.5765492843354125,0.8695483369848913,False
2887,1314273.0,-0.09517779567221896,0.6298041390598307,0.893475257340526,False
2888,1314285.0,-0.3373519849961075,0.5949804141784025,0.8757304943602114,False
2889,1314547.0,-0.068066666390652,0.7221299535778338,0.9280446008351533,False
2890,1315183.0,-0.1136261318533298,0.5650518877028132,0.8662222392876666,False
2891,1315232.0,-0.0970088376511509,0.625916797310079,0.8905920611876926,False
2892,1317097.0,0.7149268617516178,0.10835493755561819,0.5527222026157121,False
2893,1318113.0,-0.05062351988934201,0.7998396275318476,0.9533610581814215,False
2894,1318462.0,-0.09094458125894855,0.6454312486295447,0.8992627652257358,False
2895,1319657.0,0.08524165047152704,0.669534088182405,0.9077932209867606,False
2896,1320154.0,-0.08530787119468575,0.6736449922759564,0.908892960550674,False
2897,1320630.0,2.0427656326201538,0.002479452508147693,0.14246841960502432,False
2898,1321339.0,0.24146361886730155,0.2580013105883992,0.7122316278740778,False
2899,1322496.0,0.2589705677840288,0.393701482268676,0.7991036813399963,False
2900,1322561.0,0.10854972871808143,0.47995721942296327,0.836275241861246,False
2901,1322833.0,-0.15059952932067883,0.33136507767537315,0.7617844042151167,False
2902,1323388.0,0.4177192653111864,0.26757082554763617,0.7178463268124581,False
2903,1323674.0,-0.31138366375224247,0.13405716432678677,0.5913217812067733,False
2904,1324613.0,0.7002792000814814,0.05090634206381902,0.43600760283297996,False
2905,1325966.0,0.004958095760916353,0.9909588775122975,0.9974218176556843,False
2906,1326290.0,0.04531657337179251,0.8677221937085912,0.9681492869469378,False
2907,1326970.0,0.04807712722275115,0.9133959880841048,0.9780768416185518,False
2908,1327243.0,0.10386660839584441,0.46594087782091176,0.8313055978274843,False
2909,1327500.0,0.07953295011484585,0.7853012015715972,0.9495840629993394,False
2910,1329903.0,0.19455623937079897,0.21811479578290457,0.6770911517578009,False
2911,1330184.0,-0.2228796045494389,0.37102390841736704,0.7866141652090858,False
2912,1332057.0,-0.0019206321669307524,0.9917387142383892,0.9974218176556843,False
2913,1333073.0,0.5197750932665148,0.4062096137577626,0.8056631401212792,False
2914,1333798.0,-0.17126551276743768,0.2213633554275256,0.6782103367670873,False
2915,1334324.0,0.24369918372223145,0.3418631146438617,0.7689440757271279,False
2916,1334881.0,0.16756478950804907,0.6640385192935637,0.9073242860276302,False
2917,1335167.0,-0.21893112793729327,0.5430101202238565,0.859994898288096,False
2918,1335370.0,-0.05554078630726893,0.7218613182874812,0.927948312245219,False
2919,1335444.0,-0.14328198718606133,0.7703508915086793,0.9427899639382522,False
2920,1336540.0,-0.7619468038764097,0.17271560898289226,0.6334101947359447,False
2921,1336568.0,0.18537122445274123,0.42880940925602495,0.8150308677539196,False
2922,1337579.0,0.10491307871093927,0.4958382179505384,0.845271373031333,False
2923,1337602.0,-0.031180037413949497,0.8343079926573834,0.9631415999665777,False
2924,1337735.0,-0.2069697497606804,0.3851919912871845,0.7954377147297221,False
2925,1337936.0,0.1970875466546118,0.6768599059327274,0.909321074121257,False
2926,1338837.0,0.07024541103768366,0.667585147377003,0.9075481935625836,False
2927,1338892.0,0.0116979781389498,0.9507153885102974,0.985092740451518,False
2928,1338973.0,-0.03272596982518003,0.8577144722191904,0.9669817197107029,False
2929,1338986.0,0.44495353029267615,0.28835321053519536,0.7336391967546332,False
2930,1339088.0,0.290449370998601,0.33909551454616854,0.7672743434313809,False
2931,1339852.0,0.0356981837141155,0.8253965360555511,0.9599947421761031,False
2932,1339865.0,-0.051735283545137664,0.750953685570363,0.9361502925383169,False
2933,1339943.0,0.1419866867363354,0.6763487929071145,0.909321074121257,False
2934,1340071.0,0.006361412067009645,0.9686397890028241,0.9896201193100875,False
2935,1340700.0,0.21424904422547758,0.5452175438868127,0.8606053434860577,False
2936,1340929.0,0.05398856134169669,0.6767153959937102,0.909321074121257,False
2937,1340945.0,0.09391729046898181,0.47012773905084554,0.8334654598440316,False
2938,1340973.0,0.05195391310462891,0.6877782523727968,0.9142582573483601,False
2939,1341185.0,-0.13338751029000678,0.5505139486054074,0.861556437479399,False
2940,1342502.0,0.13452055910862631,0.412665972712615,0.8074061164014844,False
2941,1343246.0,0.5446367171634541,0.42196460944897424,0.8119882707974855,False
2942,1343343.0,0.06029520271565897,0.647577768510065,0.900882603263824,False
2943,1344009.0,0.16383035150334208,0.670976976628173,0.9078238198617231,False
2944,1344590.0,-0.6313769975786749,0.10537916522445916,0.5492485266959355,False
2945,1344849.0,-0.7300662746133026,0.08895821743984259,0.5202809538305448,False
2946,1344966.0,-0.13938134354340226,0.644298633636064,0.8987654097409585,False
2947,1344972.0,0.14051236722610785,0.7157815770275635,0.925197549253894,False
2948,1345365.0,0.2389517914830282,0.3604450944931122,0.7802768613894512,False
2949,1345371.0,-0.08051373435452565,0.640316274369179,0.8982090134042133,False
2950,1345702.0,0.06156768094615708,0.6560138718744235,0.9044875624535587,False
2951,1345977.0,0.01448476287356143,0.9309665074493753,0.980469186391243,False
2952,1346024.0,0.047525195915585156,0.7299635428210829,0.930798430196497,False
2953,1346062.0,0.044011988073543035,0.7538228747893762,0.9371491666513454,False
2954,1346757.0,0.08655568145246112,0.7801137441154486,0.9472186456793283,False
2955,1346838.0,-0.013335791434336691,0.9520600616744048,0.9855628427880665,False
2956,1348144.0,-0.10082182184848545,0.5446427481164345,0.8604720268018781,False
2957,1348925.0,-0.0552474389054462,0.7197657203266574,0.9271457095224713,False
2958,1349671.0,2.063027892758203,0.002237181686368639,0.13851875995437743,False
2959,1349769.0,0.0807778022898743,0.5356502147529218,0.8576728524898041,False
2960,1350519.0,0.43169840286312033,0.5276286766382742,0.8548586987933043,False
2961,1350970.0,-0.3033863058957497,0.18000756823877048,0.6419793146593732,False
2962,1351285.0,0.31291049083120404,0.5164931306634715,0.8523183003093502,False
2963,1352054.0,-0.5568736987017764,0.34566898533600876,0.7711132009499332,False
2964,1352772.0,0.05001264416133805,0.7233691559691109,0.9282345498935555,False
2965,1352878.0,-0.7135858787094292,0.07386084208942705,0.4916202179950721,False
2966,1353085.0,0.7432673981005972,0.06558189990967758,0.4710996689067188,False
2967,1354187.0,-0.08892464278665933,0.5140145692699285,0.8520763532683874,False
2968,1354216.0,-0.058395551376949295,0.798921662021567,0.9527900067286432,False
2969,1354583.0,-0.21887278996148118,0.12743602668937407,0.5820002223556217,False
2970,1354697.0,-0.21034024542323643,0.46463010200662513,0.8304188564549431,False
2971,1354869.0,-0.11175378282755641,0.42532631849121183,0.8133064069190015,False
2972,1354965.0,0.15720415724069015,0.2780432380673644,0.7270462346020906,False
2973,1355139.0,0.5234970200708069,0.40283948745149306,0.8041966912947733,False
2974,1355626.0,0.11262707191270505,0.4359482022344667,0.8196881490807214,False
2975,1355760.0,0.14359109807295112,0.31756368052042216,0.7534762299561054,False
2976,1356314.0,-0.12633843740085304,0.3825926875737114,0.793872464971652,False
2977,1356396.0,0.10049705297469527,0.4886068391065173,0.8411834771936298,False
2978,1357687.0,0.521215207018239,0.05184085992894288,0.43962901361320095,False
2979,1357808.0,1.2539541610118052,0.036365123409887755,0.3825758434727422,False
2980,1358039.0,0.0015730893218816044,0.9912333171569312,0.9974218176556843,False
2981,1358373.0,0.44800526112863803,0.0968273486081175,0.5338044028141775,False
2982,1358401.0,-0.13825061045470816,0.3179569342144826,0.7537502775492921,False
2983,1358438.0,-0.431890167886967,0.5234788808057321,0.8544906969178123,False
2984,1358489.0,0.04341644370107592,0.7601495151473714,0.9400288013901756,False
2985,1359085.0,-0.01690796944392181,0.9060697175663839,0.9765741420034114,False
2986,1359240.0,0.5234459179883137,0.05067560221537848,0.4355373412889417,False
2987,1359553.0,0.02691111490769993,0.8538105682076972,0.9657054455551027,False
2988,1359617.0,-0.2918040435722709,0.13628299910859384,0.5917407821295144,False
2989,1359705.0,-0.3754408493877569,0.3738808426444485,0.7895868768298615,False
2990,1360479.0,0.3445703469415359,0.48254930253765016,0.8375570922781171,False
2991,1360484.0,0.21175607300918078,0.23808871166302104,0.6934202691606766,False
2992,1361611.0,0.9338989872819933,0.01899161024933125,0.30719579336774433,False
2993,1361986.0,0.3099796166796459,0.6004071026598882,0.8781156191211636,False
2994,1362027.0,-0.46389733222164886,0.05104877365943729,0.43600760283297996,False
2995,1362051.0,0.2995800111778601,0.09130003103972567,0.5255874660721358,False
2996,1362251.0,-0.1850427250905208,0.716812096488208,0.9255853293660873,False
2997,1362424.0,1.2685323396176278,0.034167150874697266,0.3784534925967743,False
2998,1362436.0,0.40269896628960533,0.17761676585847924,0.6405415260444492,False
2999,1362572.0,0.48692354257781495,0.2013679168787018,0.666620536053159,False
3000,1362586.0,-0.3294568055356941,0.06359164139870965,0.46390273345631267,False
3001,1363179.0,-0.2853911749523335,0.10615954436018445,0.5498684456426094,False
3002,1363987.0,0.2167184143363572,0.3914432209678047,0.7986420244171829,False
3003,1364756.0,-0.02817705406387222,0.8952074601501757,0.9731317579651948,False
3004,1364909.0,0.023619791284900077,0.9660236486561055,0.9889800847870626,False
3005,1365071.0,0.16168670563252258,0.4731068817098715,0.8347742550355366,False
3006,1365517.0,-0.01625189384250227,0.9273927892515206,0.980469186391243,False
3007,1365541.0,-0.14822295563456028,0.5080283795366132,0.8492966548932642,False
3008,1366521.0,0.7478548560955214,0.11450372384539156,0.5652287050212484,False
3009,1367350.0,0.09901763162359328,0.651296605157353,0.9017600116676404,False
3010,1367656.0,0.5550066081661194,0.38243940721169006,0.793872464971652,False
3011,1368611.0,-0.08137970612548154,0.6248697160295036,0.8900072661085464,False
3012,1369519.0,0.03821236891765381,0.8078423060472715,0.9557632950564722,False
3013,1369761.0,0.15471898741665333,0.7356019145104569,0.9328222876181086,False
3014,1370045.0,-0.23116907544454537,0.40927364173261327,0.8064377166468538,False
3015,1370689.0,0.06797852737063828,0.6094658928608921,0.8823355917584668,False
3016,1370809.0,-0.03960767252812507,0.900009271431353,0.9750344524470379,False
3017,1371847.0,0.020166620130137126,0.9001887365984833,0.9751071485656658,False
3018,1372597.0,0.08569904097868405,0.7479877395896334,0.9360625908745066,False
3019,1372778.0,-0.14849131710961438,0.574921759141604,0.8692161534783692,False
3020,1372873.0,0.021022909270885293,0.9435457551088549,0.9831921763937949,False
3021,1374221.0,0.842389947809693,0.18231138713131792,0.6442290760177177,False
3022,1374484.0,0.3174921787715804,0.6143199329369957,0.8846175297597576,False
3023,1374533.0,-0.7169749023216168,0.07263513459680615,0.48995107823223705,False
3024,1375568.0,0.3956307512729178,0.5031145614524402,0.8465933751828044,False
3025,1376037.0,-0.22824039573001637,0.25670906137215754,0.7122316278740778,False
3026,1376959.0,-0.10033431068466594,0.8266730119886293,0.9600579836677524,False
3027,1377329.0,0.0946265853914204,0.6791069503517811,0.9101995241472509,False
3028,1378983.0,0.3645859178707175,0.4249575748143198,0.8133064069190015,False
3029,1380022.0,0.7370854141970148,0.28056044990332274,0.7296319318880135,False
3030,1380963.0,-0.77081713924785,0.19439849424889552,0.6599999637420225,False
3031,1381221.0,-0.056248581354902905,0.8415672136037031,0.9634460491893265,False
3032,1382327.0,-0.763614747980224,0.1981466206575318,0.6626252517675625,False
3033,1382388.0,-0.03239928382176935,0.9137766497391849,0.9780768416185518,False
3034,1382401.0,-0.04607679859973862,0.8696052808608355,0.9687799365357085,False
3035,1382559.0,0.030107999677414288,0.8380486368209101,0.9634460491893265,False
3036,1383467.0,-0.05453695054185148,0.7108401546066785,0.9238789135102654,False
3037,1383936.0,-0.18913205349657827,0.7181320864268336,0.9265807438682133,False
3038,1385669.0,0.160497087602488,0.45647109739952507,0.8280802773051409,False
3039,1385853.0,-0.038158752674889995,0.891866458217025,0.971911495225962,False
3040,1385909.0,0.5966012520413516,0.33999278229396807,0.7674819099508989,False
3041,1386988.0,0.11710286046489185,0.48361758417599054,0.8379359738595973,False
3042,1387399.0,-0.13840643357148946,0.4079793947631267,0.805972644709398,False
3043,1387788.0,-0.08318042390475738,0.8242207719147233,0.9599051455556222,False
3044,1388262.0,-0.15130189518606507,0.686211239546225,0.9131816850894044,False
3045,1388392.0,0.35375584957240525,0.5744662434434884,0.8692161534783692,False
3046,1388676.0,-0.11457732305856078,0.47092941257206783,0.8335061780771449,False
3047,1388849.0,0.22725940536289535,0.16474235803829315,0.6250535814420386,False
3048,1389048.0,-0.4704387685471305,0.4882165005414315,0.8411549126336904,False
3049,1389150.0,0.4747412561131654,0.16201910231487346,0.6229694806320021,False
3050,1389194.0,-0.17077874961108358,0.29755163653512134,0.739950180921741,False
3051,1389446.0,0.2690650664490714,0.10351527200322393,0.5468780195969359,False
3052,1389834.0,0.2252439346684774,0.5439027146160322,0.8603998786297041,False
3053,1391037.0,-0.1982466756517326,0.22611449422990562,0.6856069371133032,False
3054,1391045.0,0.2316109126323037,0.15864951635846186,0.6204968918736582,False
3055,1391050.0,-0.032473009727181035,0.9036507210737159,0.9762699704376322,False
3056,1391545.0,0.24841318815443791,0.13019495079519255,0.587612131447742,False
3057,1391919.0,-0.1924504530839938,0.24033451932794936,0.6955905177539525,False
3058,1391978.0,-0.4344828239203779,0.574350961175552,0.8692161534783692,False
3059,1393679.0,-0.18392925849111702,0.26293761973296986,0.7142612267771241,False
3060,1393795.0,0.1894100563278847,0.248342012345548,0.702567772741966,False
3061,1395576.0,1.0375568945929514,0.0295392554867285,0.3600948051763661,False
3062,1395628.0,-0.20212272869850922,0.22049841428252714,0.6770911517578009,False
3063,1396557.0,-0.12312150284286834,0.5251851861298884,0.8545579818988862,False
3064,1396706.0,-0.03546923757040178,0.8786736623659993,0.9713267665864582,False
3065,1396870.0,0.00624211671485379,0.9656485790042826,0.9889800847870626,False
3066,1397480.0,-0.3475174773105717,0.6086982671516098,0.8823081437978606,False
3067,1397655.0,0.2044892746919178,0.3533669362219696,0.7749087055938343,False
3068,1398770.0,0.5241893816627541,0.402159153191162,0.8037999646271523,False
3069,1398831.0,0.23848707241075007,0.6698388559925375,0.9078238198617231,False
3070,1399145.0,0.05171082637783707,0.7077463660096552,0.922168623578779,False
3071,1399476.0,-0.1541424042678324,0.338241112148605,0.7667668470644934,False
3072,1399970.0,0.03196990084190285,0.9545103541162621,0.9860306332253544,False
3073,1399981.0,0.02068172131277418,0.9705476601795942,0.9902128268977735,False
3074,1400020.0,0.06683999739976983,0.6273035753996197,0.8918638259283395,False
3075,1400102.0,0.1049728636565343,0.7562857649579777,0.9381192982080732,False
3076,1400773.0,0.06156148672988191,0.8118464575845633,0.9562991422300517,False
3077,1400954.0,-0.1550102783281893,0.31605203616410726,0.752394282767073,False
3078,1401294.0,-0.038318745042911176,0.7813046763877874,0.9478100548560575,False
3079,1401296.0,-0.2351059174598635,0.5150586508014466,0.8523183003093502,False
3080,1401402.0,0.0858310134321732,0.7865886248383542,0.9498033211865775,False
3081,1401505.0,-0.708787618435876,0.0327025954315498,0.3717095996782265,False
3082,1402183.0,0.02272530708933232,0.9587514199749825,0.9873020343655967,False
3083,1402371.0,0.08892631623658634,0.5133868491006129,0.8517507330573056,False
3084,1402413.0,-0.08966713660830594,0.5049224946275528,0.8477855652253806,False
3085,1402425.0,0.0640973014579447,0.6336010407023043,0.8954223794848994,False
3086,1403377.0,0.10456779563842175,0.8294700422375165,0.9611196208228717,False
3087,1403495.0,-0.05694200444494056,0.6674932622365709,0.9075481935625836,False
3088,1403636.0,0.08883715395096564,0.5031024063613412,0.8465933751828044,False
3089,1404447.0,0.14452295186788328,0.5870048458369924,0.8729366305191233,False
3090,1404546.0,-0.5197526422557665,0.3638748476660826,0.7819959357385323,False
3091,1405062.0,0.23356583308846898,0.731200478618241,0.9316102179259985,False
3092,1405130.0,0.015516096416999317,0.9081357921904741,0.9773759690885977,False
3093,1405174.0,0.38347945482544343,0.4028213538419629,0.8041966912947733,False
3094,1405653.0,0.10157447896435153,0.7520892611162586,0.9364451628145203,False
3095,1405678.0,-0.15163897363895026,0.636512473342865,0.896530375835228,False
3096,1405855.0,0.08572926278245369,0.7869044404841806,0.9498033211865775,False
3097,1406312.0,0.07760847365287685,0.8067486947518694,0.9555108654153347,False
3098,1406806.0,-0.08330189135856061,0.5542727047957866,0.8630424783768135,False
3099,1406855.0,0.052966263228527474,0.869318406500021,0.9687799365357085,False
3100,1406919.0,0.03688318007567351,0.789161535929434,0.9503381930900828,False
3101,1407217.0,-0.009458490380556822,0.9667411212128987,0.9890097693323666,False
3102,1407350.0,0.423829894081771,0.47861874822328165,0.836275241861246,False
3103,1407504.0,0.08420110579762072,0.7907021684986579,0.9510546488491097,False
3104,1407876.0,-0.24083819274750012,0.15061617752718354,0.6095967960691936,False
3105,1408298.0,-0.178380442406226,0.2979338723147807,0.740298520946049,False
3106,1408378.0,0.0531567398469608,0.8496412605315256,0.9651890482210258,False
3107,1408394.0,-0.23541860410884735,0.15883140902482903,0.6204968918736582,False
3108,1408577.0,0.021957993680848484,0.9464780882235523,0.9838187922691429,False
3109,1408632.0,0.22847312301452638,0.17116289692483677,0.6330956877153683,False
3110,1408796.0,-0.013456831522117199,0.9672147789665144,0.9890097693323666,False
3111,1409206.0,0.0683075999691588,0.9359496372220547,0.981230191995791,False
3112,1409209.0,0.05889735628793552,0.8588273685098903,0.9671951427442033,False
3113,1409329.0,-1.1619936987108885,0.03740305494210517,0.3877842993281295,False
3114,1409343.0,-0.10730594231504982,0.4512047896375376,0.8259999316140876,False
3115,1409384.0,-0.23984689079459073,0.1543098669043108,0.6142416843076545,False
3116,1409794.0,0.03880562818484279,0.913726194717756,0.9780768416185518,False
3117,1409844.0,0.040464268643845086,0.8628082925008388,0.9675879210193268,False
3118,1409904.0,0.0033493770004148493,0.9960639765011027,0.9980868148176377,False
3119,1410114.0,-0.09314064904511199,0.517963655438225,0.8523183003093502,False
3120,1410430.0,0.10541901428653205,0.46078655287165915,0.8299525085907634,False
3121,1410520.0,-0.06854093682365364,0.6282926389152798,0.8921602391537393,False
3122,1410883.0,-0.0768609459276989,0.9099224095111039,0.9779325904982779,False
3123,1410999.0,0.02974152371840627,0.9623621607412275,0.9881227392065018,False
3124,1411234.0,-0.06052715506248797,0.6611525123898989,0.9068263660380445,False
3125,1411368.0,0.018601588848052325,0.9735103879898921,0.9914041208191573,False
3126,1412160.0,-0.09082508999586497,0.5292517468476567,0.8556788370615601,False
3127,1413646.0,0.004251263343005185,0.9939474389921766,0.9977385067305702,False
3128,1413852.0,0.9403215242706566,0.05419566300233027,0.4438587342165712,False
3129,1414936.0,-0.11087380203082274,0.4462324993878983,0.8232367525618602,False
3130,1415059.0,-0.24988718773559945,0.5243308038538599,0.8544906969178123,False
3131,1415078.0,-0.15191254637148843,0.299218083794299,0.7417246630708189,False
3132,1415384.0,-0.37947572965691967,0.019819035793266965,0.31006814852992776,False
3133,1416411.0,-0.0037515974237002647,0.9894089255166577,0.9968473998963542,False
3134,1417286.0,0.004035270550384912,0.9778397582908459,0.9921901828610143,False
3135,1417325.0,-0.19370671611678125,0.7161398231645014,0.9253761579418902,False
3136,1417522.0,0.1337263724395521,0.4292729884711058,0.8152611127190053,False
3137,1417996.0,0.06721634973403261,0.8145338660029978,0.9565904052215235,False
3138,1418265.0,0.0654801230758307,0.6680581928076688,0.9076534063952338,False
3139,1418525.0,0.008979615322567303,0.9870757458828201,0.9951689458365942,False
3140,1418659.0,0.02912043021083256,0.8471285997320904,0.9651233458813595,False
3141,1419498.0,0.04569879514826322,0.7559495028287514,0.9380237600830015,False
3142,1420205.0,0.14213919786412488,0.4060624320048449,0.8056631401212792,False
3143,1420755.0,-0.014469351127929693,0.9752829628391747,0.9914577565214744,False
3144,1420883.0,-0.0473425128729748,0.8299129301481072,0.9612361136105103,False
3145,1420996.0,1.104479947780033,0.1021248668919532,0.5442147423230986,False
3146,1422082.0,0.09413174664700763,0.8360137380154143,0.9634460491893265,False
3147,1422737.0,0.025806247151075726,0.8534368710366972,0.9657054455551027,False
3148,1422752.0,0.03678402198588972,0.7965773478799603,0.9519143862986607,False
3149,1423824.0,-0.0010952538039598197,0.9937300910705209,0.9977385067305702,False
3150,1423880.0,0.20017997137256496,0.5313489199546758,0.8572879931601436,False
3151,1425270.0,0.8916012255709952,0.19148444254997257,0.6554915244023817,False
3152,1425556.0,-0.007611617809117462,0.9596683336898428,0.9873020343655967,False
3153,1426758.0,-0.4263019941693449,0.47103415345994804,0.8335061780771449,False
3154,1427370.0,0.9180319311268201,0.08546401837634779,0.5191442983289968,False
3155,1428618.0,-0.13279238940711116,0.33652488081496607,0.7648934715606978,False
3156,1428972.0,-0.1515083940252555,0.2713666813067827,0.7209215187433007,False
3157,1429418.0,-0.12122498750958666,0.3886568444426576,0.7961859055298405,False
3158,1429837.0,-0.15659768997060217,0.39165006236056804,0.7986420244171829,False
3159,1430202.0,0.12202092778046256,0.38224474243733647,0.793872464971652,False
3160,1430808.0,0.07795857081525065,0.6588524232934673,0.9057985470043598,False
3161,1430901.0,0.1309535158735064,0.8060683693891297,0.9553305109421337,False
3162,1431094.0,-0.14599933226662218,0.7706410344389372,0.9427899639382522,False
3163,1431369.0,-0.10185650626719192,0.5685355055287564,0.8683622515454004,False
3164,1431652.0,-0.05239664472162387,0.8080183680827049,0.9557858222761869,False
3165,1432140.0,-0.031041913703422686,0.8617802777144831,0.9674851365804226,False
3166,1432789.0,-0.5759564626477603,0.1180921150735296,0.5717617792699213,False
3167,1433192.0,-0.0023591559090793274,0.9953403423384279,0.9978514955244303,False
3168,1433220.0,-0.09157901850743314,0.6664861581517083,0.9074404546460405,False
3169,1433662.0,-0.07015790344626763,0.8630889616447455,0.9675879210193268,False
3170,1434273.0,-0.01803440496334424,0.9134936738253178,0.9780768416185518,False
3171,1434403.0,-0.02108931694343802,0.9055929887145,0.9765741420034114,False
3172,1434524.0,-0.017967855849138945,0.9190856625676211,0.979161534970017,False
3173,1434868.0,-0.39069176588733123,0.5645524577039502,0.8660706999920109,False
3174,1436768.0,0.042412288728010866,0.8749235954588034,0.9706966096387276,False
3175,1437212.0,0.6883770650820809,0.3082843229029509,0.749503853153166,False
3176,1437375.0,0.5356979189237027,0.1167471023613575,0.569085541100971,False
3177,1438170.0,0.499080202194693,0.42824507979770254,0.8149480203255325,False
3178,1438438.0,1.1295745215128097,0.09446485011033137,0.5311815545212475,False
3179,1439572.0,0.12173828156950452,0.5917610823697975,0.8751488560965182,False
3180,1439698.0,-0.10786998420381674,0.8115929887596812,0.9562991422300517,False
3181,1439708.0,-0.9864348504223515,0.09163143019344552,0.5262769383344365,False
3182,1439756.0,-0.9623828424241833,0.09986182399169985,0.5406484286433426,False
3183,1439937.0,-0.9702028329396905,0.09712135510473743,0.5343397413390395,False
3184,1440032.0,-0.9742067868123061,0.0957158087418387,0.5326924755657783,False
3185,1440112.0,-0.3811684070446343,0.5740555280282214,0.8692161534783692,False
3186,1440254.0,0.0011487088601208895,0.9954957169739242,0.9978514955244303,False
3187,1440426.0,0.3726967185895505,0.4644587261424063,0.8304188564549431,False
3188,1441384.0,-0.030867394007165427,0.8772839379040266,0.9713049919519247,False
3189,1441615.0,-0.18296367548988057,0.4373569990610802,0.8199670654266474,False
3190,1442244.0,-0.15479516700791437,0.5104606239278785,0.8494685057585908,False
3191,1442656.0,-0.7252113219269171,0.09124528266399273,0.5255874660721358,False
3192,1442714.0,0.3974556036794297,0.36928654834853264,0.7855389932046486,False
3193,1442933.0,-0.5011166007454348,0.06323051988968922,0.4615785429741604,False
3194,1443144.0,0.1791882790768926,0.4463149045441315,0.8232367525618602,False
3195,1443590.0,-0.3560804103375088,0.1828665937608669,0.6448726415320155,False
3196,1443709.0,0.43107168705585847,0.10645065962914663,0.5501716390104129,False
3197,1444695.0,-0.7492971055712664,0.2069300008506619,0.6697153128306306,False
3198,1444931.0,-0.7089268404609557,0.25982434363952617,0.7122316278740778,False
3199,1445456.0,-0.09498737131458354,0.514255512034733,0.852243996871754,False
3200,1445994.0,-0.0013171104205198583,0.9931823163852913,0.9976859193376214,False
3201,1446482.0,-0.41997579111882344,0.46126699941938015,0.8299525085907634,False
3202,1446993.0,0.09457641757520235,0.5240517450785422,0.8544906969178123,False
3203,1447393.0,-0.03552399967640659,0.812061329111989,0.9562991422300517,False
3204,1447711.0,-0.7124887466288667,0.07416669403488547,0.4916202179950721,False
3205,1448527.0,-0.06437142942701721,0.6692981836447154,0.9077811212642927,False
3206,1449015.0,-0.0347686209332715,0.8138404744455313,0.9564936519088351,False
3207,1450525.0,0.02960543130155792,0.8427692369326182,0.9636462760176205,False
3208,1450802.0,-0.0867947128922546,0.8906851115887939,0.9715554662941385,False
3209,1450957.0,0.46559868240548846,0.40524104239775466,0.805362781989679,False
3210,1451241.0,-0.05943736876223052,0.9200025896821196,0.9792542104379494,False
3211,1451387.0,-0.018410051365135183,0.9019367154811723,0.975594510835791,False
3212,1452077.0,0.30879111006458393,0.42156022802878573,0.8119882707974855,False
3213,1452413.0,-0.01623899354086014,0.9123276374901479,0.9780087403669322,False
3214,1452867.0,-0.010433819176292512,0.9439026863180352,0.9831921763937949,False
3215,1453972.0,0.010296976984500682,0.9446092599118915,0.9835715603207272,False
3216,1454355.0,-0.015824733974272975,0.9152458631900924,0.978212828448341,False
3217,1455051.0,-0.02887526195822997,0.8476143730588507,0.9651890482210258,False
3218,1455268.0,-0.08599921845230185,0.5736830467350049,0.8690105319995085,False
3219,1455307.0,-0.006163035888508979,0.9670842256142974,0.9890097693323666,False
3220,1455929.0,0.10605479561227805,0.48021414501419574,0.836275241861246,False
3221,1456531.0,0.020572483554255575,0.9534255764201637,0.9856895243522245,False
3222,1456799.0,-0.07763914969113458,0.8897883806685071,0.9715554662941385,False
3223,1456943.0,-0.09883404649474384,0.5867125150487054,0.8728332922247775,False
3224,1457126.0,0.002820903824202397,0.985366867237153,0.9949982102076176,False
3225,1457509.0,-0.014198270445206572,0.9252822390128724,0.9802191960759526,False
3226,1458136.0,0.012829202271112727,0.9315997762368132,0.980469186391243,False
3227,1458399.0,0.07323442500779323,0.9036905262973126,0.9762699704376322,False
3228,1459067.0,0.02783486781713214,0.8535064214168926,0.9657054455551027,False
3229,1459147.0,0.01378918272209765,0.926939374453739,0.980469186391243,False
3230,1459171.0,-0.016377804692459058,0.9132190977288726,0.9780701902779048,False
3231,1459381.0,-0.033089129971612084,0.8252674155417179,0.9599947421761031,False
3232,1459972.0,-0.32612832594666274,0.6310395338935464,0.8940636673544143,False
3233,1460861.0,-0.02624690502226848,0.861592628968302,0.9674851365804226,False
3234,1462281.0,-0.0775209846475191,0.6100933489181258,0.8825835455315175,False
3235,1462777.0,0.01692587644135511,0.9130237006563424,0.9780701902779048,False
3236,1463109.0,-0.1001880293273605,0.5134044261993506,0.8517507330573056,False
3237,1464026.0,-0.35834393608915877,0.21189973808775533,0.6726604656358924,False
3238,1464134.0,-0.065662320222299,0.6604532568112972,0.9065781616953251,False
3239,1464303.0,-0.05049525656829601,0.9362138275910094,0.981230191995791,False
3240,1464788.0,-0.019992154040946918,0.892965095547517,0.9721809814662338,False
3241,1465011.0,-0.04162586196558397,0.7786221362619502,0.9463334656989087,False
3242,1465291.0,1.0375938029956138,0.023119426014852028,0.323821121795121,False
3243,1465564.0,-0.5453526536272782,0.3139987571181562,0.752394282767073,False
3244,1466180.0,0.29872133564312175,0.6151245821292533,0.8846983356740392,False
3245,1466872.0,0.10486648706253529,0.6668938290806012,0.9074404546460405,False
3246,1467922.0,-0.022823318092220782,0.8762741609407154,0.9712316288671582,False
3247,1469350.0,-0.06955938968697795,0.8495482072181222,0.9651890482210258,False
3248,1469859.0,0.020303749243947886,0.9000318022588043,0.9750344524470379,False
3249,1471479.0,-0.11408380129213122,0.6865512485184229,0.9134101976550412,False
3250,1474635.0,-0.5774723899276736,0.20625060086753416,0.6697153128306306,False
3251,1475768.0,-0.5498340348300175,0.16000785540376283,0.6204968918736582,False
3252,1476439.0,-0.06962770097741028,0.9121047906216989,0.9780087403669322,False
3253,1476591.0,-0.08317128055410519,0.8952398641618161,0.9731317579651948,False
3254,1476768.0,-0.22826304758175903,0.17011136060217888,0.6327386388128744,False
3255,1477059.0,-0.08348262883031124,0.6135540853706422,0.8846175297597576,False
3256,1477348.0,0.5298232060858894,0.3970838985640421,0.800825323470355,False
3257,1477947.0,-0.07220848123916862,0.8832050262155041,0.9715554662941385,False
3258,1477998.0,0.45388215686033795,0.41721412075520775,0.8099428239619001,False
3259,1478477.0,-0.13260630222957476,0.4212902803852348,0.8119882707974855,False
3260,1478947.0,0.14954605170160942,0.364606560211583,0.782358580410545,False
3261,1479334.0,-1.0241887634621119,0.02993927424287006,0.3611009132292828,False
3262,1479465.0,-0.1366788492241762,0.406942833520115,0.8058149066097496,False
3263,1479488.0,-0.13518737053545166,0.4116624731796503,0.8072712206149497,False
3264,1479592.0,0.043046525703701266,0.9297030828754875,0.980469186391243,False
3265,1481726.0,0.5199970187285583,0.1018314116707049,0.5431842622533178,False
3266,1482607.0,-0.2389416724389253,0.34992980151091185,0.7739033942340068,False
3267,1482931.0,-0.2701973883953295,0.045316295006569626,0.4199377491355814,False
3268,1484434.0,-0.1732653104073924,0.745174078373752,0.9355350047944941,False
3269,1485334.0,-0.21479308099285238,0.6460235659714902,0.8995107502078664,False
3270,1485530.0,0.8963149182475393,0.09277720902398053,0.5289372919933344,False
3271,1485533.0,0.2549721951659249,0.3700856253126527,0.7858158455702494,False
3272,1486759.0,-0.6347500361276266,0.2561666995834146,0.7122316278740778,False
3273,1486896.0,-0.11608585644023967,0.8358763674122833,0.9634460491893265,False
3274,1488681.0,-0.1637545298029327,0.450001703251791,0.8253416279483335,False
3275,1488765.0,-0.523495586256832,0.18029522750060242,0.6419793146593732,False
3276,1489493.0,-0.5763952810945331,0.18031443497081434,0.6419793146593732,False
3277,1491447.0,0.5247655026227238,0.2796320583335992,0.7281136465644923,False
3278,1492473.0,0.4879795376331368,0.41949052205663606,0.8111096574500863,False
3279,1493324.0,-0.2353178735593715,0.49597382606091556,0.845271373031333,False
3280,1493526.0,-0.29840904483460595,0.5240760793538026,0.8544906969178123,False
3281,1494119.0,0.29496692791856644,0.03914583398841982,0.3965747996621961,False
3282,1494779.0,0.21082238310212373,0.7218539501542512,0.927948312245219,False
3283,1494935.0,-0.18247813801509613,0.3631218228977537,0.7814606240196503,False
3284,1495034.0,-0.6149156565047643,0.28262829878305556,0.7311559064085006,False
3285,1495188.0,0.42927148524878134,0.12109947856636956,0.5740413378029969,False
3286,1495660.0,0.30191285137567275,0.033487281487551444,0.3752948321056626,False
3287,1496343.0,-0.6317695989722701,0.2699682119454658,0.7190014144831173,False
3288,1496634.0,-0.5178918011375608,0.3918847479010555,0.7987061469143742,False
3289,1496889.0,-0.6397100786366562,0.26423737427030813,0.7151340224367982,False
3290,1497049.0,-0.47277931036833853,0.39846527343440075,0.8023052415709608,False
3291,1497298.0,0.6215305276958994,0.2785882896095152,0.7271161057252434,False
3292,1497562.0,0.021137301383750973,0.9168019443978132,0.9787512033736542,False
3293,1498713.0,-0.6203234658184966,0.20451080801756572,0.6688655682526893,False
3294,1498954.0,-0.6231528984160557,0.27639824434244126,0.7259088781978396,False
3295,1499321.0,0.5171626390510895,0.392517559742994,0.7987370337016471,False
3296,1499641.0,0.4572617153079833,0.5010023673657099,0.8465682100288265,False
3297,1500046.0,-0.17535289809677143,0.4615792565069311,0.8299525085907634,False
3298,1500159.0,0.024210602056435326,0.9305965319940422,0.980469186391243,False
3299,1500535.0,0.1049433860211636,0.8309490104297659,0.9616152993832738,False
3300,1501708.0,-0.13272187517100065,0.7741796442658113,0.9443443126761863,False
3301,1501856.0,-0.2972391839312913,0.5253018554800174,0.8545579818988862,False
3302,1501891.0,-0.5351271546863818,0.14465037422321073,0.6050438287330737,False
3303,1502170.0,0.5385331000410781,0.1418097252590908,0.5999933164041444,False
3304,1502223.0,1.8838792810575908,0.002662381430559081,0.14450075214359415,False
3305,1502477.0,-0.498756528975685,0.3090651011355336,0.7495664647494701,False
3306,1503702.0,-0.19065628705085064,0.3823546088043052,0.793872464971652,False
3307,1503726.0,-0.16516068801613498,0.4444161526297326,0.8232367525618602,False
3308,1503911.0,0.17027018743117545,0.42634234083501965,0.8133064069190015,False
3309,1504400.0,0.2926008857460448,0.14570335925459044,0.60505354426495,False
3310,1504450.0,-0.04475652874909862,0.796863415207961,0.9520189925072969,False
3311,1504554.0,-0.056626341258078666,0.6829771676628406,0.9119708047766516,False
3312,1505345.0,0.6454984676667117,0.06685678939778361,0.47464385148001387,False
3313,1505470.0,-0.39532558591199507,0.04502008207405875,0.41944992650514185,False
3314,1505683.0,0.02771889039640371,0.8494668652708746,0.9651890482210258,False
3315,1505854.0,-0.009856185561801095,0.9710444021749368,0.9902128268977735,False
3316,1506438.0,0.38872315376194266,0.0466180185952963,0.42379780469043915,False
3317,1506729.0,0.7325089572130681,0.012365793794853232,0.26084895172462486,False
3318,1509006.0,-0.0743073491397529,0.7625452923935725,0.9408412057059236,False
3319,1509656.0,0.09898097414037033,0.6585266178440624,0.905536665403762,False
3320,1509660.0,0.6975226173479601,0.27813691576165694,0.7270462346020906,False
3321,1510259.0,0.2025748784588675,0.14565882622704585,0.60505354426495,False
3322,1512705.0,0.18688962650370877,0.7386572735945254,0.9335765787936011,False
3323,1512922.0,0.10118670392674661,0.776588812678321,0.9454768463013878,False
3324,1512936.0,0.00981065656915341,0.9836922741740249,0.9943981178966002,False
3325,1513623.0,-0.18891973582069838,0.6002789671217171,0.8781156191211636,False
3326,1514035.0,0.01848605030203271,0.9515068345257969,0.9851003506226448,False
3327,1514183.0,-0.38089689128143234,0.31141559495573684,0.7500706636249796,False
3328,1514625.0,0.19946670815735856,0.2178819189390368,0.6770911517578009,False
3329,1515040.0,-0.6654188913760611,0.19197096229738395,0.6565391972627797,False
3330,1516292.0,0.06376211108641522,0.7846478803716662,0.9493259854474406,False
3331,1516534.0,0.49319192787704746,0.41479222132232607,0.8093779547822847,False
3332,1516901.0,0.5325321834151239,0.3783851455802184,0.7924697579149664,False
3333,1517184.0,-0.04227667781009789,0.8555658387590538,0.9662133610847459,False
3334,1517213.0,-0.05810512033838977,0.8028616115100679,0.9542387816644899,False
3335,1518134.0,0.20579156208301544,0.17284784278245424,0.6334101947359447,False
3336,1518312.0,-0.3438458547096076,0.3149343969739923,0.752394282767073,False
3337,1518846.0,-1.2284262727748403,0.07449178199121508,0.4916202179950721,False
3338,1518894.0,-0.06810615400175496,0.7680900973954304,0.9418413545227069,False
3339,1519220.0,0.6091908119181291,0.13485275251998702,0.5913217812067733,False
3340,1520422.0,0.15201753785410732,0.5253307612354922,0.8545579818988862,False
3341,1520832.0,-0.27755842938320074,0.18239511576994297,0.644288637059138,False
3342,1520857.0,-0.29296997215146464,0.15931161036587313,0.6204968918736582,False
3343,1520879.0,0.3912361417655131,0.162066627754774,0.6229694806320021,False
3344,1520956.0,-0.15044455741179774,0.5671825298033906,0.8680059722283666,False
3345,1521257.0,0.5908514473698385,0.1472492414796047,0.6064697797232529,False
3346,1521397.0,0.0853378378047589,0.7346920150701526,0.9327853690121147,False
3347,1521480.0,-0.1982521380683072,0.6003011961658671,0.8781156191211636,False
3348,1521561.0,0.15479457866779506,0.5197031470716692,0.8525582078680625,False
3349,1522335.0,0.4107948858258278,0.48800721850688067,0.841153810601986,False
3350,1522695.0,-0.11215377203843643,0.8495071603990634,0.9651890482210258,False
3351,1522721.0,0.509678645744019,0.1263399464695741,0.5803854050872019,False
3352,1522807.0,0.5927102754461986,0.14613240499886493,0.6054464244220905,False
3353,1522870.0,-0.17687530923030592,0.740050836064775,0.9337733145975975,False
3354,1525089.0,-0.19280313472811303,0.4593441503586278,0.8293268019030668,False
3355,1525586.0,0.19028281354773835,0.17173515246861515,0.6334101947359447,False
3356,1525701.0,0.1667073932460888,0.624776405694897,0.8900072661085464,False
3357,1526059.0,0.6283185528667063,0.29048066186199956,0.7345252294539043,False
3358,1527306.0,0.1469180571791721,0.3608322913574036,0.7802768613894512,False
3359,1527763.0,-0.30081702546459155,0.5203843019255753,0.8530310476294353,False
3360,1528161.0,-0.3086172606641566,0.1388464786413683,0.5951144064220477,False
3361,1528478.0,0.20194619281701764,0.15010563772193905,0.608474460506416,False
3362,1528678.0,0.2533840154562148,0.6182030735981097,0.8860040089658675,False
3363,1529051.0,-0.07229608005601232,0.8485253998885667,0.9651890482210258,False
3364,1529681.0,0.6687556097626358,0.0711479493874033,0.4860358657018646,False
3365,1529765.0,-0.1703751274143422,0.537701567605268,0.858511186160994,False
3366,1529772.0,0.22908416531153292,0.15450910914054794,0.6142416843076545,False
3367,1530024.0,0.675465419393515,0.321208527630341,0.7565659242875616,False
3368,1530158.0,0.11521517484075355,0.6379913991004545,0.8969559172691923,False
3369,1530185.0,-0.10582394916726748,0.48494440615467566,0.8390956514404383,False
3370,1530690.0,0.2649512092048133,0.10536546902855656,0.5492485266959355,False
3371,1532934.0,-0.26913966806103623,0.05365311875096488,0.44345506312400756,False
3372,1533610.0,-0.2937130507510978,0.03202846043517442,0.369708471874854,False
3373,1534726.0,0.18286851098571874,0.2339138302587489,0.6904588490122399,False
3374,1535312.0,0.5241965699786363,0.38595125540032743,0.7955896115495888,False
3375,1535410.0,0.05457122653632884,0.8960511132327037,0.9733448247914539,False
3376,1535498.0,0.16526778461180894,0.4802708298261638,0.836275241861246,False
3377,1535509.0,0.8501676431451757,0.20918803658283522,0.6717455762185766,False
3378,1535602.0,0.17368026067893583,0.7565788424194002,0.938245136411182,False
3379,1535729.0,0.620434303516887,0.13030083774175263,0.587612131447742,False
3380,1536403.0,1.0867518126534141,0.021574386253218513,0.31690116749484026,False
3381,1537102.0,0.4323607908702767,0.4965534484065729,0.8455039501887606,False
3382,1538109.0,0.2420110776152299,0.4112376133804563,0.8068541448197881,False
3383,1538194.0,-0.1060446103217188,0.7736540009132191,0.9439164184406063,False
3384,1538309.0,-0.5881565350967948,0.2077018114052355,0.670553103885226,False
3385,1538386.0,-0.1423884319849198,0.3320861084209008,0.7618284082437468,False
3386,1538469.0,0.19619720659277762,0.15416280327037407,0.6142416843076545,False
3387,1539419.0,0.038367828955578345,0.8158702184074766,0.9566962194394625,False
3388,1539688.0,-0.05183162629431118,0.7042925504648062,0.9206490716659742,False
3389,1539742.0,-0.050167477159036855,0.7111197538311405,0.9238789135102654,False
3390,1540323.0,0.26773368179078993,0.0499937298077781,0.43241588610631976,False
3391,1540462.0,-0.1536438528106839,0.2824853545182371,0.7309603154458792,False
3392,1540677.0,0.6580923574291309,0.1354496444047946,0.5914139815214984,False
3393,1540888.0,0.04063867835561705,0.865109877534031,0.9675879210193268,False
3394,1541188.0,-0.3054444717245648,0.02787956320380504,0.3507361560751877,False
3395,1541779.0,-0.3004587380910049,0.03148343360804402,0.36629439637225925,False
3396,1541995.0,0.5063780718595876,0.4183364720735158,0.8106109254476999,False
3397,1543261.0,-0.3200851578193604,0.27405021798101814,0.7234734250539495,False
3398,1543646.0,-0.9036924279097818,0.1551058243951684,0.616053320091311,False
3399,1544118.0,1.0211412025719806,0.02412551364324487,0.3297808873173778,False
3400,1545537.0,0.4010718370671523,0.47492610945718106,0.8354729860580213,False
3401,1546118.0,0.2145816630447055,0.5605847692251662,0.8649229025744979,False
3402,1546126.0,0.10462880742392341,0.6871111415987949,0.9137071471340095,False
3403,1546419.0,-0.15009710346693303,0.30970787652719056,0.7497303448026011,False
3404,1546578.0,-0.10412485436059818,0.5711866563647493,0.8684576349724981,False
3405,1546593.0,-0.1179388493042334,0.4254240101366093,0.8133064069190015,False
3406,1547283.0,-0.2676102469339382,0.08066357642234778,0.5064217015989504,False
3407,1547532.0,0.2698850286112989,0.0795011893656902,0.5017357038166088,False
3408,1548239.0,0.14702277810149939,0.3387627034292439,0.7672743434313809,False
3409,1548426.0,0.6054007162435137,0.3048868482440705,0.7474970136741516,False
3410,1548831.0,0.18293355742346523,0.22807208504481247,0.6863868669512747,False
3411,1548975.0,0.1476222386103765,0.33520725304337307,0.7637856279987016,False
3412,1549084.0,0.19148931318892448,0.2041065654371395,0.6688655682526893,False
3413,1549587.0,-0.7094851705771927,0.18415979477955244,0.6461726578730589,False
3414,1550146.0,-0.07040588440905385,0.8550672502833723,0.966144998628709,False
3415,1550479.0,0.4534747277964117,0.4755869254309617,0.8354729860580213,False
3416,1550683.0,-0.28148597173041395,0.6551284762748923,0.9042157216790326,False
3417,1551619.0,0.23262036753198967,0.6954004701393798,0.9172196591263815,False
3418,1552325.0,-0.002016488786416637,0.9968521414232766,0.9984157589176663,False
3419,1552999.0,0.4423595923740173,0.021406299365164774,0.31690116749484026,False
3420,1553114.0,-0.6735261690752331,0.3234643861414746,0.7576711946449302,False
3421,1553246.0,-0.41672144342491674,0.031595513174470624,0.3669955592724237,False
3422,1553929.0,-0.20075754420946573,0.4084697699973504,0.805972644709398,False
3423,1554011.0,-0.07423580739779206,0.9063303948985965,0.9765741420034114,False
3424,1555697.0,0.12443366461428151,0.8272567860364108,0.9602087695065482,False
3425,1558713.0,-0.2771010381780417,0.4793236961183993,0.836275241861246,False
3426,1559570.0,0.15301816274023242,0.7881688583229021,0.9499858935259939,False
3427,1560115.0,-0.728167221877226,0.17231942789517904,0.6334101947359447,False
3428,1562814.0,0.087011249523437,0.8594506663477394,0.9672718489584977,False
3429,1563754.0,-0.14072587756325627,0.8134531886153102,0.9563559365774064,False
3430,1564081.0,-0.7106412192599753,0.1826229124118695,0.6446737282051523,False
3431,1564507.0,1.3189996518771403,0.0028321811463715425,0.1502138890437682,False
3432,1565855.0,-1.0590430322345337,0.05824333389555849,0.4512715128024892,False
3433,1567112.0,0.07535395536094872,0.6240363330147166,0.8896815711292267,False
3434,1568263.0,-0.21183078854631146,0.48053649848787644,0.836346213115029,False
3435,1569051.0,-1.111807100492297,0.0770258447584812,0.49532911424959325,False
3436,1569769.0,-0.8603631079938052,0.03239913405605659,0.3717095996782265,False
3437,1571466.0,0.02058195067328384,0.8888505205469796,0.9715554662941385,False
3438,1571494.0,0.4762562760162134,0.11184305064756034,0.5600856422418181,False
3439,1572075.0,-0.024615472523014995,0.8668789980840831,0.96767713288628,False
3440,1572234.0,0.6595910263943724,0.26503261127224026,0.7161423254755113,False
3441,1572344.0,-1.0356272076147803,0.0026418807425496594,0.14448977460321927,False
3442,1573886.0,-0.09143450965383498,0.8126720951610407,0.9562991422300517,False
3443,1573963.0,0.07846446687829056,0.9081199521635024,0.9773759690885977,False
3444,1574126.0,0.3236259862782609,0.309483313054929,0.7497303448026011,False
3445,1574433.0,0.01127707010906527,0.979086884354124,0.9928124093380746,False
3446,1574705.0,-0.06301377439446308,0.7519689147660509,0.9364451628145203,False
3447,1574815.0,-0.06935992460721582,0.6347234346742938,0.8959587624693706,False
3448,1574858.0,0.06023506839986682,0.6802943870722855,0.9103868587663131,False
3449,1575993.0,0.010091981537171106,0.9455539948252234,0.9837384564268292,False
3450,1576057.0,0.023836597193954593,0.8721093762348276,0.9696860789493773,False
3451,1576619.0,-1.1828269493001349,0.08081669837921422,0.5065333074151371,False
3452,1577212.0,0.012011916485296176,0.935071873160067,0.9809879530062575,False
3453,1578743.0,0.035714738624417944,0.8077584489370772,0.9557632950564722,False
3454,1579735.0,0.11460580170109388,0.8407519602783693,0.9634460491893265,False
3455,1579826.0,0.08696482387920491,0.8363502216910612,0.9634460491893265,False
3456,1580330.0,-0.05064085200482284,0.709164355888544,0.9231297617424326,False
3457,1580889.0,0.4754579100790273,0.11273663597149179,0.5612261687311046,False
3458,1580905.0,-0.13837090680140482,0.7953546110780835,0.9517271275695582,False
3459,1581486.0,-1.17048550373997,0.08403341329940422,0.5156487853957223,False
3460,1582000.0,-0.20949136931806558,0.6773592812363406,0.9095122428699074,False
3461,1582279.0,0.09032115308994992,0.6774211408201936,0.9095122428699074,False
3462,1582438.0,0.08900258429902264,0.6333349923013681,0.8953237290098106,False
3463,1582595.0,0.04026812687364071,0.7844213196719017,0.9492634810522288,False
3464,1583072.0,-1.1289093586713421,0.09582876190216207,0.5329002102704761,False
3465,1583435.0,0.10080822526758923,0.46367799986170266,0.8299525085907634,False
3466,1584033.0,-0.11547201703438682,0.4056869485026298,0.8054512326746155,False
3467,1584417.0,0.7241089812155079,0.21508404186270824,0.676002622601767,False
3468,1584877.0,0.11974564157832042,0.49493293384580134,0.8450875724395731,False
3469,1585103.0,0.13242078443070632,0.4511317300657322,0.8259999316140876,False
3470,1585120.0,-0.06470987113315035,0.7650194352244671,0.9411867429947561,False
3471,1585654.0,0.14109565533029678,0.42009781066578106,0.8115245198519347,False
3472,1586362.0,0.6722109838578776,0.28395300034010185,0.7317718712729844,False
3473,1586382.0,0.10483990121337199,0.5499739582378539,0.861556437479399,False
3474,1586485.0,0.08815785811074893,0.877228272040011,0.9713049919519247,False
3475,1587145.0,-0.7118531036200062,0.03960161027206103,0.3981417029283712,False
3476,1587420.0,0.14480907457145262,0.408507151088755,0.805972644709398,False
3477,1587837.0,0.0322729952009404,0.9357651373615594,0.981230191995791,False
3478,1588229.0,0.20852397709037823,0.6355442434073043,0.8963278534201283,False
3479,1588297.0,-0.6746578856082913,0.05147792270194328,0.43724010244882183,False
3480,1588655.0,0.15895167307487082,0.6494838401486119,0.9009742780499534,False
3481,1590428.0,0.2222411593506618,0.36591906536440916,0.7830369119752374,False
3482,1590816.0,0.5547798772562303,0.2893375436097058,0.7344091722455246,False
3483,1590869.0,-0.12738842748138374,0.5313068559139589,0.8572879931601436,False
3484,1590907.0,0.2032114171411495,0.4063983736295116,0.8056715540490473,False
3485,1591050.0,-0.39783960845823907,0.3012261215013018,0.7426419360409551,False
3486,1591405.0,0.027997854173085257,0.8736806980692556,0.9703624952489408,False
3487,1591470.0,-0.47632698123701356,0.20419484332916696,0.6688655682526893,False
3488,1591777.0,0.08631813378480599,0.6235946387635534,0.8896815711292267,False
3489,1592570.0,-0.12074437394849653,0.8404384968108101,0.9634460491893265,False
3490,1592734.0,-0.10590543759491977,0.4946093263094805,0.8448440971029757,False
3491,1593793.0,0.39370567188160466,0.502727316602308,0.8465933751828044,False
3492,1594016.0,-0.8170732422192066,0.19444310309046411,0.6599999637420225,False
3493,1595910.0,-0.010290891902818344,0.9799816993445761,0.9932718265398371,False
3494,1597959.0,-0.22441222303737404,0.5513180048377982,0.8623130341197923,False
3495,1598005.0,-0.10889995410458916,0.6535980071291757,0.9031716692857105,False
3496,1598102.0,0.1168846457057205,0.6320343840749219,0.8944013142071388,False
3497,1598580.0,0.013328527346925745,0.9589176071741098,0.9873020343655967,False
3498,1599949.0,-0.28182314578198897,0.26223963732501515,0.7134364068077793,False
3499,1600804.0,-0.25318153120448433,0.4403812262875198,0.8211086581010403,False
3500,1601361.0,-0.026028966449295032,0.9494665924801303,0.9848504406470916,False
3501,1601487.0,-0.22975707907964826,0.37450995507291585,0.7898209452568041,False
3502,1602197.0,0.8932541170155694,0.02054949230487501,0.31327339750063066,False
3503,1602334.0,0.0859744810674493,0.880145390188477,0.9715282642945458,False
3504,1602381.0,0.29814483589579266,0.06055094477504399,0.45676199133641593,False
3505,1602560.0,-0.046901593743616445,0.8224785739459629,0.9599051455556222,False
3506,1603455.0,-0.04740985401218402,0.8537943211940255,0.9657054455551027,False
3507,1603561.0,0.4731217223378916,0.04150541806171444,0.4066066201148984,False
3508,1603617.0,0.12881451490749504,0.8212418295022853,0.9590977411030437,False
3509,1603973.0,0.1330768527205031,0.8446004200432566,0.9639619628816607,False
3510,1604703.0,-0.24608661306764035,0.09639642332967337,0.5335967237346274,False
3511,1605371.0,-0.3061850963894618,0.5850024349931165,0.8728080530408184,False
3512,1607251.0,0.02043420127822765,0.9456770122605088,0.9837384564268292,False
3513,1608023.0,-0.12210677933229358,0.7942239942704998,0.9515273481552983,False
3514,1608143.0,-0.09806529464046217,0.8763900326811437,0.9712316288671582,False
3515,1608608.0,-0.04179397551282049,0.9471865084172671,0.9838550078187603,False
3516,1608620.0,0.09485167268486655,0.7240315001334624,0.9282345498935555,False
3517,1609087.0,0.0284993822130776,0.9118376238774575,0.9780087403669322,False
3518,1609287.0,0.9456404285870822,0.03137360394651009,0.3659261734679848,False
3519,1611623.0,1.7750614782391403,0.004740194788377161,0.1820644747086396,False
3520,1611754.0,0.045944541405880834,0.880577819610481,0.9715554662941385,False
3521,1612064.0,0.016841281534893726,0.9561133662605973,0.9870290623641258,False
3522,1612068.0,-0.06356185186463711,0.8369764818172889,0.9634460491893265,False
3523,1612372.0,0.054336025462162346,0.8588479024331068,0.9671951427442033,False
3524,1612680.0,-0.18972271895752824,0.4345036528911967,0.8192699586822894,False
3525,1613565.0,0.16500812199388587,0.643000298255353,0.8987654097409585,False
3526,1613737.0,0.1041854827397097,0.6566766886019748,0.9047058974448053,False
3527,1615164.0,1.1863441416457268,0.04575554898417238,0.42061368132535787,False
3528,1615888.0,0.15089084781229006,0.2873009050190891,0.7336391967546332,False
3529,1616168.0,-0.10911373040189504,0.7313848251649341,0.9316102179259985,False
3530,1616242.0,-0.44818764202933437,0.14551406272692483,0.60505354426495,False
3531,1616594.0,0.016935893699967265,0.915638090570945,0.9784377675269643,False
3532,1617472.0,0.09740723663940423,0.6150550353805302,0.8846983356740392,False
3533,1617972.0,1.7574883764249887,0.005175668252713461,0.18510945894730998,False
3534,1618056.0,0.06998179534998261,0.8526968847631724,0.9657054455551027,False
3535,1619117.0,-0.11362716772867573,0.8646309605431768,0.9675879210193268,False
3536,1620105.0,0.09706864420858041,0.7641991193760281,0.9411639151898961,False
3537,1623345.0,0.12716477245404953,0.8235492622965841,0.9599051455556222,False
3538,1623352.0,-0.8308574892048144,0.18624197133178322,0.6496272194048349,False
3539,1623639.0,0.11070925116924785,0.8460255126666801,0.9647659354970914,False
3540,1624697.0,0.11308189447530032,0.4252113045753515,0.8133064069190015,False
3541,1625751.0,-0.3233143728246024,0.3349408913629399,0.7635674124325051,False
3542,1626081.0,-0.003253433428097141,0.9935287631147506,0.9977385067305702,False
3543,1629100.0,0.12207364075321073,0.40609028206700326,0.8056631401212792,False
3544,1629697.0,-0.12705148545547174,0.8514520331628455,0.9655570944737186,False
3545,1630064.0,-0.46704981308693916,0.27805294530043156,0.7270462346020906,False
3546,1631493.0,-0.3585204695818671,0.15980725002409674,0.6204968918736582,False
3547,1631628.0,-0.06286979948862122,0.7407908020888655,0.9341558075328309,False
3548,1632374.0,0.48078748381711434,0.344171823413136,0.7703062150823901,False
3549,1632633.0,1.7683490106276056,0.004866888717856647,0.18244132784722678,False
3550,1634035.0,0.33767557130522097,0.5267223653734892,0.8548586987933043,False
3551,1634435.0,-0.01843344403460284,0.9622711543282139,0.9881227392065018,False
3552,1634623.0,0.08950697884800506,0.5241252250780701,0.8544906969178123,False
3553,1635275.0,-0.12015123057571431,0.5186922440123569,0.8525582078680625,False
3554,1636906.0,-0.09933769783530655,0.8683819669988788,0.9686862862781657,False
3555,1637604.0,0.11356318685689809,0.6446124198067789,0.8987654097409585,False
3556,1638801.0,-1.3648747880938243,0.004577793291061085,0.18004328324082639,False
3557,1640342.0,0.48320705049459256,0.09169551666204491,0.526364269363563,False
3558,1640509.0,0.12832099415982734,0.82190782075804,0.9596439060265166,False
3559,1640643.0,0.12333879728329994,0.8287649651516196,0.9608291890121575,False
3560,1641503.0,1.194677415611642,0.044226355246877284,0.4155043092017304,False
3561,1642578.0,-0.13430124773576818,0.35818146980007437,0.7783797953744332,False
3562,1643042.0,0.5798157536196461,0.23925425752473006,0.6945958635850342,False
3563,1644384.0,0.5624623346925741,0.21320958266376253,0.6737972028294618,False
3564,1645662.0,-0.3903271495308992,0.10972440763205826,0.5556502612494308,False
3565,1647460.0,0.10804578787463986,0.7039156078607597,0.9204919796805863,False
3566,1648207.0,-0.7265275647112684,0.035368108250674254,0.37993156735967887,False
3567,1649120.0,0.2460363791562047,0.5453623965570366,0.8607020666802314,False
3568,1651132.0,0.11781252554351747,0.7504920603848692,0.9361117074520717,False
3569,1652004.0,-0.26006483249926327,0.6606367056071294,0.9066006876568129,False
3570,1652399.0,0.1252202404762149,0.8261621377882562,0.9600568337246436,False
3571,1653020.0,0.19929657659422764,0.5270058548979101,0.8548586987933043,False
3572,1653525.0,-1.0656492388491774,0.07088681253230285,0.4854715540653958,False
3573,1653694.0,-0.6651685513437813,0.058643669406677014,0.452621396092223,False
3574,1655296.0,-0.2704067552788809,0.3150102948507178,0.752394282767073,False
3575,1655304.0,0.8382219533900067,0.030029247667445157,0.36163650120476953,False
3576,1656004.0,0.09952423009760011,0.5421066643736663,0.8597029622364961,False
3577,1656141.0,-0.4405395056205803,0.06316238353663461,0.4615785429741604,False
3578,1656336.0,0.2299082383882009,0.7157217378958081,0.925197549253894,False
3579,1656634.0,-0.5235086352375751,0.14049496577420612,0.5983024140757188,False
3580,1656728.0,-0.29493812864031915,0.2699507077545933,0.7190014144831173,False
3581,1656751.0,0.13385599861905623,0.5698581346212052,0.8683622515454004,False
3582,1656758.0,0.11462249968536987,0.7852545273367242,0.9495840629993394,False
3583,1657680.0,0.15434166184699358,0.49808066922833394,0.8463587634741259,False
3584,1657767.0,0.6876104574029809,0.008897802771124435,0.23644120627298257,False
3585,1658314.0,-0.2587230181494803,0.662312189101727,0.9071135022392084,False
3586,1658431.0,-0.6400667601846716,0.21012488728656326,0.6719345997043235,False
3587,1658685.0,-0.34484597599226874,0.24160434171028844,0.6960231234780204,False
3588,1659167.0,-0.29978959067449934,0.4538645915006399,0.827107336072722,False
3589,1659435.0,-0.6345869417220679,0.21234875659678587,0.6730060592286454,False
3590,1659519.0,-0.4582995056015459,0.36976336406304827,0.7858158455702494,False
3591,1660046.0,0.2541159473933779,0.09324070421488019,0.5290245029782557,False
3592,1660708.0,-0.24171393833008314,0.4707245808872054,0.8335061780771449,False
3593,1661109.0,-0.22563351686150807,0.5083293861202847,0.8492966548932642,False
3594,1663260.0,-0.2837278420103398,0.19625388597268775,0.6607741725290092,False
3595,1663379.0,0.11546547716669796,0.8395588050897038,0.9634460491893265,False
3596,1663426.0,0.5881403816400055,0.03084813378726725,0.3647674207633835,False
3597,1664122.0,-0.28068092591550853,0.5746068275077829,0.8692161534783692,False
3598,1664606.0,0.08272383059317637,0.5578467930140976,0.8640734786198672,False
3599,1665788.0,0.1634162813892844,0.8096336748653341,0.9562991422300517,False
3600,1666064.0,-0.6357287353141302,0.21314477357713305,0.6737972028294618,False
3601,1666223.0,-0.16434610747618925,0.6115735098422087,0.8839720971154694,False
3602,1667210.0,-1.0871532855146218,0.017689585704603748,0.3032647161042293,False
3603,1668472.0,0.06530173017516328,0.7652035749765261,0.9411867429947561,False
3604,1668729.0,-0.36793046803902096,0.589533202540967,0.8744992410140787,False
3605,1668946.0,0.155517826130122,0.780973729463542,0.9477327929934878,False
3606,1668969.0,0.0876228416699599,0.8160848340182928,0.9567556834721426,False
3607,1670954.0,0.058476596625287675,0.6836301117915337,0.9119708047766516,False
3608,1671212.0,-0.20903198090382757,0.2945082293422053,0.7365362586758677,False
3609,1671378.0,-0.0515467996561742,0.8581045449925138,0.9669817197107029,False
3610,1671585.0,1.0482995184278017,0.009813393530885516,0.24216297347177232,False
3611,1671863.0,-0.1602382906645765,0.7134033904420903,0.924435215858767,False
3612,1672587.0,-0.08122808665568715,0.6136277045641457,0.8846175297597576,False
3613,1674067.0,0.04360870117655238,0.7885737430496024,0.9500925502142112,False
3614,1674881.0,-0.027007704086607465,0.9682497518637088,0.989582059738307,False
3615,1675487.0,-0.24346088715686498,0.226241181449251,0.6856080470775041,False
3616,1675922.0,0.1293573628873466,0.7057365582915195,0.9212863685316103,False
3617,1675927.0,-0.22754503207982846,0.26024598250503356,0.7122316278740778,False
3618,1676263.0,-0.1530439824327963,0.611400961005142,0.8838403824358524,False
3619,1677197.0,-0.10102434999532262,0.502759799086107,0.8465933751828044,False
3620,1677593.0,0.6365728624596068,0.020170764707749624,0.31057255447180454,False
3621,1677615.0,-0.5348750828177165,0.05086402543863733,0.43600760283297996,False
3622,1677802.0,-0.7807320203803079,0.017887971214542327,0.30355434210359833,False
3623,1678456.0,-0.03788679763785251,0.8358179128935966,0.9634460491893265,False
3624,1679055.0,0.6632859575293659,0.0002290828641537843,0.04875871549782997,False
3625,1679501.0,0.06761423805464697,0.7263304624099226,0.9292022382127895,False
3626,1680262.0,-0.26168474824380095,0.05792694074422478,0.45051770430305504,False
3627,1681211.0,-0.040575709380749496,0.783565264240153,0.948650562494631,False
3628,1682979.0,-0.027272924975471305,0.8746479129976623,0.9705423479980987,False
3629,1683448.0,1.2064666641591848,0.00020242122824045498,0.045077465003157714,False
3630,1684160.0,0.898267081014597,0.005161838488695118,0.18510945894730998,False
3631,1684933.0,0.5505301745617006,0.0025503595832194236,0.14246841960502432,False
3632,1685036.0,0.10306961953715335,0.4854951580010932,0.839442649938062,False
3633,1685162.0,-0.07507659587910227,0.6092007294330247,0.8823081437978606,False
3634,1685442.0,1.1879446540732093,0.00025077485718022534,0.05086506292498865,False
3635,1685789.0,-0.25594285872432915,0.11717253980680463,0.5699098796699474,False
3636,1685875.0,-1.1564518061404832,0.08734752053056434,0.5195382659502882,False
3637,1686635.0,1.2034528429155522,0.00020348187795068891,0.045077465003157714,False
3638,1686899.0,0.08306538562373592,0.9024881622650616,0.9756121796021419,False
3639,1687182.0,0.10102464676780093,0.8818828915820858,0.9715554662941385,False
3640,1687857.0,0.18795861802631184,0.7367755039129734,0.9329803613029483,False
3641,1688641.0,-0.14745940235903313,0.8253282486642798,0.9599947421761031,False
3642,1689917.0,-0.2286208888058625,0.7013748715530649,0.9191081938598813,False
3643,1691714.0,1.1109546019175185,0.059345538612803866,0.4539188713640068,False
3644,1692040.0,-0.02983385926879173,0.9515225404217809,0.9851003506226448,False
3645,1692243.0,0.14421525514254174,0.7780932241121031,0.9460351643970519,False
3646,1692665.0,-0.2708170984372667,0.6670015411867587,0.9074404546460405,False
3647,1692751.0,-0.32605755458913455,0.04061255512517871,0.40338265821120434,False
3648,1692826.0,1.17864036136857,0.08107230714603214,0.5075201234545438,False
3649,1693774.0,-0.9325110418459307,0.11397761169290582,0.564428364473765,False
3650,1695617.0,0.04882783938370483,0.9353389565809374,0.9811658652576416,False
3651,1695778.0,-0.005558654814402805,0.9916944014916044,0.9974218176556843,False
3652,1695981.0,0.375482120204246,0.016678821212638466,0.29343371841684046,False
3653,1697541.0,-0.3628429243720411,0.01808359362287094,0.30355434210359833,False
3654,1697726.0,-0.12123729771925099,0.8555793629226643,0.9662133610847459,False
3655,1697830.0,-0.1682051516807363,0.6998832860392679,0.9188719242811142,False
3656,1698143.0,0.3247352561493019,0.05192117876113529,0.43962901361320095,False
3657,1699359.0,0.05558737229033191,0.844526841675742,0.9639619628816607,False
3658,1699447.0,0.23038065316961717,0.10446791008464433,0.5482029444111168,False
3659,1700343.0,-0.4252407447306148,0.01964923192566101,0.3100180415015265,False
3660,1700672.0,-0.22537610245179968,0.48927543353871306,0.8411834771936298,False
3661,1701078.0,0.19795441858822543,0.14602822718771352,0.6054464244220905,False
3662,1701314.0,0.6572236641896291,0.0752946065319228,0.4916202179950721,False
3663,1702019.0,-0.4342077190040354,0.06614009691037706,0.47215086747636864,False
3664,1703676.0,-0.4231230716694727,0.1749942569234106,0.6357846474802091,False
3665,1703800.0,-0.14986226151483464,0.5639352261489551,0.8660458905485552,False
3666,1704457.0,0.95393072243783,0.007036883861407055,0.21397122608932356,False
3667,1705037.0,-0.39440701811973694,0.027611142618459678,0.3500732242265052,False
3668,1705473.0,-0.18526808812868725,0.1731444277365506,0.6338896334166126,False
3669,1705494.0,0.958866492651608,0.01485631760635595,0.2775651077745161,False
3670,1705643.0,-0.42048890918896237,0.0025846862969296615,0.14246841960502432,False
3671,1705770.0,0.6961248050702511,0.061904367704513345,0.459403250215743,False
3672,1706475.0,0.16999967342821687,0.5326998663853784,0.8573535950133384,False
3673,1706524.0,-0.19026954511549643,0.6626761684574071,0.9071135022392084,False
3674,1706906.0,-0.62501060582337,0.32224445953362213,0.7571301898311733,False
3675,1707270.0,-0.2911333592065982,0.6250958449388814,0.8900072661085464,False
3676,1707334.0,0.1940982205630959,0.15012270124566227,0.608474460506416,False
3677,1707339.0,0.6512790046184956,0.07811477425962936,0.49834411394695494,False
3678,1707371.0,0.19147984391736964,0.15822748402983053,0.6204968918736582,False
3679,1707992.0,-0.6139238035005589,0.11963291878017814,0.5737187286540817,False
3680,1709215.0,0.12830459451690868,0.8297238108457975,0.9611196208228717,False
3681,1710377.0,0.09986807036808559,0.4616149265532774,0.8299525085907634,False
3682,1711187.0,-0.32628918102384763,0.015907268780069,0.2844701855150725,False
3683,1712078.0,-0.08476225165890111,0.5348816405424641,0.8576105784226076,False
3684,1712399.0,-1.1838089621266406,0.01521038635679913,0.2817555356707416,False
3685,1712935.0,0.1077411071322418,0.4267421117195486,0.8135894537091666,False
3686,1713062.0,0.7936035911544765,0.0033427318881275557,0.15776241150271575,False
3687,1713291.0,0.8965311173862389,0.026602478625927635,0.3478735588863733,False
3688,1714826.0,0.88944131150256,0.0011233400836845372,0.09994964433111189,False
3689,1714920.0,0.6550644814026476,0.08816205509629246,0.5200696605336262,False
3690,1715328.0,-0.10272335969635371,0.7873848180812119,0.9498033211865775,False
3691,1716989.0,0.09142331953754113,0.7212347184396731,0.927948312245219,False
3692,1717523.0,-0.1618670627645165,0.21899746572438572,0.6770911517578009,False
3693,1719057.0,-0.16374795710947687,0.22452735092150036,0.6830533817467234,False
3694,1719075.0,0.18371471951951418,0.38443589423684343,0.7951698993789893,False
3695,1719464.0,0.7671012776717846,0.04179691140736078,0.40742701764174566,False
3696,1719896.0,-0.14055802113994478,0.7146142179914657,0.9249001235599571,False
3697,1720293.0,0.23405830542810588,0.6924041174186557,0.9168146736496106,False
3698,1720328.0,-1.054436539215649,0.04719995976355216,0.4247591345526459,False
3699,1720687.0,-0.18221189070189148,0.17122371697191704,0.6330956877153683,False
3700,1720757.0,-0.21869298028489018,0.5341206726613765,0.8576105784226076,False
3701,1721434.0,-0.04231338361588083,0.9397843496075866,0.9823167178613725,False
3702,1722378.0,-0.7008661902502997,0.00035348234838761586,0.05499224171915679,False
3703,1722662.0,-0.6774274760174699,0.000609915361397928,0.07698408427877336,False
3704,1722755.0,-0.7040320560473378,0.0003325105248360483,0.05499224171915679,False
3705,1722854.0,-0.2235210643776792,0.2907989283480466,0.7347817428347406,False
3706,1723512.0,-0.5748433606805932,0.04524072729486019,0.4197334143467584,False
3707,1724457.0,0.16131875847100619,0.7632133061619628,0.9408424436199448,False
3708,1724711.0,0.1191415901228741,0.6837757679814681,0.9119708047766516,False
3709,1724790.0,0.7564049300179444,0.04424900796289271,0.4155043092017304,False
3710,1724928.0,0.6943332256703731,0.07066798371405247,0.4851672125806076,False
3711,1725822.0,0.14595667741051388,0.6857633904089089,0.9128300977375565,False
3712,1726194.0,0.7842013040064764,0.16218492699952583,0.6229694806320021,False
3713,1726406.0,0.16244489374412088,0.8107471305028905,0.9562991422300517,False
3714,1727654.0,0.7937216799025789,0.034827189736763464,0.37993156735967887,False
3715,1727855.0,-0.14041427211582438,0.7096153137386889,0.923403145108083,False
3716,1728818.0,-0.4593522368947487,0.17452973102145092,0.6353422020561414,False
3717,1729103.0,0.6774194201475444,0.07161981142081199,0.48650378784287496,False
3718,1729449.0,-0.4513802981912765,0.08145150374902013,0.5081675986571428,False
3719,1729586.0,0.777708075119817,0.03533928037658926,0.37993156735967887,False
3720,1729821.0,0.5288814007918019,0.06868279738380645,0.4800719675474688,False
3721,1730396.0,-0.4274236191091375,0.10059854108455317,0.5414816983646852,False
3722,1731999.0,-0.11316287446550286,0.832001266089278,0.9619097328765415,False
3723,1732241.0,-0.5606021198873501,0.40835041716488246,0.805972644709398,False
3724,1732491.0,-0.500605844948043,0.3278597659612748,0.759576575611863,False
3725,1732935.0,-0.1963123195579175,0.4983339494442741,0.8463587634741259,False
3726,1733101.0,0.1623761721856908,0.7736549401074228,0.9439164184406063,False
3727,1733156.0,-0.609223133033051,0.0008085602311449471,0.08792471243167331,False
3728,1733349.0,0.8571024293555433,0.05767509885936951,0.45013779640416013,False
3729,1733987.0,-0.6001979059634146,0.010984267657501434,0.25231921425166937,False
3730,1734246.0,0.6943056492919301,0.0024973456434339673,0.14246841960502432,False
3731,1734370.0,-0.2592107806881603,0.5997099418378564,0.8781156191211636,False
3732,1735301.0,1.6970351370062076,0.00758753378912292,0.22140505183045509,False
3733,1736411.0,-0.08415455473971264,0.8446698569727238,0.9639619628816607,False
3734,1737295.0,-0.9280388346819918,0.03387038631404736,0.3770903009630606,False
3735,1737606.0,0.462433686503507,0.07369028929046023,0.4916202179950721,False
3736,1738033.0,0.6965283946573778,0.10166413452067925,0.5428254698583244,False
3737,1738483.0,0.3615352629547825,0.477989660013024,0.836275241861246,False
3738,1738565.0,0.4933993950472872,0.1310224794272499,0.5879491584054558,False
3739,1738714.0,0.17389043925299044,0.3230199012417021,0.7574813195028465,False
3740,1739041.0,-0.344235780813182,0.08152538519786544,0.5081675986571428,False
3741,1739224.0,0.22549818164816082,0.5991649389343432,0.8781156191211636,False
3742,1739283.0,0.8400181448319199,0.006681883426454352,0.208180668601501,False
3743,1739546.0,0.44298754296787535,0.08663805980730997,0.5194262955034968,False
3744,1739811.0,-0.0786896404456536,0.8776062921290121,0.9713049919519247,False
3745,1739814.0,0.6852850619811426,0.10707721477269556,0.5513261278046694,False
3746,1739844.0,1.0677939067626903,0.04507080528774826,0.41944992650514185,False
3747,1739895.0,-0.2565382822855452,0.4427896521735284,0.8224643522148616,False
3748,1740783.0,-0.12683594144625832,0.6171772304306793,0.8854690505319883,False
3749,1741603.0,-0.3723892419450317,0.25855938645432874,0.7122316278740778,False
3750,1741986.0,0.3396075290578817,0.5140116782418586,0.8520763532683874,False
3751,1742048.0,-0.21594804843708504,0.14524599795511642,0.60505354426495,False
3752,1742246.0,-0.1479014507585067,0.8274296798206192,0.9603067651505209,False
3753,1742328.0,0.712031439518021,0.10421589544169335,0.5482029444111168,False
3754,1742513.0,0.22493177641389933,0.6655924691418955,0.9074361030564275,False
3755,1743398.0,-0.3425457709127138,0.01472079561253613,0.2769397510815939,False
3756,1743709.0,0.35315415433370334,0.017042559534114328,0.2969453992661493,False
3757,1744039.0,0.5779703205005435,0.3905735255435457,0.7979814831122131,False
3758,1744184.0,-0.5952467203700254,0.055827234471228906,0.4459195218434067,False
3759,1746376.0,0.5881482683657926,0.34947807815287063,0.7738855824304457,False
3760,1746443.0,-0.40036230285164326,0.4320675210385767,0.817265787897664,False
3761,1746541.0,-0.4162734532955956,0.20539921520809332,0.6697153128306306,False
3762,1747233.0,0.6110822832611777,0.33066013946911565,0.7612214655230629,False
3763,1747763.0,-0.13243341368893505,0.8451446240139375,0.9641913403290617,False
3764,1748152.0,0.5320584698780355,0.15958180853131074,0.6204968918736582,False
3765,1748807.0,0.024959014728466414,0.9190458290023548,0.979161534970017,False
3766,1749427.0,0.16659762831747876,0.25614118628938237,0.7122316278740778,False
3767,1749429.0,-0.17087774793083338,0.21644479767725586,0.6765068467568709,False
3768,1749791.0,0.20528585440937952,0.17240699212142993,0.6334101947359447,False
3769,1749987.0,0.053493033113969274,0.8283435904236954,0.9607511137994672,False
3770,1750516.0,0.20441875921041236,0.17016717027188868,0.6327386388128744,False
3771,1751312.0,0.7302385095313657,0.08607374258688828,0.5191442983289968,False
3772,1751788.0,0.0017846197218242682,0.9930402254761524,0.9976355064825205,False
3773,1752197.0,-0.20252088544443275,0.4847455183442148,0.8389529020450338,False
3774,1753012.0,0.6060130645990487,0.3348062687355462,0.7635130351101584,False
3775,1753447.0,-1.5560572970996431,0.004688431049020452,0.1820644747086396,False
3776,1753746.0,-0.006326998308022358,0.9753396072094925,0.9914577565214744,False
3777,1754146.0,0.06140874645771273,0.9187310741410653,0.9790718446692778,False
3778,1755381.0,-0.09729094639134468,0.6666523455169592,0.9074404546460405,False
3779,1755411.0,-0.2811801919299527,0.6785181565452428,0.909963994561004,False
3780,1755571.0,-0.05643451350754288,0.7588754754821813,0.9396986046206762,False
3781,1755576.0,-1.541535957333706,0.005093324878470905,0.18429347185267225,False
3782,1755744.0,0.07042900967430304,0.5922002864390575,0.8751488560965182,False
3783,1755877.0,-0.4347219308962209,0.3452659331570721,0.7708136395815621,False
3784,1756150.0,0.08247622989505085,0.7344940124950022,0.9327853690121147,False
3785,1756257.0,-0.28223826776635386,0.5261949956284534,0.8548586987933043,False
3786,1757585.0,0.1692334307540599,0.4829912362143466,0.8375570922781171,False
3787,1758309.0,-0.058130421869766316,0.921873346938273,0.9798138051867346,False
3788,1758400.0,-0.27917868866760526,0.4512371805132694,0.8259999316140876,False
3789,1758528.0,0.12160355445580548,0.7234442246295183,0.9282345498935555,False
3790,1759731.0,-0.1753550442153568,0.5523196265340141,0.8623155770302895,False
3791,1759843.0,-0.0024710513631361897,0.9924017266073354,0.9975037404519534,False
3792,1760004.0,1.1588874129181597,0.027670458441855506,0.3500732242265052,False
3793,1760135.0,0.6005048230911101,0.28490164428107206,0.7320014925858195,False
3794,1760833.0,0.06291471942858255,0.9167230746304659,0.9787512033736542,False
3795,1760904.0,1.2631744408004526,0.02435668812400906,0.3313181072507749,False
3796,1761082.0,0.4495949899729129,0.10484458390346507,0.5484761244684884,False
3797,1761860.0,-0.15870602856112173,0.31280011319708123,0.7511946087051343,False
3798,1762374.0,0.5564752547119476,0.19481750390421596,0.6604255264025536,False
3799,1762705.0,-0.13736721717758463,0.5998695263600164,0.8781156191211636,False
3800,1763040.0,-0.5599516184313552,0.12081456695017245,0.5737187286540817,False
3801,1763326.0,-0.03936361886436261,0.9230730923461062,0.9798512045195563,False
3802,1763832.0,-0.3742703131137577,0.5266284258962095,0.8548586987933043,False
3803,1764213.0,0.538923126015322,0.20913155809063685,0.6717455762185766,False
3804,1765039.0,0.14569507560030465,0.6564553860926641,0.9047058974448053,False
3805,1765393.0,-0.40672672753992023,0.22813018059751244,0.6863868669512747,False
3806,1765409.0,0.12207818113730073,0.8288585110164531,0.9608350210469456,False
3807,1765683.0,-0.6867180051583928,0.08524353118512688,0.5191442983289968,False
3808,1765790.0,-0.1711582479787485,0.6844129742982703,0.912130489380936,False
3809,1765968.0,0.2993495707392707,0.33278377715336804,0.761838166360956,False
3810,1766283.0,0.15432196425640848,0.2562757612250728,0.7122316278740778,False
3811,1766388.0,0.350247421088273,0.03350167593831295,0.3752948321056626,False
3812,1766412.0,-0.4741882326222594,0.13789670983318922,0.593337341151028,False
3813,1766642.0,1.2676433397687359,0.00529225044094111,0.1874296683465999,False
3814,1766648.0,0.3427096751834961,0.6135311598818964,0.8846175297597576,False
3815,1767392.0,-0.1032768619938432,0.6704477835728639,0.9078238198617231,False
3816,1767848.0,-0.6788122020878853,0.08918235165680737,0.5208992735599512,False
3817,1767900.0,-0.2527006571145575,0.42961205395370594,0.8155716764021472,False
3818,1767986.0,-0.14745753927437863,0.2793647431849001,0.727917495744621,False
3819,1768204.0,0.5688599607908383,0.40056403779635336,0.8028690780890388,False
3820,1768744.0,-0.733526315100509,0.0981270698608736,0.5366092409772206,False
3821,1768841.0,-0.7614084226048929,0.07692954917527496,0.49532911424959325,False
3822,1769014.0,-0.23418629101771876,0.3539846883431413,0.7752862471043848,False
3823,1769045.0,0.01651741511042791,0.9360684587995513,0.981230191995791,False
3824,1769229.0,0.6618344192380398,0.06707022221500311,0.4747319460720438,False
3825,1769236.0,-0.8011468755510053,0.2033792709971718,0.6683869169465031,False
3826,1769311.0,0.03773811293730268,0.8167573934940312,0.9569953569703018,False
3827,1770120.0,1.3255716100321318,0.003528739932340525,0.15918296906420284,False
3828,1770278.0,-0.2533034752267519,0.6690657195204869,0.9077811212642927,False
3829,1770455.0,0.131645937231343,0.6875696702119503,0.914092929595924,False
3830,1770456.0,-0.5439586537455855,0.1423370082448691,0.6004928972009538,False
3831,1770550.0,0.142487309458933,0.29909204880481566,0.7415815874317666,False
3832,1770639.0,0.4925253175335203,0.15900048578087095,0.6204968918736582,False
3833,1770773.0,-1.123034864775977,0.07291890895994936,0.4907221058650033,False
3834,1771167.0,0.20342362395398758,0.5700436798850886,0.8683622515454004,False
3835,1771573.0,-0.23461125032405614,0.5866194187550333,0.8728332922247775,False
3836,1772240.0,-0.25485472994438124,0.09453291705378768,0.5311815545212475,False
3837,1772243.0,0.833019918396915,0.056985944084161654,0.45013779640416013,False
3838,1773843.0,-0.02662491002132239,0.8620678919546941,0.9674851365804226,False
3839,1773988.0,0.21828892169548114,0.3079165872975042,0.7489210296021528,False
3840,1774430.0,-0.09096975970852711,0.8125687056201136,0.9562991422300517,False
3841,1774661.0,-0.3161591006627762,0.15724326126393007,0.6191061302212408,False
3842,1775208.0,0.4982983657050155,0.08604760162033431,0.5191442983289968,False
3843,1775939.0,-0.7331851312531675,0.004004426685488692,0.1687372245004782,False
3844,1776271.0,-0.2794509354935538,0.05085557384651615,0.43600760283297996,False
3845,1776415.0,0.06531819773006503,0.6971192133251289,0.9177219956881495,False
3846,1776503.0,-0.3610665514578223,0.14022550063955933,0.5980286309026843,False
3847,1777143.0,0.40449098891482227,0.006228137214013185,0.2024144594554285,False
3848,1778527.0,0.23615017140706962,0.6308935087726011,0.8940636673544143,False
3849,1779378.0,0.3874799774431528,0.004110603141852213,0.1696600650372843,False
3850,1779571.0,-0.24299478740435848,0.32471905778625604,0.7578479558547864,False
3851,1780187.0,-0.6374291649510311,0.035421163534872964,0.37993156735967887,False
3852,1780521.0,-0.4218466765394455,0.19753319568548944,0.6617395851783792,False
3853,1781024.0,-0.08965493018102572,0.9132859925063881,0.9780701902779048,False
3854,1781455.0,-0.018011785172717787,0.9192937519761246,0.9791908230498314,False
3855,1781868.0,0.805688211703131,0.038539833792101526,0.39413370253600943,False
3856,1781967.0,-0.6460841740349926,0.09761718009113347,0.5355977543459245,False
3857,1782455.0,-0.34334347709875707,0.012018941389837563,0.26033926076639097,False
3858,1783629.0,-0.14521060273662467,0.6448137953386935,0.8988639717993474,False
3859,1783893.0,-0.46388200136282115,0.22806359127006173,0.6863868669512747,False
3860,1784513.0,0.47274900947570353,0.0014124509201401169,0.11191353823445963,False
3861,1784854.0,-0.14147791647166172,0.38303729872787423,0.7940927955865307,False
3862,1784901.0,-0.8522169076075718,0.12540643817166733,0.5793726021937466,False
3863,1785025.0,-0.42883747342620016,0.19602278516306043,0.6604255264025536,False
3864,1785281.0,-0.10335687307779146,0.7876141185965883,0.9498033211865775,False
3865,1785742.0,0.3633617847146895,0.5932373428464331,0.8756136496013212,False
3866,1785870.0,-0.18089466356852615,0.34528323017165463,0.7708136395815621,False
3867,1786690.0,-0.551886757446395,0.16788793995270657,0.6299424777693156,False
3868,1787340.0,0.33144249434075346,0.5998594146193914,0.8781156191211636,False
3869,1787482.0,-0.5549578264081488,0.03072872299543171,0.3643672757141342,False
3870,1788033.0,0.5653454615384661,0.07000276828736524,0.4840000316938533,False
3871,1788123.0,0.18477321586167875,0.18754402292814332,0.6509418201573159,False
3872,1788622.0,0.8337033604237792,0.056714859610108984,0.44937211756768836,False
3873,1788838.0,-0.1703700002374726,0.3752956116528769,0.7908821324969867,False
3874,1789380.0,-0.1591140636647314,0.2555784564310639,0.7122316278740778,False
3875,1790046.0,-0.19085727063542446,0.6669883628064008,0.9074404546460405,False
3876,1790211.0,0.25419142393051175,0.08457898540952138,0.5172421896452702,False
3877,1790431.0,0.0790494422902829,0.6889959160639989,0.9144211601509608,False
3878,1790655.0,-1.5631208598307875,0.012744776279805274,0.26328039477089854,False
3879,1791094.0,0.1689814945927527,0.2545650328597404,0.7101782142617533,False
3880,1791794.0,-0.21977303173553983,0.11815372828723007,0.5718050470610265,False
3881,1792344.0,-0.10803059711617267,0.5009078007162066,0.8465682100288265,False
3882,1792493.0,-0.3495622017704152,0.13477650764279855,0.5913217812067733,False
3883,1792590.0,-0.2385977863376162,0.08757224361129129,0.5199287688748503,False
3884,1792596.0,0.6672235709375844,0.03566734646453469,0.37993156735967887,False
3885,1792815.0,0.21936657377242472,0.12051938850899056,0.5737187286540817,False
3886,1792979.0,1.424489044920956,0.035726787426011465,0.37993156735967887,False
3887,1793472.0,-0.22631158480245958,0.10148576964436812,0.5428254698583244,False
3888,1793649.0,0.13071600437430056,0.7176553417438336,0.9262983462814111,False
3889,1794083.0,-0.24150514489261704,0.08152255737169056,0.5081675986571428,False
3890,1794436.0,0.19774859485340623,0.15557921657884838,0.6165709215476722,False
3891,1795383.0,-0.19298503024619898,0.21902459323091863,0.6770911517578009,False
3892,1795674.0,-0.10989143113375192,0.7041605546266788,0.9206490716659742,False
3893,1795874.0,-0.16291163492068833,0.3450801244545915,0.7707499487560887,False
3894,1795885.0,-0.19862710566713135,0.24112532738920517,0.6958991428734941,False
3895,1795955.0,-0.26198545272868445,0.10441530724118898,0.5482029444111168,False
3896,1796831.0,0.36125833381256556,0.2690809195695031,0.7190014144831173,False
3897,1796963.0,0.017226367569581374,0.9534171475621169,0.9856895243522245,False
3898,1798013.0,0.14887982583490494,0.37218968928103313,0.7877011263688077,False
3899,1799451.0,0.5836004572886494,0.3528799654500974,0.7744666447555212,False
3900,1801056.0,0.1399855995714426,0.49047623338170426,0.8411834771936298,False
3901,1801454.0,-0.07365391644438322,0.7758291759571109,0.94486993212324,False
3902,1802306.0,-0.2074018548408143,0.3978064275152789,0.8015943513418141,False
3903,1803193.0,-0.5010450622595436,0.03475311012926937,0.3798009150136128,False
3904,1803238.0,0.1129297283959019,0.5057040173416727,0.8483715367944823,False
3905,1804157.0,-0.6914798113523468,0.03127464141080555,0.3659261734679848,False
3906,1804323.0,-0.48153989521084806,0.011957312907450064,0.26033926076639097,False
3907,1805796.0,0.16282371404001017,0.2852512071751152,0.7322974703989951,False
3908,1806287.0,-0.1280553284493451,0.40628282165120977,0.8056631401212792,False
3909,1806781.0,-0.15622166372993604,0.2793003287965132,0.727917495744621,False
3910,1807635.0,-0.09716308560501019,0.8111286815265385,0.9562991422300517,False
3911,1808441.0,1.282478759493728,0.04138547313142215,0.4061838253540574,False
3912,1808973.0,0.6425035436072364,0.22890239162706144,0.6866654838467209,False
3913,1809944.0,-0.881046727864058,0.0938793807742345,0.5296200567338063,False
3914,1810414.0,0.219100193626584,0.14592981540336722,0.6054464244220905,False
3915,1811954.0,0.9193099133740632,0.1013459792942984,0.5427284682977844,False
3916,1812148.0,1.2188940904436996,0.012543345237956338,0.2618423318423385,False
3917,1812760.0,-1.5839995283425778,0.019023429932851714,0.30719579336774433,False
3918,1812941.0,0.1675742082643931,0.55916357642383,0.8647314541601966,False
3919,1813065.0,0.21428464982726425,0.11800842006518517,0.5717617792699213,False
3920,1813128.0,-0.19947586592272418,0.1477900154476115,0.6066877814810029,False
3921,1814243.0,-0.31207174147512007,0.38329463538383624,0.7943228841335515,False
3922,1814858.0,0.23898286318077697,0.1347594222000075,0.5913217812067733,False
3923,1815307.0,-1.3820734771543637,0.0412401878423012,0.4057932019333562,False
3924,1815675.0,1.0870164339363624,0.013879494833726714,0.27228523749476014,False
3925,1816055.0,0.2017609205819551,0.13738090915005016,0.5927145345086624,False
3926,1816265.0,0.6164716576090551,0.17453619958833844,0.6353422020561414,False
3927,1817932.0,-1.5676438811304572,0.020396436054339162,0.3130943699916624,False
3928,1818692.0,0.24732728394307768,0.13402197341858182,0.5913217812067733,False
3929,1818824.0,0.7731332803166997,0.03713337263919094,0.3868356621865813,False
3930,1819009.0,0.24926119085887188,0.07064185212718761,0.4851672125806076,False
3931,1819549.0,0.035239730000470315,0.8618204436870693,0.9674851365804226,False
3932,1820611.0,-1.5626661447045325,0.020740081850036885,0.3144323861482547,False
3933,1820908.0,0.7322416700842266,0.1911237787163423,0.6546698068683799,False
3934,1821106.0,1.1502574998776347,0.08861086721949246,0.5200935113550931,False
3935,1821151.0,1.0877225150569572,0.0045245956801569735,0.1787804280698405,False
3936,1821252.0,-0.6067368893264926,0.04982901910920349,0.43167917193168703,False
3937,1821845.0,-0.23791827689804773,0.6275696046614515,0.891895170205816,False
3938,1822023.0,-0.4704790614883426,0.0007664581642268216,0.08577219971837267,False
3939,1822489.0,-0.007979574926130162,0.9870855801114172,0.9951689458365942,False
3940,1822668.0,-0.3378600791971387,0.13506417505738377,0.5913217812067733,False
3941,1822989.0,0.23953588774029205,0.13195173860578846,0.5889539977655567,False
3942,1823094.0,0.7179609356362691,0.17839074205894706,0.6407781287392026,False
3943,1823272.0,-0.48583908107577867,0.0005353622713330039,0.07087021286975313,False
3944,1824382.0,0.13210298327139341,0.45249676786538984,0.8266681119567302,False
3945,1824802.0,1.0337421158598963,0.008378779446168973,0.2316963518106053,False
3946,1824986.0,-0.30181678176361415,0.031384363657180454,0.3659261734679848,False
3947,1825409.0,-0.24189500439004286,0.09591394701520901,0.5330018201204728,False
3948,1825527.0,-0.22913102670143265,0.13072097183601553,0.5876629963724822,False
3949,1825558.0,1.1513880552157763,0.0032485679492510497,0.15534451581110195,False
3950,1826079.0,0.6022409170889607,0.1305631573053283,0.5876629963724822,False
3951,1826182.0,0.76026442563578,0.25956185484242744,0.7122316278740778,False
3952,1826197.0,-0.49465099740522833,0.10376655974646513,0.5473207026471716,False
3953,1827658.0,-1.55538444911272,0.0213184495524821,0.31690116749484026,False
3954,1827799.0,-0.36571436129289336,0.5905522817233121,0.8748739533790227,False
3955,1829119.0,-0.16694168730365358,0.5636489149176048,0.8658398989578535,False
3956,1829434.0,-0.13249316760044272,0.6482211480547625,0.900882603263824,False
3957,1829490.0,-0.23872837844020647,0.12307098657393006,0.5763311299654922,False
3958,1829555.0,0.26251677518789185,0.07271406605547065,0.48995107823223705,False
3959,1829705.0,0.24965859397376466,0.0871167373068219,0.5194262955034968,False
3960,1830426.0,-0.22219021922518656,0.1444352774131531,0.6046552997426975,False
3961,1831011.0,0.47785771744447775,0.2668928027187809,0.7172867971063052,False
3962,1831097.0,-1.294679770725217,0.0004125875170546601,0.059715166635044475,False
3963,1831141.0,-0.23662317846343656,0.11969211274826624,0.5737187286540817,False
3964,1831841.0,-0.6674136510495025,0.2904165009154491,0.7345252294539043,False
3965,1831980.0,0.25694747710114485,0.09211162262114736,0.5278076663526566,False
3966,1832116.0,0.2711790034001623,0.07939554478153492,0.5015972188326426,False
3967,1832291.0,0.45515898716120945,0.0037696005184898983,0.16367605451283138,False
3968,1832416.0,0.2610572421924798,0.45218005882128764,0.8265632799753804,False
3969,1832430.0,0.07566838005851634,0.6175393801834519,0.8856374649083592,False
3970,1832928.0,-0.2717477360129671,0.07451253756263843,0.4916202179950721,False
3971,1833034.0,-0.2430774212383513,0.11106311340514839,0.5584297938309538,False
3972,1834491.0,-0.7367348242844813,0.27678051494329076,0.7260639172811554,False
3973,1834501.0,0.09395184498715581,0.8182373077701899,0.9578524183665305,False
3974,1834636.0,-1.3653938973782032,0.0036674500036498084,0.16113764534851932,False
3975,1834918.0,0.31185776193349013,0.11534765347963831,0.5660899641975025,False
3976,1835334.0,-0.19283369463993016,0.21110842243237948,0.6724051529089434,False
3977,1835513.0,1.2123880196694459,0.0006186072297599168,0.07718369516142409,False
3978,1836180.0,-0.5041447056557937,0.1324760027651366,0.5905655071932476,False
3979,1836305.0,-0.1284698985813462,0.6476187627550394,0.900882603263824,False
3980,1836335.0,-0.07612122260317761,0.8599310059397034,0.9673232388078283,False
3981,1836739.0,0.681586604491359,0.007076570511544468,0.21397122608932356,False
3982,1836988.0,-0.11564407232893836,0.44742471514653,0.8238838478228301,False
3983,1837006.0,-0.6872158551578949,0.006644231634721282,0.208180668601501,False
3984,1837093.0,-0.16099882282317815,0.22717796565354484,0.6863868669512747,False
3985,1838183.0,1.7750398565136853,0.004713395832454486,0.1820644747086396,False
3986,1838318.0,0.6943157869623273,0.005886833997827477,0.1951962145150358,False
3987,1838552.0,-0.6678868281248014,0.010424330920772048,0.2470657470414423,False
3988,1838746.0,0.09625563382283012,0.5414227455714153,0.8597029622364961,False
3989,1839156.0,0.33124014313199346,0.37570629654667725,0.7914402967231092,False
3990,1839647.0,-1.3757582331702345,0.0033872239885075024,0.15848412239331439,False
3991,1839674.0,1.2332704945761437,0.020577121152615323,0.31327339750063066,False
3992,1840012.0,-0.3181040386238316,0.05329748115566676,0.44269842524056435,False
3993,1840016.0,-0.141839748870079,0.28328086619275755,0.7313494943699443,False
3994,1840102.0,0.6119244002117472,0.00493847700714564,0.1830723865959841,False
3995,1840319.0,-0.19162057634128876,0.6960053737654541,0.9172196591263815,False
3996,1840872.0,0.3117376882964044,0.035355672037919034,0.37993156735967887,False
3997,1841051.0,-0.15139033375677485,0.31946974240437004,0.7551925204267066,False
3998,1841309.0,0.03639513727276307,0.81104675848683,0.9562991422300517,False
3999,1841654.0,0.9014660082652698,0.024533395986179384,0.3328363294969264,False
4000,1842136.0,-0.5485714021390631,0.02518569077882101,0.33865749696278885,False
4001,1843162.0,-0.291864111977458,0.0753168514533215,0.4916202179950721,False
4002,1843170.0,-0.04147407687830387,0.9408085621770179,0.9826118828660052,False
4003,1844054.0,1.3468988464998402,0.022751230306360885,0.32325210075333427,False
4004,1844658.0,-0.21870704730558946,0.19057546567112743,0.6542282527963084,False
4005,1844823.0,0.2068378604959148,0.20925886978624134,0.6717455762185766,False
4006,1844932.0,0.5230324905271778,0.0017081784854275457,0.12279653946566893,False
4007,1844965.0,-0.22321569719527923,0.1727306678996423,0.6334101947359447,False
4008,1845047.0,0.7873281679399113,0.03930260059300229,0.3965747996621961,False
4009,1845223.0,-0.2288688710903282,0.16860366851807365,0.6309562584183952,False
4010,1845896.0,0.9318131037638023,0.023105362774329424,0.323821121795121,False
4011,1845933.0,-0.10452457356135375,0.468630511278586,0.832703257477337,False
4012,1845940.0,0.6620194570613832,0.10720703449993894,0.5513261278046694,False
4013,1846108.0,-0.14818744441254111,0.7812107095670593,0.9478084556108671,False
4014,1846892.0,0.18431107534690902,0.26041448765082403,0.7122316278740778,False
4015,1847024.0,0.1676436880993784,0.5594665133640775,0.8647314541601966,False
4016,1847140.0,0.5886147833499463,0.0009848821521394754,0.09377978738135091,False
4017,1847233.0,0.7063125065273855,0.056470591766308226,0.4488152203691305,False
4018,1847442.0,0.21450432322515595,0.1221002016868495,0.5750533756359567,False
4019,1847669.0,-0.2027039072003567,0.21788504945828036,0.6770911517578009,False
4020,1848063.0,0.6488545935616314,0.13604428483272055,0.5914139815214984,False
4021,1848554.0,0.14909872354773557,0.317349534100945,0.7531327487244771,False
4022,1848901.0,0.8645635278580568,0.0390820791078989,0.3965747996621961,False
4023,1848937.0,0.13253342163684348,0.37583624707123675,0.7915604311133634,False
4024,1848959.0,0.15255899979173443,0.3065427692205314,0.7485988211223552,False
4025,1849160.0,-0.008250395484672005,0.963700870718618,0.9881742160361477,False
4026,1849329.0,-0.6004676372722608,0.20384398258886136,0.6688655682526893,False
4027,1849387.0,0.5035857914973717,0.0028788260047189077,0.1502138890437682,False
4028,1849748.0,0.09056610899685694,0.542112491800507,0.8597029622364961,False
4029,1849827.0,0.06594784045834803,0.7142149784688383,0.9246017026797829,False
4030,1849861.0,-0.08546855319883198,0.5697961609128807,0.8683622515454004,False
4031,1850910.0,0.20302899852243644,0.6802544690838301,0.9103868587663131,False
4032,1851107.0,-0.2221108726539521,0.7252836175044202,0.9290396263985237,False
4033,1851297.0,0.19476785784426995,0.3432366207807832,0.7697365091508926,False
4034,1851400.0,-0.017866522754209996,0.9290568049028768,0.980469186391243,False
4035,1852463.0,0.03821527005699539,0.8981154745927289,0.9746610071613674,False
4036,1852573.0,0.010927473995694104,0.9567836125080419,0.9870755507649989,False
4037,1852683.0,-0.01694337225328841,0.9333805705547735,0.9808384810332593,False
4038,1852766.0,0.3374946509667386,0.28170049367334016,0.730864298149255,False
4039,1853146.0,0.10056367826164123,0.7392073687918681,0.9335765787936011,False
4040,1854008.0,0.28631740557249363,0.08602107371668194,0.5191442983289968,False
4041,1854376.0,0.0074632002921457,0.9659914904579895,0.9889800847870626,False
4042,1854431.0,0.010941807403967357,0.9428362048667913,0.9831921763937949,False
4043,1854452.0,-0.03745394691987879,0.8074942776605538,0.9557632950564722,False
4044,1854483.0,-0.0030904013138826486,0.9839240029855492,0.9943981178966002,False
4045,1854590.0,-0.06031107446225037,0.92383018544254,0.9800190865591428,False
4046,1854848.0,0.12975298248382938,0.4505863578289869,0.8256439760691515,False
4047,1855010.0,0.528221209810613,0.07503851608772252,0.4916202179950721,False
4048,1855187.0,-0.06433222418975174,0.8518779309049717,0.9657054455551027,False
4049,1856273.0,0.095737377386286,0.7958650495243491,0.9517271275695582,False
4050,1856775.0,-0.06238088368731737,0.7087916178438046,0.9229766088884955,False
4051,1856916.0,-0.3011576937793787,0.3692424890725342,0.7855389932046486,False
4052,1857055.0,0.7720823571832625,0.25642737135022786,0.7122316278740778,False
4053,1858014.0,-0.1184336651420812,0.6915577858229803,0.9160082553356573,False
4054,1859593.0,-0.017266436639406878,0.954050854748843,0.9858917148180619,False
4055,1859653.0,-0.2709019174159292,0.4900704432534917,0.8411834771936298,False
4056,1859822.0,-0.21484914733084998,0.21568070635026246,0.6761856625027257,False
4057,1860054.0,0.9256694220664098,0.027040362890775417,0.3488786074460197,False
4058,1862341.0,0.04590796356780882,0.8780355124254916,0.9713049919519247,False
4059,1862631.0,-0.10459498470606382,0.8776483759560707,0.9713049919519247,False
4060,1863049.0,-0.10486966808927752,0.5906910367862606,0.8748739533790227,False
4061,1863051.0,-0.09624789223703326,0.7291921022381812,0.9303258535156202,False
4062,1863700.0,0.149992225758345,0.4092290619156133,0.8064377166468538,False
4063,1864635.0,-0.17340830701378426,0.32410505348192176,0.7578479558547864,False
4064,1864896.0,-0.07461125103258526,0.6624213935873225,0.9071135022392084,False
4065,1865317.0,0.7550787433063855,0.044225443059171525,0.4155043092017304,False
4066,1865561.0,-0.03285951933697282,0.8471378617919082,0.9651233458813595,False
4067,1865933.0,0.16958017321185842,0.28202317192656234,0.730864298149255,False
4068,1866035.0,0.24094530535368985,0.12427952543889378,0.5775839563310489,False
4069,1866610.0,0.29523147128624305,0.2597402733714106,0.7122316278740778,False
4070,1866803.0,1.5003654971534024,0.027307943201566202,0.3488786074460197,False
4071,1866815.0,0.1166114512211048,0.5247440410897664,0.8545579818988862,False
4072,1867339.0,0.12120333229469304,0.8114750748345704,0.9562991422300517,False
4073,1867501.0,-0.20527216675296323,0.28234565280416685,0.7309603154458792,False
4074,1868137.0,0.7162365611869959,0.05423833363209896,0.4438587342165712,False
4075,1868508.0,0.7262484387328109,0.19484801274684932,0.6604255264025536,False
4076,1869364.0,0.7218863362897098,0.053999321091632295,0.4438587342165712,False
4077,1870046.0,0.5124223091899919,0.0838239120108309,0.5146752241257033,False
4078,1870494.0,0.15602525608016637,0.758832672426282,0.9396986046206762,False
4079,1870572.0,-0.3806968143575912,0.3207279556697303,0.7565659242875616,False
4080,1870719.0,0.36668387210632847,0.5852801501370172,0.8728332922247775,False
4081,1872029.0,-0.043390508550490675,0.7831386162813428,0.9484234844885918,False
4082,1872287.0,-0.35294315731268877,0.15382898324765867,0.6139020636593143,False
4083,1872400.0,-0.3437039993605251,0.1651726473628123,0.6260273252894473,False
4084,1872916.0,0.2629273932037985,0.15975005117854538,0.6204968918736582,False
4085,1873077.0,-0.21263570030197748,0.3490890371558291,0.7738855824304457,False
4086,1873415.0,-0.1861855618437716,0.39253485437043767,0.7987370337016471,False
4087,1873709.0,-0.8544664340331325,0.124296280238538,0.5775839563310489,False
4088,1874147.0,0.05598219835338138,0.7126184984335139,0.9241904182193301,False
4089,1874601.0,-0.20000857325037352,0.3609971388448239,0.7802915058065638,False
4090,1875006.0,-0.3126423267624338,0.21107191866061448,0.6724051529089434,False
4091,1875098.0,-0.0588896030243654,0.9149543261706624,0.978212828448341,False
4092,1875869.0,0.2309828058110642,0.639242972264798,0.8980915756405882,False
4093,1876394.0,0.17174761219444948,0.7155188966929373,0.9251885197858052,False
4094,1878357.0,-0.042355914315492765,0.9387760744897631,0.9820193012032744,False
4095,1878959.0,-0.27805377197447284,0.5067072899536554,0.848834266427219,False
4096,1878990.0,-0.2890978102278822,0.11219871894894022,0.5602194545495612,False
4097,1879326.0,-0.4423097284458208,0.5160854428690692,0.8523183003093502,False
4098,1879372.0,-0.5878028930317243,0.24615788371075836,0.7004199538596877,False
4099,1879409.0,-0.6533066953386426,0.2195893052720624,0.6770911517578009,False
4100,1879699.0,0.8102907171132105,0.027958170852234766,0.3508508030069461,False
4101,1879877.0,0.6911287149024763,0.07375736879971546,0.4916202179950721,False
4102,1879942.0,0.0035868963402763965,0.9813445771909831,0.9937956325597651,False
4103,1880683.0,-0.2297267669904661,0.17971011518775015,0.6418759186091461,False
4104,1881138.0,-0.4273546127972207,0.49979915064606867,0.8463587634741259,False
4105,1881178.0,0.7697221395092954,0.03765746442379997,0.3879166431386317,False
4106,1881440.0,0.05830781193229298,0.7140363777115286,0.9246017026797829,False
4107,1881588.0,0.2516965093201917,0.525008485937034,0.8545579818988862,False
4108,1882425.0,0.6840837028881492,0.07629382884739307,0.4941763462752338,False
4109,1883147.0,0.7917275261547374,0.04478986892681028,0.4187717719212106,False
4110,1885379.0,-0.06386061534380211,0.775156481177921,0.9445805571605672,False
4111,1885928.0,-0.6292074673149824,0.11964573344624105,0.5737187286540817,False
4112,1887877.0,-0.9598571216341316,0.07134181755121273,0.4863085152151144,False
4113,1888007.0,0.989462463558876,0.0056562040000637396,0.19095669328054907,False
4114,1888244.0,0.8119791545453497,0.23026836150175647,0.6884053125168826,False
4115,1888282.0,1.026169495997976,0.0041102409968115676,0.1696600650372843,False
4116,1888545.0,-0.17794156905172998,0.6226046932254147,0.8887919443663699,False
4117,1889423.0,-0.8482054980311917,0.1271606880705972,0.5820002223556217,False
4118,1890585.0,0.15079286177448084,0.4479788365395153,0.82462443117457,False
4119,1891169.0,0.03325528994485971,0.8343086563321723,0.9631415999665777,False
4120,1892618.0,0.696148324535441,0.071384002167788,0.4863085152151144,False
4121,1894207.0,0.2660115366770766,0.23653398033815584,0.6931804061732216,False
4122,1894490.0,1.0860417285237702,0.10979840245182353,0.5556502612494308,False
4123,1894614.0,-0.08140865064470565,0.5678757153668399,0.8683322848721013,False
4124,1894968.0,-0.666770574511617,0.2595940991285979,0.7122316278740778,False
4125,1895655.0,0.15134461341084926,0.5703543846228385,0.8683622515454004,False
4126,1895925.0,0.0435468277156503,0.7735728162292,0.9439164184406063,False
4127,1897075.0,-0.04797503358852384,0.9434051524537552,0.9831921763937949,False
4128,1897353.0,-0.30170994033119086,0.6645475938217252,0.9073242860276302,False
4129,1897370.0,-0.655035428039304,0.2668720230840257,0.7172867971063052,False
4130,1897772.0,0.13547530099938374,0.5316085290545319,0.8572879931601436,False
4131,1897790.0,-0.0796216939916359,0.785152683112979,0.9495840629993394,False
4132,1897877.0,-0.058763492901495296,0.9311995102167906,0.980469186391243,False
4133,1898196.0,0.31446216572505625,0.41682199847266266,0.8099428239619001,False
4134,1899021.0,-0.03772988524549768,0.8728364358666758,0.9700665005971911,False
4135,1899324.0,0.8412472800698025,0.128209126660119,0.5835262347570614,False
4136,1900396.0,-0.3226431513385688,0.25706330919814024,0.7122316278740778,False
4137,1901506.0,-0.5854637562132098,0.02712502305876177,0.3488786074460197,False
4138,1901700.0,-0.5768739154465877,0.029879070131285962,0.36097270765490624,False
4139,1901959.0,0.5764278165850213,0.029714348299774165,0.36079334540721314,False
4140,1903648.0,-0.3009445229173763,0.28930782123289717,0.7344091722455246,False
4141,1903768.0,0.0702283656588494,0.638313874489732,0.897293072725465,False
4142,1904054.0,0.743953989071057,0.029163672240198366,0.35931863042965817,False
4143,1904345.0,0.0778361115139094,0.5935986758401968,0.8756136496013212,False
4144,1904532.0,0.1354000775842573,0.3427581538118271,0.7697365091508926,False
4145,1905648.0,0.7813822244526232,0.16179331541331515,0.6229694806320021,False
4146,1906788.0,0.22907890466330416,0.6419296956606846,0.8987654097409585,False
4147,1907546.0,0.11918626538751752,0.8150187255655149,0.9566536178841201,False
4148,1908247.0,-0.16546163189904617,0.6135226792686501,0.8846175297597576,False
4149,1908252.0,-0.06673824651905619,0.8562717664981874,0.9662989942133094,False
4150,1908405.0,-0.08909323544896529,0.567614580734048,0.8683322848721013,False
4151,1908527.0,-0.03188423308145055,0.934008079757177,0.9808384810332593,False
4152,1908626.0,-0.037344785548620196,0.9637764779090042,0.9881742160361477,False
4153,1908854.0,-0.5765931761570761,0.029542324770898843,0.3600948051763661,False
4154,1909143.0,-0.5671000840875444,0.03276808237371989,0.3717095996782265,False
4155,1909724.0,0.02606443161962939,0.8870888740576697,0.9715554662941385,False
4156,1910200.0,-0.2817552813964445,0.27380524528357886,0.7233282885259792,False
4157,1911801.0,-0.11491865502890025,0.7010558006555412,0.9191081938598813,False
4158,1912246.0,0.21927222643603927,0.5181435710494152,0.8523183003093502,False
4159,1912763.0,-0.5354609106771583,0.04517153054670758,0.41944992650514185,False
4160,1913681.0,-0.5680872401719614,0.032139394704346604,0.369708471874854,False
4161,1915776.0,0.1043640688826638,0.5611791344664728,0.8649229025744979,False
4162,1916061.0,-0.38813302049139264,0.35724987268682445,0.7770817869465098,False
4163,1916761.0,0.7905716614595016,0.03216882360016916,0.369708471874854,False
4164,1916865.0,-0.4862506709319868,0.06892344741365958,0.48059999964584454,False
4165,1917514.0,-0.10683511856129191,0.5411481825880623,0.8596756215415506,False
4166,1917791.0,0.5558550622812116,0.0813917336723149,0.5081675986571428,False
4167,1917945.0,-0.05815722308312242,0.7373215387659159,0.9330628581296658,False
4168,1917965.0,0.3338474962046046,0.20185597592770715,0.666846704538271,False
4169,1918161.0,-0.01256102515473212,0.9423202391166591,0.9828967161707438,False
4170,1918550.0,-0.01951559296621816,0.967180199988837,0.9890097693323666,False
4171,1918948.0,0.21869402415561998,0.5193842692488367,0.8525582078680625,False
4172,1919461.0,-0.06847818076480561,0.8878114051360014,0.9715554662941385,False
4173,1920483.0,-0.2636003996364607,0.20039355319684873,0.6662395160648676,False
4174,1920484.0,0.22120508542539447,0.5333054826214727,0.8576035569033383,False
4175,1921679.0,-0.13210438526249185,0.5199055013431327,0.8526324546124348,False
4176,1921763.0,-0.1489794623522561,0.4472887779321464,0.8237732752720478,False
4177,1921839.0,0.09701134232975764,0.5400379892886127,0.8588858678675815,False
4178,1922226.0,-0.06950921527496068,0.8862002458928068,0.9715554662941385,False
4179,1922580.0,-0.4685831269722568,0.4901623907344669,0.8411834771936298,False
4180,1922855.0,0.2314439967159989,0.4927539448554502,0.8427231869152169,False
4181,1923685.0,-1.1509344502028895,0.06828925280454098,0.47793671127871845,False
4182,1924265.0,-0.3235349706740758,0.32277225405785737,0.7572951809172062,False
4183,1924619.0,0.8851639425460405,0.13401604565628203,0.5913217812067733,False
4184,1924726.0,-0.13281306223813427,0.5031096397375479,0.8465933751828044,False
4185,1924795.0,-0.32857265907978694,0.31588538372999037,0.752394282767073,False
4186,1926181.0,0.13121977261219145,0.3886678133028673,0.7961859055298405,False
4187,1926187.0,0.11544820383417198,0.45056340812157236,0.8256439760691515,False
4188,1926315.0,0.15033825418815183,0.8012345990500835,0.9537937249403728,False
4189,1926464.0,-0.48927127025385253,0.14022558921750583,0.5980286309026843,False
4190,1926890.0,-1.291553686207192,0.029138577429574205,0.35931863042965817,False
4191,1927256.0,0.051070204972669384,0.80927347873936,0.9562991422300517,False
4192,1927852.0,-1.30207121447015,0.027892450058967608,0.3507361560751877,False
4193,1928062.0,-0.159258985482113,0.4447481753508041,0.8232367525618602,False
4194,1928123.0,0.13686618941105735,0.36597551776348186,0.7830369119752374,False
4195,1928889.0,-0.1328058174654157,0.38267395510307606,0.793872464971652,False
4196,1929004.0,0.12432113432652143,0.6933540942114687,0.9172129010340102,False
4197,1929421.0,0.1990408765417099,0.5570353348084868,0.8634218358254039,False
4198,1930791.0,-0.32800419698890126,0.31613119049248306,0.752394282767073,False
4199,1931622.0,0.2863312705981751,0.1166828314619732,0.569085541100971,False
4200,1931626.0,-0.025809347601639387,0.9556433826819988,0.9869146085197199,False
4201,1932060.0,-0.07149767560206594,0.6780786062932099,0.9095943785400711,False
4202,1932181.0,-0.14191372141537223,0.547112495214393,0.8614159882464039,False
4203,1932601.0,-0.15476815061568783,0.3110876058343605,0.7500706636249796,False
4204,1933249.0,-0.4443643932223643,0.14696585427113187,0.6064697797232529,False
4205,1933879.0,-0.18152965439765556,0.7210396334924236,0.927948312245219,False
4206,1934354.0,-0.036678507266739796,0.9570206663868794,0.9870755507649989,False
4207,1935272.0,-0.4437737013164893,0.1326459561026773,0.5905827736824946,False
4208,1935875.0,0.014257438581389482,0.9294160815863584,0.980469186391243,False
4209,1936080.0,-0.29910576642135056,0.5300898727645353,0.8566511193775541,False
4210,1936814.0,0.10574721040892629,0.539177214896995,0.8586808491353992,False
4211,1937178.0,0.06573899569619113,0.6722118813236244,0.9083893607310263,False
4212,1937523.0,-0.2845056677895573,0.5627574679860294,0.8656987493186519,False
4213,1937716.0,0.2635749405315114,0.6195876179628865,0.8869344049831378,False
4214,1937835.0,0.08956151454633768,0.6028603608756069,0.8788378661209597,False
4215,1938133.0,0.10351021351183283,0.555070300591238,0.8630424783768135,False
4216,1938182.0,0.23990062121581518,0.668093110741402,0.9076534063952338,False
4217,1938226.0,-0.1236332881170584,0.47603873042550554,0.8354729860580213,False
4218,1938680.0,-0.0634122622471057,0.713774333075857,0.9246017026797829,False
4219,1938729.0,0.043018408384979744,0.8034881923914722,0.9543395762452745,False
4220,1939371.0,-0.29740602175727016,0.545221828388173,0.8606053434860577,False
4221,1939817.0,0.9864940426178357,0.11635234879170991,0.5684089766579709,False
4222,1939837.0,-0.2854909897219633,0.6722332321282666,0.9083893607310263,False
4223,1940320.0,-0.027282514123241605,0.8740860873831545,0.9703624952489408,False
4224,1940621.0,-0.6158846527647381,0.22733709375148503,0.6863868669512747,False
4225,1940681.0,0.07066404788191788,0.8897941342142365,0.9715554662941385,False
4226,1941089.0,-0.37305027631037496,0.04478375945153576,0.4187717719212106,False
4227,1941580.0,0.134996386734363,0.37286504793787034,0.7883810404360853,False
4228,1941835.0,0.11171001346501999,0.4587304278989025,0.8290959586879398,False
4229,1941918.0,0.1330129536843584,0.37934954615249894,0.7929237942010957,False
4230,1941969.0,-0.014718969091110999,0.9277584185838339,0.980469186391243,False
4231,1942071.0,0.036136730311827,0.9116034921132913,0.9780087403669322,False
4232,1942246.0,0.11577592268862243,0.4451093638213545,0.8232367525618602,False
4233,1942432.0,-0.004885101036239169,0.9764863813149136,0.991786214761538,False
4234,1942673.0,0.11375731951643507,0.44073395643108937,0.8211086581010403,False
4235,1942963.0,-0.10842782616423258,0.4634809420852618,0.8299525085907634,False
4236,1944073.0,0.1764447373699629,0.24079627861471636,0.6958991428734941,False
4237,1944917.0,0.19090397533108877,0.2057280757912604,0.6697153128306306,False
4238,1944944.0,0.21929728050452155,0.14614070418929603,0.6054464244220905,False
4239,1945183.0,0.1832588500560595,0.2532991761404083,0.7084776483854288,False
4240,1945458.0,-0.3239148423188204,0.020511610242312735,0.31327339750063066,False
4241,1945729.0,-0.006420332917022792,0.9644070461518465,0.9885399892330777,False
4242,1945773.0,-0.028177128396869054,0.844349856083681,0.9639619628816607,False
4243,1946033.0,-0.050660155092528,0.8369926256031711,0.9634460491893265,False
4244,1946065.0,0.014894333649263777,0.9178689751861054,0.9788129094519167,False
4245,1946791.0,0.1136821873336615,0.4344376478074616,0.8192699586822894,False
4246,1946807.0,0.819495105023627,0.1384224192199187,0.5941381418079152,False
4247,1947175.0,0.8264170195119502,0.1349755366215584,0.5913217812067733,False
4248,1947397.0,0.34684665729577857,0.23653685630683194,0.6931804061732216,False
4249,1947626.0,-0.11845949100106581,0.40720935529697233,0.8058149066097496,False
4250,1948556.0,0.2295032380234013,0.6412060480311533,0.8985906590019168,False
4251,1948590.0,-0.3999792312374676,0.20258792603555892,0.6674027123265529,False
4252,1949407.0,-0.15849539274153326,0.27010351506029945,0.7190014144831173,False
4253,1951931.0,-0.2573622827892188,0.4395381068024674,0.8210278624073779,False
4254,1952139.0,-0.5825900368595665,0.02351485410842747,0.3254809173661847,False
4255,1953246.0,0.006103217132612679,0.966564826164073,0.9890097693323666,False
4256,1953290.0,-0.77744055633378,0.15866738544633477,0.6204968918736582,False
4257,1953423.0,0.1892765023553921,0.28613282772573323,0.7328862305245007,False
4258,1954423.0,-0.6927254074262146,0.2351151389026878,0.6918337849793104,False
4259,1955759.0,-0.3668405172363505,0.18624017748612284,0.6496272194048349,False
4260,1956367.0,-0.331347796391391,0.5002977436828148,0.8463587634741259,False
4261,1956616.0,-0.5314201964606406,0.05154585984454634,0.4374748308151294,False
4262,1956623.0,-0.5910709582995245,0.03049356575180723,0.3625494591849589,False
4263,1956907.0,-0.10029359479882693,0.5092277076848489,0.8492966548932642,False
4264,1956917.0,0.030156818617034717,0.8352058548329843,0.9634460491893265,False
4265,1957283.0,-0.29641046165059437,0.3061856289588318,0.7481710645115033,False
4266,1957666.0,0.3053875576885056,0.29231111564365514,0.7361146976962936,False
4267,1957692.0,0.013960547513825916,0.9790982582451021,0.9928124093380746,False
4268,1958347.0,0.017386782291763714,0.9451710434617867,0.9836847245232689,False
4269,1959399.0,-2.1877941233585547,0.00018712876951821304,0.04321878283234474,False
4270,1959523.0,0.024757969762230186,0.9297432962150357,0.980469186391243,False
4271,1960501.0,0.20366084691583125,0.4860338143584265,0.839442649938062,False
4272,1961187.0,0.4410613598169082,0.43177344350569946,0.817265787897664,False
4273,1961321.0,0.5732612089544441,0.3343775784243919,0.763376610976844,False
4274,1962264.0,-0.26794798190419045,0.4125234469748713,0.8074061164014844,False
4275,1962524.0,0.017774895142712882,0.9512429392365557,0.985092740451518,False
4276,1963356.0,-0.2247784148269506,0.4778498849465399,0.836275241861246,False
4277,1963991.0,0.31786858827267767,0.39733201785304645,0.8010149168394349,False
4278,1964410.0,0.05064469073362622,0.7290132214157526,0.9303258535156202,False
4279,1965876.0,-0.2358923022828157,0.6328924702086667,0.8951202298521274,False
4280,1966363.0,0.019786915722777354,0.9463351049504068,0.9838187922691429,False
4281,1966388.0,-0.02373404510221984,0.8687124152626436,0.9687799365357085,False
4282,1967115.0,-0.005634819293999839,0.9689040454663985,0.9896201193100875,False
4283,1967929.0,-0.07522600950197675,0.6777203541727191,0.9095943785400711,False
4284,1967973.0,-0.44222869441438606,0.1765491944945108,0.6384088753145623,False
4285,1968482.0,0.13901960159741572,0.442412471726731,0.822271493627185,False
4286,1968667.0,-0.009012754877758156,0.9752401450896594,0.9914577565214744,False
4287,1968797.0,0.23839928749550104,0.38828511165339086,0.7961859055298405,False
4288,1969421.0,0.5239796244030044,0.2836463722982465,0.7313494943699443,False
4289,1970547.0,-0.26087201147669153,0.5232193508242386,0.8544906969178123,False
4290,1970866.0,0.3563249893550627,0.5995763940972055,0.8781156191211636,False
4291,1970924.0,-0.8113195491435399,0.007798431940212778,0.22375586587708987,False
4292,1971354.0,-0.1755321685426584,0.2986118012558253,0.7408985377444535,False
4293,1971444.0,0.6137043943341114,0.23398995333377778,0.6904588490122399,False
4294,1972205.0,-0.1868407854717869,0.16894904029368954,0.6313492989082106,False
4295,1972401.0,0.1736486537425511,0.20556879345259485,0.6697153128306306,False
4296,1972932.0,0.04316025637512315,0.8312141676474432,0.9617170954820928,False
4297,1973462.0,0.7775068704474971,0.08728084412698096,0.5194262955034968,False
4298,1974296.0,0.6046189000144018,0.06229017032599553,0.45993818632174055,False
4299,1975022.0,-0.007042484063306209,0.9899991396733564,0.9973494813136226,False
4300,1975045.0,-0.26289003166166813,0.05424250903219727,0.4438587342165712,False
4301,1975130.0,-0.6252410634114889,0.04558370330574981,0.42061368132535787,False
4302,1975235.0,0.25056243813787205,0.06486940339638647,0.4681897432631484,False
4303,1975850.0,-0.244936057455951,0.07694507408546959,0.49532911424959325,False
4304,1975907.0,-0.24737213703397604,0.069130619123746,0.4813424442516118,False
4305,1976755.0,0.23309729673657176,0.08467942658101729,0.5174821339025802,False
4306,1976809.0,-0.00898958647737888,0.9853896402151539,0.9949982102076176,False
4307,1977231.0,-0.21840511427718345,0.7120399212426802,0.9239164152407624,False
4308,1977505.0,-0.20289546396418,0.1439065109221107,0.6042964419745382,False
4309,1977868.0,0.1720803300827611,0.20787627505872613,0.6705605218663956,False
4310,1978307.0,-0.1672883666085554,0.7050112378073593,0.9210370666023451,False
4311,1978336.0,0.06479850492195927,0.6633882431358797,0.9073242860276302,False
4312,1979983.0,0.11029379156140678,0.4997995565456706,0.8463587634741259,False
4313,1981152.0,-0.17154831855135844,0.7274174846855178,0.9297205694408686,False
4314,1981195.0,0.20490400823479898,0.6151888390065584,0.8846983356740392,False
4315,1981344.0,0.9026347666459736,0.012356440349661844,0.26084895172462486,False
4316,1981409.0,-0.261572149134639,0.6598147102512535,0.9063707607994965,False
4317,1982736.0,0.44299294391235833,0.42979781855621213,0.8157816612043508,False
4318,1982833.0,0.2627844719420225,0.637617062228546,0.8968474713471795,False
4319,1982920.0,0.03144405684838882,0.8742724575376634,0.9703885953513324,False
4320,1982924.0,-0.17163990706388632,0.6037187107819104,0.8795284667209284,False
4321,1983012.0,-0.3515769004646927,0.575897834854658,0.8695483369848913,False
4322,1983274.0,0.01456782020577295,0.9395774591266015,0.9822896387189887,False
4323,1983530.0,-1.4492123062850828,0.0024739966802647894,0.14246841960502432,False
4324,1983696.0,0.013168439621062674,0.9481484321723233,0.9842355581171052,False
4325,1984022.0,-0.5357545179423446,0.17825867759178973,0.6407618751345363,False
4326,1984266.0,-0.4317729162195455,0.32909406667923324,0.760229004852751,False
4327,1984297.0,-0.02055942811165029,0.9361734999997369,0.981230191995791,False
4328,1984792.0,0.09566437568987815,0.48832440939739813,0.8411549126336904,False
4329,1985650.0,0.37038566098799897,0.3007094646754542,0.7426419360409551,False
4330,1985711.0,0.3611762888838919,0.026702703537526604,0.3481249017493589,False
4331,1986390.0,-0.34150992165919936,0.6233950342637024,0.8896815711292267,False
4332,1986767.0,-0.13013863624892907,0.36211941962823707,0.7810066163450256,False
4333,1987329.0,-0.6587442343176918,0.006788394813020081,0.2099373951433988,False
4334,1987668.0,-0.6057891777675943,0.012295522533377018,0.26084895172462486,False
4335,1987704.0,0.044021554006970554,0.7501216723981351,0.9361117074520717,False
4336,1987844.0,0.8064501189022278,0.17123121999616012,0.6330956877153683,False
4337,1988401.0,-0.14523069829379026,0.830366161631972,0.9615099775262114,False
4338,1988662.0,0.5342830645386376,0.20910332037347026,0.6717455762185766,False
4339,1989122.0,0.3696657377699163,0.5859717655271195,0.8728332922247775,False
4340,1989249.0,-0.09341538233133041,0.7388820641679459,0.9335765787936011,False
4341,1989508.0,0.09382800610699187,0.8007053807512622,0.9537937249403728,False
4342,1989847.0,0.7940487113673853,0.177949138924019,0.6406081830765907,False
4343,1990358.0,0.1382549406990457,0.316152703698804,0.752394282767073,False
4344,1990840.0,-0.20830041011416303,0.6071867765202599,0.8817407972076817,False
4345,1991446.0,-0.15168791257203135,0.4962206762209247,0.8453351287473537,False
4346,1992242.0,-0.4512603935950623,0.20942958139288032,0.6717455762185766,False
4347,1992427.0,-0.191118244811453,0.636954928785976,0.896530375835228,False
4348,1992890.0,-0.10308329807168728,0.7010578738658272,0.9191081938598813,False
4349,1992900.0,0.400655946824826,0.5550205616629974,0.8630424783768135,False
4350,1993675.0,-0.23172239033809883,0.6951552774580195,0.9172129010340102,False
4351,1994573.0,0.009215796046255012,0.9666129985927,0.9890097693323666,False
4352,1995676.0,-2.215353038895162,0.00015397632216427627,0.03714251060207153,False
4353,1995747.0,-0.27100150876874973,0.632607509051007,0.8948922455279429,False
4354,1995800.0,-0.20182246572898455,0.5800522757029783,0.8714113392373765,False
4355,1995914.0,0.34020001769980834,0.4247882226121522,0.8133064069190015,False
4356,1995958.0,0.9659041815375772,0.12409807445281722,0.5775839563310489,False
4357,1996809.0,-0.23646915589475243,0.5695110611005781,0.8683622515454004,False
4358,1997352.0,-0.0630170271145602,0.9106121572869897,0.9779325904982779,False
4359,1997359.0,1.3366379662837753,0.03593984258328675,0.37993156735967887,False
4360,1998320.0,-2.222349179735306,0.0001461374838535776,0.03605278152796784,False
4361,1998637.0,0.7977138354869595,0.1759996921347572,0.6380578793347811,False
4362,1998797.0,1.359268674449519,0.02145983088106203,0.31690116749484026,False
4363,1998913.0,0.15893503918684693,0.7090158896494391,0.9231150722918805,False
4364,1999441.0,-0.10392331596248301,0.6612126881311201,0.9068263660380445,False
4365,1999457.0,-0.25719410697127376,0.5359860819548407,0.8577515729942201,False
4366,1999574.0,-0.2411896205139524,0.5619619671873152,0.8654321881524869,False
4367,1999907.0,-0.24407764035462093,0.5569423071414866,0.8634137588696413,False
4368,2000262.0,-2.236242622245502,0.00013216261750497485,0.0333633770468954,False
4369,2000342.0,-0.005773445032490512,0.9702497690889084,0.9902128268977735,False
4370,2000481.0,0.794220295354478,0.17779576412548095,0.6405890806524547,False
4371,2000631.0,-0.019583510465610646,0.8923661872426771,0.9721632840745946,False
4372,2000763.0,0.8146872773806066,0.16693457471623863,0.6285379148611759,False
4373,2001916.0,0.45993175848832557,0.3908937250612469,0.7983458024135436,False
4374,2002238.0,0.8109640782749037,0.16894721407725405,0.6313492989082106,False
4375,2002256.0,-0.15697936775586127,0.7130715973455695,0.9243363015507711,False
4376,2003519.0,0.272910629115911,0.6245220437655061,0.8897738266274536,False
4377,2004531.0,-0.12562955378508125,0.6850724926208129,0.9125612845010339,False
4378,2005331.0,0.03415213051669411,0.813922787902525,0.9564936519088351,False
4379,2005378.0,-0.23131520483657525,0.6960041229433526,0.9172196591263815,False
4380,2006085.0,-0.37701778295250976,0.4786346284826282,0.836275241861246,False
4381,2006125.0,0.8762419747880883,0.1380155376133847,0.593337341151028,False
4382,2006335.0,-0.16642203763542593,0.5359406569892685,0.8577515729942201,False
4383,2007053.0,0.11496064505018701,0.7044598055511361,0.9206490716659742,False
4384,2008333.0,0.04681147094625343,0.8504655452716172,0.9652877795242515,False
4385,2008956.0,-0.1739001516335631,0.24025130532514427,0.6955905177539525,False
4386,2008983.0,1.0186593612474468,0.03589840758984287,0.37993156735967887,False
4387,2009042.0,0.15105615210121814,0.7878423863624084,0.9498033211865775,False
4388,2010419.0,-0.23692039569307632,0.2409604731453914,0.6958991428734941,False
4389,2011252.0,-0.3455074175300177,0.09246561416927945,0.528372779802789,False
4390,2012151.0,0.42965133836128266,0.3085322756196341,0.7495327438634343,False
4391,2012459.0,0.04581997628769907,0.7661227995223644,0.9412861334256101,False
4392,2012679.0,0.6433241035686758,0.3071077175301756,0.7487505601483324,False
4393,2012774.0,-0.13209874921380357,0.8346024603358277,0.9632758859059448,False
4394,2013098.0,-0.4213407738170626,0.4458754868083181,0.8232367525618602,False
4395,2013152.0,-0.10866243330996174,0.6940767931536802,0.9172129010340102,False
4396,2014610.0,0.6873247471819242,0.2747085853281577,0.7241318854938582,False
4397,2014697.0,0.15141378137829697,0.7222348413413463,0.9280446008351533,False
4398,2015301.0,0.02058602862056147,0.9594502967160006,0.9873020343655967,False
4399,2015446.0,0.20219112555242386,0.5144347474536831,0.852243996871754,False
4400,2016590.0,-0.11949673798903848,0.6834648109367572,0.9119708047766516,False
4401,2016688.0,0.6622500410177634,0.29265315554383553,0.7361432548406616,False
4402,2016939.0,0.2654012348925585,0.11099572860953867,0.5584297938309538,False
4403,2016941.0,-0.09934792181242119,0.6552476670849198,0.9042157216790326,False
4404,2017379.0,-0.09556872654691276,0.8798370001391942,0.9715282642945458,False
4405,2017912.0,0.20890964392078568,0.5015396858079676,0.8465933751828044,False
4406,2017990.0,-0.06858452043126329,0.7505278848415827,0.9361117074520717,False
4407,2018540.0,0.26870191200871096,0.10578989494545078,0.5495651085148323,False
4408,2018585.0,0.012481830139773664,0.9754100442230552,0.9914577565214744,False
4409,2018904.0,-1.3249560850955362,0.0009226405973173734,0.09188315306312007,False
4410,2019594.0,-0.006810678385036767,0.959886116488427,0.9873020343655967,False
4411,2020100.0,-0.04408771374416595,0.7444660010133876,0.9355350047944941,False
4412,2020352.0,-0.03761410150816594,0.7794709256229763,0.946755835027124,False
4413,2021215.0,-0.19838339789950635,0.1987755941472608,0.6636583428762178,False
4414,2021345.0,0.9056956978747088,0.20689439579940816,0.6697153128306306,False
4415,2021838.0,-0.11527853310065969,0.6078591913857669,0.8821272088893716,False
4416,2022340.0,0.19732727332217814,0.18157387697450436,0.6441300270215469,False
4417,2022691.0,-0.16595337567783908,0.2610894769890849,0.7124465012781267,False
4418,2024319.0,0.20531110527123242,0.14810412946267126,0.6068536579458554,False
4419,2025185.0,0.14464739597202791,0.7566585294210638,0.938245136411182,False
4420,2025231.0,-0.02622751424954703,0.8631661179928491,0.9675879210193268,False
4421,2025513.0,-0.01310710496609413,0.9309369338797885,0.980469186391243,False
4422,2025872.0,0.7249980717398868,0.13973477221646793,0.5969123759576239,False
4423,2026631.0,0.8786874766281645,0.019735205902189204,0.31006814852992776,False
4424,2027544.0,0.04109559743246047,0.7914365619572519,0.951389134002876,False
4425,2028550.0,0.10958289387546229,0.6478164191414376,0.900882603263824,False
4426,2029024.0,-0.06609638439368398,0.6686948314136928,0.9077811212642927,False
4427,2029927.0,1.0362008939385767,0.03559623817130953,0.37993156735967887,False
4428,2031445.0,-0.655993095474499,0.21823622435481493,0.6770911517578009,False
4429,2031920.0,0.6331112890298602,0.010998294463601186,0.25231921425166937,False
4430,2032148.0,0.20173819521001474,0.5171146851260104,0.8523183003093502,False
4431,2033147.0,-0.5046403423669619,0.15319926687305876,0.6136508535657775,False
4432,2033623.0,0.02238322480654073,0.9527304693096453,0.9856895243522245,False
4433,2035631.0,-0.19767385126542164,0.18953882943458503,0.6534576340818602,False
4434,2035725.0,1.011585252728578,0.03643921380679316,0.38276368098333113,False
4435,2036785.0,0.8686036434971287,0.14139760339835983,0.5991133811013387,False
4436,2037381.0,0.4620126414954433,0.13572544540542242,0.5914139815214984,False
4437,2037590.0,0.13148368511424952,0.6197742607245776,0.8869676466928531,False
4438,2037796.0,-0.6408212845656361,0.06424874193367679,0.46589964404185197,False
4439,2038246.0,-0.5270236008759447,0.3492044559584165,0.7738855824304457,False
4440,2039258.0,-0.7040499803448423,0.02305045302277479,0.3238156728454933,False
4441,2039436.0,0.050997295564968445,0.9312131409285634,0.980469186391243,False
4442,2039660.0,0.05880639030577436,0.7259545397657144,0.9292022382127895,False
4443,2040272.0,0.17357854179782914,0.7233966739253416,0.9282345498935555,False
4444,2040643.0,0.2888885801934954,0.2511644565954614,0.7079694043998268,False
4445,2041501.0,-0.23005407141684647,0.6794710507163221,0.9103868587663131,False
4446,2042514.0,-0.1686509328172111,0.46032934691627536,0.8295173548467214,False
4447,2042739.0,-0.4860715296820227,0.00395805874952726,0.16848912833771926,False
4448,2043028.0,0.10931427347829659,0.6673079500121167,0.9075481935625836,False
4449,2043746.0,-0.3033807114283717,0.6155751133794616,0.8848477049425529,False
4450,2044283.0,-0.08473762071707085,0.7593169553041036,0.939731564225977,False
4451,2044427.0,-0.05581726723367661,0.8496379600293427,0.9651890482210258,False
4452,2044669.0,0.30223349768731506,0.2309427983916768,0.6887445254881807,False
4453,2045514.0,0.5365758104394451,0.29297202973375047,0.7361600423055235,False
4454,2045986.0,0.7391341728308334,0.022007157538028902,0.3186878841157398,False
4455,2046095.0,0.8331907161469805,0.15816216290260895,0.6204968918736582,False
4456,2048230.0,0.07248495709096767,0.6352608914923148,0.8961347598634278,False
4457,2048862.0,0.32854331197809566,0.6025612572560258,0.8787857648144781,False
4458,2048883.0,0.4385043403711545,0.08168985897174115,0.5084537953774371,False
4459,2049469.0,-1.2359830405657402,0.001513563826549431,0.11489325410625227,False
4460,2049604.0,-0.36553246062902733,0.35276467432693315,0.7744666447555212,False
4461,2050264.0,-0.37578660045945467,0.014147341394044118,0.27374222964768075,False
4462,2050652.0,0.8905607307899,0.1316435308063759,0.5885463455120306,False
4463,2050782.0,0.41922531343113156,0.08774687265189343,0.5199287688748503,False
4464,2051229.0,-0.3103511286402719,0.6075289589489506,0.8818544856501397,False
4465,2051734.0,-0.35105410603651377,0.5307638604037894,0.8571023065580383,False
4466,2051850.0,0.01956503600878301,0.9586259196448169,0.9873020343655967,False
4467,2053042.0,-0.13266804110637237,0.8367516681368794,0.9634460491893265,False
4468,2053335.0,-0.09910370410606745,0.6352290702483182,0.8961347598634278,False
4469,2053568.0,-0.13168824558858044,0.6041707372440234,0.8796497339540642,False
4470,2053870.0,-0.5120316376236673,0.1402913397609299,0.5980286309026843,False
4471,2054128.0,0.016310244397587548,0.9654899460972651,0.9889800847870626,False
4472,2054671.0,-0.1261056163737021,0.8446438085412603,0.9639619628816607,False
4473,2054852.0,-0.4641246375537783,0.04033969082392732,0.4017315081593863,False
4474,2055456.0,1.3089855819947998,0.03586686569731377,0.37993156735967887,False
4475,2055885.0,-0.23017250446440038,0.2790844143397061,0.7278859485001224,False
4476,2056666.0,0.13149127058148186,0.7968986784279949,0.9520189925072969,False
4477,2057409.0,0.22265464910490332,0.454183377250157,0.827107336072722,False
4478,2058200.0,0.8977250740268243,0.09254283781967523,0.5284053354910644,False
4479,2058271.0,0.527975988241548,0.0039844954668943515,0.1687372245004782,False
4480,2058293.0,0.46010723851455865,0.01266140520713732,0.262289224281442,False
4481,2058354.0,0.07916772347891299,0.751448317354057,0.9363989765673618,False
4482,2058526.0,-0.28301229020699925,0.6367859581142784,0.896530375835228,False
4483,2058901.0,-0.31793492617584196,0.573172953084465,0.868722759806181,False
4484,2060719.0,-0.7749575880256305,0.07741258564556641,0.49722699241575347,False
4485,2060738.0,0.03229865730327949,0.8424411500612862,0.9634460491893265,False
4486,2060772.0,0.058521514938050155,0.7926825252951831,0.9514150539393013,False
4487,2061431.0,-0.025067062907367488,0.9618635501368819,0.9881227392065018,False
4488,2062276.0,0.3655646563679056,0.13139699399505383,0.5884135189011177,False
4489,2062316.0,0.7126187370338695,0.04279109717164093,0.4123907039308468,False
4490,2063430.0,0.06466341090207947,0.7919604899033438,0.9514150539393013,False
4491,2063648.0,0.4334607956632994,0.07490161559158898,0.4916202179950721,False
4492,2063663.0,-0.2624038126663212,0.12957842416035226,0.5867646275974028,False
4493,2064245.0,-0.20940081810506894,0.30829430716986517,0.749503853153166,False
4494,2064404.0,-0.6205469252741997,0.19111973610643498,0.6546698068683799,False
4495,2064470.0,0.9054100715495144,0.1252592926432838,0.5793726021937466,False
4496,2065057.0,-0.4559716708437249,0.03492992024820528,0.37993156735967887,False
4497,2065171.0,-2.437242083055259,3.337176774073768e-06,0.0025875038487550538,False
4498,2065691.0,0.2389636243284049,0.3014262639310936,0.7426419360409551,False
4499,2066114.0,0.49811524087076464,0.3524810675739224,0.7742173185987308,False
4500,2066355.0,0.9990433607435764,0.02713349462342801,0.3488786074460197,False
4501,2067562.0,0.41245743046076244,0.018000050159662207,0.30355434210359833,False
4502,2068326.0,0.10575036273302882,0.7363408414428116,0.9329803613029483,False
4503,2069068.0,0.22913282433115809,0.5434744472214513,0.859994898288096,False
4504,2069208.0,-0.178706686365256,0.18298390213250768,0.6448726415320155,False
4505,2069454.0,0.07152072008459831,0.7676687396808864,0.9416933178026922,False
4506,2069526.0,-0.20869742201533165,0.49921429898304165,0.8463587634741259,False
4507,2069612.0,-0.0242000868573599,0.9580139987281296,0.9873020343655967,False
4508,2070569.0,-0.4330118766358087,0.09416207386671005,0.5307005772705803,False
4509,2070574.0,1.0604717497712577,0.043633128852610614,0.41443018925325964,False
4510,2071032.0,0.3775748653716821,0.09322160064752034,0.5290245029782557,False
4511,2071997.0,0.3504459024842155,0.12666891066185085,0.5809422404832525,False
4512,2072917.0,-0.012735848603867894,0.9270495772992994,0.980469186391243,False
4513,2073060.0,-0.020897776853744,0.8808468327181808,0.9715554662941385,False
4514,2074006.0,-0.5696379416231873,0.03301257742373835,0.37347398152209943,False
4515,2074059.0,-0.1270366086841349,0.4427562103487017,0.8224643522148616,False
4516,2074124.0,0.6364657000985852,0.17810736955551826,0.6406081830765907,False
4517,2074170.0,0.01362730644582072,0.92288369525402,0.9798512045195563,False
4518,2074372.0,-0.06160907231131904,0.8433814381396829,0.9637209480841885,False
4519,2074800.0,0.28011849045758197,0.08693153590825038,0.5194262955034968,False
4520,2074866.0,-0.01312446394753286,0.9258578919729842,0.9802191960759526,False
4521,2075575.0,-0.0596005611325016,0.8013858521074605,0.9537937249403728,False
4522,2075583.0,-0.43477348197127713,0.0817527913249666,0.5085538967521561,False
4523,2076213.0,-0.127594786963615,0.6751667882898273,0.909321074121257,False
4524,2076217.0,-0.8040094486365903,0.2023794179440909,0.6669182094059218,False
4525,2076230.0,-0.07259204360115101,0.6049928072571319,0.8802033136008802,False
4526,2076245.0,-0.6611160433648035,0.05636064624495744,0.44880311133559236,False
4527,2076444.0,0.14070755265881746,0.5480367401961921,0.8614159882464039,False
4528,2076520.0,-0.5225466492091494,0.23906775386167944,0.6942430358931327,False
4529,2076574.0,0.01447560501572695,0.9169907095649972,0.9788129094519167,False
4530,2076656.0,0.053131515321804046,0.7027356828072098,0.9198355042653156,False
4531,2076882.0,0.8843085518628029,0.13447242965506767,0.5913217812067733,False
4532,2076994.0,-0.07002252585896529,0.6180575888396082,0.8860040089658675,False
4533,2076998.0,0.27602367921861093,0.21628761198040292,0.6765068467568709,False
4534,2077181.0,-0.033768416215042785,0.8114012802819847,0.9562991422300517,False
4535,2078029.0,0.26305920736913235,0.23182219825185282,0.6903785904043519,False
4536,2078301.0,-0.4577858294604731,0.06615766646076064,0.47215086747636864,False
4537,2078346.0,0.6984825472742971,0.23727035128712418,0.6934129767065279,False
4538,2078782.0,0.026528033404392692,0.8500901805209712,0.9652877795242515,False
4539,2078795.0,0.6657857321940724,0.25997444408893816,0.7122316278740778,False
4540,2078844.0,-2.543628276314567,1.2681744264192471e-05,0.007143492130915382,False
4541,2079148.0,-0.009971219319423491,0.9791437795567858,0.9928124093380746,False
4542,2079177.0,0.009954498956411484,0.9404885191515258,0.982390576923577,False
4543,2079430.0,-0.5725858776077392,0.003430725762316367,0.15914755619634258,False
4544,2079777.0,0.64226333898864,0.06245624632937702,0.46025971073006616,False
4545,2080060.0,-0.1932462114351685,0.7299874697545344,0.930798430196497,False
4546,2080601.0,-0.22688986573908146,0.6704231835065877,0.9078238198617231,False
4547,2080809.0,-0.07610605135175989,0.9103064492269183,0.9779325904982779,False
4548,2080840.0,-1.003707307297614,0.009276715448850698,0.24007301214786264,False
4549,2080994.0,-0.2877523658084073,0.4272661648465915,0.8138995057211962,False
4550,2081371.0,-0.24300765277837155,0.2973670505284526,0.739950180921741,False
4551,2082428.0,-0.7145572770268075,0.014280187072980708,0.27402408009254553,False
4552,2082632.0,0.9896857756589093,0.025123407051204662,0.3383555627057402,False
4553,2082673.0,0.23066123309792702,0.5757250769532922,0.8695483369848913,False
4554,2083018.0,0.15034726049130748,0.3275401975906134,0.759576575611863,False
4555,2083739.0,0.29430111757045085,0.08775080421188015,0.5199287688748503,False
4556,2085001.0,-0.31783227727013064,0.4259633946856994,0.8133064069190015,False
4557,2085329.0,0.21790901535607524,0.1870920321676634,0.6502451897767909,False
4558,2086335.0,0.2793613621278024,0.2701278012570667,0.7190014144831173,False
4559,2086610.0,0.25232568789011034,0.2578844607179743,0.7122316278740778,False
4560,2086922.0,-0.4857969084297914,0.3872040761780096,0.7959829187679452,False
4561,2087658.0,0.2363292057206893,0.4518373363691304,0.8265409987001873,False
4562,2087923.0,0.19824548846927512,0.4043017935145374,0.8044501915434594,False
4563,2088915.0,-0.031801602977228643,0.9349755176609196,0.9809879530062575,False
4564,2089118.0,0.5696602400516505,0.2581195734043894,0.7122316278740778,False
4565,2089365.0,0.26331572558557026,0.23295825239769283,0.6904588490122399,False
4566,2089731.0,-0.9961842243410675,0.01561852178393522,0.28291725016978597,False
4567,2090829.0,0.3993336083705885,0.5288085637040896,0.8555179806414225,False
4568,2091284.0,0.37971218237284954,0.5492925330607334,0.861556437479399,False
4569,2092193.0,0.03865882584899931,0.7712551708679576,0.9427899639382522,False
4570,2092379.0,0.157071521210578,0.5872933594187522,0.8729366305191233,False
4571,2093219.0,-0.917323590765128,0.11995419437263505,0.5737187286540817,False
4572,2094128.0,-0.5961309426489092,0.12616772299434043,0.5803854050872019,False
4573,2094164.0,0.5400430717928469,0.29016022927110524,0.7345252294539043,False
4574,2095015.0,0.37883024403654214,0.5502351220770408,0.861556437479399,False
4575,2095302.0,-0.9389979988884964,0.006069779490149128,0.1990557594125945,False
4576,2095577.0,0.3903975909713125,0.5380391494384064,0.858511186160994,False
4577,2095681.0,0.06220645149174703,0.6641614177492456,0.9073242860276302,False
4578,2096791.0,0.19894359635744951,0.3996433594808899,0.8028690780890388,False
4579,2096981.0,0.9000780057697879,0.12757478590965385,0.5821035313363987,False
4580,2097185.0,-0.1648560422414184,0.4782774197162059,0.836275241861246,False
4581,2097506.0,0.024860091757731472,0.8608682905795121,0.9674851365804226,False
4582,2097643.0,0.34962980188191894,0.019557905578377627,0.3094767712147072,False
4583,2097922.0,0.35316709791352074,0.019950982585149563,0.31006814852992776,False
4584,2098917.0,1.8325700986389422,5.891176189869384e-05,0.01937839925485823,False
4585,2099224.0,-0.43477125677839923,0.4577168598493927,0.8286175133340294,False
4586,2100378.0,0.38826097487332584,0.010020068257953992,0.2437835986771296,False
4587,2100670.0,0.3668719140847927,0.01613343901804434,0.2866259910652558,False
4588,2100731.0,1.695264504816386,0.006482014187208741,0.20694783530044378,False
4589,2100827.0,0.13089700657696962,0.46985397515648747,0.8334654598440316,False
4590,2101421.0,-0.1420841845514903,0.329267074698386,0.7604559127953795,False
4591,2101813.0,-0.4145318851125603,0.3107672952375675,0.7500706636249796,False
4592,2102632.0,0.2421790051466945,0.5518944017520049,0.8623130341197923,False
4593,2102929.0,-0.11498660329509655,0.5149763517172335,0.8523183003093502,False
4594,2104043.0,0.2269376945801958,0.5850346747052045,0.8728080530408184,False
4595,2104201.0,0.14764649229534133,0.28844431843905277,0.7336391967546332,False
4596,2104911.0,0.8967669754334174,0.12896198292837763,0.5852350855717137,False
4597,2105074.0,0.2753156211473266,0.5075804403765722,0.8492966548932642,False
4598,2105149.0,-0.4409203895544943,0.03218558322632308,0.369708471874854,False
4599,2105280.0,-0.32315994352695676,0.2628275006435597,0.7141408058788087,False
4600,2105425.0,0.2448813890472083,0.5470741208400484,0.8614159882464039,False
4601,2105433.0,0.23000597263112657,0.5717240530622738,0.8684576349724981,False
4602,2106175.0,-0.2002052896663221,0.5274418728266247,0.8548586987933043,False
4603,2106453.0,-0.1789262363977906,0.22150477812181987,0.6784521350204161,False
4604,2106837.0,-0.5940944230056423,0.2649887009296317,0.7161423254755113,False
4605,2108419.0,-0.7055440242988261,0.2980904684043708,0.7403060302722111,False
4606,2110234.0,0.7848373208300659,0.07655613356266792,0.4950854028389626,False
4607,2110330.0,-0.1131569901545969,0.7992545791273109,0.9529776424019069,False
4608,2110628.0,-0.35554611397867364,0.5242818710068157,0.8544906969178123,False
4609,2111536.0,-0.8156820567958709,0.19608949531049566,0.6604255264025536,False
4610,2111867.0,-0.14050028479380017,0.58870532429118,0.873943371747765,False
4611,2113161.0,-0.2283840251716323,0.4264191042473958,0.8133064069190015,False
4612,2114245.0,-0.20073646947017482,0.33608860691620074,0.7648305719235553,False
4613,2114339.0,0.23871839113095,0.08282045781886038,0.5105145199453318,False
4614,2114398.0,0.952621000902452,0.021789772376511373,0.31791395046643944,False
4615,2114772.0,1.1506387170942847,0.04966058703411964,0.4312525378042949,False
4616,2115812.0,-0.26701006670151467,0.42509033160910037,0.8133064069190015,False
4617,2116781.0,-0.1492207227226699,0.6643286517540286,0.9073242860276302,False
4618,2117773.0,-0.710774879241963,0.2944580906576841,0.7365362586758677,False
4619,2118443.0,-1.1823108623237761,0.011895128316510037,0.2603258424913638,False
4620,2119113.0,0.22693074700357174,0.43386323334985266,0.8187925027076157,False
4621,2119441.0,0.25245851005122055,0.3897507416775909,0.7974827579363871,False
4622,2121354.0,0.07167393694950247,0.641437265849384,0.8986601531438788,False
4623,2121445.0,0.05522197247774141,0.8734625070696932,0.9703624952489408,False
4624,2121582.0,0.04693393587314709,0.9366783924204858,0.9814328136799588,False
4625,2121825.0,-0.4111554340312415,0.48255100632473696,0.8375570922781171,False
4626,2121883.0,-0.07747087313207027,0.6941381539507071,0.9172129010340102,False
4627,2121908.0,-2.1330056946173896,0.00011511937027272094,0.031240519107759643,False
4628,2122238.0,0.29032817674776745,0.03646040038109299,0.38276368098333113,False
4629,2122911.0,0.3992552290908894,0.019542779702879834,0.3094767712147072,False
4630,2123385.0,0.7246764001447314,0.139553321956614,0.5966617419333702,False
4631,2123746.0,0.26370729483369915,0.3683363837927994,0.7845940828239477,False
4632,2124401.0,0.7252214178610445,0.15569054776252136,0.6165709215476722,False
4633,2124605.0,-0.5577132235014672,0.09923764776504759,0.5402330323418213,False
4634,2124969.0,-0.42863376918746227,0.21205381053947708,0.6726604656358924,False
4635,2126814.0,-0.007993486546825385,0.9688947532673323,0.9896201193100875,False
4636,2127518.0,-0.3129719636238434,0.15955999945220076,0.6204968918736582,False
4637,2127574.0,-0.12825369713711599,0.7663920381088485,0.9414445916982388,False
4638,2128581.0,-0.94147741678494,0.09355941081994242,0.5290245029782557,False
4639,2128807.0,0.5160314844575717,0.00732598211799519,0.21727742046676993,False
4640,2129171.0,-0.4466156624627649,0.23643328805861755,0.6931804061732216,False
4641,2129515.0,0.652646981706789,0.16772769467601073,0.6295588263167692,False
4642,2129525.0,-0.7126271659679635,0.2931433552030889,0.7362496808721725,False
4643,2129945.0,-0.22730057248632857,0.6424963021946175,0.8987654097409585,False
4644,2129949.0,-0.40855706458768615,0.007974943744355527,0.22602614711482832,False
4645,2130465.0,0.916810504626925,0.015464337577548226,0.28291725016978597,False
4646,2130503.0,-0.8855973866408615,0.0611464200347041,0.4584305379629557,False
4647,2130565.0,0.09039810485565383,0.8269376437843341,0.9600579836677524,False
4648,2130630.0,0.24888680447894324,0.47912206168685284,0.836275241861246,False
4649,2130873.0,0.14695642284710725,0.4118784313448309,0.8072712206149497,False
4650,2130891.0,-0.8959983593562564,0.058013972400056235,0.45051770430305504,False
4651,2130984.0,1.786437091952235,0.005019880246147095,0.1840905407835362,False
4652,2131319.0,-0.27916434774237664,0.42501436708262674,0.8133064069190015,False
4653,2131477.0,0.04719677819898249,0.9068376639757534,0.9768828410229843,False
4654,2131762.0,0.4673831382284312,0.0029711065700274313,0.1502138890437682,False
4655,2131856.0,0.43492229666415433,0.0055883515982736815,0.19095669328054907,False
4656,2132137.0,0.04606198390847391,0.9090999535242161,0.9779070580418693,False
4657,2132264.0,0.9879348126623729,0.0301525912103739,0.36163650120476953,False
4658,2132680.0,-0.5597319953136382,0.27344523903753676,0.7228476083555494,False
4659,2132890.0,-0.889351599250404,0.05993144102720575,0.4546162070931645,False
4660,2133361.0,0.5595491298847639,0.027329510881154734,0.3488786074460197,False
4661,2134752.0,0.04589578526417709,0.9094130410853708,0.9779070580418693,False
4662,2135546.0,-0.7158806432699898,0.14447376222364036,0.6046552997426975,False
4663,2136053.0,-0.23770308301598964,0.5983947050484733,0.8778989759834,False
4664,2136584.0,-0.0438991501529275,0.9132618851069505,0.9780701902779048,False
4665,2136874.0,0.173466936044854,0.23593678525959597,0.6929488235173991,False
4666,2137628.0,-2.1425404887992614,0.00010632947259805747,0.029595036539792664,False
4667,2137688.0,-0.033192502681808816,0.9343705264186355,0.9809879530062575,False
4668,2138387.0,-0.04341775971148898,0.9142469947394779,0.978212828448341,False
4669,2138935.0,0.938998187254591,0.19013271410361668,0.6542282527963084,False
4670,2139279.0,-0.045381682682471974,0.9104769723661822,0.9779325904982779,False
4671,2139598.0,-0.37317255449899056,0.053639446400092196,0.44345506312400756,False
4672,2139751.0,0.34066044402295675,0.023668639674821846,0.3260445224241004,False
4673,2140288.0,0.23561734477383856,0.503354550292936,0.8465933751828044,False
4674,2140710.0,0.07119846544159536,0.9040549409313674,0.9763887411714335,False
4675,2140791.0,-1.4092952896521251,0.02464508434354185,0.3335690655226269,False
4676,2141023.0,0.522317559136518,0.40675218701227833,0.8057808041277831,False
4677,2141228.0,0.05734513829030716,0.8870191694354602,0.9715554662941385,False
4678,2141506.0,-0.03460734390231962,0.93160805604475,0.980469186391243,False
4679,2142212.0,0.24938644529207557,0.6516698341977546,0.9017600116676404,False
4680,2142881.0,-0.05552177666961211,0.8904983040745723,0.9715554662941385,False
4681,2142886.0,-0.23875445507990165,0.1788566417922833,0.6413904349703453,False
4682,2146410.0,0.6592301055798695,0.3309867551264945,0.7615220913306694,False
4683,2148728.0,-0.30493100885968116,0.44988215221950767,0.8253416279483335,False
4684,2148861.0,0.35176853873324,0.04154912637955062,0.4066066201148984,False
4685,2149673.0,0.2992059129332415,0.45795617343971307,0.8286175133340294,False
4686,2150350.0,0.21329894806071487,0.2779078953120076,0.7270462346020906,False
4687,2150610.0,-0.9049800084585751,0.06472735467236317,0.4677865745462731,False
4688,2150825.0,-0.6136474654521412,0.0006306741552042407,0.07779509039479583,False
4689,2151018.0,0.4094062751230546,0.32220800051258425,0.7571301898311733,False
4690,2151575.0,0.35692471520230507,0.4993716145104757,0.8463587634741259,False
4691,2151664.0,-0.556623591538438,0.23973214696283582,0.6948711496078992,False
4692,2151736.0,-0.3051282993235753,0.4493357643513063,0.8253416279483335,False
4693,2152455.0,-0.029023805699683852,0.9434460222154687,0.9831921763937949,False
4694,2152943.0,-0.15105860263433463,0.514533078896935,0.852243996871754,False
4695,2153330.0,-0.8021314886164757,0.0074226606128285225,0.2183549619302266,False
4696,2153493.0,0.5149378439485097,0.413530309012365,0.808186744904665,False
4697,2153967.0,0.0007958519746903425,0.9952532527701693,0.9978514955244303,False
4698,2154310.0,0.6516001741883038,0.00931592182849436,0.24007301214786264,False
4699,2155372.0,-0.160836282974331,0.4879968690515097,0.841153810601986,False
4700,2156196.0,-0.31692566279728096,0.47560107809571306,0.8354729860580213,False
4701,2157632.0,-1.7520558736519405,0.0028728403755034805,0.1502138890437682,False
4702,2158135.0,0.44953152520530393,0.28401741007573134,0.7317718712729844,False
4703,2158423.0,0.06797736461450729,0.913975299078456,0.9780768416185518,False
4704,2158666.0,-2.155497167366467,9.684410178368182e-05,0.028411965536807193,False
4705,2159205.0,-0.8534832750799384,0.005898144482812689,0.1951962145150358,False
4706,2159430.0,0.1536693720974578,0.6699442575989045,0.9078238198617231,False
4707,2159494.0,-0.6229083314239765,0.17228517166646806,0.6334101947359447,False
4708,2160279.0,-0.9274394959941673,0.09863705852474966,0.5377726118966135,False
4709,2161207.0,0.9227593498710918,0.10031499528650169,0.5410562434897381,False
4710,2161297.0,0.3637565706227502,0.5662063207966577,0.8671232522922855,False
4711,2161670.0,1.1224776990115424,0.05917889871352776,0.4539188713640068,False
4712,2161760.0,-0.6882967112848248,0.1217364798189881,0.5742935629878817,False
4713,2161802.0,0.9328653838684735,0.09665275459327581,0.5336549598728427,False
4714,2161808.0,-0.25064617062207284,0.6916263160507644,0.9160082553356573,False
4715,2161892.0,-0.3111493144170962,0.5815147561163619,0.871509412901161,False
4716,2162007.0,-0.8981767328722641,0.10979915342054622,0.5556502612494308,False
4717,2162103.0,-1.3985560115346298,0.025723963297390018,0.3431396503697883,False
4718,2162534.0,-0.6695425353456551,0.0003445378546600573,0.05499224171915679,False
4719,2162841.0,0.034431938562576064,0.9595389496786177,0.9873020343655967,False
4720,2163599.0,0.663758620379226,0.00034868841286365856,0.05499224171915679,False
4721,2163626.0,-0.9330078887620692,0.09680412088859315,0.5338044028141775,False
4722,2163808.0,0.6675612172360296,0.00034005641954084866,0.05499224171915679,False
4723,2164147.0,-0.6612029089757236,0.00040140890130044337,0.0588823462650853,False
4724,2164258.0,-1.1422216177482367,0.05356799467300426,0.44345506312400756,False
4725,2164433.0,-0.19198100304196955,0.5181369815352465,0.8523183003093502,False
4726,2164440.0,-0.9243872383418426,0.09977392225106499,0.5406484286433426,False
4727,2164668.0,0.16524549178646253,0.5806375799904314,0.8714113392373765,False
4728,2164773.0,0.17220812131100283,0.5612636504592136,0.8649229025744979,False
4729,2165006.0,0.18898538894621614,0.5315720847835959,0.8572879931601436,False
4730,2165145.0,-0.19208397904164098,0.5213760081259553,0.8535044443308197,False
4731,2165223.0,0.8834330883197785,0.19239501388456737,0.6576215235278279,False
4732,2165734.0,-0.6776820598471196,6.828000322478058e-06,0.004632371468781208,False
4733,2166036.0,-0.5845431791836536,0.011017900281463959,0.25231921425166937,False
4734,2166615.0,-1.1469385659271376,0.03089986754638989,0.36498156933195025,False
4735,2167276.0,-0.6738225672696618,5.6738603216392155e-06,0.004105983586092913,False
4736,2167775.0,0.19311075761482818,0.4832302657713331,0.8375570922781171,False
4737,2167900.0,-0.22055300828496738,0.42167013032434686,0.8119882707974855,False
4738,2168070.0,-0.27076209593231976,0.5539871186791184,0.8630424783768135,False
4739,2168239.0,-0.5316768981696498,0.2595837393157409,0.7122316278740778,False
4740,2168474.0,0.5488352180780073,0.38453275194504255,0.7952187125859091,False
4741,2168736.0,0.7906916549835614,0.24618794623635504,0.7004199538596877,False
4742,2170634.0,-0.04437617849170261,0.8577085719395945,0.9669817197107029,False
4743,2171123.0,1.0309255786862987,8.564016606014901e-16,9.296240025829175e-12,True
4744,2171588.0,-0.682005408873461,0.16691529684554982,0.6285379148611759,False
4745,2171879.0,-0.3280057460921172,0.5610312324367192,0.8649229025744979,False
4746,2172090.0,-0.5091521426687472,0.02763794141910481,0.3500732242265052,False
4747,2172726.0,0.7337065035531132,0.13456302629540298,0.5913217812067733,False
4748,2173361.0,-0.4609209700988919,0.0019308075082342447,0.13017959939057594,False
4749,2174210.0,-0.7063393583501488,0.004703102822381402,0.1820644747086396,False
4750,2174376.0,0.4964795789974687,0.17588800801575072,0.6379098987674487,False
4751,2174495.0,-0.40216595543124634,0.2781950304583314,0.7270462346020906,False
4752,2175253.0,0.7572804933576884,1.3269712593761016e-09,2.8808546041055165e-06,False
4753,2176069.0,0.7546466180643501,2.0637118929266647e-09,3.7335987662864908e-06,False
4754,2176219.0,-0.33307493890203443,0.421055821674841,0.8119882707974855,False
4755,2176638.0,0.5261332661060935,0.08004944848747952,0.5039104567463852,False
4756,2177285.0,-1.133607905261381,0.005521121150741208,0.19095669328054907,False
4757,2178433.0,0.2225564229484711,0.7070115785840119,0.9220480669292973,False
4758,2178638.0,-0.6580853521855611,2.883491812051903e-07,0.0003477811513313712,False
4759,2179644.0,0.7288621451912632,0.1226452692837205,0.5755109507588386,False
4760,2179740.0,1.2848378519703718,0.029806362409177053,0.36097270765490624,False
4761,2180370.0,-0.4915333833492655,0.0009588355192977249,0.09271484150666108,False
4762,2180777.0,0.16107804223139477,0.7855610212560172,0.9495840629993394,False
4763,2181780.0,-1.072673327560229,0.00496426196300683,0.18328933200149367,False
4764,2181984.0,-0.3195153361658962,0.5714270952784023,0.8684576349724981,False
4765,2182254.0,0.6421797868340243,0.1891061848174968,0.6529095534967965,False
4766,2182295.0,0.3702192304427979,0.2245677654527916,0.6830533817467234,False
4767,2182641.0,-1.213247756443569,0.0563197102655283,0.44880311133559236,False
4768,2183174.0,0.9425250410752936,0.07585346831662948,0.4930475440580916,False
4769,2184646.0,-0.4162628753836706,0.43922695036672077,0.8207623594819683,False
4770,2184946.0,-0.4120476623962555,0.008493369218136418,0.2316963518106053,False
4771,2185275.0,-0.3819794746057346,0.014523525715672942,0.27644369447042777,False
4772,2185345.0,-0.5430737609382104,6.256997600255809e-05,0.019405631128793375,False
4773,2185557.0,-0.49375678208279816,0.02284768909884622,0.32375771529433595,False
4774,2185597.0,0.7314048421096873,0.1359853532664821,0.5914139815214984,False
4775,2186180.0,-0.5186597823379834,0.002024984147901205,0.13311946605479874,False
4776,2186429.0,-0.0915137128862532,0.8856783244583235,0.9715554662941385,False
4777,2186635.0,-0.4423491765436006,0.0010625992879491912,0.09775012941261417,False
4778,2186833.0,0.45187275566041124,0.0007876252465650854,0.08724155154555105,False
4779,2187198.0,-0.4500209857465551,0.0008968942279586199,0.09184244175368926,False
4780,2187282.0,-0.49249045283484827,0.000274780363209649,0.052328786712995436,False
4781,2187360.0,-0.44981094841090563,0.000871667855528038,0.09163680379650424,False
4782,2187408.0,-0.3689093793229997,0.007035912333965535,0.21397122608932356,False
4783,2187441.0,-0.3802590084732099,0.005498569736278467,0.19095669328054907,False
4784,2187636.0,-0.5795057401323098,0.2194787640844087,0.6770911517578009,False
4785,2187894.0,0.46525600047111876,0.0005596394190367071,0.07286658158521987,False
4786,2188158.0,0.45235626994241945,0.0008858071218154303,0.09163680379650424,False
4787,2188278.0,-0.8147841179757975,0.2311893581374469,0.6891339236925826,False
4788,2188555.0,0.44536862723837395,0.0013795445751275546,0.1103732599969074,False
4789,2188768.0,0.005691156022815516,0.9822099115129631,0.9943009036158924,False
4790,2189692.0,0.46635054968985323,0.0007330248816243456,0.08464877755353481,False
4791,2190417.0,0.5544322152808656,0.41356509424118376,0.808186744904665,False
4792,2191207.0,0.19892001551260516,0.5091074590093416,0.8492966548932642,False
4793,2191816.0,-0.002915246597809326,0.9956458925684347,0.9978514955244303,False
4794,2193011.0,0.23864453978786546,0.6721293574148961,0.9083893607310263,False
4795,2193070.0,0.44213957564900674,0.16011163465113926,0.6204968918736582,False
4796,2193435.0,-0.17230682764320646,0.3113178694535365,0.7500706636249796,False
4797,2193519.0,-1.1619851842129172,0.0030167321797827237,0.1502138890437682,False
4798,2194319.0,-0.03276661436302112,0.8722261515303289,0.9696860789493773,False
4799,2194463.0,0.47947787897955885,0.015744558059760185,0.28295890354088876,False
4800,2194792.0,0.42583070003152984,0.4742588636418026,0.8354729860580213,False
4801,2194945.0,-0.1882384949370492,0.765855953046398,0.9412778951900646,False
4802,2195051.0,-0.06472681933180074,0.7388291075530224,0.9335765787936011,False
4803,2195825.0,-0.5104188034170763,0.052401426634804286,0.440368343361123,False
4804,2196117.0,0.5799787351645299,0.06594535921727558,0.47125534845525113,False
4805,2196503.0,0.4557306185705333,0.08119770308638874,0.5080121423646973,False
4806,2196735.0,-0.06836666809361787,0.837738138038912,0.9634460491893265,False
4807,2196759.0,-0.0015401201387267305,0.9976818963981523,0.9986939307821785,False
4808,2196793.0,-0.4337884651747093,0.10141893027603377,0.5428254698583244,False
4809,2197008.0,-2.633106624721292,1.6317630016271274e-06,0.0016102533984238608,False
4810,2197254.0,-0.5990390700789852,0.3781825830001346,0.7924383259684544,False
4811,2197348.0,0.1713298788690092,0.5642509333762236,0.8660458905485552,False
4812,2197361.0,0.07657015178307319,0.7830200531449661,0.9484234844885918,False
4813,2197363.0,0.8847030090840826,0.09608361928112948,0.5330916926681488,False
4814,2197534.0,-0.9737588242696246,0.12245077121640227,0.5754147566017221,False
4815,2197582.0,0.004644106926845595,0.9930078363170844,0.9976355064825205,False
4816,2197951.0,-0.16915709267148987,0.6575173574069152,0.9047058974448053,False
4817,2198985.0,0.04090646603279274,0.9485907811102613,0.984506446978859,False
4818,2199153.0,0.15948266625912758,0.592040475157376,0.8751488560965182,False
4819,2199311.0,-0.3307144696899644,0.06273651278386608,0.4609863092649072,False
4820,2199488.0,0.8969969968438463,0.12876611033485208,0.5852308586225187,False
4821,2199994.0,-0.22690695785038667,0.32405522966729094,0.7578479558547864,False
4822,2200043.0,-0.321439257254989,0.07029306879900077,0.4840226752059346,False
4823,2200810.0,0.8576848722757502,0.0052496016677766435,0.18683418394660808,False
4824,2201080.0,-0.08735210080008624,0.7120667646157732,0.9239164152407624,False
4825,2201346.0,0.29574158390223076,0.34069215172585654,0.7677560275404518,False
4826,2201639.0,0.10144653702996395,0.46402083383281073,0.830083413193006,False
4827,2202067.0,0.17878742328806727,0.3349707985263556,0.7635674124325051,False
4828,2202154.0,-1.1439018056904688,0.0035073307501328763,0.15918296906420284,False
4829,2202609.0,0.6605839910271072,0.004763363502280391,0.1820644747086396,True
4830,2205198.0,0.391864243566462,0.5100557950302905,0.8493441875876211,False
4831,2205361.0,1.2456608685826334,0.005184088025792928,0.18510945894730998,False
4832,2206354.0,-0.37825118221589904,0.5002502873539907,0.8463587634741259,False
4833,2206539.0,0.848581818428046,0.09549036754612776,0.5326556730283745,False
4834,2207072.0,0.4113989247003291,0.48902556055814916,0.8411834771936298,False
4835,2207910.0,-0.3053529392023055,0.031420868267475185,0.3659587178577716,False
4836,2207918.0,0.44821160609760236,0.32984825059075856,0.7604559127953795,False
4837,2207956.0,0.16193472433406808,0.39491341059114776,0.7995075609246053,False
4838,2209804.0,0.13131257034105404,0.5031711107601979,0.8465933751828044,False
4839,2210037.0,0.4497321948790962,0.24982063424359766,0.7050969799049018,False
4840,2210846.0,1.2210709487024949,0.07108692678301479,0.48592480493049467,False
4841,2211127.0,-0.2256338759469773,0.12588772691613423,0.5803338435783117,False
4842,2211865.0,0.4224961727030502,0.5336814396022156,0.8576035569033383,False
4843,2212358.0,0.17488786293528277,0.3109996583420447,0.7500706636249796,False
4844,2212551.0,0.12247258652179097,0.7072468287640612,0.9220480669292973,False
4845,2212584.0,1.0102878387495413,0.08649570861475646,0.5194262955034968,False
4846,2212594.0,0.08875283254245346,0.6453711734032338,0.8992627652257358,False
4847,2212716.0,0.2286285877032231,0.1819002300337348,0.6442290760177177,False
4848,2213493.0,0.19468736581229235,0.30898232767183986,0.7495664647494701,False
4849,2213564.0,-1.2097590936999496,0.057039328217543823,0.45013779640416013,False
4850,2213617.0,0.17753890060762378,0.2868139701030709,0.7336391967546332,False
4851,2213989.0,-1.1409034906037512,0.0035714265969541852,0.16019766822288298,False
4852,2214238.0,-0.9072557635301135,0.01462784095531454,0.27644369447042777,False
4853,2214313.0,0.3497642551794641,0.04862810475110313,0.4287178363246204,False
4854,2214865.0,-1.0965653839381124,0.10500113913992683,0.5487661845757851,False
4855,2215149.0,-0.017267251935148012,0.9210616372572185,0.9795258369221345,False
4856,2215233.0,-0.307470862597649,0.03585723288998386,0.37993156735967887,False
4857,2215574.0,-0.38782911842012574,0.5677526642825005,0.8683322848721013,False
4858,2215817.0,0.15290340602366778,0.38781886385330594,0.7961859055298405,False
4859,2216000.0,-0.2737464562135621,0.6435925844397732,0.8987654097409585,False
4860,2216108.0,-0.5547296153455461,0.0023647309094293485,0.14246841960502432,False
4861,2216264.0,0.12811522101849046,0.4674550071762226,0.8318516335130318,False
4862,2217039.0,0.11609220725840338,0.7930935342625176,0.951484340674141,False
4863,2217342.0,0.40347705408620543,0.007049818354813947,0.21397122608932356,False
4864,2217771.0,0.21217203304542484,0.25826469966159565,0.7122316278740778,False
4865,2218421.0,0.36859101521281135,0.01832170090737783,0.30355434210359833,False
4866,2219833.0,-0.6419963369550428,0.06756396684919855,0.4753783158598559,False
4867,2220253.0,0.1183360331666983,0.49518652057822615,0.8451650441629945,False
4868,2220666.0,0.5380800841602827,0.14090707451327678,0.598882652248089,False
4869,2222010.0,-0.033605739777963106,0.9152143871357058,0.978212828448341,False
4870,2222617.0,1.7028442034658726,0.006255622746057062,0.20249741895738585,False
4871,2222700.0,0.2246837632094274,0.1949799477480091,0.6604255264025536,False
4872,2223132.0,0.1010048579354845,0.753923628286559,0.9371491666513454,False
4873,2223340.0,0.13083845735533636,0.68895625306131,0.9144211601509608,False
4874,2223933.0,0.010986833769167943,0.949330707844846,0.9848035964885132,False
4875,2224186.0,0.19673707156949824,0.26437888825784167,0.7151340224367982,False
4876,2224430.0,0.22376135172997094,0.19321558641966655,0.6590326292787341,False
4877,2224917.0,0.19246186225069023,0.28239630080964107,0.7309603154458792,False
4878,2225004.0,0.2019141277515057,0.24152798866477176,0.6959878728314568,False
4879,2225321.0,1.7207502475586356,0.0057202643703985956,0.19164651154529863,False
4880,2225503.0,-0.624401257135746,0.0016332857990423852,0.11898870703761806,False
4881,2225890.0,0.7301054886142371,0.08522725858953784,0.5191442983289968,False
4882,2225964.0,-0.27196771264095204,0.078791051105812,0.500454569779748,False
4883,2226308.0,-0.6171956647268453,0.002387321511429651,0.14246841960502432,False
4884,2226468.0,0.17000096754144325,0.33536594232921224,0.7639356465804177,False
4885,2226618.0,0.23519693439169417,0.17159940792912542,0.6334101947359447,False
4886,2227238.0,0.01595802810375927,0.9183766123252092,0.9788600578764685,False
4887,2227835.0,-0.1233069184884355,0.5688180179555596,0.8683622515454004,False
4888,2229654.0,-0.5003366178380324,0.10567520051438678,0.5495651085148323,False
4889,2229944.0,-0.3737450785857414,0.04406043151292153,0.41532943959633417,False
4890,2229967.0,0.5295667217755284,0.0823043415481351,0.5102305125671082,False
4891,2230434.0,-0.5960894599012989,0.049170753532364726,0.43042091837966207,False
4892,2230595.0,-0.2168371143310018,0.20987915795869602,0.6718484988621779,False
4893,2231677.0,-0.3113117301461085,0.0639067586608475,0.4649516523213804,False
4894,2231993.0,-0.2592134054664327,0.7044587996593336,0.9206490716659742,False
4895,2232042.0,-0.32823005291830243,0.060991912467393966,0.45814253402134286,False
4896,2232487.0,0.5127788360367973,0.09289229253205027,0.5290245029782557,False
4897,2232704.0,0.6000749687285156,0.045129969280166125,0.41944992650514185,False
4898,2232805.0,0.5108295840420368,0.09311069889495537,0.5290245029782557,False
4899,2232992.0,0.5067131363262866,0.19510873658709976,0.6604255264025536,False
4900,2233023.0,-0.40602367061351946,0.5497935511052621,0.861556437479399,False
4901,2233053.0,1.6838613835972436,0.006854868832503059,0.21139091243414973,False
4902,2233131.0,0.3242747921483012,0.018542301662548697,0.30496467355600926,False
4903,2233437.0,-1.1576691811511888,0.006683229350603911,0.208180668601501,False
4904,2233995.0,-0.5468296633180003,0.07510134470626537,0.4916202179950721,False
4905,2234204.0,-0.5989903810009454,0.20428172091305696,0.6688655682526893,False
4906,2234521.0,0.6001995083130535,0.05849102760143755,0.45254462196265477,False
4907,2234569.0,0.28515325173651584,0.03466968278828341,0.3798009150136128,False
4908,2234609.0,-0.2995235632477319,0.02520822271266084,0.33865749696278885,False
4909,2234629.0,0.5728688372810304,0.07200446830783537,0.4880512703335709,False
4910,2235314.0,0.0014958675946843414,0.9913732346376254,0.9974218176556843,False
4911,2237193.0,0.42594371826143274,0.3693626797743753,0.7855470001862939,False
4912,2237740.0,0.4056355687124086,0.375392876201176,0.7909335541855136,False
4913,2238753.0,0.5838136669993734,0.04590368800412609,0.42061368132535787,False
4914,2238758.0,0.8090279290708228,0.008533366886880752,0.2316963518106053,False
4915,2239099.0,-0.09163520088405012,0.8692813985604928,0.9687799365357085,False
4916,2239120.0,-0.019125100763410098,0.8905226165260631,0.9715554662941385,False
4917,2239654.0,0.4395637545837374,0.4597855855787072,0.8293861403966956,False
4918,2241466.0,0.4250166369455485,0.26033170178613696,0.7122316278740778,False
4919,2241857.0,0.18222482906015725,0.21605872960967645,0.6765068467568709,False
4920,2242394.0,-0.3538802170164694,0.512370735317287,0.8509314036792185,False
4921,2242641.0,-0.0016111009211918492,0.992980142136445,0.9976355064825205,False
4922,2242709.0,0.23877338455437813,0.44168809150056837,0.82163887149289,False
4923,2242979.0,-0.034707289083038106,0.8949217244297724,0.9731317579651948,False
4924,2243038.0,0.5696749321420056,0.017595544440074256,0.3032647161042293,False
4925,2243389.0,0.9606038762544752,0.01109628623577382,0.252516115491247,False
4926,2243909.0,-0.20362629886246006,0.18055831715970982,0.6419867019356599,False
4927,2244677.0,-0.684992168454174,0.02271909855289196,0.32321863013321395,False
4928,2244711.0,-0.04616720311880193,0.7892830323612519,0.9503790700256671,False
4929,2245921.0,0.3655312049170273,0.3502285263064785,0.7739033942340068,False
4930,2247195.0,0.06693129045068857,0.6968129724288294,0.9177219956881495,False
4931,2247312.0,-0.043868884157741914,0.7722277262535931,0.9432352839521495,False
4932,2247692.0,-0.3086868170378867,0.08840090342686363,0.5200696605336262,False
4933,2248990.0,0.004334374888261772,0.9868968213046058,0.9951689458365942,False
4934,2249531.0,0.297193127345869,0.6619707162123873,0.9068263660380445,False
4935,2249642.0,-0.4512301651395573,0.02102084539071749,0.31678020822414965,False
4936,2249661.0,1.5934516758658235,0.004385997215477233,0.17516738240324284,False
4937,2250070.0,0.6496953651860138,0.1790632208043821,0.6413924896941977,False
4938,2250562.0,0.6390823808883013,0.000755408601682708,0.08541625386735203,False
4939,2250625.0,0.5489145598038558,0.2160542327509683,0.6765068467568709,False
4940,2251171.0,0.49767647064016957,0.19489675526200695,0.6604255264025536,False
4941,2251642.0,-0.34881470253026076,0.6160767803887619,0.8848477049425529,False
4942,2251728.0,0.528176219006306,0.0009481098310431752,0.09271484150666108,False
4943,2251886.0,-0.4794806887813426,0.004441265897471002,0.17659319163753748,False
4944,2251948.0,-0.07773080651591957,0.6487661124656958,0.900882603263824,False
4945,2251950.0,0.43402234111154414,0.006032544162868114,0.1984341420846466,False
4946,2253158.0,0.7382265325981654,0.018683232337144175,0.30589213728461545,False
4947,2253331.0,-0.056590487650139604,0.7392540038330164,0.9335765787936011,False
4948,2253363.0,-0.9013126273587664,0.056667601640322265,0.44932565069809943,False
4949,2254232.0,-0.35900953073648967,0.299487479345033,0.7418807742050102,False
4950,2255374.0,-0.11378208341385797,0.41472359751930454,0.8093779547822847,False
4951,2255639.0,-0.8849834167045147,0.06142738758069677,0.45865039425263837,False
4952,2255914.0,-0.035791729419558244,0.863181341629624,0.9675879210193268,False
4953,2256104.0,-0.12399741999370895,0.40957502267614126,0.8065237465737811,False
4954,2256595.0,0.15050278438950607,0.30972810766716286,0.7497303448026011,False
4955,2256957.0,-0.0030424257579030334,0.9866768967834425,0.9951689458365942,False
4956,2257219.0,-0.09671214217540429,0.7527780745491504,0.9368729648281389,False
4957,2257308.0,0.1482573436809338,0.3112294729106402,0.7500706636249796,False
4958,2258060.0,0.030064878719113064,0.8855225223279954,0.9715554662941385,False
4959,2258137.0,0.12296700127630346,0.424400908043703,0.8133064069190015,False
4960,2258314.0,0.16985397228052015,0.2439304476869582,0.6980925414294573,False
4961,2259611.0,0.43777382236572937,0.17502693197176555,0.6357846474802091,False
4962,2259863.0,-0.3367417707250593,0.027916723984243406,0.3507361560751877,False
4963,2260516.0,-0.47866434448037826,0.15354863073200745,0.6136508535657775,False
4964,2260694.0,-0.16324220958313806,0.6501530218654602,0.9009844315523516,False
4965,2260956.0,-0.26404990209319534,0.08595489764073347,0.5191442983289968,False
4966,2261061.0,0.004128891239356572,0.9777889940399513,0.9921901828610143,False
4967,2261265.0,-0.021634943527292817,0.8830964738283451,0.9715554662941385,False
4968,2261451.0,0.04822640210026086,0.7490169802556399,0.9361117074520717,False
4969,2262507.0,0.007811484160171134,0.9861792485547511,0.9951689458365942,False
4970,2262591.0,-0.29239437984520206,0.054852271767801955,0.4438587342165712,False
4971,2262639.0,-0.2956291388578306,0.053344038711622126,0.44269842524056435,False
4972,2264517.0,-0.295872793586977,0.05312700323562024,0.44224970868301966,False
4973,2264802.0,-0.32057703434362006,0.03472094304583277,0.3798009150136128,False
4974,2264809.0,-0.3197838585053946,0.03302948155331326,0.37347398152209943,False
4975,2264847.0,0.5442969474264119,0.22006041642137716,0.6770911517578009,False
4976,2265085.0,0.8365467127819866,0.04574890417329271,0.42061368132535787,False
4977,2265477.0,0.7547685031093685,0.10828836110835019,0.5527222026157121,False
4978,2265928.0,-0.11713591018110708,0.5032409310318415,0.8465933751828044,False
4979,2266310.0,1.5269031144221887,0.002578184598856223,0.14246841960502432,False
4980,2266724.0,0.2328376494214141,0.4701344090856754,0.8334654598440316,False
4981,2267198.0,0.8146012165324101,0.19558087008387423,0.6604255264025536,False
4982,2267528.0,-0.13905939738895862,0.42232177461809556,0.8122044950155329,False
4983,2268414.0,0.04435214423674602,0.7824675641438127,0.94837934443737,False
4984,2269671.0,-0.004513119507833008,0.9924231492381302,0.9975037404519534,False
4985,2269786.0,0.07946857985669459,0.7346676549623229,0.9327853690121147,False
4986,2269822.0,-0.09078542569835134,0.5313994560675213,0.8572879931601436,False
4987,2269969.0,-0.09418955580613331,0.5526556051898203,0.8623155770302895,False
4988,2270356.0,0.9767597253910152,0.01962008957423919,0.31000883890591907,False
4989,2270377.0,0.24535761984571147,0.5841877177296858,0.8725038079190615,False
4990,2270860.0,0.027924353835373283,0.9047893201545961,0.9765741420034114,False
4991,2270961.0,0.04100141578553354,0.9109052438994093,0.9779325904982779,False
4992,2272888.0,-0.1236164804434447,0.4644278887360526,0.8304188564549431,False
4993,2273435.0,1.0827099848632817,0.10948714279774056,0.5556502612494308,False
4994,2273745.0,-0.9166257077261706,0.05242724348360603,0.440368343361123,False
4995,2274192.0,0.10994696972044604,0.7675322746095796,0.9416926853113828,False
4996,2275305.0,-0.029564921269458783,0.8507846488698443,0.9654387085880295,False
4997,2275307.0,0.3437900156550034,0.11484375189646168,0.5656211101797148,False
4998,2275629.0,-0.09366327008853342,0.5088523066845904,0.8492966548932642,False
4999,2276241.0,0.033447413707449,0.8133108919211377,0.9562991422300517,False
5000,2277473.0,-0.17284196099612462,0.23741575161403145,0.6934129767065279,False
5001,2277724.0,0.35626894810848897,0.1053135550026308,0.5492485266959355,False
5002,2279707.0,-0.07679187622589209,0.7392106760189845,0.9335765787936011,False
5003,2280135.0,-0.10761480641998962,0.4624903898427716,0.8299525085907634,False
5004,2280303.0,1.5973068515529638,0.004295301025165447,0.17290116651634474,False
5005,2280506.0,-0.651498664185862,0.04330048735576605,0.41412052004126915,False
5006,2280607.0,0.37306683460840095,0.4004500409874861,0.8028690780890388,False
5007,2280693.0,0.051319401269698875,0.8177368690739873,0.9574515924709451,False
5008,2280783.0,0.32010405848640205,0.3206449842863344,0.7565659242875616,False
5009,2281731.0,-0.972314584588119,0.15192160181948713,0.6119142811690289,False
5010,2282360.0,0.3251319805024558,0.5353299584358931,0.8576728524898041,False
5011,2283058.0,-0.24629076611363682,0.659968170737837,0.9063707607994965,False
5012,2283840.0,-0.10256125863362639,0.6940797388277561,0.9172129010340102,False
5013,2284382.0,0.034717748924160075,0.8482904753774652,0.9651890482210258,False
5014,2284536.0,0.01212441890337096,0.9328632809419553,0.9808384810332593,False
5015,2284858.0,-0.5523928483657594,0.4162108299132254,0.8099375198722394,False
5016,2285294.0,-0.031589928268122874,0.9628864472230894,0.9881227392065018,False
5017,2285931.0,-0.03681334477666279,0.8718150704642691,0.9696860789493773,False
5018,2286872.0,0.33454173097977175,0.4960961114498216,0.845271373031333,False
5019,2288086.0,-0.2010946841353073,0.7495937540946908,0.9361117074520717,False
5020,2288218.0,-0.38124565299886476,0.1666036987985752,0.6285379148611759,False
5021,2288560.0,-0.15888793415342672,0.49724617506209573,0.8460199420531426,False
5022,2289220.0,0.030026697973533273,0.8577989849914387,0.9669817197107029,False
5023,2289468.0,0.043543639561705816,0.8958386366473181,0.9733270370568257,False
5024,2289484.0,0.16738545425408324,0.7497857832472735,0.9361117074520717,False
5025,2289864.0,-0.004898387305743018,0.9776049716976685,0.9921429727004775,False
5026,2290508.0,1.0847475913600644,0.10875229677718411,0.5534738420002918,False
5027,2290736.0,1.085043794963493,0.10866042843162062,0.5534738420002918,False
5028,2290956.0,-0.0887390714281335,0.7371017575802933,0.9329803613029483,False
5029,2291064.0,0.2268808050742857,0.5798830219272321,0.8714113392373765,False
5030,2291197.0,1.101425839657801,0.10348287372601954,0.5468780195969359,False
5031,2291542.0,-0.1877203241112502,0.5042763944135922,0.847303147463841,False
5032,2291987.0,1.1076599805261917,0.10153017006095695,0.5428254698583244,False
5033,2292100.0,-0.14300868117224338,0.5689801552981483,0.8683622515454004,False
5034,2292155.0,-0.07226101122407809,0.6361493659990459,0.896530375835228,False
5035,2292920.0,-0.3550922083450653,0.14673378437492704,0.6063171790597004,False
5036,2293549.0,0.06696899455478264,0.6435178576745697,0.8987654097409585,False
5037,2293555.0,0.619198310007147,0.14913050970894096,0.6082419381524917,False
5038,2294906.0,0.038267399360603416,0.8813946628735198,0.9715554662941385,False
5039,2295295.0,-0.36327734085057306,0.1887753146019964,0.6525974649696404,False
5040,2295476.0,-0.41848727260953705,0.13262219147127985,0.5905827736824946,False
5041,2295950.0,0.9714919072853458,0.020142589483623567,0.31057255447180454,False
5042,2296912.0,0.2323613425643537,0.6426896886021125,0.8987654097409585,False
5043,2297178.0,-0.25840827973839925,0.5952123785094977,0.8759531410955257,False
5044,2297615.0,-0.002968375003748136,0.9906944976932078,0.9974218176556843,False
5045,2297635.0,-0.07516096615150661,0.6214663879406165,0.8878675494992619,False
5046,2297960.0,0.05679859990159339,0.8234723846211236,0.9599051455556222,False
5047,2298318.0,-0.16943872182984068,0.7385815931024152,0.9335765787936011,False
5048,2298469.0,-0.23264389986775522,0.13029976033950952,0.587612131447742,False
5049,2298634.0,0.24273312194000657,0.6279029765908027,0.8920150256371108,False
5050,2298895.0,1.4006824005716392,0.008450618476931652,0.2316963518106053,False
5051,2299159.0,1.079608498101728,0.11046448871622666,0.557717220937042,False
5052,2299478.0,-0.5362567573080284,0.43016129556618077,0.8160434923751997,False
5053,2299482.0,0.5061421160466009,0.03503435438451207,0.37993156735967887,False
5054,2299646.0,0.23844935178836965,0.6340495798675023,0.8958230104726979,False
5055,2300417.0,-1.1475454044326185,0.03134882495645072,0.3659261734679848,False
5056,2300750.0,1.0466440731150353,0.01023759679157385,0.24637229601964045,False
5057,2301022.0,1.507767228544043,0.001770762467920261,0.12456309786565896,False
5058,2301086.0,0.07840544215326431,0.8100171424125018,0.9562991422300517,False
5059,2301300.0,-0.7561827584624434,0.2012208355275868,0.666620536053159,False
5060,2301899.0,-0.5109367139684087,0.2483268394203461,0.702567772741966,False
5061,2301965.0,1.1895850542198585,0.0578813439770621,0.45051770430305504,False
5062,2302135.0,0.5025878811658494,0.17686211094717358,0.6388812693283092,False
5063,2304067.0,-0.02208845767570003,0.9507408267131496,0.985092740451518,False
5064,2304223.0,-0.11167513761631628,0.7418199939695547,0.93454149631912,False
5065,2304424.0,-0.0771127738191819,0.8905692222646343,0.9715554662941385,False
5066,2305726.0,0.04958290561949236,0.9295672141058696,0.980469186391243,False
5067,2306195.0,0.39699275494182124,0.04369959242930401,0.41443018925325964,False
5068,2308473.0,-0.38541707323566105,0.2050480007338972,0.6692110787632154,False
5069,2309292.0,-0.14840029580411734,0.7918310633035457,0.9514150539393013,False
5070,2310965.0,-0.24816351214493487,0.5133754576287637,0.8517507330573056,False
5071,2310974.0,0.2767393676279951,0.27796494132717464,0.7270462346020906,False
5072,2311610.0,0.08994583404749729,0.60417790800738,0.8796497339540642,False
5073,2313055.0,-0.19135600108285183,0.19420938593962983,0.6599999637420225,False
5074,2314079.0,-0.7354736358758407,0.2784143142965541,0.7270462346020906,False
5075,2314122.0,-0.6491701218801101,0.09219008156652574,0.5278076663526566,False
5076,2315293.0,1.58641488191775,0.0011060034076396587,0.09922038834651649,False
5077,2315727.0,-0.10327643482878342,0.869808010959097,0.9687799365357085,False
5078,2316473.0,0.09664924848047907,0.5903062063172919,0.8748739533790227,False
5079,2316755.0,-0.7193629898185312,0.01195851056843623,0.26033926076639097,False
5080,2317834.0,-1.057692193072852,0.0011016753912322654,0.09922038834651649,False
5081,2317851.0,-0.24200545081036323,0.7017566753303267,0.9191081938598813,False
5082,2318344.0,-0.4516917685404228,0.10435350851214521,0.5482029444111168,False
5083,2318496.0,0.37792613338172615,0.3487514902263303,0.7738855824304457,False
5084,2319082.0,-0.12332284089684262,0.5087435309990668,0.8492966548932642,False
5085,2319193.0,-0.08833854604116045,0.8884590717185529,0.9715554662941385,False
5086,2319275.0,0.1259269638982157,0.49287292459381493,0.8427231869152169,False
5087,2319426.0,0.07244900263999912,0.6970066321266907,0.9177219956881495,False
5088,2320465.0,0.06527890504329512,0.7245236962471926,0.928536567032264,False
5089,2320854.0,0.4329752990921878,0.5233791682214283,0.8544906969178123,False
5090,2321441.0,-1.1580804512477676,0.0005234885657673413,0.07087021286975313,False
5091,2322205.0,0.12471883445653432,0.4684218756666199,0.832703257477337,False
5092,2322720.0,0.10025877974941888,0.8581402252170744,0.9669817197107029,False
5093,2322805.0,0.09419077178829516,0.5829342805127105,0.8718313054512912,False
5094,2323783.0,0.13202400235300427,0.44426419993054217,0.8232367525618602,False
5095,2323838.0,-0.1360721662318419,0.4324032514545256,0.817265787897664,False
5096,2323956.0,-1.1213567593815952,0.00109754820476731,0.09922038834651649,False
5097,2324338.0,-0.164351089241319,0.6087909465760079,0.8823081437978606,False
5098,2324570.0,0.11140752684858131,0.519337033456219,0.8525582078680625,False
5099,2324664.0,-0.044251338227106626,0.7973281484590773,0.9521685604084493,False
5100,2324911.0,0.046366672303795764,0.7870404065964468,0.9498033211865775,False
5101,2325239.0,0.09722838619118,0.5721466817486485,0.8684576349724981,False
5102,2325270.0,0.10279372767027206,0.5550517608530976,0.8630424783768135,False
5103,2325275.0,-0.16088249734148896,0.5739833836214733,0.8692161534783692,False
5104,2325373.0,0.5490133110601714,0.4185124459043674,0.8106325838357195,False
5105,2325844.0,0.0382893295972989,0.887843457531979,0.9715554662941385,False
5106,2326201.0,1.1493162431554225,0.049949900361650486,0.4323813145340638,False
5107,2326220.0,-0.1331315682458467,0.4408449552934505,0.8211086581010403,False
5108,2326350.0,0.16518348488146223,0.33998500330732523,0.7674819099508989,False
5109,2327969.0,0.7095450378156392,0.1272298117107858,0.5820002223556217,False
5110,2328045.0,0.05034765919806478,0.8191335827207492,0.9583442692387846,False
5111,2328074.0,0.014134558832304522,0.9581489877145026,0.9873020343655967,False
5112,2328107.0,-0.18563673234160513,0.7686694512845759,0.942281975572453,False
5113,2328230.0,0.5502538790071718,0.20328990196289035,0.6683869169465031,False
5114,2328470.0,-0.5311315418916809,0.4344158207437631,0.8192699586822894,False
5115,2330080.0,-0.1933993662408552,0.6367022757181299,0.896530375835228,False
5116,2330309.0,0.09790468289216459,0.527519948455796,0.8548586987933043,False
5117,2330474.0,1.159697834392533,0.008058134277039802,0.22660893154732395,False
5118,2330640.0,0.06539009653656334,0.6736944044763449,0.908892960550674,False
5119,2331864.0,0.13776973670340634,0.7951250233162723,0.9516077318741055,False
5120,2331936.0,0.014494691145615371,0.9281725375981081,0.980469186391243,False
5121,2332468.0,1.1397234702495922,0.009171859888573398,0.23850519211973828,False
5122,2332527.0,-0.7133722859087496,0.014774763414130329,0.27699491685731387,False
5123,2332574.0,0.21391877450416383,0.5514645103415521,0.8623130341197923,False
5124,2332892.0,-0.07616338079656346,0.8257188631044703,0.9599947421761031,False
5125,2332953.0,0.2131563017735733,0.4525160682862175,0.8266681119567302,False
5126,2333203.0,-0.8177635310776833,0.050718865462660766,0.43556430743447994,False
5127,2333838.0,0.08545718654965892,0.871957821947828,0.9696860789493773,False
5128,2334027.0,0.6383055066814014,0.13634767575520051,0.5917848941714121,False
5129,2334316.0,-1.0439618232667693,0.012347681014012136,0.26084895172462486,False
5130,2334861.0,-0.8733309741215814,0.07490849847768437,0.4916202179950721,False
5131,2334904.0,0.12484195782147745,0.5966737601381272,0.8769374356177488,False
5132,2335404.0,0.13395046484766088,0.6368162224755997,0.896530375835228,False
5133,2335732.0,0.7420279398455046,0.048737011198449365,0.4287178363246204,False
5134,2335977.0,-0.7638384708307527,0.0479446959224557,0.42606007324537426,False
5135,2336116.0,-0.7300057589427144,0.05238555442026111,0.440368343361123,False
5136,2336159.0,0.25402214623189523,0.6181631815990055,0.8860040089658675,False
5137,2337232.0,-0.7792877671419789,0.04360951266543029,0.41443018925325964,False
5138,2338795.0,-0.31712524325638464,0.5515941306862847,0.8623130341197923,False
5139,2338934.0,0.7790984099824364,0.04365374323553326,0.41443018925325964,False
5140,2338947.0,-0.0021543480042737068,0.997478791550539,0.9986748092862111,False
5141,2339195.0,-0.7442600502884812,0.05427480946600331,0.4438587342165712,False
5142,2339236.0,-0.09189291303124245,0.6630610682161855,0.9073242860276302,False
5143,2339653.0,0.19528650446078755,0.2067048718704314,0.6697153128306306,False
5144,2339799.0,0.16186173263449982,0.6040510858534661,0.8796497339540642,False
5145,2340120.0,-0.4878373932324169,0.08873451709162897,0.5200935113550931,False
5146,2342019.0,-0.0713775050038652,0.7311257352247638,0.9316102179259985,False
5147,2342508.0,-0.35719644902526165,0.38741299127259343,0.7959829187679452,False
5148,2343498.0,0.7399298279565872,0.006185093815447617,0.20161919929935102,False
5149,2344246.0,0.8028461375390057,0.0025294575176157876,0.14246841960502432,False
5150,2344667.0,-0.3595828473132967,0.2880216544179386,0.7336391967546332,False
5151,2344864.0,0.04434869106988279,0.8483251174172164,0.9651890482210258,False
5152,2345140.0,1.122891095220255,0.04473034805794297,0.4187717719212106,False
5153,2345176.0,0.08564940772282881,0.647744799843424,0.900882603263824,False
5154,2345730.0,0.21195902423836976,0.16913956162974364,0.6315823672139207,False
5155,2347086.0,0.03961458370224463,0.825404389627345,0.9599947421761031,False
5156,2347213.0,0.1877217747085999,0.6205549852163404,0.8874999162744895,False
5157,2348273.0,0.0395339305434772,0.8231552635176088,0.9599051455556222,False
5158,2348874.0,0.4206951916358894,0.5352256975649322,0.8576728524898041,False
5159,2349004.0,-0.32032562320642494,0.5478886744610088,0.8614159882464039,False
5160,2349078.0,-0.8875274123175154,0.07024496073673159,0.4840226752059346,False
5161,2349807.0,0.4467639119165523,0.2447256307164143,0.6991539734444558,False
5162,2350447.0,1.16746376512106,0.036952507518615604,0.3864349413435187,False
5163,2351817.0,0.057676724696161766,0.8480125046088577,0.9651890482210258,False
5164,2352290.0,0.36111268749257763,0.41627281652392667,0.8099375198722394,False
5165,2352520.0,0.052580820773799414,0.7070360478363835,0.9220480669292973,False
5166,2353542.0,0.27557677347074616,0.04928441785735789,0.43042091837966207,False
5167,2354008.0,-1.1727532055636474,0.04700598657111279,0.42450081882648033,False
5168,2354973.0,-0.3256693537450277,0.18278246212945706,0.6448726415320155,False
5169,2356453.0,0.18031919508608302,0.21171184254794556,0.6725583994316503,False
5170,2356934.0,-0.2256953231456129,0.12074603048923736,0.5737187286540817,False
5171,2357245.0,0.1734017925823283,0.23448021414772735,0.6905223727998842,False
5172,2357396.0,-0.22845056077790413,0.3927222752086793,0.7987370337016471,False
5173,2357406.0,-0.13644502434946593,0.38032840625657527,0.7937828975033887,False
5174,2358205.0,-0.18270766267331623,0.20944245422947702,0.6717455762185766,False
5175,2358756.0,0.36059751045205446,0.4057158307261172,0.8054512326746155,False
5176,2358879.0,0.5487726319411234,0.41881224974846526,0.8106357724948257,False
5177,2359686.0,-0.2618538211782025,0.05105180397457397,0.43600760283297996,False
5178,2360118.0,-0.2046326065893881,0.15349817515401654,0.6136508535657775,False
5179,2360914.0,-0.14583263255018045,0.35105515275543464,0.7739033942340068,False
5180,2361262.0,-0.23418005245463053,0.40840914500773434,0.805972644709398,False
5181,2361502.0,-0.180713412510905,0.2519185203979774,0.7084776483854288,False
5182,2361634.0,0.3285715403682475,0.5385602259935902,0.858511186160994,False
5183,2362734.0,-0.23839683309507642,0.09353607335776483,0.5290245029782557,False
5184,2363143.0,-0.4604815427429907,0.002200816934184976,0.1382187713086496,False
5185,2363151.0,-0.3900180027007688,0.21276391992467703,0.6737196449899513,False
5186,2363171.0,-0.2878792749323673,0.033432111787928674,0.3752948321056626,False
5187,2363318.0,0.4737853088782513,0.0013828432390215945,0.1103732599969074,False
5188,2363343.0,-0.28924324773231813,0.28846655692609496,0.7336391967546332,False
5189,2363487.0,-0.058301775086215896,0.7148593382588563,0.9249186671165086,False
5190,2364527.0,-0.4025470259974877,0.004819780365468095,0.18244132784722678,False
5191,2365647.0,-1.4192475463426777,0.005083321102702927,0.18429347185267225,False
5192,2367399.0,0.3017637488156011,0.32401806477823347,0.7578479558547864,False
5193,2367943.0,0.24149390174896507,0.2140851637625599,0.6751951851982867,False
5194,2369658.0,-0.4210058598808558,0.0012999528654760153,0.10771746835681029,False
5195,2371424.0,-0.2362332505784358,0.3884329567534515,0.7961859055298405,False
5196,2371587.0,-0.25795070127760583,0.47784931267343794,0.836275241861246,False
5197,2371686.0,-0.24938987323993372,0.479721092535931,0.836275241861246,False
5198,2372310.0,-0.6436225353612102,0.2879610665292266,0.7336391967546332,False
5199,2372323.0,-0.2915908984721524,0.43113095687829617,0.8170262808858074,False
5200,2372354.0,-0.1732759066724833,0.5336340691237152,0.8576035569033383,False
5201,2372598.0,0.2897082198931862,0.13121191567706847,0.5884135189011177,False
5202,2372736.0,0.7720207031701994,0.06757335249854976,0.4753783158598559,False
5203,2373321.0,-0.35673085034715696,0.005560549818788893,0.19095669328054907,False
5204,2373436.0,-0.20460645687609996,0.4586119207789278,0.8290959586879398,False
5205,2374662.0,0.3649413456288607,0.2078565906718498,0.6705605218663956,False
5206,2375594.0,0.10605230412658465,0.6015493318134475,0.8783377205232169,False
5207,2375623.0,-0.3418815426462264,0.007716892180784907,0.2233783056597871,False
5208,2375689.0,0.03119838897065086,0.9511974995616582,0.985092740451518,False
5209,2375984.0,1.6647918019873627,0.005300866714178367,0.1874296683465999,False
5210,2376092.0,-0.3264944672639486,0.011469274318901233,0.25614659722432875,False
5211,2376240.0,0.18270061751393812,0.41209793831442776,0.8072712206149497,False
5212,2376920.0,-0.288159097802392,0.5722970204289145,0.8684576349724981,False
5213,2377150.0,0.22974656376084474,0.534929749906299,0.8576105784226076,False
5214,2378994.0,-1.0502137966232534,0.09544699628112553,0.5326556730283745,False
5215,2379904.0,-0.27137250035321164,0.1665216925489738,0.6285379148611759,False
5216,2380051.0,-0.23516244374801265,0.39826421265273637,0.8022189698173043,False
5217,2380112.0,0.44482833528243737,0.11073052466890407,0.5582813958573867,False
5218,2382547.0,0.11699855789976252,0.5099405533967445,0.8493441875876211,False
5219,2382805.0,0.15283827317340112,0.38487601054446247,0.7953225003731468,False
5220,2383388.0,-0.25623814749996654,0.6853868693991606,0.9127740607323769,False
5221,2383402.0,-0.5618547284777538,0.07443983322783883,0.4916202179950721,False
5222,2383440.0,0.5782949842486416,0.3010604633926083,0.7426419360409551,False
5223,2383870.0,0.17883475822466613,0.5635345668685453,0.8658398989578535,False
5224,2384475.0,0.1618704793960894,0.2834219913534254,0.7313494943699443,False
5225,2384716.0,0.5741825618055355,0.13554197091684006,0.5914139815214984,False
5226,2385108.0,-0.17509943375121875,0.2543680999633997,0.7098112403862992,False
5227,2385577.0,0.1965907059920588,0.19501248341524574,0.6604255264025536,False
5228,2385859.0,0.17711919195331474,0.2404288919956545,0.6955905177539525,False
5229,2386141.0,-1.1036887985477932,0.10341939585236547,0.5468780195969359,False
5230,2386685.0,-0.27748133794060736,0.12119107304674812,0.5740413378029969,False
5231,2386819.0,0.17642038897312995,0.2409803303169231,0.6958991428734941,False
5232,2387409.0,0.5521304164667425,0.002177755951954273,0.1382187713086496,False
5233,2387767.0,-0.054754277744795174,0.6988433551895025,0.9184229585758176,False
5234,2388159.0,0.46600331101020576,0.2116202909835415,0.6724643614245734,False
5235,2388549.0,-0.3232551739503945,0.34532167013220977,0.7708136395815621,False
5236,2389213.0,-0.04314723065013705,0.7586984123510307,0.9396986046206762,False
5237,2389217.0,0.06710355861264153,0.6361564205513278,0.896530375835228,False
5238,2389258.0,0.056399943839461814,0.6895745321780767,0.9148184249291726,False
5239,2389730.0,0.356047736701371,0.37922520204697013,0.7928914498036046,False
5240,2389827.0,0.028332945072227347,0.8398157614997195,0.9634460491893265,False
5241,2389909.0,-0.3926149428283,0.48409696291821414,0.8382313817956955,False
5242,2390495.0,-0.04617678545254712,0.7288965607055518,0.9303258535156202,False
5243,2390571.0,-0.39928666294509446,0.47669190330727257,0.835995603084639,False
5244,2391204.0,-0.5168311722864665,0.1016471826875355,0.5428254698583244,False
5245,2391331.0,-0.010291294090855906,0.9368767942058231,0.9815380451459941,False
5246,2392361.0,-0.0030872396095725577,0.9809526196101711,0.9935840893784088,False
5247,2393058.0,-0.3217082781879493,0.09971094054749138,0.5406484286433426,False
5248,2393130.0,0.27406791914118256,0.3743251396201205,0.7898209452568041,False
5249,2394867.0,0.19660951682681999,0.20459242741738032,0.6689309637396575,False
5250,2395239.0,0.5798689644722003,0.1321765054997429,0.5894724598191081,False
5251,2395249.0,0.35290338839193014,0.05941388334490935,0.4539188713640068,False
5252,2395511.0,0.36198896141811243,0.049452462039643076,0.43042091837966207,False
5253,2395666.0,-0.4680227561240541,0.24426684584882988,0.698341125592551,False
5254,2396003.0,0.25159343323297056,0.09975508662251707,0.5406484286433426,False
5255,2396168.0,-0.38920733558639414,0.035880295990848146,0.37993156735967887,False
5256,2396547.0,-0.35540164649426564,0.052850276897509006,0.44224970868301966,False
5257,2397537.0,-0.39162389480622173,0.03019076137303263,0.36163650120476953,False
5258,2397678.0,0.34839606871605244,0.05453032021451749,0.4438587342165712,False
5259,2397772.0,0.5468330996089766,0.1555599579736334,0.6165709215476722,False
5260,2397995.0,0.07556505282303672,0.8773363303477432,0.9713049919519247,False
5261,2400026.0,0.7479153946502193,0.15956393110643052,0.6204968918736582,False
5262,2400321.0,-0.0279758222382622,0.8287638575253554,0.9608291890121575,False
5263,2400767.0,0.09312347875581581,0.777798334022387,0.9458885184643748,False
5264,2401108.0,0.37210415880768466,0.03208908263981305,0.369708471874854,False
5265,2401549.0,-0.03389607588615429,0.7941992518637188,0.9515273481552983,False
5266,2402284.0,-0.2924677088693006,0.31005447072652526,0.7497303448026011,False
5267,2402594.0,0.05542376313885951,0.6837457260217508,0.9119708047766516,False
5268,2402741.0,0.02734696290310233,0.8408548472054579,0.9634460491893265,False
5269,2403087.0,-0.01696577408466146,0.9012290993771208,0.9752608786500495,False
5270,2403159.0,-0.6454108563062205,0.28652802962126284,0.7332064501505913,False
5271,2403581.0,-0.04359721758655974,0.7488342154986057,0.9361117074520717,False
5272,2404238.0,-0.26478588642038015,0.3519860032604187,0.7739129158176716,False
5273,2404689.0,-0.7730113705295196,0.1898458416527663,0.6539820804347876,False
5274,2404933.0,-0.6574640182250719,0.1376092757852465,0.5932490589710545,False
5275,2405037.0,-1.147940706675808,0.0026488682769268204,0.14448977460321927,False
5276,2405202.0,-0.4626358146280276,0.011374088385189036,0.25614659722432875,False
5277,2405304.0,-0.09762797283246503,0.5032285238714129,0.8465933751828044,False
5278,2405715.0,-0.04252281747189132,0.7671319568293833,0.9416926853113828,False
5279,2406394.0,-0.009846184045898598,0.9722998442756625,0.990736394406488,False
5280,2407938.0,0.08684295480650395,0.525926250094701,0.8548586987933043,False
5281,2407969.0,-0.08800894205179674,0.5215493857659993,0.8535230789220447,False
5282,2408206.0,-0.3527684427128211,0.380514303235592,0.7938024485713161,False
5283,2408514.0,-0.06516781664976559,0.6326488339181422,0.8948922455279429,False
5284,2409012.0,0.16757695581937726,0.412488893311363,0.8074061164014844,False
5285,2409515.0,-0.12670741728066817,0.6397075406879676,0.8980915756405882,False
5286,2409994.0,-0.07760879927829936,0.5752186507821551,0.8692161534783692,False
5287,2410141.0,-0.04965697339975475,0.718614197677526,0.9267499743799983,False
5288,2410340.0,-0.0869111627081042,0.5227407941517247,0.8544268185269016,False
5289,2410369.0,-0.41288574253973087,0.021259060700968908,0.31690116749484026,False
5290,2410835.0,0.17973054308895065,0.38104658551873305,0.793872464971652,False
5291,2410925.0,0.07649133996390617,0.5800160844214748,0.8714113392373765,False
5292,2411016.0,0.8072615807219934,0.2330550285936663,0.6904588490122399,False
5293,2411204.0,0.07009338922895017,0.6087253198108163,0.8823081437978606,False
5294,2411354.0,-0.6217526560900744,0.325423552847475,0.7585945287749929,False
5295,2411894.0,0.010742394626770457,0.9382233010408207,0.981968772581868,False
5296,2412026.0,0.005109450366817786,0.9705348305491328,0.9902128268977735,False
5297,2413448.0,0.24063605831185286,0.10115519805366464,0.5424143508276277,False
5298,2415068.0,0.3471275064062015,0.3606895344791285,0.7802768613894512,False
5299,2415659.0,0.16379041367366853,0.2733917017303398,0.7228476083555494,False
5300,2415860.0,-0.5246678433775711,0.09248348978584053,0.528372779802789,False
5301,2416565.0,-0.45683904544354303,0.16849451870674467,0.6309099691485731,False
5302,2418109.0,-0.41890358374874226,0.027289159173951867,0.3488786074460197,False
5303,2418701.0,0.3823855438060962,0.33074076105454825,0.7612214655230629,False
5304,2419435.0,0.11360941813960275,0.4089897336042179,0.8063173916225546,False
5305,2419471.0,-0.31278789628887016,0.06062607128955808,0.45701111378343956,False
5306,2420342.0,0.14842414679789895,0.32439021224836245,0.7578479558547864,False
5307,2421536.0,0.008928771326234493,0.9741129384261045,0.9914577565214744,False
5308,2422312.0,-0.2944867730467722,0.04712406986722452,0.4247591345526459,False
5309,2422774.0,0.044845145120425325,0.8719187400949612,0.9696860789493773,False
5310,2422795.0,-0.614135739411558,0.11725803596935395,0.5700116347726544,False
5311,2422986.0,0.31835583781249654,0.3775309565965039,0.7924383259684544,False
5312,2423446.0,0.17362250628945572,0.2160893259595524,0.6765068467568709,False
5313,2424635.0,-0.03489239092438648,0.9233687703700945,0.9799734065670097,False
5314,2424760.0,-0.4012481004532072,0.010348389350818414,0.24659684349742994,False
5315,2424813.0,0.0150252516483972,0.9555137067739445,0.9868792851599589,False
5316,2424921.0,0.15219314165447623,0.3389679561178265,0.7672743434313809,False
5317,2425146.0,-1.1066660969258981,0.10263661459700758,0.5456025717191564,False
5318,2425410.0,-0.3302195743862102,0.021549634869724565,0.31690116749484026,False
5319,2425534.0,0.2282297988006392,0.6837135616412351,0.9119708047766516,False
5320,2425699.0,0.0087920402377826,0.9529119213104585,0.9856895243522245,False
5321,2425867.0,-0.5126285983290366,0.09347676192781786,0.5290245029782557,False
5322,2426193.0,-0.2817898931948243,0.05301127928991401,0.44224970868301966,False
5323,2428939.0,-0.19360759337100586,0.16160012745172356,0.6228974303384568,False
5324,2429087.0,0.6344989189672222,0.1340099333904801,0.5913217812067733,False
5325,2429479.0,0.12476990669063824,0.35238740503164306,0.7742173185987308,False
5326,2429546.0,1.1902908400499113,0.04409060282114063,0.41532943959633417,False
5327,2429716.0,-0.14949195592755518,0.2707820545936819,0.7195444804441657,False
5328,2429961.0,0.21273687387170281,0.43900132256912167,0.8206754391865764,False
5329,2430480.0,0.0449008824737627,0.7601816530802364,0.9400288013901756,False
5330,2430824.0,0.15523998125698255,0.24626435148960368,0.7004199538596877,False
5331,2432207.0,0.14111057333367305,0.2888304084157408,0.7337430476412349,False
5332,2433379.0,-0.30687368755696737,0.5160408590175024,0.8523183003093502,False
5333,2433768.0,-0.08447513920011974,0.6144026397701979,0.8846175297597576,False
5334,2433955.0,-0.42152579062035855,0.029600250400888532,0.3600948051763661,False
5335,2434504.0,0.738191978370881,0.16643109389951505,0.6285379148611759,False
5336,2434755.0,0.37091284619156917,0.34507757790344007,0.7707499487560887,False
5337,2434815.0,-0.5472692598835451,0.0010010200658186824,0.09428126266564617,False
5338,2435853.0,0.35965278290936975,0.4327027006494798,0.817265787897664,False
5339,2436256.0,-0.025579767053197866,0.8672745133537009,0.9678487552641536,False
5340,2436674.0,0.3563607629273307,0.43683979202505513,0.8196881490807214,False
5341,2437576.0,-0.29148397819672145,0.48961159965297096,0.8411834771936298,False
5342,2438447.0,0.017711055203215087,0.907650489999017,0.977047408661179,False
5343,2438559.0,0.021326692607378475,0.8885275072819055,0.9715554662941385,False
5344,2438747.0,0.0038693346652153293,0.9798516092215495,0.9932718265398371,False
5345,2438939.0,-0.316552946241725,0.5029277536784786,0.8465933751828044,False
5346,2442013.0,-0.6147193191009739,0.11685130804584912,0.5693092229971688,False
5347,2442307.0,0.30504228016540336,0.16799221041981788,0.6301159101959651,False
5348,2442366.0,-0.02376137072714568,0.870368051438245,0.9691406022777224,False
5349,2443190.0,-0.5224723885019554,0.3062297595232252,0.7481710645115033,False
5350,2444006.0,-0.43808627945075124,0.33888911367651,0.7672743434313809,False
5351,2444380.0,-0.34041689136790876,0.47124217229303134,0.8335061780771449,False
5352,2444704.0,-0.21192483167903056,0.12256956811202376,0.5755109507588386,False
5353,2445717.0,0.11484075673499307,0.6949379009575292,0.9172129010340102,False
5354,2446674.0,0.09711118058316441,0.5388530309826237,0.858511186160994,False
5355,2446744.0,0.20546559814875656,0.6378978836145663,0.8969406122585645,False
5356,2446840.0,-0.3964939865045921,0.2901972996596714,0.7345252294539043,False
5357,2447022.0,-0.21768501586834943,0.6569526752184155,0.9047058974448053,False
5358,2447395.0,0.233359926313646,0.45683127868645096,0.8280806188990847,False
5359,2447459.0,0.8605249364087721,0.1451776989016236,0.60505354426495,False
5360,2447773.0,-1.1615272364228788,0.0002181819693531338,0.047367305546565354,False
5361,2447792.0,-0.5252879611371488,0.37402751186074007,0.7896701651891573,False
5362,2448297.0,0.5359150632216629,0.26920656348820754,0.7190014144831173,False
5363,2449290.0,0.05072297829874198,0.9315100296895422,0.980469186391243,False
5364,2449367.0,-0.025235028667741903,0.8542361291352008,0.9657085171591964,False
5365,2449464.0,0.8661018764105033,0.000279780872244418,0.052362437382985474,False
5366,2449681.0,0.013240566876935533,0.980278312088556,0.9932718265398371,False
5367,2449735.0,-0.029400502895248065,0.8323534711911836,0.9620098945677489,False
5368,2449912.0,-0.0004444872227606922,0.998680677913999,0.9992329946314368,False
5369,2450144.0,-0.07730684802265517,0.7460174380732923,0.9359620116717542,False
5370,2450200.0,0.5086832663176714,0.20564102447136132,0.6697153128306306,False
5371,2450204.0,-0.10300380193060565,0.6963786647289841,0.9174888221426293,False
5372,2450230.0,-0.317437663006859,0.0701533464167206,0.4840226752059346,False
5373,2453176.0,-1.2781521567275416,0.01155143127565819,0.25614659722432875,False
5374,2453518.0,0.08659652172323441,0.6161774356588153,0.8848532959487287,False
5375,2453571.0,-0.036770176364649035,0.9197258381709681,0.9792542104379494,False
5376,2453657.0,0.018038225375990813,0.9061989294155705,0.9765741420034114,False
5377,2453800.0,1.0275338860867966,0.10218415648960796,0.5442635027942564,False
5378,2453837.0,-1.0451831688942375,0.014313372032471055,0.27402408009254553,False
5379,2454019.0,-0.23577226715600472,0.3528507597017124,0.7744666447555212,False
5380,2454050.0,0.2545549481169332,0.1901655618332895,0.6542282527963084,False
5381,2454125.0,0.8067762389709123,0.23352252497022763,0.6904588490122399,False
5382,2454817.0,-0.457908904347909,0.39004997537545016,0.7974827579363871,False
5383,2454871.0,0.05671946576454723,0.8966506961279426,0.973620419492611,False
5384,2454887.0,0.08215877578872956,0.6242142000835063,0.8896815711292267,False
5385,2455235.0,-0.3946178938764847,0.2965613956219051,0.7391903443113157,False
5386,2455347.0,-0.0789025616569298,0.6364355747148476,0.896530375835228,False
5387,2455648.0,0.3573346436960252,0.4126518794230715,0.8074061164014844,False
5388,2455699.0,0.3099812934177879,0.40007323196029365,0.8028690780890388,False
5389,2455795.0,-0.2504860018939241,0.3280931435463009,0.759576575611863,False
5390,2455844.0,0.054678049233787454,0.7465509875819935,0.9360625908745066,False
5391,2456014.0,0.03406452392376513,0.8264183375700662,0.9600568337246436,False
5392,2456081.0,0.06203530096028672,0.7117193262917108,0.9239164152407624,False
5393,2456487.0,-0.6143219856180422,0.2990643872195804,0.7415815874317666,False
5394,2456614.0,0.2228279651747472,0.5992698063748382,0.8781156191211636,False
5395,2456745.0,0.23113082651413874,0.5857599375578078,0.8728332922247775,False
5396,2456861.0,0.21272907759783963,0.6159827260635385,0.8848477049425529,False
5397,2456878.0,0.8689176767570755,0.1412625299326713,0.5991133811013387,False
5398,2457033.0,-0.5344819293395084,0.33950431084928256,0.7672952934143166,False
5399,2457052.0,0.19742697463475845,0.3075883857032624,0.7489210296021528,False
5400,2457215.0,-0.3359334456006594,0.1902859318678239,0.6542282527963084,False
5401,2457439.0,0.8577647106666269,0.1465494605572216,0.6060169121328154,False
5402,2457650.0,0.30879125586124173,0.5056898199782998,0.8483715367944823,False
5403,2458555.0,0.13607235960687797,0.6944043106568001,0.9172129010340102,False
5404,2459861.0,0.9065112870963985,0.013118699767748062,0.266673194717051,False
5405,2460257.0,-0.8860211013846847,0.033148447707565955,0.3744291361765124,False
5406,2460711.0,-0.29186053505738824,0.16992766338413437,0.6327386388128744,False
5407,2460947.0,-0.08826889774834057,0.8891010315483984,0.9715554662941385,False
5408,2461105.0,-0.04151920734648305,0.8379555007623576,0.9634460491893265,False
5409,2461147.0,0.22438985399799882,0.14438226961442327,0.6046552997426975,False
5410,2461350.0,0.22736535569994254,0.13886916549673392,0.5951144064220477,False
5411,2461424.0,0.24889900747447072,0.10360375187785133,0.5468780195969359,False
5412,2461901.0,-0.12779479746170483,0.36068784342263366,0.7802768613894512,False
5413,2462414.0,-0.3128019850038596,0.5023474483951378,0.8465933751828044,False
5414,2463004.0,1.201400824304098,0.042077354731216196,0.40817666274115444,False
5415,2463355.0,0.12821036092724375,0.6980426842486216,0.9180098543153365,False
5416,2463642.0,0.01624363563225173,0.9163867098539531,0.9787512033736542,False
5417,2463932.0,-0.8822352136446385,0.13477997109925643,0.5913217812067733,False
5418,2464005.0,0.36124494952397657,0.10426569412772536,0.5482029444111168,False
5419,2466035.0,-0.031010907610418845,0.8406326334531458,0.9634460491893265,False
5420,2466137.0,-0.03688329861387893,0.8107779683560834,0.9562991422300517,False
5421,2466881.0,0.019819841145445907,0.8959433723103178,0.9733270370568257,False
5422,2466932.0,-0.10237962413532523,0.5098971250138905,0.8493441875876211,False
5423,2467058.0,0.03188061438489316,0.8779054501576846,0.9713049919519247,False
5424,2467163.0,-0.5058323537053898,0.4223762666386627,0.8122044950155329,False
5425,2467177.0,-0.7616179257116437,0.01662163451290076,0.2929023419440548,False
5426,2467778.0,0.5023224807993402,0.25883642467815193,0.7122316278740778,False
5427,2468630.0,0.11536052145395814,0.7273382184927153,0.9297205694408686,False
5428,2468765.0,0.07797809281112975,0.5957272029323215,0.8762356081070936,False
5429,2469093.0,0.2166043152305101,0.35395827500599275,0.7752862471043848,False
5430,2469147.0,-0.08077968890600568,0.6017193024055555,0.8783377205232169,False
5431,2469463.0,0.09523684986185554,0.7767858713610067,0.9455046684933538,False
5432,2469466.0,0.10768053672836508,0.7449534503213296,0.9355350047944941,False
5433,2469577.0,-0.04364991363220541,0.7682232476226667,0.9418413545227069,False
5434,2469999.0,0.44923051066896147,0.016821965418086542,0.2954315868477537,False
5435,2470440.0,0.05107179356331888,0.7321573845659622,0.9323754586418959,False
5436,2470570.0,0.25330953475942236,0.550237496629092,0.861556437479399,False
5437,2470695.0,0.1783361375544664,0.44003921824160314,0.8211086581010403,False
5438,2470873.0,-0.03760700924741145,0.798475593289245,0.9524673148521708,False
5439,2471516.0,-0.13024811357220412,0.4042615361224362,0.8044501915434594,False
5440,2471931.0,-0.523713718038054,0.34971545866023646,0.7739033942340068,False
5441,2472140.0,-0.08729431296316965,0.6221718740413577,0.888524627380468,False
5442,2472439.0,0.10247684070637154,0.5612230771686771,0.8649229025744979,False
5443,2472713.0,-0.2503229699126634,0.08182621814539344,0.5087191282750548,False
5444,2472734.0,-0.2702434060722434,0.06275823130617064,0.4609863092649072,False
5445,2474479.0,0.29298943903040303,0.047207319483658305,0.4247591345526459,False
5446,2474530.0,-1.071439903311443,0.03621278976570436,0.38164061447254455,False
5447,2474678.0,-0.6697286382436858,0.047328701981608344,0.4247591345526459,False
5448,2474804.0,-0.5439194394419475,0.13152213759663522,0.5885463455120306,False
5449,2474889.0,0.2436514933650653,0.1002243917432297,0.5410562434897381,False
5450,2474966.0,0.22390448168828597,0.5974794845280169,0.8773049177458756,False
5451,2475360.0,-0.21437581860268046,0.30544315635670904,0.7477783908364481,False
5452,2475401.0,0.062237014500260195,0.9089995549091717,0.9779070580418693,False
5453,2475762.0,1.0300194398342752,0.023491535305139127,0.3254809173661847,False
5454,2475938.0,0.23458656151561746,0.5802102360308187,0.8714113392373765,False
5455,2475960.0,-0.35966290637260717,0.012312324181002721,0.26084895172462486,False
5456,2476152.0,-0.3601820478370572,0.012536604083541562,0.2618423318423385,False
5457,2476468.0,-0.7164157909783659,0.22568928467700408,0.6850790693163935,False
5458,2476490.0,-0.9311318969088017,0.0017925755012396028,0.12456309786565896,False
5459,2477510.0,0.5048569828836168,0.19319494483718674,0.6590326292787341,False
5460,2478691.0,0.22296625406551304,0.11423113945292213,0.5648200165198141,False
5461,2479322.0,0.2172144343229202,0.12046948765377714,0.5737187286540817,False
5462,2479483.0,0.2107438339773747,0.13624759138380116,0.5917407821295144,False
5463,2480058.0,0.18990112517167895,0.6777848632539015,0.9095943785400711,False
5464,2480232.0,-0.0184062585049094,0.9415064200365736,0.9827918251271283,False
5465,2480440.0,0.18331667448307087,0.195786277975118,0.6604255264025536,False
5466,2480583.0,-0.05731678311586613,0.8196431457295301,0.9583442692387846,False
5467,2481952.0,0.443915941663486,0.39444145284917076,0.7991807636586509,False
5468,2482665.0,0.43029181930502824,0.026631315286464872,0.3478735588863733,False
5469,2482770.0,0.3099888311860304,0.23057621830848374,0.688557042569076,False
5470,2483101.0,-0.7133912228680451,0.09648435279353523,0.5336549598728427,False
5471,2483158.0,0.4005286325182751,0.03919221100155032,0.3965747996621961,False
5472,2484236.0,-0.2361401112181607,0.08937528269215846,0.5208992735599512,False
5473,2485473.0,0.216127984981207,0.7055622615624493,0.9212025919245114,False
5474,2485762.0,0.4207978221107582,0.3591097252731542,0.779489369616317,False
5475,2486953.0,0.5292910293094839,0.1898423447156797,0.6539820804347876,False
5476,2487247.0,-0.25641367736960596,0.21392438636076885,0.6750433761471354,False
5477,2487480.0,-0.04101082467260177,0.8009002632748135,0.9537937249403728,False
5478,2488418.0,0.3393146308756275,0.39929292479708006,0.802801388900223,False
5479,2488550.0,-0.15693153741873253,0.31954376447753347,0.7552030401488408,False
5480,2488686.0,-0.05742771343981594,0.7034266316098885,0.920406953486661,False
5481,2488887.0,-0.17738252754087447,0.4758234296198972,0.8354729860580213,False
5482,2489097.0,0.249670212785053,0.3413222117711109,0.7682049779754112,False
5483,2489368.0,0.10111868629512669,0.6206658760308121,0.8875235924914537,False
5484,2489470.0,-0.04637827395516059,0.9414487582556809,0.9827918251271283,False
5485,2490555.0,-0.13645613410644242,0.3421095742915998,0.7692528171572643,False
5486,2490647.0,0.1872431800105034,0.3128651152423687,0.7511946087051343,False
5487,2491293.0,-0.13291415508073462,0.3382815689167995,0.7667668470644934,False
5488,2491401.0,-0.18622159128252175,0.7693043640753281,0.9423153771200278,False
5489,2491913.0,0.2046649773060117,0.2619953890420909,0.7129506011661813,False
5490,2493408.0,0.6417769877859176,0.27515773883485567,0.7246807850994046,False
5491,2494428.0,0.4134993715895156,0.04540367466866653,0.420167850407822,False
5492,2495308.0,0.2748984456056983,0.2952908481344896,0.7373779978145582,False
5493,2496495.0,0.1278379711158587,0.3781215017996749,0.7924383259684544,False
5494,2496983.0,0.010809209961224087,0.9594425695231223,0.9873020343655967,False
5495,2497648.0,-0.6089292097771708,0.16085080503449714,0.6221088056253933,False
5496,2497984.0,0.05122252128953511,0.8657811815816371,0.9675879210193268,False
5497,2498945.0,0.01088263593077285,0.9506730844005256,0.985092740451518,False
5498,2499074.0,-0.0859765857551742,0.5401354025197161,0.8588858678675815,False
5499,2500429.0,0.22946716068387799,0.5883645056978701,0.8736409637576252,False
5500,2501228.0,0.11018732729891442,0.5081629493786051,0.8492966548932642,False
5501,2501292.0,-0.023973479479705948,0.8929022125551824,0.9721809814662338,False
5502,2502309.0,-0.5503821298178693,0.21905874548638557,0.6770911517578009,False
5503,2503360.0,0.2897425690032028,0.14971082342731837,0.6083247873752656,False
5504,2503432.0,-0.5690697259188013,0.17378079596887855,0.6351457866862356,False
5505,2503471.0,-0.483943612418106,0.2191033754141799,0.6770911517578009,False
5506,2503715.0,0.11097334067119626,0.5640593234526746,0.8660458905485552,False
5507,2504155.0,-0.3018516808104466,0.49672771544296884,0.8456680287223065,False
5508,2505012.0,0.4491612400829522,0.47593343885088857,0.8354729860580213,False
5509,2505323.0,0.11789034132844711,0.7266997463987908,0.9293405547361897,False
5510,2507507.0,-0.03470873871287447,0.8488278876123707,0.9651890482210258,False
5511,2507681.0,-0.08467561355412145,0.8863774874380079,0.9715554662941385,False
5512,2507713.0,0.3038957205553598,0.11115996854442288,0.5586303048841251,False
5513,2507958.0,-0.056572723092947086,0.6941821895275863,0.9172129010340102,False
5514,2508857.0,0.1694316785357542,0.610060881587938,0.8825835455315175,False
5515,2508909.0,-0.1713773605773533,0.32829487544048797,0.759576575611863,False
5516,2509558.0,-0.5502831702755571,0.15598780298954895,0.6172977037738074,False
5517,2509627.0,0.09657639282238965,0.5070999984906006,0.8490795033563736,False
5518,2510393.0,-1.3671522068858624,0.04134689705247831,0.4061724592802281,False
5519,2510742.0,-0.08272920761916011,0.5708794894210106,0.8684576349724981,False
5520,2510773.0,-0.1448568037092831,0.8308959211949734,0.9616152993832738,False
5521,2511847.0,0.19869472437510527,0.6498966925040198,0.9009742780499534,False
5522,2511945.0,0.005923986663403963,0.9678621894572113,0.9893268936665498,False
5523,2512607.0,0.01252004559398133,0.9314197000719033,0.980469186391243,False
5524,2512928.0,1.2346153899230727,0.009788886923678877,0.24216297347177232,False
5525,2513274.0,-0.17790445743850974,0.7264127308589342,0.9292022382127895,False
5526,2513774.0,0.02389702343306363,0.8709614411236674,0.9694661052334113,False
5527,2513948.0,0.19897054600834568,0.6491708800949529,0.9009742780499534,False
5528,2514340.0,0.1761424283055977,0.21974602081977018,0.6770911517578009,False
5529,2514635.0,0.01777444884308338,0.95973104572375,0.9873020343655967,False
5530,2514858.0,-0.02142188705068941,0.8808926969382306,0.9715554662941385,False
5531,2515409.0,0.0896464911286445,0.5290462324553763,0.8555179806414225,False
5532,2516469.0,1.39646352424612,0.026714697665335418,0.3481249017493589,False
5533,2517189.0,-0.21138470065596374,0.5576155509948482,0.8638385623018521,False
5534,2517318.0,-0.29017114474240285,0.21224027881595386,0.672858711024293,False
5535,2518573.0,0.4502444734188692,0.05553404382900295,0.4459195218434067,False
5536,2518773.0,0.07453933785110722,0.8890581266160841,0.9715554662941385,False
5537,2518811.0,-0.04941506892687188,0.9417135895556642,0.9828730052333334,False
5538,2519147.0,-1.2106806708336564,0.05394213669122036,0.4438587342165712,False
5539,2519847.0,0.36701656383512493,0.4088095572524309,0.8061085820118323,False
5540,2520014.0,-0.5164433790706854,0.3326053445414655,0.7618284082437468,False
5541,2520272.0,-0.15386321493846603,0.31014423993741597,0.7497303448026011,False
5542,2520540.0,-0.1883470551846253,0.22387280400927084,0.6822401144078144,False
5543,2521248.0,0.18334154069249112,0.6754995300250947,0.909321074121257,False
5544,2521320.0,0.3092660392704554,0.10438564177180892,0.5482029444111168,False
5545,2521921.0,0.26270679233816374,0.061321691069149344,0.45865039425263837,False
5546,2522758.0,-0.6658813603552924,0.0956838660276284,0.5326924755657783,False
5547,2522870.0,-0.31300580148705787,0.5173509029904018,0.8523183003093502,False
5548,2523017.0,-0.24439815158294953,0.08159706351537539,0.5081675986571428,False
5549,2524539.0,-0.015300489670483086,0.9780173370230443,0.9922776141120802,False
5550,2524695.0,0.20669442044662265,0.1321048589414152,0.5893950858236999,False
5551,2525104.0,0.6391289247079304,0.09922754525086759,0.5402330323418213,False
5552,2525510.0,0.2709114249741015,0.045796743180518525,0.42061368132535787,False
5553,2525618.0,0.33451762815882147,0.45170924979991206,0.8264459643650842,False
5554,2525875.0,0.26081987467212775,0.05657624568801681,0.448929200982034,False
5555,2526140.0,-0.26904449374258244,0.0480180991995143,0.42606007324537426,False
5556,2526149.0,-0.21348668405330845,0.22452562483694655,0.6830533817467234,False
5557,2526187.0,0.15928443007404897,0.35089827562245673,0.7739033942340068,False
5558,2526315.0,0.25729675998350754,0.059477333976536734,0.4539188713640068,False
5559,2526467.0,-0.32278744494892964,0.01910894940463364,0.30747328033552146,False
5560,2526592.0,-0.04322379464340356,0.8897742777423159,0.9715554662941385,False
5561,2528105.0,-0.24711113524927852,0.7163089158828497,0.9254383815649053,False
5562,2529199.0,-0.2192715701509883,0.138403195537741,0.5941381418079152,False
5563,2531515.0,0.10555458379000944,0.45731719011596916,0.828467639971436,False
5564,2532526.0,-0.052484431231417036,0.7789876345000109,0.9463806124787485,False
5565,2532669.0,0.22149965947190742,0.13761410690825565,0.5932490589710545,False
5566,2532889.0,-0.024599550969737594,0.9502181459006508,0.985092740451518,False
5567,2533254.0,0.796637013752663,0.2402165049202343,0.6955905177539525,False
5568,2534667.0,0.28201856820313187,0.3240580187592828,0.7578479558547864,False
5569,2534814.0,0.41484583276219167,0.540508660795664,0.8590368247345435,False
5570,2534968.0,0.2523929986012391,0.06893543983865315,0.48059999964584454,False
5571,2535041.0,0.18510346033062008,0.54711563726242,0.8614159882464039,False
5572,2535199.0,-0.5300302393236467,0.4004173580706429,0.8028690780890388,False
5573,2535653.0,-0.4551021195041448,0.1976379304604611,0.6617395851783792,False
5574,2535797.0,0.5469558968738486,0.04760515292450091,0.42531188065469744,False
5575,2535799.0,0.389992885728331,0.5345465914948333,0.8576105784226076,False
5576,2535899.0,1.255058674223023,0.033458154230150444,0.3752948321056626,False
5577,2536275.0,0.31057952155672974,0.0881459698251294,0.5200696605336262,False
5578,2536305.0,0.19956770605313726,0.5163318795489222,0.8523183003093502,False
5579,2537947.0,0.8155888159975674,0.1954864894127233,0.6604255264025536,False
5580,2539315.0,0.029216269659450567,0.956338144021721,0.987073362494607,False
5581,2539942.0,-0.3977724054256323,0.527676888200571,0.8548586987933043,False
5582,2540455.0,0.23644549069123652,0.10352950523396728,0.5468780195969359,False
5583,2540673.0,0.25010652458853383,0.5733229176744006,0.8688287409403348,False
5584,2541277.0,-0.32984922953393936,0.6276155813468662,0.891895170205816,False
5585,2541651.0,0.36723122388479085,0.01423732258992267,0.27402408009254553,False
5586,2541722.0,-0.3635227780966067,0.014715274173610094,0.2769397510815939,False
5587,2542142.0,0.8372240051727877,0.18368891620112396,0.6454979557666561,False
5588,2542707.0,-0.3675906639828068,0.01380693263527141,0.27228523749476014,False
5589,2543112.0,0.32559429100563286,0.6308000471380797,0.8940636673544143,False
5590,2543357.0,0.32255574899496653,0.5277994471960135,0.8548586987933043,False
5591,2543488.0,-0.21341777450622035,0.355518530852386,0.7761545531572818,False
5592,2544846.0,-0.36437415429587183,0.015509699817715049,0.28291725016978597,False
5593,2545115.0,-0.5170780228264886,0.2462923043650325,0.7004199538596877,False
5594,2545719.0,0.7978464417573595,0.06935345881956333,0.4816723095247951,False
5595,2545895.0,-0.5328189636200575,0.3168891390827167,0.752394282767073,False
5596,2546582.0,0.6428119855034344,0.12461194777110506,0.5781159130414292,False
5597,2546617.0,0.30016960130868503,0.046353866610488716,0.4231885803674138,False
5598,2547355.0,0.54028790982082,0.17218295604555692,0.6334101947359447,False
5599,2547606.0,-0.3164874219614362,0.035734209455995286,0.37993156735967887,False
5600,2547631.0,-0.3201730169922289,0.033397466813364834,0.3752948321056626,False
5601,2549460.0,-0.4631604722372844,0.00930829824218189,0.24007301214786264,False
5602,2549733.0,-0.5661529337836521,0.40405624080680536,0.8044501915434594,False
5603,2550464.0,-0.23196527037898168,0.6158834679442488,0.8848477049425529,False
5604,2550649.0,-0.33531306314571585,0.05915415581361349,0.4539188713640068,False
5605,2551101.0,1.2625523812968078,0.03252637697089949,0.3717095996782265,False
5606,2551889.0,0.30324522958207206,0.09504303202652073,0.5320743231809606,False
5607,2552228.0,0.3102416398690671,0.08380006955692014,0.5146752241257033,False
5608,2552267.0,-0.5792964498419491,0.39294319076951517,0.7987637332964583,False
5609,2552446.0,0.4955344188955836,0.4347391449299914,0.8194162985016191,False
5610,2552548.0,-0.26553525996124083,0.14626662974139684,0.6054464244220905,False
5611,2552721.0,0.31998299365104943,0.078029035737162,0.49834411394695494,False
5612,2552744.0,0.3020790798559307,0.096215812976217,0.5333263612946997,False
5613,2553036.0,0.2787273866482612,0.05358462974405228,0.44345506312400756,False
5614,2553166.0,-0.23769410442368838,0.3001912556036239,0.7423094250623027,False
5615,2554581.0,-0.3611543562232889,0.011078939194847077,0.252516115491247,False
5616,2554750.0,0.14389560407964955,0.530658991326595,0.8571023065580383,False
5617,2554847.0,-0.5591463779904084,0.0028268809196258515,0.1502138890437682,False
5618,2555084.0,0.12806949261703757,0.8011360726353075,0.9537937249403728,False
5619,2555365.0,0.21185441380493358,0.20219637004904029,0.6669182094059218,False
5620,2556475.0,-0.3519905069197643,0.012780682102801552,0.26328039477089854,False
5621,2557038.0,0.4174966130312254,0.28054781382854793,0.7296319318880135,False
5622,2557123.0,-0.3331422402404325,0.022940447095056413,0.32375771529433595,False
5623,2558158.0,0.12942739141652287,0.5693243322520424,0.8683622515454004,False
5624,2558273.0,-0.31703351717836625,0.027383194246338897,0.3488786074460197,False
5625,2558491.0,0.7431136837126653,0.07442897288850732,0.4916202179950721,False
5626,2558507.0,0.6310470025192151,0.011070294129470094,0.252516115491247,False
5627,2558580.0,-0.368378365730075,0.011549659567387379,0.25614659722432875,False
5628,2559402.0,-0.3750895540605229,0.008986651481113621,0.23691996084573444,False
5629,2560236.0,0.021477920459273936,0.9569863117079069,0.9870755507649989,False
5630,2560510.0,-0.534712003330004,0.367465507182111,0.7838156966912586,False
5631,2561696.0,0.02303816030108312,0.9252259012146063,0.9802191960759526,False
5632,2562203.0,0.25252113025018486,0.1558462419018337,0.6169624200745458,False
5633,2562466.0,0.11179647015258062,0.8014327558895569,0.9537937249403728,False
5634,2562471.0,-0.12521537015377532,0.8539099445486911,0.9657054455551027,False
5635,2562482.0,-0.2748016583452436,0.3053554737327001,0.7477783908364481,False
5636,2565049.0,-0.6247613601427611,0.26513639885653045,0.7161423254755113,False
5637,2565916.0,-0.47555766997554855,0.42433942431869576,0.8133064069190015,False
5638,2566419.0,-0.3059047524215367,0.394302096870926,0.7991807636586509,False
5639,2566916.0,-0.05675150142037396,0.7589773939602273,0.9396986046206762,False
5640,2567423.0,0.19795750808575174,0.4492224797813246,0.8253416279483335,False
5641,2567531.0,-0.1501713202900853,0.41982706397714503,0.8112270250831294,False
5642,2568297.0,-0.45643717330817934,0.4694702406606181,0.8333768540263302,False
5643,2568768.0,0.175104035235165,0.32043879816924514,0.7563303227064918,False
5644,2568829.0,0.20967477875201462,0.4289517593254853,0.8150308677539196,False
5645,2569007.0,0.008199925328367233,0.9570677265593379,0.9870755507649989,False
5646,2569133.0,-0.13675154008274737,0.4341226554234216,0.8190678090034823,False
5647,2569260.0,-0.02407173568428636,0.8912712421333056,0.9715554662941385,False
5648,2569581.0,-0.17259959669813366,0.7150459710533471,0.9249186671165086,False
5649,2569632.0,-0.14300581180082428,0.762286336336477,0.9407410509601345,False
5650,2570061.0,0.11937321609939303,0.49648229104628544,0.8455039501887606,False
5651,2570126.0,-0.721512457039395,0.1312921668878028,0.5884135189011177,False
5652,2570161.0,-0.16387212691285724,0.7479021286765636,0.9360625908745066,False
5653,2570201.0,-0.1623307353644053,0.7311711945456923,0.9316102179259985,False
5654,2570601.0,-0.2033723336473614,0.7477694230439138,0.9360625908745066,False
5655,2570648.0,0.12563913970058646,0.7774593248028902,0.9457625566563057,False
5656,2570731.0,-0.37794584769257916,0.47807823273592787,0.836275241861246,False
5657,2572178.0,0.04125969505227772,0.8100388088841192,0.9562991422300517,False
5658,2572221.0,-0.14680264203858906,0.4685070617859409,0.832703257477337,False
5659,2572885.0,0.07805808790988888,0.6991496524098018,0.9184641748648673,False
5660,2572989.0,-1.006503274944889,0.13792105043127878,0.593337341151028,False
5661,2573516.0,0.06234835430120412,0.7205552425099376,0.9276253094910553,False
5662,2573944.0,-0.07437007673244901,0.6781526766950525,0.9095943785400711,False
5663,2574620.0,-0.14902200504609064,0.6804625528015232,0.9103868587663131,False
5664,2574851.0,0.6236025650880106,0.2224650106193068,0.679475996137472,False
5665,2575700.0,-0.7030653054827187,0.01184210025771698,0.2602145714524652,False
5666,2575809.0,0.0747673900256566,0.6561376132254372,0.9045432806149505,False
5667,2575948.0,-0.40586770066567646,0.18817014980786942,0.6520085300768195,False
5668,2576096.0,-0.1838116731409442,0.5568088981053697,0.8634137588696413,False
5669,2576522.0,0.06594666664076412,0.6802083120386306,0.9103868587663131,False
5670,2576615.0,-0.18170057102713072,0.7214755281704848,0.927948312245219,False
5671,2576982.0,0.02669935726613779,0.8687962668781789,0.9687799365357085,False
5672,2577938.0,-0.19155560910193742,0.707101816234568,0.9220480669292973,False
5673,2578727.0,0.652375462783011,0.19403806208658667,0.6599999637420225,False
5674,2579011.0,0.283900269260984,0.5359855273830053,0.8577515729942201,False
5675,2579401.0,0.2156945557050523,0.6350099381732187,0.8961347598634278,False
5676,2580107.0,0.780222845187712,0.152719374162286,0.6136508535657775,False
5677,2580352.0,-0.020860492272795628,0.9717188846626081,0.9904604178320151,False
5678,2580406.0,1.7666882511420086,0.0020340196055564116,0.13311946605479874,False
5679,2580889.0,0.08779635622501106,0.7877844671352555,0.9498033211865775,False
5680,2582308.0,0.11661774350179493,0.720650781661729,0.9276253094910553,False
5681,2582612.0,0.09764980261228662,0.579049068413292,0.870703599660289,False
5682,2583201.0,0.11999531193805668,0.7873561608955773,0.9498033211865775,False
5683,2583430.0,0.14373056738059545,0.41817439419971647,0.8106109254476999,False
5684,2583690.0,0.12010288088920226,0.4995562978346108,0.8463587634741259,False
5685,2584008.0,-0.5598265079634523,0.0690133525695086,0.48083436594481116,False
5686,2584096.0,0.050744330300229123,0.9403871551949308,0.982390576923577,False
5687,2584459.0,0.12405192963866887,0.4800853629775362,0.836275241861246,False
5688,2585255.0,0.05427763258504856,0.761409397812867,0.9405948348940966,False
5689,2585999.0,-0.0564297370474883,0.7428598193288446,0.9347100195681707,False
5690,2586538.0,-0.013018703688699104,0.9410624720658674,0.9826118828660052,False
5691,2586998.0,-0.21461016059613927,0.639159078070634,0.8980915756405882,False
5692,2587432.0,0.7183402508484615,0.04942404946853007,0.43042091837966207,False
5693,2587497.0,0.28963788654329614,0.5699289322408353,0.8683622515454004,False
5694,2588719.0,0.04100061454548092,0.8110660502603962,0.9562991422300517,False
5695,2589144.0,-0.6045986469460438,0.33729100454772215,0.7654806302248639,False
5696,2589366.0,0.5331357488395698,0.3950235389832883,0.7995488561744535,False
5697,2590133.0,-0.1640283823552804,0.3403826766033402,0.7675226328477894,False
5698,2590940.0,-0.9644238853466756,0.003531617108228395,0.15918296906420284,False
5699,2593007.0,-0.323348198216861,0.5034711818560145,0.8466583546161173,False
5700,2593775.0,0.48089554364147935,0.21813048249046477,0.6770911517578009,False
5701,2595870.0,-0.05511661946656829,0.8774990505272394,0.9713049919519247,False
5702,2597411.0,0.07330718966292543,0.6915634873210974,0.9160082553356573,False
5703,2597649.0,-0.10256450176273224,0.8801173669601071,0.9715282642945458,False
5704,2598154.0,-0.2878093022021808,0.523423602588706,0.8544906969178123,False
5705,2598366.0,-0.10021351856999589,0.5349499057116054,0.8576105784226076,False
5706,2599016.0,0.8744653131840021,0.012982439361710407,0.26445668863885335,False
5707,2600799.0,0.6713106700658366,0.23075672736216024,0.6887445254881807,False
5708,2602001.0,0.30682476404574144,0.4578984496745493,0.8286175133340294,False
5709,2602158.0,-0.12139827571943967,0.8583525414226398,0.9669817197107029,False
5710,2603490.0,-1.0101053151642163,0.057969946349079114,0.45051770430305504,False
5711,2603623.0,-0.19883887072357387,0.267926808369728,0.7178463268124581,False
5712,2604221.0,0.06243940537935612,0.8555211705123535,0.9662133610847459,False
5713,2604590.0,-0.04151233864539332,0.9053045961170684,0.9765741420034114,False
5714,2604668.0,0.5140512753254363,0.01387729228059908,0.27228523749476014,False
5715,2604704.0,-0.4851194649640702,0.4911573522529863,0.84146355093216,False
5716,2605814.0,-0.05491978676478104,0.9220896857529394,0.9798512045195563,False
5717,2605910.0,0.3475273886614577,0.581285006053924,0.8714446049177784,False
5718,2606571.0,-1.0520625491996665,0.0008716790976527035,0.09163680379650424,False
5719,2606986.0,0.1409771980986377,0.7513980900103081,0.9363989765673618,False
5720,2607692.0,-0.16104090917486077,0.6577207367390193,0.9047723479029344,False
5721,2607993.0,-0.09058911734624417,0.8067019849663621,0.9555108654153347,False
5722,2608812.0,-0.6641240866247953,0.06792828965037437,0.476331772709828,False
5723,2609355.0,0.27121411759303876,0.15174228298028633,0.6116459271262563,False
5724,2609512.0,0.2913981080489231,0.5081985035504014,0.8492966548932642,False
5725,2609565.0,-0.6331901093717734,0.14784124397100232,0.6066877814810029,False
5726,2609584.0,0.2993806227971926,0.6345507488901933,0.8959480201877014,False
5727,2610094.0,0.5433679966609335,0.011836909802155226,0.2602145714524652,False
5728,2610179.0,0.17976520494682724,0.6707387026216309,0.9078238198617231,False
5729,2611079.0,-0.5092408704920486,0.45340602522462575,0.827107336072722,False
5730,2612211.0,0.8389622817548468,0.0029662491744827458,0.1502138890437682,False
5731,2612594.0,0.006141507098334623,0.9844529806346658,0.9944652552312984,False
5732,2612813.0,-0.5173641526072658,0.4462359669106271,0.8232367525618602,False
5733,2612906.0,0.5190137939073298,0.41090650487803615,0.8068541448197881,False
5734,2613125.0,0.4927375690905537,0.25957033591608336,0.7122316278740778,False
5735,2613170.0,-0.005165643351097843,0.9871012473351092,0.9951689458365942,False
5736,2613565.0,0.6750399588828037,0.1732304751677383,0.6339908320788263,False
5737,2614023.0,0.5068794371750356,0.4219494011298387,0.8119882707974855,False
5738,2615013.0,0.0975976393126464,0.7632481398910396,0.9408424436199448,False
5739,2615110.0,-0.355147016875417,0.19359737178631467,0.6595990157379343,False
5740,2615942.0,0.16640072738711295,0.7025478608091138,0.919700558258916,False
5741,2616819.0,0.03694561247016514,0.9094400507538157,0.9779070580418693,False
5742,2617222.0,-0.04529531007511148,0.9073928209776843,0.977047408661179,False
5743,2617239.0,0.2113784087588998,0.27492987224253496,0.7245359949484624,False
5744,2617331.0,0.2324413653541758,0.6359235868135521,0.896499448045239,False
5745,2617891.0,0.3092119672594716,0.5385663553578941,0.858511186160994,False
5746,2618426.0,0.10818305767553155,0.7505077274399924,0.9361117074520717,False
5747,2618962.0,-0.11934629475331637,0.7262257905445819,0.9292022382127895,False
5748,2619482.0,0.11584636895859132,0.7335258325766407,0.932570795321512,False
5749,2619595.0,0.344580651579814,0.012375606645617852,0.26084895172462486,False
5750,2619895.0,0.12774881637156982,0.7074131235090513,0.9220480669292973,False
5751,2620810.0,-0.5121640678523404,0.054114592920532736,0.4438587342165712,False
5752,2621208.0,-0.12029885626211378,0.7237576508069613,0.9282345498935555,False
5753,2621634.0,-0.09486441601423631,0.7804433606644158,0.947512882229307,False
5754,2621673.0,-0.20366608243544237,0.15224244649883253,0.6127518564126166,False
5755,2621830.0,0.8758477840595211,0.011435021946043412,0.25614659722432875,False
5756,2622639.0,-0.2795021975801531,0.2503716060358294,0.7061380150136312,False
5757,2622816.0,0.01900480596065751,0.9422519528503217,0.9828967161707438,False
5758,2623412.0,-0.7046839611860389,0.016531605767137802,0.2922647892545291,False
5759,2623522.0,-0.46630741823155214,0.061379276278304695,0.45865039425263837,False
5760,2623757.0,-0.45103654137571025,0.07387236759372,0.4916202179950721,False
5761,2623869.0,0.3828816474164784,0.07506118299316993,0.4916202179950721,False
5762,2623911.0,-0.11496995296416579,0.7355344006702972,0.9328222876181086,False
5763,2624119.0,-1.362470031790625,0.030071637259083704,0.36163650120476953,False
5764,2624150.0,-0.10555691309292572,0.7565840677181274,0.938245136411182,False
5765,2624303.0,-0.306061723150983,0.16832250617603212,0.6304833694067732,False
5766,2624629.0,-0.41199234557572695,0.5137800070076498,0.8519831921888235,False
5767,2624815.0,0.16812222767264728,0.5649885682169403,0.8662222392876666,False
5768,2624821.0,-0.25346482999249587,0.2724842533220514,0.7218493405146111,False
5769,2625022.0,0.1381461431226827,0.3931835435696746,0.798803549588025,False
5770,2625168.0,-0.7062367775345232,0.20665422153760318,0.6697153128306306,False
5771,2625415.0,-0.8755779847341576,0.009980277977603749,0.2437835986771296,False
5772,2625499.0,0.8819607213425897,0.16051588036615416,0.621619650865003,False
5773,2625816.0,0.1926667565702308,0.23225682258920397,0.6904588490122399,False
5774,2625919.0,1.1929148908566733,0.0063873296307726465,0.20513154775750614,False
5775,2626125.0,0.17202974324241838,0.5554847272247363,0.8630424783768135,False
5776,2626242.0,0.16023447974166588,0.5836060804970841,0.8722351650551904,False
5777,2626420.0,-0.028819923392138402,0.9392524934920927,0.9820444824558531,False
5778,2626545.0,0.18991321105271694,0.5156076167290036,0.8523183003093502,False
5779,2627169.0,-0.05389322488148429,0.8444364571233297,0.9639619628816607,False
5780,2627368.0,0.08772081674574833,0.8344129076972534,0.9631595186148114,False
5781,2628012.0,0.19566939981093745,0.6632419940797268,0.9073242860276302,False
5782,2628052.0,0.06091728288593978,0.9088956141782275,0.9779070580418693,False
5783,2628400.0,1.1566017735478056,0.004139156112087623,0.1701914378663301,False
5784,2629307.0,0.4956771012378106,0.06044057263013068,0.45638891357197897,False
5785,2629974.0,0.19828492034505715,0.20670375655188214,0.6697153128306306,False
5786,2630121.0,0.16724781109156805,0.2882693637665463,0.7336391967546332,False
5787,2630166.0,0.43296460608478066,0.1011083390937611,0.5424143508276277,False
5788,2630353.0,0.26305550882449147,0.6983889107635922,0.918242687298788,False
5789,2630483.0,-0.8540467047814884,0.020023746855778846,0.31006814852992776,False
5790,2632751.0,0.03390059357547301,0.8043204895732369,0.9548227159139858,False
5791,2632761.0,0.028351000219319022,0.9668643466813261,0.9890097693323666,False
5792,2633053.0,0.15064466402496984,0.33665554334327036,0.7648934715606978,False
5793,2633157.0,-0.43994241161830944,0.48559953154501345,0.839442649938062,False
5794,2633590.0,-0.2932574576734995,0.05480990778104608,0.4438587342165712,False
5795,2633611.0,0.08104646967033247,0.7839887949916925,0.9490574740308712,False
5796,2633756.0,0.06683648927046859,0.7717642299266083,0.9430078707430797,False
5797,2634025.0,-0.13070472630047403,0.42349034904651217,0.8133064069190015,False
5798,2634076.0,-0.08733923987660243,0.8619145112954768,0.9674851365804226,False
5799,2634157.0,0.14441011960381941,0.7402250153138072,0.9338845352430704,False
5800,2634228.0,-0.3142650434766835,0.031827911475901395,0.3688794959055091,False
5801,2634789.0,0.08874981770877655,0.7037626302144523,0.9204696582752278,False
5802,2634971.0,0.15915163916440683,0.33647394595219715,0.7648934715606978,False
5803,2635098.0,0.06770313948575893,0.6800140191724886,0.9103868587663131,False
5804,2635107.0,-0.3867793969916272,0.1626862745120035,0.6231332074198298,False
5805,2636683.0,-1.0290617195274563,0.06592598435868248,0.47125534845525113,False
5806,2636875.0,0.06862080904061027,0.7439614837634257,0.9351206468564135,False
5807,2636889.0,0.7082363496194108,0.022391823541560895,0.32079006642166685,False
5808,2637543.0,0.807744140797902,0.006561506601411573,0.208180668601501,False
5809,2638028.0,0.10511394203343505,0.45982746171272165,0.8293861403966956,False
5810,2638486.0,-0.05702322341797736,0.9097265667441019,0.9779245278280081,False
5811,2639701.0,-0.02292714352036951,0.8994530203576276,0.9750103389437585,False
5812,2640821.0,-0.4208028703839267,0.5050139418887412,0.847807970801467,False
5813,2640888.0,-0.5256893899325322,0.3183980704836757,0.7541080014266067,False
5814,2641029.0,0.658955957534118,0.17850482853811803,0.6407977199596454,False
5815,2641224.0,0.42194604621179066,0.07935641333270332,0.5015972188326426,False
5816,2641346.0,0.15912358691314907,0.23542662234397513,0.6919999960855266,False
5817,2641944.0,0.13432415087043764,0.7233083873045998,0.9282345498935555,False
5818,2642037.0,0.13399658466276324,0.31249008806860323,0.7509504184551868,False
5819,2643422.0,0.08106556930678206,0.7447565493526366,0.9355350047944941,False
5820,2643504.0,-1.013297934899779,0.007938197276717561,0.22557364250986683,False
5821,2646802.0,0.7521076612004094,0.08474362919117678,0.5174821339025802,False
5822,2646953.0,-0.18441143709070384,0.17477317486121557,0.6357784226268415,False
5823,2647226.0,-0.6568777999669343,0.26007757134112813,0.7122316278740778,False
5824,2647248.0,-0.03777999742310388,0.8599800712308943,0.9673232388078283,False
5825,2647481.0,0.22925774344979116,0.26798592734439136,0.7178463268124581,False
5826,2648880.0,0.7880095059916248,0.06307869685563179,0.4615785429741604,False
5827,2648918.0,0.027989745572557845,0.8660184098398798,0.9675879210193268,False
5828,2649730.0,1.0784918643612984,0.08793948413019634,0.5200696605336262,False
5829,2650300.0,0.39603938470271627,0.32141934807249123,0.7565659242875616,False
5830,2650363.0,0.1936887138451927,0.692558406174933,0.9169071227014145,False
5831,2651883.0,-0.23924625109348868,0.2697972073340131,0.7190014144831173,False
5832,2654311.0,0.2674056092284398,0.2452991782664455,0.6995606337432736,False
5833,2654943.0,0.2914604510863497,0.1983626440617175,0.6631433635016765,False
5834,2655045.0,0.13149460660104975,0.43091123734658987,0.8167524849654676,False
5835,2655366.0,-0.05017474213276993,0.7580728850023692,0.9393208820699072,False
5836,2656746.0,-0.02349139871277947,0.9215097752486988,0.9797145555436103,False
5837,2658251.0,-0.18058810107881135,0.44064658403982804,0.8211086581010403,False
5838,2659456.0,0.16718945267947039,0.30420875135077496,0.7473051379464213,False
5839,2659585.0,-0.19974306261847646,0.13079199223458834,0.5876629963724822,False
5840,2660052.0,-0.10458571007676074,0.6661863472251158,0.9074404546460405,False
5841,2660599.0,0.26740005820129964,0.3421994723491827,0.7692528171572643,False
5842,2661803.0,-0.1325177402575872,0.4889188548993443,0.8411834771936298,False
5843,2663678.0,-0.10315397347164203,0.8372120027589849,0.9634460491893265,False
5844,2664364.0,0.697265343824207,0.13944440685436027,0.596637381318124,False
5845,2665040.0,0.14113126270258114,0.7216175429622211,0.927948312245219,False
5846,2665755.0,0.42193111994626953,0.3164179370542846,0.752394282767073,False
5847,2666045.0,-0.20885571388966317,0.383791031679025,0.7945501274377971,False
5848,2666063.0,0.7109286773630533,0.2618446885444219,0.7129506011661813,False
5849,2666424.0,-0.030902964902242758,0.8899340771085497,0.9715554662941385,False
5850,2667250.0,0.06701754798383804,0.7622214805794579,0.9407410509601345,False
5851,2667667.0,0.3515854869342652,0.4757896545580843,0.8354729860580213,False
5852,2668121.0,-1.6128917871214634,0.0009137709543434768,0.09184244175368926,False
5853,2668411.0,0.5386539573984023,0.22226142441038277,0.6792364194748606,False
5854,2668812.0,0.28875758209968827,0.5433759210768037,0.859994898288096,False
5855,2668847.0,0.06349552124892291,0.8967004734856392,0.973620419492611,False
5856,2668854.0,0.11390508120625481,0.5552304736065513,0.8630424783768135,False
5857,2669002.0,-0.14302625630457586,0.4459286311710183,0.8232367525618602,False
5858,2669033.0,0.06748932199163725,0.6638397085127878,0.9073242860276302,False
5859,2669092.0,0.13300677629301377,0.4749125091097572,0.8354729860580213,False
5860,2669700.0,0.09934996540140661,0.7691892359257008,0.9423153771200278,False
5861,2670664.0,-0.10857942039948495,0.5161024512131559,0.8523183003093502,False
5862,2671416.0,0.08039270005672505,0.6747679506784471,0.909321074121257,False
5863,2671655.0,0.5958169923244466,0.3795369948731867,0.7929237942010957,False
5864,2672186.0,-1.3528546790871094,0.007852180885504682,0.224303746084614,False
5865,2673071.0,0.07865876152727402,0.6538847505301345,0.9031746203475521,False
5866,2673844.0,0.08809226923142849,0.6126389039018172,0.8844520949400486,False
5867,2674427.0,-0.11192696254766159,0.5058419219335009,0.8483715367944823,False
5868,2674993.0,0.6303938485658422,0.25930227488178365,0.7122316278740778,False
5869,2675230.0,0.06725800450867785,0.6944507559604066,0.9172129010340102,False
5870,2675685.0,0.0744442563507096,0.6701383374767506,0.9078238198617231,False
5871,2676008.0,0.273972071828939,0.3161996199170435,0.752394282767073,False
5872,2676062.0,0.2848155884899082,0.5490730706422008,0.861556437479399,False
5873,2676163.0,0.24465789415974248,0.3709515661585477,0.7866141652090858,False
5874,2676478.0,0.4624591688863722,0.10971791865245012,0.5556502612494308,False
5875,2676773.0,-0.24937913332632647,0.3117644855227573,0.7502113700619665,False
5876,2677128.0,0.03343178703605031,0.8357671912325368,0.9634460491893265,False
5877,2677929.0,-0.06870553837936073,0.6710469699606467,0.9078238198617231,False
5878,2678049.0,0.5010515495253423,0.3691221757073859,0.7854972000203243,False
5879,2678050.0,0.13275913672795764,0.8125548912405267,0.9562991422300517,False
5880,2678472.0,0.027104748530398896,0.8638628955797769,0.9675879210193268,False
5881,2678602.0,0.3717550061732908,0.06446482097685408,0.46651042113583396,False
5882,2678708.0,-0.2795298223585417,0.23684770251719484,0.6933607904056499,False
5883,2679512.0,0.16368531892022542,0.3068633360219175,0.7487505601483324,False
5884,2679666.0,-0.15812739830887124,0.33253666019293526,0.7618284082437468,False
5885,2679691.0,0.10979717866606642,0.4932188047524601,0.8429995474079601,False
5886,2679711.0,0.01284320756462727,0.946723299819508,0.9838550078187603,False
5887,2679859.0,-0.14863704394936475,0.35613962221368617,0.7763661792220968,False
5888,2680432.0,-0.6413785863349214,0.3445568796127304,0.7707499487560887,False
5889,2680892.0,1.0681532904188933,0.09104282599473754,0.5251168311226758,False
5890,2680922.0,0.3682935878564887,0.3283526113700079,0.759576575611863,False
5891,2680923.0,-0.2699561931933516,0.2775421318334386,0.7270462346020906,False
5892,2681122.0,-0.14417326072652042,0.3823298540645013,0.793872464971652,False
5893,2681547.0,0.06291862428941142,0.8525717393314021,0.9657054455551027,False
5894,2682296.0,0.29098998549647476,0.5844545176437504,0.8727821968665445,False
5895,2682660.0,0.23116702600921515,0.5496439052706932,0.861556437479399,False
5896,2682735.0,0.4339171462677131,0.027753922493692195,0.35031259147561483,False
5897,2683410.0,-0.9907158060975326,0.00947503265529701,0.24200348111352718,False
5898,2684198.0,-0.6434712555152298,0.34310667463572697,0.7697365091508926,False
5899,2684327.0,0.8775695352990999,0.1625727165276875,0.6231332074198298,False
5900,2684398.0,0.19630425987954064,0.226545513004903,0.685608792974602,False
5901,2684673.0,0.252088149077221,0.6545262097283973,0.9035841290349423,False
5902,2685124.0,0.5526019670005474,0.2796412521904531,0.7281136465644923,False
5903,2685647.0,0.16076171725928748,0.2944787912875145,0.7365362586758677,False
5904,2685664.0,-0.17273822287560597,0.26022222570285636,0.7122316278740778,False
5905,2685972.0,0.5128733497832509,0.4162364021929608,0.8099375198722394,False
5906,2686100.0,0.09532818716788388,0.5190369033048181,0.8525582078680625,False
5907,2686267.0,-0.248755207531212,0.32485182299330456,0.7578479558547864,False
5908,2686549.0,-0.10373918839822227,0.5267411241611357,0.8548586987933043,False
5909,2686681.0,0.04476828585894219,0.7626404209126136,0.9408412057059236,False
5910,2686833.0,0.970474216658498,0.05766958227286006,0.45013779640416013,False
5911,2687218.0,-0.254505901850868,0.6459196768976841,0.8995107502078664,False
5912,2687374.0,0.19850570921326957,0.19653748684672606,0.6611138579861207,False
5913,2688221.0,-1.1223949997176728,0.05771921097753829,0.45013779640416013,False
5914,2688307.0,0.14274846975452898,0.35334682933228256,0.7749087055938343,False
5915,2688372.0,0.1504359931590949,0.3242029843112282,0.7578479558547864,False
5916,2688786.0,-0.2061000438643146,0.6691290878405486,0.9077811212642927,False
5917,2688808.0,0.05567334746076487,0.872471381144098,0.9698209846734026,False
5918,2689032.0,0.5381432245625932,0.12619723397305818,0.5803854050872019,False
5919,2689113.0,-0.17020587801302067,0.2635532651550195,0.7147294743071265,False
5920,2689158.0,0.13362271996348182,0.38247873858981796,0.793872464971652,False
5921,2689211.0,-0.16900549698806064,0.2716252771774101,0.7209244556972639,False
5922,2689773.0,-0.15706965213743407,0.31672445719942505,0.752394282767073,False
5923,2690396.0,0.9552100081138385,0.061435068930754136,0.45865039425263837,False
5924,2690908.0,0.12328341814459125,0.415434853268983,0.8096131655717793,False
5925,2691490.0,-0.20095240397195474,0.41736346254405254,0.8099428239619001,False
5926,2691857.0,0.023572604538820013,0.9010173106779067,0.975226134949514,False
5927,2692424.0,-0.2183287786372465,0.140864247806705,0.598882652248089,False
5928,2692642.0,-0.20242619118465607,0.17082589912662105,0.6330920240190213,False
5929,2692931.0,1.3549062227547246,0.0154237420302067,0.28291725016978597,False
5930,2693683.0,-0.10481127964585223,0.7332375858514482,0.9325461360488421,False
5931,2694014.0,0.6822010439892925,0.14814944205955935,0.6068536579458554,False
5932,2694135.0,0.04507483454283842,0.9299779504864392,0.980469186391243,False
5933,2694792.0,0.017299264744372142,0.9306846052013328,0.980469186391243,False
5934,2694879.0,-0.23632806674240736,0.2901266002089001,0.7345252294539043,False
5935,2695483.0,0.006868795417056414,0.9598073483782597,0.9873020343655967,False
5936,2695715.0,-0.06923232633865774,0.6355629191869855,0.8963278534201283,False
5937,2695731.0,-0.037316271752108526,0.9438058058583357,0.9831921763937949,False
5938,2696093.0,0.2209025404577702,0.7253441578744807,0.9290396263985237,False
5939,2697017.0,-0.10992813495540033,0.43831368897776685,0.8204682003541401,False
5940,2697270.0,0.11973435996340881,0.3917061389218868,0.7986420244171829,False
5941,2697570.0,1.042360132442401,0.03342584415812551,0.3752948321056626,False
5942,2698633.0,0.0028702500757496127,0.9835230157482985,0.9943981178966002,False
5943,2699368.0,1.007025523849603,0.03996220367889639,0.40091471435713527,False
5944,2699740.0,-0.0032051742132518865,0.9816076434823604,0.9939693069030805,False
5945,2699875.0,-1.014913804547222,0.038466422401868865,0.39413370253600943,False
5946,2701338.0,0.04549430722578851,0.9471288191928781,0.9838550078187603,False
5947,2702354.0,0.02059946182507165,0.9209123530864614,0.9795258369221345,False
5948,2704186.0,0.6034134247638876,0.21558817874907776,0.6761657556547931,False
5949,2705394.0,-0.5196982832974111,0.32333345617634585,0.7576711946449302,False
5950,2705836.0,-0.622553862775584,0.3232258429245488,0.7576369088633076,False
5951,2705986.0,0.2837857045732498,0.445988003514325,0.8232367525618602,False
5952,2706202.0,0.5206004166846043,0.4112689067975944,0.8068541448197881,False
5953,2706809.0,0.9994480028625417,0.041438218380483074,0.40633411067763664,False
5954,2707099.0,-0.6478674593637657,0.015785933779006375,0.28323357218365985,False
5955,2709440.0,-0.2551399399588228,0.35372628496695135,0.7752862471043848,False
5956,2709766.0,0.3268421632599466,0.40120295566991043,0.803368028739509,False
5957,2709791.0,0.31176079450745253,0.1940569877143093,0.6599999637420225,False
5958,2709834.0,-0.8590543360127371,0.015616024945960346,0.28291725016978597,False
5959,2709986.0,-1.5318864306118039,0.004529213976896006,0.1787804280698405,False
5960,2711016.0,0.29241858858145525,0.2244752722009374,0.6830533817467234,False
5961,2711314.0,-0.015601532949806568,0.9350639838563971,0.9809879530062575,False
5962,2712140.0,0.5033727985715095,0.4633474140579895,0.8299525085907634,False
5963,2712185.0,0.38490750911596106,0.31227465698229995,0.7508680924852384,False
5964,2713291.0,0.14111032533207912,0.8008997196928824,0.9537937249403728,False
5965,2713564.0,0.3694737828965054,0.2193113465211049,0.6770911517578009,False
5966,2713761.0,-0.15623438390932143,0.3394243571771065,0.7672743434313809,False
5967,2714145.0,0.09032265639260548,0.5120704416279892,0.8507344623315075,False
5968,2714510.0,0.10954929603080513,0.42643857283072134,0.8133064069190015,False
5969,2715726.0,0.326345280007452,0.5395668614480359,0.8588858678675815,False
5970,2715747.0,0.5128728862591388,0.261153811937878,0.7124465012781267,False
5971,2716760.0,-0.8969623613080872,0.07800481946332169,0.49834411394695494,False
5972,2717247.0,0.0177323119228006,0.8984873480156195,0.9749180490513344,False
5973,2717561.0,-0.20537546224113012,0.6636331636051715,0.9073242860276302,False
5974,2718503.0,-1.77195976741957,0.006609671499808952,0.208180668601501,False
5975,2719195.0,-0.43956675755248426,0.38374932544296847,0.7945501274377971,False
5976,2719383.0,-0.1912637895873264,0.26371519165114904,0.7147294743071265,False
5977,2719465.0,0.05292858046500834,0.886657750123624,0.9715554662941385,False
5978,2719754.0,0.2064410115230002,0.7060357581273413,0.9213409684500524,False
5979,2722103.0,0.43138605633700255,0.5210600088972733,0.8534942502761282,False
5980,2722131.0,-0.6272936758341991,0.2580978331653767,0.7122316278740778,False
5981,2723177.0,0.49890896702312837,0.030346592942858172,0.361830072835406,False
5982,2724002.0,-0.042277801808741154,0.914013033752058,0.9780768416185518,False
5983,2724759.0,-0.0006182898858276553,0.9963491183533,0.998096131388434,False
5984,2725211.0,-0.02183839752504392,0.8909170173579557,0.9715554662941385,False
5985,2725518.0,-0.21932639910109986,0.3014308144931805,0.7426419360409551,False
5986,2727604.0,0.5326896661351943,0.22741412228487862,0.6863868669512747,False
5987,2728169.0,0.05625769685400284,0.8603950226223178,0.9674618504041609,False
5988,2729414.0,0.5391368199906533,0.2224192419657578,0.679475996137472,False
5989,2729779.0,-0.031192361201295912,0.8391478603978026,0.9634460491893265,False
5990,2730055.0,0.5177098587778219,0.20971571528186939,0.6717455762185766,False
5991,2730269.0,0.9126977435789548,0.10320512843829954,0.5468780195969359,False
5992,2730296.0,0.03462080089577479,0.8234362440437126,0.9599051455556222,False
5993,2730992.0,-0.05252631172173533,0.7367103571449458,0.9329803613029483,False
5994,2731497.0,0.439733464212119,0.16327383801084286,0.6246418628177732,False
5995,2731875.0,0.05422437067569914,0.881746914190997,0.9715554662941385,False
5996,2732178.0,0.5114567974681086,0.21543074527472816,0.676002622601767,False
5997,2732501.0,0.7076756238496281,0.1816381402775638,0.6441300270215469,False
5998,2733706.0,0.021012893805130127,0.895303572020649,0.9731317579651948,False
5999,2734571.0,-1.7908994826930875,0.0060899737943939485,0.19911646246429612,False
6000,2735289.0,0.2145316200332516,0.40999121343713163,0.8067770875766275,False
6001,2735908.0,0.4699581148288259,0.11470801895227185,0.5656211101797148,False
6002,2736658.0,0.08160024539121362,0.8227610811691037,0.9599051455556222,False
6003,2736875.0,-0.06471120273546986,0.7807844214712464,0.9477149608711147,False
6004,2737514.0,-0.41283075141309455,0.4624811528067576,0.8299525085907634,False
6005,2737611.0,0.45480883602012495,0.14962924583906076,0.6083247873752656,False
6006,2737710.0,0.6565585974427787,0.24145417151397364,0.6959599128476325,False
6007,2737879.0,0.5677698450299842,0.18028919296219767,0.6419793146593732,False
6008,2737924.0,-0.39137943961534527,0.06585301442827475,0.47125534845525113,False
6009,2738052.0,0.20192511389689527,0.4110872066038781,0.8068541448197881,False
6010,2739346.0,0.20518618500201605,0.38621831391369627,0.7955896115495888,False
6011,2739841.0,-0.3876053143037679,0.0689125630689956,0.48059999964584454,False
6012,2739850.0,-0.19354676432112744,0.6881893063927955,0.9143811171008777,False
6013,2740509.0,0.6515630814013976,0.11386396017530631,0.564428364473765,False
6014,2740841.0,-0.09914584650974215,0.7259767635630817,0.9292022382127895,False
6015,2741060.0,-1.5657187583886112,0.003150659681033125,0.15282871150832347,False
6016,2741232.0,0.6569356712937967,0.11103191700404683,0.5584297938309538,False
6017,2742351.0,0.6597778243269922,0.10960829755544362,0.5556502612494308,False
6018,2742772.0,0.7436344223407628,0.12843470757456074,0.5843079424651537,False
6019,2742926.0,0.4590845325504195,0.3901044959601644,0.7974827579363871,False
6020,2743214.0,-1.3659902678616254,0.029623644497696448,0.3600948051763661,False
6021,2744282.0,0.300290996370855,0.20774482619677706,0.670553103885226,False
6022,2744419.0,0.3803507207897083,0.3697074468857424,0.7858158455702494,False
6023,2745245.0,1.6235309931840791,0.016496642324690496,0.2921224346403187,False
6024,2746107.0,-0.14447084006765362,0.5484176976890085,0.861556437479399,False
6025,2746292.0,-0.5788511787614407,0.15656624577197123,0.6180670042337578,False
6026,2746677.0,0.31415488644462447,0.24198686244703116,0.6964095043107547,False
6027,2746903.0,-0.5825831957776768,0.010281589138359939,0.24637229601964045,False
6028,2746978.0,0.41254986678017513,0.19712963476060236,0.6617395851783792,False
6029,2746983.0,-0.5090705322441167,0.05387894085831259,0.4438587342165712,False
6030,2747027.0,0.34709358751155517,0.2003107469923299,0.6661682471206314,False
6031,2747458.0,0.27783745119421543,0.305449045137615,0.7477783908364481,False
6032,2747717.0,-0.7048149303027691,0.06405745653250708,0.465424157068517,False
6033,2748077.0,0.29575730297510044,0.15698721588748749,0.618731418072971,False
6034,2748330.0,-0.271846793960215,0.19714605205089528,0.6617395851783792,False
6035,2748804.0,0.5344727009743278,0.09846476806216144,0.5373640661699881,False
6036,2749487.0,-0.26001002654467154,0.09662479655012117,0.5336549598728427,False
6037,2749536.0,-0.09971886029073923,0.45265700889737137,0.8267864431399908,False
6038,2749772.0,-0.4027617736030271,0.044986846762494884,0.41944992650514185,False
6039,2750728.0,0.34884203203188735,0.6069609270164401,0.8816026338418401,False
6040,2751733.0,-0.22686166561299698,0.6498747994662019,0.9009742780499534,False
6041,2751949.0,-0.6694827897418606,0.10123735373346603,0.5424143508276277,False
6042,2752545.0,0.3357360504232985,0.16702840524726006,0.628673141109226,False
6043,2752710.0,-0.35864397725452657,0.143876739479877,0.6042964419745382,False
6044,2755022.0,0.22294142593721036,0.6086423899099898,0.8823081437978606,False
6045,2755282.0,-0.46498704558485615,0.0056601621837585265,0.19095669328054907,False
6046,2755982.0,0.034167258263111504,0.9118687798801461,0.9780087403669322,False
6047,2756502.0,0.18256074822754637,0.2944095722792722,0.7365362586758677,False
6048,2756607.0,0.569728564673356,0.010764533944685713,0.25128820638615784,False
6049,2757291.0,-0.18011623077936462,0.21776102310219467,0.6770911517578009,False
6050,2757922.0,-0.08410401049606007,0.8144219963496787,0.9565904052215235,False
6051,2758043.0,0.2210376994398533,0.32115517127217874,0.7565659242875616,False
6052,2758166.0,-0.286878094853873,0.05961578603335468,0.45412586483653683,False
6053,2758507.0,1.4915105279933827,0.010902161365872774,0.25231921425166937,False
6054,2759384.0,0.20831420172153667,0.3523954813334403,0.7742173185987308,False
6055,2759739.0,0.7898661675504879,0.009184262580013874,0.23850519211973828,False
6056,2759815.0,0.2504960529109101,0.2570898355938489,0.7122316278740778,False
6057,2760668.0,0.31227620987044435,0.11249857648548603,0.5606850540633384,False
6058,2761256.0,0.3586826867434865,0.07563728446412346,0.4925271282891783,False
6059,2761312.0,0.36309279427919927,0.07364235521043416,0.4916202179950721,False
6060,2762110.0,-0.10530714900346007,0.7916289931268637,0.9514150539393013,False
6061,2762255.0,-0.20065666621239214,0.5173016059978138,0.8523183003093502,False
6062,2762637.0,0.255058035890739,0.24920790828029452,0.7042602942155929,False
6063,2763150.0,-0.4303004716402668,0.1439412507015769,0.6042964419745382,False
6064,2763707.0,0.3913139749689296,0.04730970499445751,0.4247591345526459,False
6065,2764121.0,-0.8523497072853196,0.1366960711282444,0.5919404392420824,False
6066,2764140.0,-0.10878978531674856,0.738761582196296,0.9335765787936011,False
6067,2764208.0,-0.6961919890802608,0.06773971137194908,0.47562391134702925,False
6068,2765413.0,-0.37325470459791477,0.3782241332881218,0.7924383259684544,False
6069,2766276.0,-0.34905101816276957,0.04788471379078505,0.42606007324537426,False
6070,2766617.0,-0.2141836023386639,0.5583824939744032,0.864239993810058,False
6071,2767111.0,-0.9947862382255463,0.06212458794347154,0.45993818632174055,False
6072,2767132.0,0.43831109308120486,0.17037616384128879,0.6327386388128744,False
6073,2767283.0,0.1247545314158979,0.722735849406962,0.9281001315583913,False
6074,2767528.0,0.11024770906822223,0.5280672982475867,0.8549098467528045,False
6075,2767901.0,-0.19854831538576895,0.20427546389798315,0.6688655682526893,False
6076,2769426.0,-0.2331784065420139,0.5235726959642953,0.8544906969178123,False
6077,2769665.0,-1.8007089679301544,0.01015272562539981,0.2449063036971443,False
6078,2770022.0,0.29170715138020575,0.35669148823477115,0.7768631831437481,False
6079,2771155.0,0.015140033634393285,0.9636750510409374,0.9881742160361477,False
6080,2771362.0,0.0762321025072275,0.6650565717814668,0.9073242860276302,False
6081,2771381.0,0.4656424062969464,0.45987978229749643,0.8293861403966956,False
6082,2771786.0,0.33497309170096146,0.28359637893375084,0.7313494943699443,False
6083,2772680.0,0.37464054070099195,0.23620322689136472,0.6929691967312875,False
6084,2773292.0,-0.37696978836217,0.5488728186559609,0.861556437479399,False
6085,2773327.0,0.8392633362531364,0.0050836219990682135,0.18429347185267225,False
6086,2773552.0,0.4646228880884039,0.005839719392147494,0.19444832515877622,False
6087,2773847.0,-0.4441766129305313,0.008719402595190783,0.233125899435458,False
6088,2773911.0,0.3114814065397268,0.32442595069283153,0.7578479558547864,False
6089,2774231.0,0.20173528736545282,0.26882634412936257,0.7189233716492315,False
6090,2774673.0,-0.005394569466476318,0.9864099332963521,0.9951689458365942,False
6091,2775025.0,-0.5203083034341527,0.08539430811510824,0.5191442983289968,False
6092,2775044.0,-0.14975862134402293,0.4659211991485792,0.8313055978274843,False
6093,2775414.0,0.26537799215488656,0.43595573561942924,0.8196881490807214,False
6094,2776391.0,-0.023090402665890585,0.8868858172772535,0.9715554662941385,False
6095,2776854.0,0.03935476526627448,0.8184048553911832,0.9578524183665305,False
6096,2777013.0,0.03093148646052258,0.8557508294305617,0.9662133610847459,False
6097,2777380.0,-0.2764593947974722,0.08931723771449579,0.5208992735599512,False
6098,2777416.0,0.5013972263706089,0.0538570177456168,0.4438587342165712,False
6099,2777755.0,0.4807309869185794,0.36620905344569193,0.7830369119752374,False
6100,2777870.0,-0.08345836835693457,0.6253173115010552,0.8901037853219457,False
6101,2777984.0,0.016634673464388898,0.958164595354163,0.9873020343655967,False
6102,2778588.0,-0.38638050700516846,0.05482445410587252,0.4438587342165712,False
6103,2779352.0,0.5762437123375921,0.3088555002236093,0.7495664647494701,False
6104,2780974.0,1.6253357698671396,0.009690656479840376,0.24216297347177232,False
6105,2781585.0,-0.04122992398789914,0.8083101278522806,0.9557959082610573,False
6106,2781610.0,-0.05020055011780269,0.7675814720990433,0.9416926853113828,False
6107,2782289.0,-0.289680630535341,0.13063053166146443,0.5876629963724822,False
6108,2782561.0,0.2099850783499923,0.15446282346073809,0.6142416843076545,False
6109,2782764.0,0.22235944548720693,0.12955405479718168,0.5867646275974028,False
6110,2783012.0,-0.152188892652368,0.6849414870801394,0.9124987533449819,False
6111,2783442.0,0.8316333259911549,0.10433295822588717,0.5482029444111168,False
6112,2784298.0,0.7721813025461495,0.2871741808814036,0.7336391967546332,False
6113,2784542.0,-0.3618134550472552,0.14400520557974883,0.6042964419745382,False
6114,2785635.0,-0.11595044941467135,0.7708802967344589,0.9427899639382522,False
6115,2785941.0,0.2983847879931635,0.04087879468006955,0.4035156388590901,False
6116,2786427.0,-0.15578297549334524,0.7170781551023796,0.9257710958178319,False
6117,2786857.0,-0.16663715575445284,0.5994797977415293,0.8781156191211636,False
6118,2786942.0,0.41729286012893796,0.040094895725200565,0.4012159312109191,False
6119,2787461.0,-0.37510554649963435,0.06290819416488827,0.46108605513832696,False
6120,2787776.0,0.2353272336483687,0.5104636631103904,0.8494685057585908,False
6121,2787844.0,-0.1309351002860009,0.6779838339816663,0.9095943785400711,False
6122,2788077.0,0.03593866484578849,0.8275696924464573,0.9603149641032632,False
6123,2788820.0,-0.6939512005239155,0.24059431114240035,0.6956982545153851,False
6124,2789918.0,0.5676699319760655,0.31608734818700274,0.752394282767073,False
6125,2790135.0,0.8340534557333362,0.10329991680393424,0.5468780195969359,False
6126,2790273.0,-0.3236256551098507,0.5848360056895662,0.8728080530408184,False
6127,2790645.0,0.1450805578137767,0.27717321034151854,0.7269183856625232,False
6128,2790828.0,0.35065895833447613,0.5058967257181652,0.8483715367944823,False
6129,2791969.0,0.05246151079933105,0.8826485802197624,0.9715554662941385,False
6130,2792338.0,0.12680741720570604,0.7184777961681883,0.9267499743799983,False
6131,2793935.0,-0.6170739059486585,0.021145310750077327,0.31690116749484026,False
6132,2795125.0,-0.7436882749240376,0.06592653350313314,0.47125534845525113,False
6133,2796268.0,1.2487910961887565,0.025320327681965793,0.33968094550462924,False
6134,2797836.0,0.3479845179500769,0.5596622005745983,0.8647876423113543,False
6135,2798915.0,0.6610852597553215,0.26529492349658085,0.7163622872028321,False
6136,2799416.0,0.6160190887904113,0.298843264948399,0.7413033914567805,False
6137,2799423.0,-0.07843431250253655,0.5711677125236797,0.8684576349724981,False
6138,2799439.0,-0.8267289943915352,0.14132483172147944,0.5991133811013387,False
6139,2799882.0,-0.6758380581617954,0.2529800601364381,0.7084776483854288,False
6140,2801011.0,-0.5061622488218516,0.28345665223580085,0.7313494943699443,False
6141,2801153.0,0.143627943731242,0.3931657848462184,0.798803549588025,False
6142,2801355.0,0.2539594574349614,0.5646413951030365,0.8660706999920109,False
6143,2802917.0,-0.0013794842721553957,0.9940237106792601,0.9977385067305702,False
6144,2803032.0,-0.15615112710804815,0.5028651826229729,0.8465933751828044,False
6145,2803675.0,0.002674767292549618,0.9935391340669273,0.9977385067305702,False
6146,2804080.0,0.2514242733344343,0.5680016413742371,0.8683622515454004,False
6147,2804111.0,0.1526243094483214,0.700195265649099,0.9188842278826768,False
6148,2804394.0,-0.9513166204530039,0.018323420670817304,0.30355434210359833,False
6149,2806059.0,-0.8009418108127851,0.2407754463064658,0.6958991428734941,False
6150,2806974.0,-1.008543327690597,0.02697353739333501,0.3488786074460197,False
6151,2807302.0,0.039528713728687624,0.8390597715681026,0.9634460491893265,False
6152,2808179.0,0.023994498815228443,0.8997400797051709,0.9750103389437585,False
6153,2809302.0,0.2111583502388264,0.6996528858227942,0.9187916858948016,False
6154,2810472.0,-0.09605149879802352,0.8710458705058922,0.9694661052334113,False
6155,2811129.0,0.15961883968703716,0.3368626981235735,0.7648934715606978,False
6156,2813025.0,0.12271851799423052,0.5365224380287709,0.8583373881302359,False
6157,2813848.0,0.8315338329689661,0.10437075922012685,0.5482029444111168,False
6158,2815284.0,0.1125808784352102,0.47721232693396043,0.8360458051756198,False
6159,2815566.0,0.0058861122215315,0.9855501991769786,0.9949982102076176,False
6160,2816732.0,0.19643552171152484,0.5826265312841774,0.871665473157432,False
6161,2816776.0,0.06745013843472203,0.5993681235162802,0.8781156191211636,False
6162,2817287.0,-0.827415946982372,0.14097069694598746,0.5989185578664163,False
6163,2817918.0,0.057064907311080985,0.6574683025148976,0.9047058974448053,False
6164,2817986.0,-0.21062034014953396,0.7203537123741806,0.9276253094910553,False
6165,2818811.0,0.16047128197459537,0.2975082229778784,0.739950180921741,False
6166,2818845.0,0.033276044216302904,0.7966089622420114,0.9519143862986607,False
6167,2819214.0,0.4714777217080206,0.4858103615001758,0.839442649938062,False
6168,2819246.0,0.09652427355646945,0.7770573759381108,0.9457290969624613,False
6169,2820358.0,0.02815151408958278,0.8336032072553328,0.9629147966038911,False
6170,2820538.0,-0.75095075329033,0.21861575481054346,0.6770911517578009,False
6171,2820610.0,0.007707291882505416,0.9537261238389142,0.9856895243522245,False
6172,2821335.0,0.17438312938587314,0.27553430138507634,0.725248506676771,False
6173,2821445.0,-0.505069530264338,0.4566110626390781,0.8280802773051409,False
6174,2821465.0,-0.281876269255563,0.12470202928371348,0.57823175048044,False
6175,2821795.0,0.749398392201025,0.20156556462365802,0.666846704538271,False
6176,2821930.0,-0.34472285394326824,0.370001099451656,0.7858158455702494,False
6177,2823802.0,0.8032038064698329,0.2682502506489843,0.7178463268124581,False
6178,2824637.0,-0.28739910427627624,0.4934405096395929,0.8432457072005323,False
6179,2824909.0,-0.14816302813960594,0.44577665433410296,0.8232367525618602,False
6180,2825330.0,0.339156394573624,0.49901628247387997,0.8463587634741259,False
6181,2825669.0,-0.2277045920520092,0.16380245182135497,0.6250485696386469,False
6182,2825729.0,0.037140626560061056,0.8081424451536404,0.9557959082610573,False
6183,2826171.0,-0.12704979090455323,0.5125970012582598,0.8509314036792185,False
6184,2826990.0,0.2515371227363499,0.14412733372500597,0.6042964419745382,False
6185,2827722.0,0.3308273698252661,0.509562373690617,0.8493441875876211,False
6186,2829356.0,0.341963564676402,0.49542853640821655,0.8451794377983955,False
6187,2829727.0,-0.37484329409076955,0.07578003579122677,0.4930475440580916,False
6188,2829831.0,0.19377888667791623,0.26446526567317763,0.7151894516398464,False
6189,2831286.0,-0.28334381350670856,0.5785432752296599,0.8706623114678993,False
6190,2831770.0,1.0261684180670796,0.02060591486093508,0.31327339750063066,False
6191,2832191.0,0.7358570001449083,0.21844288828721173,0.6770911517578009,False
6192,2832627.0,-0.003795102424348863,0.988372239244088,0.9960802763898037,False
6193,2833130.0,0.10830757857133606,0.47210856116552413,0.8343574447640342,False
6194,2833419.0,0.27188849096285567,0.40165414295706525,0.8033822962592488,False
6195,2834328.0,-1.0881676949466825,0.0672317813201316,0.4748217216851195,False
6196,2834797.0,-0.009827284267308625,0.9594620144694606,0.9873020343655967,False
6197,2836488.0,0.2229195806007921,0.7438461991764578,0.9351206468564135,False
6198,2837631.0,-0.25546167657205565,0.7075688988964576,0.9220480669292973,False
6199,2838076.0,0.055712679731994244,0.7617533167114106,0.940709016257379,False
6200,2839125.0,-0.1906500263854417,0.7622653772204725,0.9407410509601345,False
6201,2839147.0,0.278637692427689,0.5956147749799949,0.8761889663108612,False
6202,2839481.0,0.14179236188453362,0.4501172213223523,0.8253416279483335,False
6203,2839593.0,-0.08694625121892235,0.8979668880326156,0.9746455924001642,False
6204,2840215.0,-0.9257300090773516,0.04947510670289002,0.43042091837966207,False
6205,2840943.0,0.8461586751983449,0.09848345958875535,0.5373640661699881,False
6206,2841615.0,-0.18583783516637375,0.17619018615932824,0.6380578793347811,False
6207,2841853.0,0.3230016196305858,0.5195707482398891,0.8525582078680625,False
6208,2841946.0,0.1220500876433383,0.5117674011216016,0.8507344623315075,False
6209,2842654.0,0.014679113781762093,0.9215905413777803,0.9797145555436103,False
6210,2843877.0,0.04634646492034496,0.8933534126594161,0.9724565594182494,False
6211,2844567.0,-1.6119264269103595,0.0025855622903905844,0.14246841960502432,False
6212,2845664.0,-0.11075265656958719,0.5331255882494386,0.8576035569033383,False
6213,2845774.0,0.8873296793738021,0.11134957827279043,0.5588070606339066,False
6214,2846068.0,-0.09067316984123155,0.6092419929693995,0.8823081437978606,False
6215,2846189.0,0.12221259738352058,0.8032190277320976,0.9543395762452745,False
6216,2846242.0,-0.07165641203049927,0.6100873307151058,0.8825835455315175,False
6217,2847289.0,-0.13367960415962363,0.454702843320947,0.827107336072722,False
6218,2847909.0,0.7001975760236497,0.15291281616236443,0.6136508535657775,False
6219,2847929.0,0.5670375397808743,0.3131402305118181,0.7515227066561542,False
6220,2848042.0,-0.46924870211441816,0.28946745046567035,0.7344091722455246,False
6221,2848565.0,-0.12002251766199586,0.5016811185664453,0.8465933751828044,False
6222,2848668.0,0.5672647172863615,0.008472082079493482,0.2316963518106053,False
6223,2848722.0,0.8408246709168655,0.06655594206548303,0.47419498054226017,False
6224,2848759.0,0.005076616783252545,0.9828670736764451,0.9943981178966002,False
6225,2848875.0,0.8243438524219849,0.13940256997131603,0.596637381318124,False
6226,2848890.0,-0.07835604476491476,0.889029086877852,0.9715554662941385,False
6227,2849238.0,0.039632886836264106,0.8778722913394879,0.9713049919519247,False
6228,2849572.0,-0.31698972207859966,0.4107503789535044,0.8068541448197881,False
6229,2850321.0,1.332161437405471,0.017024918141671015,0.2969453992661493,False
6230,2850464.0,1.0391886702568705,0.019119711121739012,0.30747328033552146,False
6231,2851140.0,0.2547821116918567,0.43774115967023924,0.8199670654266474,False
6232,2851172.0,-0.005311165924091157,0.9752497746909894,0.9914577565214744,False
6233,2851299.0,-0.00806453952907929,0.9611113512914207,0.9877735010668786,False
6234,2851720.0,0.5173101117667189,0.2180043586039573,0.6770911517578009,False
6235,2851776.0,0.617541267764232,0.3615165937304056,0.7807337185922283,False
6236,2852645.0,0.17386445935230121,0.6947014281090177,0.9172129010340102,False
6237,2852993.0,-0.06782677683948313,0.7349250531939883,0.9327853690121147,False
6238,2853206.0,0.02351100493389266,0.9447741366949518,0.9835976794287143,False
6239,2853467.0,-0.12780668262056075,0.5244555922313546,0.8544906969178123,False
6240,2853484.0,0.09210492547012343,0.4799158324064893,0.836275241861246,False
6241,2853974.0,0.0477355118528399,0.7652615563032444,0.9411867429947561,False
6242,2853996.0,-0.09101529721428483,0.7459102978993708,0.9359445478785886,False
6243,2854255.0,-0.011858729564491414,0.9410400532646592,0.9826118828660052,False
6244,2854342.0,0.10808967232937375,0.825904211863309,0.9600317098043202,False
6245,2854401.0,-0.4085105090314275,0.192685024283453,0.6580056402996214,False
6246,2856045.0,0.6132586529144698,0.32881872365630394,0.7599674902519037,False
6247,2857258.0,-0.2418412704962477,0.2752876538136276,0.7247750381147047,False
6248,2857274.0,0.5647420977486233,0.31864412132367625,0.7542263272936123,False
6249,2857819.0,-0.1348868309304287,0.8202172370799278,0.9585327870551705,False
6250,2859018.0,0.04273466127258144,0.8536397738875665,0.9657054455551027,False
6251,2859613.0,0.15144679274775236,0.521385382263615,0.8535044443308197,False
6252,2859618.0,0.5713049719089517,0.12462378963767336,0.5781159130414292,False
6253,2859762.0,0.8401242647258831,0.008699592372197256,0.233125899435458,False
6254,2860736.0,0.5151699812565331,0.21535009156671756,0.676002622601767,False
6255,2860969.0,0.5663339897476939,0.12794259392075474,0.5830465394667476,False
6256,2861011.0,0.06209660154862234,0.8131771333544615,0.9562991422300517,False
6257,2861061.0,0.786225361623566,0.27879920922451507,0.7274885273755478,False
6258,2862638.0,-0.21952482671446563,0.270445211914746,0.7190014144831173,False
6259,2862648.0,0.5525990354231708,0.14513133470518072,0.60505354426495,False
6260,2864177.0,-0.604712448387389,0.23448457734723857,0.6905223727998842,False
6261,2864751.0,-1.3680044942117981,0.0070715851818936235,0.21397122608932356,False
6262,2864846.0,0.5558921812162217,0.2538157250990316,0.7090940443337742,False
6263,2866158.0,-0.31005574519543777,0.1418869500883868,0.5999933164041444,False
6264,2866406.0,-0.6588168627019506,0.058021870940211516,0.45051770430305504,False
6265,2867100.0,-0.30048819679459554,0.045943687922189134,0.42061368132535787,False
6266,2867731.0,-0.30216745126861433,0.14722537854904377,0.6064697797232529,False
6267,2867947.0,0.2020390428186237,0.7181218808119604,0.9265807438682133,False
6268,2868338.0,0.15809230822540538,0.7223848333904364,0.9280446008351533,False
6269,2868357.0,0.6924686358208461,0.1743412582488182,0.6351457866862356,False
6270,2868370.0,0.23134473364743763,0.6642863498040399,0.9073242860276302,False
6271,2869582.0,-0.14198627714336454,0.6014710050438729,0.8783377205232169,False
6272,2869910.0,-1.273139607725639,0.05989694155418003,0.4546162070931645,False
6273,2869941.0,-0.34380704044988786,0.09216286457528665,0.5278076663526566,False
6274,2870314.0,0.08581721503122025,0.5759251371052564,0.8695483369848913,False
6275,2870725.0,-0.14160261347399614,0.5550049293400395,0.8630424783768135,False
6276,2871027.0,-0.3319105431362804,0.45488998584561496,0.827107336072722,False
6277,2871296.0,0.2654620226617682,0.6958234056484546,0.9172196591263815,False
6278,2871520.0,-0.3090874472432335,0.13417385743775742,0.5913217812067733,False
6279,2871874.0,-0.26204773926571606,0.3278279587187633,0.759576575611863,False
6280,2871979.0,-0.26257832438889706,0.32824247401134365,0.759576575611863,False
6281,2872094.0,-0.2652018635271694,0.3226229408188474,0.7572951809172062,False
6282,2872262.0,-0.12770630889858525,0.7773908845125997,0.9457625566563057,False
6283,2872862.0,0.11620990969347592,0.39976555545978376,0.8028690780890388,False
6284,2872978.0,-0.47118842136975086,0.08042025513069043,0.505393697630348,False
6285,2873096.0,-0.05990996234102322,0.8910499876400424,0.9715554662941385,False
6286,2873960.0,0.5966284640909311,0.3794943460371026,0.7929237942010957,False
6287,2874918.0,0.2602751112427544,0.7014812884878179,0.9191081938598813,False
6288,2875677.0,-0.342617619645589,0.09182236137671836,0.5265355165051652,False
6289,2876037.0,0.25268922016744366,0.06319862235922309,0.4615785429741604,False
6290,2876354.0,-0.27230093971215275,0.6892487811024282,0.9145331278409556,False
6291,2876402.0,0.5790700683031726,0.1178472575660239,0.5717617792699213,False
6292,2876643.0,-0.6146327698736029,0.09495067028339653,0.5320330516165988,False
6293,2877304.0,-0.14631643571535952,0.2930519046912118,0.7361903321969692,False
6294,2878245.0,-0.22238540443180022,0.2186343283024361,0.6770911517578009,False
6295,2879721.0,-0.005076177442224314,0.9716888383967387,0.9904604178320151,False
6296,2879941.0,0.19504121736954708,0.16737944281201314,0.6291218323145439,False
6297,2880764.0,-0.4512661640863685,0.2129196736830143,0.6737196449899513,False
6298,2880980.0,0.3749874963720612,0.0436685565701699,0.41443018925325964,False
6299,2882298.0,0.0293738944288294,0.8359251432289068,0.9634460491893265,False
6300,2882376.0,0.07280270844736736,0.6094521378035693,0.8823355917584668,False
6301,2883218.0,-0.45519317045133284,0.021772544930494644,0.31791395046643944,False
6302,2884031.0,-0.6108360865465435,0.22995600493899862,0.688219584674064,False
6303,2884071.0,-0.14384381186325473,0.5736769836150798,0.8690105319995085,False
6304,2884283.0,0.22295736354153942,0.16931644259385886,0.6320254416631148,False
6305,2884507.0,0.045740099192620225,0.7558551453253632,0.9380139021958178,False
6306,2885244.0,-0.22103549546441248,0.21849579977910957,0.6770911517578009,False
6307,2885475.0,0.602257213459043,0.11085567853964694,0.5584297938309538,False
6308,2886546.0,-0.4352921229612273,0.027182092900817703,0.3488786074460197,False
6309,2886623.0,0.23301820540812407,0.15021836353819362,0.608474460506416,False
6310,2886729.0,0.5827546709701844,0.23340793967591522,0.6904588490122399,False
6311,2887321.0,0.15227536457918345,0.5022761918087105,0.8465933751828044,False
6312,2887648.0,-0.4861216534359353,0.014016165930078617,0.27266039476576537,False
6313,2887848.0,0.8254595158530311,0.0003075300738047802,0.05499224171915679,False
6314,2888515.0,1.0832839477498686,0.022965770684167542,0.32375771529433595,False
6315,2890888.0,0.19895944501183543,0.3823247265321847,0.793872464971652,False
6316,2891342.0,-0.35817614722624674,0.1871364323226803,0.6502451897767909,False
6317,2891522.0,-1.261456015404371,0.06228940623900228,0.45993818632174055,False
6318,2891958.0,-0.5942214484287951,0.24259776081334708,0.6975161043645361,False
6319,2892041.0,0.4191136034598065,0.0036174752422972033,0.16093317112760713,False
6320,2892314.0,-0.37910948299468816,0.008967392344304827,0.23691996084573444,False
6321,2892472.0,0.12616261535898293,0.7775205025887492,0.9457625566563057,False
6322,2892531.0,0.3474396651088326,0.5299603301544475,0.8565692947925146,False
6323,2893933.0,0.35810590376821405,0.013862829565527543,0.27228523749476014,False
6324,2894353.0,-0.3664177517324637,0.010744053864493026,0.25128820638615784,False
6325,2894392.0,-0.3245252745232077,0.024033304894070833,0.32898048502539584,False
6326,2894492.0,0.4437451532175165,0.30710798925655913,0.7487505601483324,False
6327,2894614.0,-0.6061715491253311,0.2337512537275682,0.6904588490122399,False
6328,2894989.0,-0.9265291626028678,0.09800186290527026,0.5364650639620315,False
6329,2895034.0,-0.03981996571609845,0.8471905382006188,0.9651233458813595,False
6330,2895625.0,-0.670217842619919,0.1861941146705881,0.6496272194048349,False
6331,2895747.0,0.4861076577608026,0.4110414604081964,0.8068541448197881,False
6332,2895950.0,-0.09718113519592783,0.8168874294186222,0.9569953569703018,False
6333,2896461.0,-0.22551527184128478,0.2918131815640693,0.7358825469356912,False
6334,2897277.0,-0.46198404383752323,0.11396299146255724,0.564428364473765,False
6335,2897358.0,0.3131722071503123,0.028609322215399757,0.3569588421243268,False
6336,2897813.0,-0.36754156438261837,0.01035911198846873,0.24659684349742994,False
6337,2898071.0,-0.3670656392532518,0.01064222477939132,0.25058861167091706,False
6338,2898165.0,0.41753787689268385,0.03330557460323693,0.3752948321056626,False
6339,2898269.0,-0.35027453872109326,0.014361989099348962,0.27441035839536965,False
6340,2898639.0,-0.05633594998582891,0.8174143222132584,0.95728044747275,False
6341,2899756.0,-0.22196443925715392,0.2601264854525543,0.7122316278740778,False
6342,2900015.0,-0.28922814217360004,0.24340728358291563,0.6976354542208155,False
6343,2900027.0,-0.3047832786378688,0.03510245601121012,0.37993156735967887,False
6344,2900568.0,-0.3262352057280413,0.2905620760271824,0.7345252294539043,False
6345,2901275.0,-0.2626337301891043,0.07284113989161774,0.4905028371733936,False
6346,2901441.0,0.4409131794672384,0.48390239297840393,0.8381494861043672,False
6347,2901694.0,1.3565079935618736,0.02154076226407348,0.31690116749484026,False
6348,2901985.0,-0.0010066574995927155,0.9983632506204242,0.9990074746943864,False
6349,2902126.0,0.6138512791589248,0.002931438649929664,0.1502138890437682,False
6350,2902746.0,0.6230270303909783,0.002492037744552711,0.14246841960502432,False
6351,2902764.0,-0.31154227528322764,0.03377627634892075,0.3769730398090317,False
6352,2903901.0,-0.04708084693215947,0.9173335960054089,0.9788129094519167,False
6353,2903920.0,-0.2500691511073917,0.7122663381924599,0.9239544814865143,False
6354,2903959.0,-0.42117422706988317,0.002886111255344018,0.1502138890437682,False
6355,2905332.0,-0.6879979102085184,0.310321367038055,0.7497303448026011,False
6356,2905848.0,0.26690601707563916,0.33256062864970787,0.7618284082437468,False
6357,2905893.0,0.291566602408875,0.34719885897842273,0.7723040193054874,False
6358,2906247.0,0.6926046650686867,0.0007481756603298857,0.08541625386735203,False
6359,2906267.0,0.45170965984298883,0.001275254287993563,0.1064837330474625,False
6360,2906643.0,-0.41735760206095457,0.0022089863499027305,0.1382187713086496,False
6361,2907091.0,0.5299841090171754,0.3702311088426498,0.7858158455702494,False
6362,2907163.0,-1.1641846681195538,0.02052386666579073,0.31327339750063066,False
6363,2907184.0,-0.43365044659887403,0.41533405076491386,0.8096131655717793,False
6364,2907386.0,-0.527460368633349,0.40076328876171785,0.8028690780890388,False
6365,2907977.0,-0.8044448284818215,0.04312893532138422,0.4133071159990178,False
6366,2908514.0,-0.985673904540714,0.06378788842127635,0.4645382062512069,False
6367,2908926.0,0.12129080834559694,0.42466441261164467,0.8133064069190015,False
6368,2909072.0,-0.2274267897356031,0.6839183232740811,0.9119708047766516,False
6369,2909285.0,-0.13439059681931972,0.3774415672006875,0.7924383259684544,False
6370,2909895.0,0.08491392242500789,0.8436379511092591,0.9637209480841885,False
6371,2910442.0,-0.4559936538942472,0.44013622998174107,0.8211086581010403,False
6372,2911143.0,-0.2982772075739053,0.19023808325069205,0.6542282527963084,False
6373,2911926.0,0.16430466263232138,0.2427868792280197,0.6976354542208155,False
6374,2912642.0,-0.030060857733704455,0.9530050951104757,0.9856895243522245,False
6375,2912943.0,-1.0639981329944046,0.01793383059299013,0.30355434210359833,False
6376,2915791.0,-0.3066307557779545,0.04192914655254726,0.40756744600374323,False
6377,2916624.0,-0.30649212942315196,0.21116369091873846,0.6724051529089434,False
6378,2916685.0,-1.3712458857643277,0.013896455234647363,0.27228523749476014,False
6379,2916757.0,-0.5705359887543533,0.03270991265909452,0.3717095996782265,False
6380,2917306.0,-0.8853499599753962,0.11236827538438701,0.5606850540633384,False
6381,2918252.0,-1.7280932621742928,0.0012523556394717467,0.10538232919740939,False
6382,2918676.0,0.6436201675115545,0.005664054708850877,0.19095669328054907,False
6383,2919044.0,-0.4642333272499176,0.3626214809649115,0.7811564059655686,False
6384,2919245.0,-0.22010985604105032,0.6935873341796575,0.9172129010340102,False
6385,2920321.0,-0.48508285763707404,0.2734901084768532,0.7228476083555494,False
6386,2920674.0,-0.24071583138709712,0.15146814205140355,0.610767712469534,False
6387,2920854.0,-0.2593162121947472,0.12039802359203122,0.5737187286540817,False
6388,2921083.0,0.18036540732523176,0.20122830165177535,0.666620536053159,False
6389,2921970.0,0.23394577078509476,0.1474590086506421,0.6066683759808286,False
6390,2922553.0,-0.060733385009291374,0.7995971401561931,0.9532813790659501,False
6391,2922571.0,-0.424108971654408,0.42504684061552045,0.8133064069190015,False
6392,2923015.0,-0.9231988724271349,0.050267004367140336,0.4337427125638381,False
6393,2923548.0,0.11667627370840299,0.4764220482638985,0.835995603084639,False
6394,2923637.0,0.056971686875909616,0.8419745991407749,0.9634460491893265,False
6395,2923661.0,0.48665976062599636,0.4104743626514273,0.8068541448197881,False
6396,2924182.0,-0.16426443069178776,0.43735119234621617,0.8199670654266474,False
6397,2924272.0,-0.4397612685291996,0.2321849595655485,0.6904588490122399,False
6398,2924589.0,-0.03630771439284375,0.9389902952322173,0.9820301397324517,False
6399,2926320.0,0.05681155093421163,0.6908489708858709,0.9155923783105822,False
6400,2926684.0,-0.5465567650921456,0.4377438179776528,0.8199670654266474,False
6401,2928198.0,-0.005451949484549148,0.9694281385447897,0.990040685285887,False
6402,2928596.0,-0.41340214468354464,0.436789407548708,0.8196881490807214,False
6403,2928747.0,0.48937531572759113,0.35489613387953495,0.7761545531572818,False
6404,2929674.0,0.551835450968176,0.058063037155225615,0.45051770430305504,False
6405,2930940.0,-0.3948263333186738,0.45784523826958823,0.8286175133340294,False
6406,2930968.0,0.04363743211264631,0.7631176480926228,0.9408424436199448,False
6407,2932542.0,-0.31755497666578164,0.17102320293625745,0.6330956877153683,False
6408,2932796.0,0.4692561093983806,0.1053089281067013,0.5492485266959355,False
6409,2932987.0,0.5158751732558932,0.3831699093887288,0.7942160333043061,False
6410,2933210.0,-0.23918218755779222,0.21367639069789157,0.6744568831130018,False
6411,2933278.0,0.50592015216841,0.3922992880127074,0.7987370337016471,False
6412,2933550.0,0.21898241354980408,0.36576480988311383,0.7830369119752374,False
6413,2933996.0,-0.3047965319826911,0.11945060398865807,0.5737187286540817,False
6414,2934765.0,0.3463107547169223,0.4482913717389007,0.8249199593534102,False
6415,2934874.0,-0.7595206404581695,0.02766160324075077,0.3500732242265052,False
6416,2935028.0,0.24985098624978208,0.2942378295211347,0.7365362586758677,False
6417,2936046.0,-0.15909376467489628,0.5636632561367062,0.8658398989578535,False
6418,2936876.0,-0.4535994278544463,0.04734763268620005,0.4247591345526459,False
6419,2937534.0,0.1500162316549819,0.3364335556249913,0.7648934715606978,False
6420,2937631.0,-0.7285042314896426,0.28571750275051505,0.7325138149165897,False
6421,2938088.0,-0.8833599169447598,0.07916464913878053,0.501253309032878,False
6422,2938243.0,0.11556164418178826,0.8137414208016879,0.956487614813462,False
6423,2938862.0,-0.27374339720386615,0.20231857221689686,0.6669182094059218,False
6424,2939259.0,0.29480034997907006,0.3943007994983969,0.7991807636586509,False
6425,2940253.0,-0.2967226622941467,0.16758854309638882,0.6294718461284777,False
6426,2940770.0,-0.33204144366784955,0.13500026712368818,0.5913217812067733,False
6427,2940820.0,1.110795302202413,0.07718133145996992,0.49603514091058226,False
6428,2940892.0,-0.634952314519254,0.18327333939440513,0.6448726415320155,False
6429,2941290.0,-0.2191434829096763,0.31412119230122565,0.752394282767073,False
6430,2941445.0,0.8636352733930247,0.1720357597057774,0.6334101947359447,False
6431,2942752.0,-0.024728092410870317,0.9322572251167612,0.9807789952644692,False
6432,2943075.0,0.38832160606316046,0.4219428261139727,0.8119882707974855,False
6433,2943982.0,0.25972810203815266,0.08007789386342833,0.5039104567463852,False
6434,2944042.0,-0.16859970046187622,0.37320941365263854,0.7889363554429194,False
6435,2944076.0,1.1909451839754364,0.07821928233434167,0.4985732881616434,False
6436,2944987.0,-0.3096023431708071,0.5823815125201143,0.871665473157432,False
6437,2945001.0,-0.13419697831497057,0.5475970950212463,0.8614159882464039,False
6438,2946188.0,-0.18608922359884597,0.39026996233691524,0.7975113782317799,False
6439,2946542.0,-0.9790837947189042,0.06550906794362645,0.47092776988613577,False
6440,2946713.0,-0.2670638530037947,0.23666694100740343,0.693205516631237,False
6441,2946726.0,-0.0584136733245757,0.8244116499995487,0.9599402379636844,False
6442,2947376.0,-0.007922946357288019,0.9732569113430832,0.9913393799971069,False
6443,2947633.0,-0.801924017738826,0.13647764350593544,0.5918756772900237,False
6444,2947851.0,0.2084614191506796,0.1687623625535562,0.631259629744608,False
6445,2948095.0,-0.0014029839754823026,0.9952253422107304,0.9978514955244303,False
6446,2949047.0,-0.006489754873371657,0.9635493103226906,0.9881742160361477,False
6447,2949064.0,-0.1718771674914958,0.420230261054151,0.8115281059852001,False
6448,2949269.0,-1.6294706850813263,0.007287863369909073,0.217161913335459,False
6449,2949684.0,0.24474258721792447,0.6802013331243543,0.9103868587663131,False
6450,2949727.0,-0.1423601149222405,0.4545539416868752,0.827107336072722,False
6451,2949797.0,-0.16615836187476982,0.8063215254243404,0.9555107088868224,False
6452,2950288.0,-0.19301669000122687,0.37180258443765446,0.7871929425979974,False
6453,2950926.0,2.1301823740077825,0.00025303670179174456,0.05086506292498865,False
6454,2951084.0,-0.18473382057100962,0.3973712876260117,0.8010149168394349,False
6455,2951366.0,-0.021406017618782858,0.9563096198663766,0.987073362494607,False
6456,2951458.0,0.21497886860437243,0.6864877602920048,0.9134101976550412,False
6457,2951574.0,-0.12267837243585239,0.5505022729259959,0.861556437479399,False
6458,2953401.0,-0.13321036606348566,0.38377140563091994,0.7945501274377971,False
6459,2954511.0,-0.2535589308061987,0.24417136424088112,0.698341125592551,False
6460,2954946.0,0.0545702535419818,0.8177157939483685,0.9574515924709451,False
6461,2955045.0,0.16254014901554592,0.2879334871450231,0.7336391967546332,False
6462,2955402.0,-0.27851531897361886,0.19706400933805585,0.6617395851783792,False
6463,2955747.0,-0.23865275343218365,0.26940553934358386,0.7190014144831173,False
6464,2956301.0,0.19785255577336502,0.21346619104843176,0.6739893844766512,False
6465,2956406.0,-0.06456977482044834,0.7666277677825443,0.9414445916982388,False
6466,2957126.0,-0.20792342130345587,0.33387669210829174,0.7628355068060423,False
6467,2957212.0,0.5668939203767877,0.2744461569644722,0.7239642852610805,False
6468,2957992.0,0.05664523098379398,0.8453587741669947,0.9643095306413123,False
6469,2958078.0,-0.7066556895965377,0.30052283400188806,0.7426419360409551,False
6470,2958172.0,0.027214962418009372,0.8864938181468919,0.9715554662941385,False
6471,2958232.0,0.22380369931434552,0.577743952823797,0.8700389137196753,False
6472,2958267.0,-0.23990642290911776,0.265147490196783,0.7161423254755113,False
6473,2958641.0,-0.07939724730407823,0.6104107883083342,0.8826440798037788,False
6474,2958672.0,0.07292016416169045,0.6483526400689988,0.900882603263824,False
6475,2960401.0,0.19154707706649032,0.1721646075885737,0.6334101947359447,False
6476,2960699.0,0.536029548743313,0.28292525219674225,0.7312806387834037,False
6477,2960842.0,0.19674339130490742,0.15997477124416076,0.6204968918736582,False
6478,2960885.0,0.08028219893777466,0.7797863280544834,0.9469270154414832,False
6479,2961253.0,-0.14216459024203648,0.5348613837979123,0.8576105784226076,False
6480,2961270.0,-0.1698855829905625,0.6569861271005754,0.9047058974448053,False
6481,2961695.0,0.05474562063173509,0.9307952650760194,0.980469186391243,False
6482,2961802.0,0.1769492542057623,0.6280885194422822,0.8920925909223035,False
6483,2962904.0,0.11870668594048028,0.7197512646598792,0.9271457095224713,False
6484,2963065.0,0.21896126304647287,0.6615563443413811,0.9068263660380445,False
6485,2963319.0,-0.050503337552803645,0.8491359134127364,0.9651890482210258,False
6486,2964021.0,-0.03626597385808206,0.789906297404041,0.9508395127205376,False
6487,2964202.0,0.08811391561720797,0.6978422001481183,0.9180098543153365,False
6488,2964734.0,0.1525274211316009,0.6760235942623244,0.909321074121257,False
6489,2965034.0,0.14253967401553447,0.3050809663956603,0.7477204538778263,False
6490,2965531.0,-0.16281831939121122,0.24777195715084785,0.7020528830259601,False
6491,2967034.0,-0.4622290393273454,0.06742241081748632,0.4753271922926055,False
6492,2967353.0,0.13862939044930978,0.7861185548593387,0.9497292056759178,False
6493,2967763.0,0.45345046773199216,0.11746636267126875,0.5707006171565806,False
6494,2968043.0,0.6638366488348778,0.291879738090095,0.7358825469356912,False
6495,2968829.0,0.576086449357196,0.005643008592601264,0.19095669328054907,False
6496,2969255.0,-0.002620803574460262,0.9876691403114528,0.9956035955700469,False
6497,2969267.0,-0.16382892613300995,0.6956608869407386,0.9172196591263815,False
6498,2969711.0,0.6876788039102695,0.17080759810593785,0.6330920240190213,False
6499,2969834.0,-0.6799828192748494,0.24978376871670693,0.7050969799049018,False
6500,2969930.0,0.18212419656390477,0.21818609404338174,0.6770911517578009,False
6501,2970626.0,1.0651538059696788,0.05720883016426445,0.45013779640416013,False
6502,2972468.0,-0.5683932881927802,0.0014870029713161493,0.1144781365506156,False
6503,2972752.0,-0.6992612214216638,0.1898988040101751,0.6539820804347876,False
6504,2972897.0,0.6431062086159678,0.3076573665159333,0.7489210296021528,False
6505,2973098.0,0.629364984801484,0.31790717983673294,0.7537502775492921,False
6506,2973563.0,0.6765492392406126,0.28285341947023784,0.7312806387834037,False
6507,2973934.0,-0.19719539893966898,0.6190311761413005,0.8866130250876681,False
6508,2975408.0,-1.203211631280266,0.07543839262562713,0.4918220732439534,False
6509,2975920.0,-0.02033152635957297,0.9710267625096042,0.9902128268977735,False
6510,2976392.0,0.11826667173717512,0.841934058373419,0.9634460491893265,False
6511,2977309.0,-0.2077640941863902,0.39536790875994404,0.7997984811012286,False
6512,2977765.0,0.059469807149287165,0.71282943603932,0.9242431352373172,False
6513,2977847.0,-0.020279384064702533,0.9015170079828657,0.975475191552433,False
6514,2978084.0,0.1431445866861384,0.5022407333309186,0.8465933751828044,False
6515,2978595.0,-0.6657819740623386,0.2602074092487987,0.7122316278740778,False
6516,2979009.0,0.14152716616619831,0.2942758458483913,0.7365362586758677,False
6517,2979219.0,-0.5809381217134695,0.35708885379029665,0.7770817869465098,False
6518,2979478.0,-0.6735367814324437,0.2541975547018745,0.7095177311105291,False
6519,2979789.0,-1.3754955106889488,0.013580775489690779,0.27145485172216627,False
6520,2980041.0,0.07445051149886092,0.6073355561125721,0.8818388792940034,False
6521,2981113.0,-0.005281745337644771,0.9865904426607516,0.9951689458365942,False
6522,2982133.0,0.7025327068057308,0.1617065830210752,0.6228974303384568,False
6523,2982637.0,0.1417071915065743,0.4830387603194858,0.8375570922781171,False
6524,2983034.0,1.1734364165524618,0.04663812368235102,0.42379780469043915,False
6525,2983339.0,0.28437765367544615,0.14724238616771282,0.6064697797232529,False
6526,2983500.0,-0.02086316733994248,0.9754564676846224,0.9914577565214744,False
6527,2983657.0,1.1730925317608656,0.046704654743110446,0.42379780469043915,False
6528,2983707.0,-0.0674117432970308,0.6181769331200871,0.8860040089658675,False
6529,2983900.0,-0.1292731743768825,0.624243715195252,0.8896815711292267,False
6530,2984086.0,-1.3748277309719068,0.013591025785558845,0.27145485172216627,False
6531,2984557.0,-0.293754790133677,0.07216165165807073,0.48825653084730625,False
6532,2984808.0,-0.45558756063345396,0.3926940074132541,0.7987370337016471,False
6533,2985122.0,0.12187004471372405,0.5445051706387526,0.8604720268018781,False
6534,2985574.0,0.05869039990087063,0.7213755886733516,0.927948312245219,False
6535,2986809.0,-0.35719015497693046,0.5705328171495038,0.8683622515454004,False
6536,2987145.0,-0.3556125984695489,0.26410705555269276,0.7151115210836817,False
6537,2987238.0,0.45742553604898384,0.028292941125622487,0.3542328441968075,False
6538,2988618.0,-0.5160459321999894,0.35741367507485095,0.7771885903320327,False
6539,2988826.0,-0.42427074560662426,0.17865521226986242,0.6410916790708616,False
6540,2989574.0,-1.1018895841395133,0.011431495536793363,0.25614659722432875,False
6541,2990019.0,-0.3409974244070846,0.18836807429005906,0.6520085300768195,False
6542,2990411.0,0.02010099176062439,0.9490695935294124,0.984720936509441,False
6543,2991118.0,0.3396598657231695,0.48233473170465646,0.8375570922781171,False
6544,2991603.0,-0.2996666664808278,0.4536504043386926,0.827107336072722,False
6545,2992412.0,0.25000856093847507,0.3369618222941738,0.7648934715606978,False
6546,2992650.0,-0.46012358613965354,0.14401319301028898,0.6042964419745382,False
6547,2992683.0,0.32782512608258474,0.07447159463171978,0.4916202179950721,False
6548,2992770.0,-0.046337663713667765,0.8801646780942819,0.9715282642945458,False
6549,2993203.0,-0.86251224004677,0.05109181674836946,0.43600760283297996,False
6550,2993454.0,-0.1595185207653137,0.47393494588596385,0.8354277099045369,False
6551,2993641.0,0.031050754386402257,0.9294744159086905,0.980469186391243,False
6552,2994778.0,-0.37668352483727346,0.5497907507673915,0.861556437479399,False
6553,2995342.0,0.2786878250768942,0.11305328368208582,0.5621591362203581,False
6554,2995683.0,-0.23241255847883274,0.28852194665550707,0.7336391967546332,False
6555,2996766.0,-0.34214755440298095,0.5867401688958269,0.8728332922247775,False
6556,2998031.0,-0.33770429289276227,0.5432506780713199,0.859994898288096,False
6557,2998327.0,-0.6264472905803615,0.2972811422011095,0.739950180921741,False
6558,2998518.0,-0.24674255299248743,0.25925907627549594,0.7122316278740778,False
6559,2998787.0,-0.22916448026251493,0.29679041467181755,0.7392519392525424,False
6560,2999033.0,-0.12545457627652307,0.6869236000410679,0.9136816172583988,False
6561,2999842.0,-0.19349539025135676,0.1831412738704757,0.6448726415320155,False
6562,3000329.0,0.3619822862000639,0.01316553605716959,0.26712503532817927,False
6563,3001050.0,-0.2323200133047113,0.1479973198480898,0.6066884089694164,False
6564,3001262.0,0.4112723196091625,0.038301009867891506,0.3933372394663787,False
6565,3002199.0,-0.3588324222246202,0.3589373509140241,0.7794088706084681,False
6566,3002386.0,0.005277697842354559,0.9863418845809809,0.9951689458365942,False
6567,3002403.0,0.09804376142867804,0.8413775563258665,0.9634460491893265,False
6568,3002441.0,-0.24929721158502766,0.42647075708732896,0.8133064069190015,False
6569,3002479.0,-0.1510751525602262,0.4571032720505948,0.8283136890808609,False
6570,3003212.0,-0.08978187481727196,0.5868222093321075,0.8728357196903297,False
6571,3004764.0,0.016738847193334072,0.9195275537232953,0.9792476793550839,False
6572,3004918.0,-0.07586792880211013,0.6460127482834789,0.8995107502078664,False
6573,3005893.0,0.0859562801773443,0.6979242551948401,0.9180098543153365,False
6574,3005919.0,0.18252129829640362,0.20886757321523228,0.6717455762185766,False
6575,3006063.0,0.04739562926926674,0.8540042792612235,0.9657054455551027,False
6576,3006271.0,-0.3746963896957649,0.0587805337384581,0.4529283194682744,False
6577,3006393.0,0.18250184865762092,0.32270903488059893,0.7572951809172062,False
6578,3006424.0,-0.6024950428849531,0.13186205252290167,0.5887957960247213,False
6579,3007003.0,-0.4956609382948448,0.2102774606352452,0.6719345997043235,False
6580,3007726.0,-0.04909916552529536,0.9235941732549034,0.9800190865591428,False
6581,3007775.0,0.20080110270290305,0.1957145094051631,0.6604255264025536,False
6582,3007884.0,-0.08134773932611028,0.8738221908849573,0.9703624952489408,False
6583,3008400.0,0.03690293155714272,0.9277157127402176,0.980469186391243,False
6584,3008427.0,0.5883214133819397,0.07076337521032515,0.4852390318224484,False
6585,3009078.0,0.055085399954091806,0.7422739127901042,0.93454149631912,False
6586,3009220.0,0.23001959274754263,0.09463888774243139,0.5311815545212475,False
6587,3009401.0,-0.39192705925954446,0.5640896062521209,0.8660458905485552,False
6588,3010149.0,-0.48940467555711914,0.2018476664671878,0.666846704538271,False
6589,3010588.0,0.12121515891295132,0.5806854451499186,0.8714113392373765,False
6590,3010858.0,0.08530856897657571,0.7012840879274166,0.9191081938598813,False
6591,3012418.0,0.2584778554148277,0.18322420173823176,0.6448726415320155,False
6592,3012618.0,0.06025258169484519,0.6992963730636487,0.9185457562446644,False
6593,3013026.0,-0.11816758439407565,0.8339042298345423,0.9629819590270166,False
6594,3014558.0,0.26696056683752434,0.2020845528118074,0.6669182094059218,False
6595,3014766.0,0.05637215477039618,0.7154915964654424,0.9251885197858052,False
6596,3015182.0,0.9720629688547827,0.15134977774340272,0.6105172193997163,False
6597,3015208.0,-0.7577589611824775,0.10810468639715336,0.5527222026157121,False
6598,3015638.0,-0.35693497207566705,0.26902534662293,0.7190014144831173,False
6599,3015953.0,-0.07922843595977254,0.6801129274167,0.9103868587663131,False
6600,3017082.0,0.08285145195600252,0.8656914496115482,0.9675879210193268,False
6601,3017200.0,-0.045275348857558,0.839488004637084,0.9634460491893265,False
6602,3017747.0,-0.1355010481630798,0.8107920206015371,0.9562991422300517,False
6603,3017801.0,1.725854065254298,4.392418792247486e-05,0.016291404171117487,False
6604,3019384.0,-0.1806316814837068,0.2048866516610583,0.6691288219329644,False
6605,3020085.0,0.21001040787065967,0.12424893439944103,0.5775839563310489,False
6606,3020741.0,0.1975043484280835,0.7577936026283076,0.9391311287281973,False
6607,3020890.0,-0.1638953200840796,0.23407540896960316,0.6904588490122399,False
6608,3021931.0,0.21845277232682375,0.18673670465680614,0.6502053726899437,False
6609,3022319.0,0.43604567743187017,0.4674615351846609,0.8318516335130318,False
6610,3022590.0,-0.3573413717934235,0.2947350534955222,0.7366679727593585,False
6611,3022928.0,-0.18624792251856925,0.22668034246650157,0.6857788485861324,False
6612,3023023.0,-1.5949837180867452,0.0015990065905588378,0.1173493434776721,False
6613,3023087.0,0.035039193214466094,0.9126856174915173,0.9780701902779048,False
6614,3023164.0,0.31223551347838047,0.5764223381948241,0.8695483369848913,False
6615,3023188.0,-0.10047789968416396,0.6489798415222685,0.900882603263824,False
6616,3023624.0,-0.0467396908525019,0.7510647514305033,0.9361502925383169,False
6617,3024056.0,-0.06228800359988661,0.7797092438160709,0.9469270154414832,False
6618,3025397.0,0.0005328712255391332,0.9974005597570308,0.9986748092862111,False
6619,3025549.0,0.7840391370694794,0.1329589123270129,0.5908089256981229,False
6620,3025633.0,-0.03927491549663303,0.7908053042364127,0.9510546488491097,False
6621,3025676.0,0.07201753082449305,0.6271947527857917,0.8918259158357047,False
6622,3025987.0,-0.03776217525039513,0.8451663383906975,0.9641913403290617,False
6623,3026101.0,-0.42831170468021595,0.19069496033157804,0.6542282527963084,False
6624,3026619.0,-0.016607309216110033,0.9312637995544576,0.980469186391243,False
6625,3027424.0,-0.2362977592972587,0.31549462319215105,0.752394282767073,False
6626,3027569.0,-0.5268953146597768,0.12015560332700727,0.5737187286540817,False
6627,3028043.0,-0.7732681411870459,0.10122643460895096,0.5424143508276277,False
6628,3028044.0,-0.05780581563904191,0.7485949675321394,0.9361117074520717,False
6629,3028176.0,-0.21491745805045712,0.508810588694995,0.8492966548932642,False
6630,3028743.0,-0.05019280473459588,0.7776980510619833,0.9458725315717454,False
6631,3028842.0,0.09789732681313784,0.8202456613107798,0.9585327870551705,False
6632,3029104.0,0.13161390710575374,0.7962575394446815,0.9517271275695582,False
6633,3029298.0,0.09542087260434913,0.5988991153976042,0.8781156191211636,False
6634,3030525.0,-0.13947864547673963,0.805261749635816,0.9551811963394444,False
6635,3030533.0,0.7748181578788478,0.05927952403342328,0.4539188713640068,False
6636,3031125.0,0.03985425570167836,0.8236598602421218,0.9599051455556222,False
6637,3033534.0,0.0029526378168639664,0.9887092719023458,0.9963274365484557,False
6638,3033589.0,-0.4809046662814032,0.3115867857919838,0.7500706636249796,False
6639,3033696.0,0.33749983723053306,0.6190363995522282,0.8866130250876681,False
6640,3033728.0,-0.19357765283849598,0.5827384870882614,0.871665473157432,False
6641,3034595.0,0.3084853030314376,0.2873138150519078,0.7336391967546332,False
6642,3035105.0,-0.06604875051199244,0.6664129065264003,0.9074404546460405,False
6643,3035442.0,0.21169572639948137,0.6787120966991756,0.9099889729692371,False
6644,3035884.0,0.10755328323897734,0.5846057574672936,0.8728080530408184,False
6645,3035935.0,0.16965010955093493,0.6187057920885995,0.8864904135588368,False
6646,3036092.0,-0.7065170716705191,0.30018442206902707,0.7423094250623027,False
6647,3036111.0,0.1817775330566536,0.5937730656374449,0.8756136496013212,False
6648,3036315.0,0.14698320814197388,0.4587162212904474,0.8290959586879398,False
6649,3036737.0,-0.022130712564481066,0.9057966359086489,0.9765741420034114,False
6650,3036846.0,-0.17206635282234659,0.6142127829701878,0.8846175297597576,False
6651,3036888.0,-0.16755652048012762,0.6228844575670369,0.8890743966982493,False
6652,3037584.0,0.05515699783534047,0.7476402569415604,0.9360625908745066,False
6653,3037693.0,-0.06609117231787491,0.692060769342049,0.916471837404897,False
6654,3037977.0,0.1434562018286628,0.45664714061143524,0.8280802773051409,False
6655,3038612.0,0.12244010299969126,0.47936762247805864,0.836275241861246,False
6656,3038687.0,-0.09385495828216989,0.7601458900770959,0.9400288013901756,False
6657,3038731.0,-0.1339241439745786,0.7179331987919537,0.9265443910220731,False
6658,3039625.0,-0.18514834885211234,0.5873148518445989,0.8729366305191233,False
6659,3039725.0,-0.39259266866806797,0.5632411934742871,0.8657580225380044,False
6660,3039842.0,0.12426438060249531,0.5179261224389813,0.8523183003093502,False
6661,3040159.0,-0.7564785950002966,0.14894079907692956,0.6082419381524917,False
6662,3040273.0,-0.06200867008190372,0.7467665334663415,0.9360625908745066,False
6663,3040703.0,-0.10195100912576721,0.5971580122777022,0.8772702968296734,False
6664,3041135.0,0.5176481043284548,0.22893066660905417,0.6866654838467209,False
6665,3042093.0,-0.06514449530236752,0.7342599808139906,0.9327853690121147,False
6666,3042997.0,0.0921993346966766,0.8353498924244569,0.9634460491893265,False
6667,3043383.0,-0.13277151748247523,0.5531619725003378,0.8626020990505915,False
6668,3043444.0,-0.15078499822655428,0.501077913351931,0.8465682100288265,False
6669,3043535.0,-0.14202585055580091,0.6142218167157925,0.8846175297597576,False
6670,3044341.0,0.4892537634456244,0.023020149227630772,0.3238156728454933,False
6671,3044383.0,0.6303440247431267,0.01260130656070585,0.262289224281442,False
6672,3044585.0,-0.1595057156366741,0.47952997274421444,0.836275241861246,False
6673,3044661.0,-0.13499869502180586,0.5496301233544268,0.861556437479399,False
6674,3044723.0,-1.0846601453551594,0.014041193981949593,0.27266039476576537,False
6675,3045037.0,-0.15764166240759614,0.4813045102875083,0.836866964467548,False
6676,3046633.0,-0.1332985854114764,0.6522474369701899,0.9019294176192881,False
6677,3046777.0,0.020750764381255338,0.9496904904997724,0.9849885605173925,False
6678,3047636.0,-0.13589350582789458,0.8102818214704609,0.9562991422300517,False
6679,3047843.0,0.3873500941670306,0.19595992902336384,0.6604255264025536,False
6680,3048461.0,-0.15889467728506596,0.30110876891783916,0.7426419360409551,False
6681,3048622.0,0.33268289066660184,0.0390239937823886,0.3965747996621961,False
6682,3048959.0,0.2780635624653578,0.061534939919392566,0.45876495386332855,False
6683,3049009.0,-0.16697159228615652,0.6243753301577567,0.8896815711292267,False
6684,3049365.0,0.14683195336599442,0.6539799646183104,0.9031746203475521,False
6685,3049828.0,-0.384280527867789,0.012473274350536169,0.2618423318423385,False
6686,3049899.0,0.18554450508348022,0.3311113405705064,0.7615746834141686,False
6687,3050739.0,0.263759606765295,0.6376664010923566,0.8968474713471795,False
6688,3051534.0,0.2944009220546647,0.05442678900123427,0.4438587342165712,False
6689,3051646.0,-0.09964772913912587,0.8509707101896459,0.9654387085880295,False
6690,3051911.0,0.07334753613502104,0.8196914760888111,0.9583442692387846,False
6691,3052601.0,-0.03372856266671663,0.9223240689023823,0.9798512045195563,False
6692,3053581.0,0.907383806869675,0.12661777257170437,0.5809422404832525,False
6693,3054175.0,-0.1850346670333563,0.3646201804050619,0.782358580410545,False
6694,3054406.0,0.40160071050388824,0.009422582227871028,0.24123143887627363,False
6695,3054422.0,-0.2169601563676612,0.12268377153900992,0.5755109507588386,False
6696,3054861.0,-0.2287916500207439,0.36635456126662264,0.7830369119752374,False
6697,3054956.0,0.025423654965043965,0.8852376137174324,0.9715554662941385,False
6698,3055080.0,0.5050622585564094,0.41985015448337365,0.8112270250831294,False
6699,3055263.0,-0.4618501842764798,0.4636025345293631,0.8299525085907634,False
6700,3055330.0,0.6485976330304267,0.1577972610798912,0.6203872759950086,False
6701,3055832.0,-0.4130360276230248,0.1358697668732692,0.5914139815214984,False
6702,3055999.0,0.3781979650214675,0.03131812073125625,0.3659261734679848,False
6703,3056142.0,-0.4254690350979377,0.004300627817541509,0.17290116651634474,False
6704,3056688.0,0.4086023035126024,0.035496382145622896,0.37993156735967887,False
6705,3057119.0,-0.25758748905778084,0.4433490948370651,0.8229402230602499,False
6706,3057549.0,-0.013695535910948547,0.980238094205511,0.9932718265398371,False
6707,3058924.0,-0.03529623395787107,0.9153116258452142,0.978212828448341,False
6708,3059080.0,-0.3566249204931949,0.015302821815859862,0.2826531139315404,False
6709,3059245.0,-0.3882398522045829,0.566541322393835,0.86730436972568,False
6710,3059555.0,0.3414842509983681,0.3084570626254042,0.7495327438634343,False
6711,3059940.0,-0.33579152301307563,0.30858238897519,0.7495327438634343,False
6712,3060213.0,0.4326958090906142,0.19606249046060167,0.6604255264025536,False
6713,3060618.0,-0.9000706642855976,0.0050804512041638435,0.18429347185267225,False
6714,3061580.0,0.35728079876047486,0.01516375793111082,0.281371952721723,False
6715,3061770.0,-0.5614369817869229,0.2435128381648989,0.6976354542208155,False
6716,3061876.0,-0.2638642108499222,0.07842657400459174,0.4996012094013165,False
6717,3062192.0,0.29342593751481666,0.04077972289949772,0.4035156388590901,False
6718,3062336.0,-0.6298049505436655,0.3517849944069925,0.7739129158176716,False
6719,3062437.0,-0.010472365623784986,0.9766174728431165,0.991786214761538,False
6720,3062461.0,0.3939717077948756,0.006683232264895391,0.208180668601501,False
6721,3063887.0,-0.2294831821423654,0.39129656403839624,0.7986420244171829,False
6722,3064035.0,-0.37652687714418215,0.010003743391118824,0.2437835986771296,False
6723,3064330.0,1.029707285208462,0.0007046005184438387,0.08404877612865791,False
6724,3064749.0,0.16088508950393454,0.5523964554124866,0.8623155770302895,False
6725,3065434.0,0.13755160757857554,0.807148320498959,0.9557632950564722,False
6726,3065656.0,0.758903031865028,0.16302435105507646,0.6242078767911304,False
6727,3065769.0,0.3476030982627832,0.521222095558179,0.8535021643210187,False
6728,3066433.0,0.23343939608223646,0.4700146040495238,0.8334654598440316,False
6729,3066440.0,0.2599515371529131,0.3397292334519977,0.7674819099508989,False
6730,3066656.0,0.12642841234149516,0.6687528295143375,0.9077811212642927,False
6731,3066878.0,0.1727058173521507,0.5628329658846839,0.8656987493186519,False
6732,3067568.0,0.21648618801427127,0.4682295411170795,0.832703257477337,False
6733,3068044.0,0.16088013881754953,0.5866849918611734,0.8728332922247775,False
6734,3068310.0,1.2039051535116356,8.353743276382865e-05,0.025188856462537778,False
6735,3068427.0,-0.34414325428024495,0.4469598922364024,0.8236561461078764,False
6736,3069753.0,-0.21442931579592528,0.4593958599579126,0.8293268019030668,False
6737,3070200.0,-0.07820497295163316,0.7084903689150743,0.9229164712076242,False
6738,3070314.0,-0.8957604763680549,0.12935050761996916,0.5865178264529067,False
6739,3071202.0,-0.3181823373762636,0.027901691647917285,0.3507361560751877,False
6740,3072075.0,0.16080068893810495,0.579270278222569,0.870790592730368,False
6741,3072102.0,-0.3244973923642699,0.023486708296015874,0.3254809173661847,False
6742,3072999.0,0.2704999496513451,0.3321545195799426,0.7618284082437468,False
6743,3073433.0,1.1416989677264,0.0002622510754062876,0.051374348067634606,False
6744,3073436.0,1.3589699177644936,0.03407914212277869,0.3784534925967743,False
6745,3074897.0,-0.4526451173570672,0.007500048328923224,0.2200352016498962,False
6746,3075703.0,-0.3932407603477705,0.400313573731748,0.8028690780890388,False
6747,3076818.0,0.32566019383123634,0.017999538780053715,0.30355434210359833,False
6748,3077061.0,1.377781246548259,0.0047408654846827925,0.1820644747086396,False
6749,3077353.0,0.18731621417765598,0.18151710884860864,0.6441300270215469,False
6750,3079273.0,-0.4320600024833262,0.0012312119183158963,0.10441254197905511,False
6751,3079535.0,0.21143175054333724,0.1294067429161411,0.5865178264529067,False
6752,3079682.0,0.2155747645822375,0.12121521258552982,0.5740413378029969,False
6753,3080896.0,0.09975706222967651,0.5888550733268682,0.873943371747765,False
6754,3081391.0,0.14348163377402467,0.3091486930155115,0.7495664647494701,False
6755,3082140.0,0.130250061841458,0.4997689046349667,0.8463587634741259,False
6756,3082291.0,-0.1589887995208985,0.2584140203676027,0.7122316278740778,False
6757,3082961.0,0.3119793052282561,0.21471441823765577,0.6759947727487245,False
6758,3083447.0,-0.0026755251226627356,0.9844793765744387,0.9944652552312984,False
6759,3084210.0,0.2592630570629308,0.06396705455102458,0.46507861831974,False
6760,3084245.0,0.2543200399992076,0.07019663644375354,0.4840226752059346,False
6761,3084373.0,0.24433953091729663,0.08140547246168219,0.5081675986571428,False
6762,3084760.0,0.24152956722977895,0.5080659046364848,0.8492966548932642,False
6763,3085400.0,-0.41103513925442087,0.3508690943857503,0.7739033942340068,False
6764,3085838.0,0.2541010753615357,0.4862581879044837,0.8395799574703702,False
6765,3086021.0,0.01498891753209576,0.9623599409280648,0.9881227392065018,False
6766,3086159.0,-0.017854729994933802,0.900781167930778,0.975226134949514,False
6767,3086899.0,-0.4188766140659189,0.4110319841551757,0.8068541448197881,False
6768,3087148.0,0.04199058554906597,0.9506410895225397,0.985092740451518,False
6769,3087554.0,0.30223868301602763,0.39927708487935987,0.802801388900223,False
6770,3087589.0,-0.6461791281598563,0.018808030776742164,0.306548309431736,False
6771,3087780.0,-0.837638742621322,0.2200541247812294,0.6770911517578009,False
6772,3087938.0,-0.27798277736914334,0.3650847789223353,0.7829325859158677,False
6773,3088098.0,0.3510912896667784,0.32739687449159705,0.759576575611863,False
6774,3088766.0,0.13127663415378077,0.8054175277757805,0.9551811963394444,False
6775,3089272.0,0.34027423865004747,0.34260580999479273,0.7697365091508926,False
6776,3089624.0,-0.09824422414307082,0.4769605410568952,0.835995603084639,False
6777,3089706.0,0.17026934423270904,0.8048176074240094,0.9551580322053141,False
6778,3089840.0,0.1554656524428697,0.26432838521134205,0.7151340224367982,False
6779,3090171.0,0.5159641850563333,0.2304619903902673,0.6884053125168826,False
6780,3090835.0,0.3317000602347029,0.35447231484114056,0.7759219555556727,False
6781,3091085.0,-0.13042881088561942,0.34797736849954153,0.7733635099004106,False
6782,3091205.0,-1.0427979245283954,0.02207768667480758,0.3186878841157398,False
6783,3092034.0,0.27076788253427403,0.5696578561156016,0.8683622515454004,False
6784,3092672.0,-0.24696881838632673,0.40792584108837776,0.805972644709398,False
6785,3093334.0,-0.09095466725429265,0.5323274290019271,0.8573535950133384,False
6786,3093608.0,0.7971772561925156,0.0030773465354260645,0.15239981666098026,False
6787,3093636.0,0.8667274485795551,0.001206227734450228,0.10391747664648592,False
6788,3093711.0,0.5437047769114424,0.2082192032889564,0.6707524490942027,False
6789,3094451.0,0.9971067027144861,0.0013282625733027666,0.10840819724211677,False
6790,3094839.0,-0.3851029588042943,0.5708095649053196,0.8684576349724981,False
6791,3094936.0,-0.19016115962764515,0.21047374046494874,0.6721660643562867,False
6792,3095089.0,-0.6619546289797883,0.03501942831254737,0.37993156735967887,False
6793,3095478.0,-0.01801070866882034,0.9709147444152578,0.9902128268977735,False
6794,3095871.0,0.06991123546006422,0.6152291834400161,0.8846983356740392,False
6795,3096147.0,0.4317772271865973,0.3601213556010821,0.7802768613894512,False
6796,3097019.0,0.7445088872275756,0.006267999333918162,0.20249741895738585,False
6797,3097454.0,-0.3147681377711987,0.10038574614355898,0.5410562434897381,False
6798,3097479.0,0.1720211642701368,0.24139525856588026,0.6959599128476325,False
6799,3098002.0,0.7753620742311775,0.0007160184070875993,0.08448238922756403,False
6800,3098105.0,-0.11320587841985238,0.42182155716263336,0.8119882707974855,False
6801,3098315.0,-0.3807158415621449,0.5751003348467297,0.8692161534783692,False
6802,3098590.0,0.6638448859903755,0.13332584747137718,0.5913217812067733,False
6803,3098670.0,0.0023982701863598105,0.9922223793158363,0.9975037404519534,False
6804,3099336.0,0.6496162114223241,0.14362059033183847,0.6042964419745382,False
6805,3099871.0,0.41583118482652276,0.29454665121252344,0.7365362586758677,False
6806,3100282.0,-0.13819387200992428,0.7945016895163247,0.9515860798983538,False
6807,3100672.0,0.8266666048325806,0.0003648604931129982,0.05500778684363327,False
6808,3100807.0,-0.11568571407307802,0.8278762810469424,0.960418456715496,False
6809,3101344.0,-0.8833957284767593,0.00012257283470257718,0.03245190538284086,False
6810,3101850.0,0.2397960137420239,0.7236847324290911,0.9282345498935555,False
6811,3102096.0,-0.04035519151016742,0.9301787126698601,0.980469186391243,False
6812,3102343.0,0.5092636341075921,0.1226627007349858,0.5755109507588386,False
6813,3102422.0,-0.14109883559035788,0.3846111774872866,0.7952293964999041,False
6814,3104171.0,-0.30366771560689637,0.5894476272903131,0.8744992410140787,False
6815,3104203.0,-0.0742641840982097,0.600296722808397,0.8781156191211636,False
6816,3104337.0,0.11912488587685832,0.8319208657572736,0.9619097328765415,False
6817,3105405.0,0.2276409463804154,0.282018214369752,0.730864298149255,False
6818,3105527.0,-0.7210006786398055,0.29015404969448055,0.7345252294539043,False
6819,3105722.0,0.17917506306843994,0.7255667979493112,0.9292022382127895,False
6820,3106068.0,-0.8571092598314929,0.07328352781116203,0.4916202179950721,False
6821,3106318.0,0.41648256469699196,0.20830092177766538,0.6707524490942027,False
6822,3106508.0,-0.4113739721903482,0.5448875209805533,0.8604720268018781,False
6823,3107306.0,0.642806458813646,0.10646924513319739,0.5501716390104129,False
6824,3107686.0,-0.1200607049845071,0.40399006824355227,0.8044501915434594,False
6825,3108243.0,0.2513611738922028,0.6211688094875918,0.8876760699036084,False
6826,3108596.0,-0.4597751163439281,0.23454223754151754,0.6905223727998842,False
6827,3109043.0,-0.7370006934238766,0.1077966129828233,0.5524456022183795,False
6828,3109610.0,-0.9384354378702706,0.013963771156954814,0.2726200286128498,False
6829,3109641.0,-0.24390058494937403,0.6317248569918965,0.8943099566770268,False
6830,3109904.0,0.032764539098147805,0.8476368819247418,0.9651890482210258,False
6831,3109905.0,0.020227855122879834,0.9055831333725606,0.9765741420034114,False
6832,3109965.0,-0.07496743576457965,0.6312196247659629,0.8941522937275906,False
6833,3110123.0,-0.23630014313836914,0.642328514397191,0.8987654097409585,False
6834,3110407.0,0.11001936819735436,0.7418333568284098,0.93454149631912,False
6835,3110706.0,-0.9567859789204687,0.1582592642179591,0.6204968918736582,False
6836,3110892.0,0.0807579793240638,0.6707846576421602,0.9078238198617231,False
6837,3111271.0,0.287128460237614,0.4604143400773933,0.8295173548467214,False
6838,3111549.0,-0.3629599130691,0.3158839882880663,0.752394282767073,False
6839,3111653.0,-0.8066238689847487,0.003681449658814629,0.16113764534851932,False
6840,3111834.0,0.02361840170023076,0.8899329244575034,0.9715554662941385,False
6841,3112025.0,-0.029037342870173205,0.8650016755423453,0.9675879210193268,False
6842,3113273.0,-0.23623654910239106,0.642398546335194,0.8987654097409585,False
6843,3113689.0,0.5352227448270517,0.29370204907856656,0.7365078297655344,False
6844,3113810.0,0.0005741804430199268,0.9973144031538627,0.9986748092862111,False
6845,3113995.0,-0.6118821621862762,0.053201757834490666,0.4425326293435986,False
6846,3114190.0,-0.8845413763704575,0.0004205866944191743,0.06007195484105444,False
6847,3114575.0,0.153404794410689,0.763735423181966,0.9409088660356646,False
6848,3116402.0,-0.12053481692609046,0.4321796734179785,0.817265787897664,False
6849,3118028.0,0.5091070834238298,0.21836850076958964,0.6770911517578009,False
6850,3118756.0,0.24418716994223783,0.6984863046457903,0.918259517612941,False
6851,3118838.0,0.3837136976136416,0.06848647110186198,0.4790081467852525,False
6852,3118894.0,-0.34217720453819556,0.10718352582826304,0.5513261278046694,False
6853,3119332.0,0.31009224706620164,0.4097379408965187,0.8065237465737811,False
6854,3119336.0,0.17850431158466462,0.7956827502444275,0.9517271275695582,False
6855,3119344.0,-0.33436120624876736,0.10007756081918352,0.5410069336116718,False
6856,3119422.0,-0.1255886132996736,0.8133167831476589,0.9562991422300517,False
6857,3120429.0,0.29774941729933124,0.11957997115800338,0.5737187286540817,False
6858,3120849.0,0.433046711135162,0.4647938438707896,0.8304188564549431,False
6859,3121547.0,-0.8974907285638893,0.06771883925981904,0.47562391134702925,False
6860,3121613.0,0.6751031398337775,0.31962197042286883,0.7552234412146802,False
6861,3121774.0,0.17659754279169,0.7292057808052599,0.9303258535156202,False
6862,3123425.0,0.19946883816650143,0.14487312142260433,0.6050438287330737,False
6863,3123536.0,0.4239219505622497,0.5315939140612509,0.8572879931601436,False
6864,3124160.0,-0.2065700496650484,0.13163170059673301,0.5885463455120306,False
6865,3124616.0,0.8546983278082448,0.00010199002188326636,0.029134254935338326,False
6866,3124880.0,-0.16703710132466465,0.6423259997185617,0.8987654097409585,False
6867,3125118.0,-0.6965126950050389,0.3070284155126624,0.7487505601483324,False
6868,3125480.0,-0.24172161031686168,0.10824955179151695,0.5527222026157121,False
6869,3125948.0,0.03649405780997489,0.9075724340719006,0.977047408661179,False
6870,3126005.0,-0.2857901796797048,0.6496907811581065,0.9009742780499534,False
6871,3126266.0,-0.7632394984008655,0.260460364461171,0.7122316278740778,False
6872,3126712.0,-0.027304415153626915,0.8882837495202028,0.9715554662941385,False
6873,3127617.0,0.03375014902927942,0.8604216217228714,0.9674618504041609,False
6874,3128329.0,1.6100025404721396,0.003534140538412979,0.15918296906420284,False
6875,3128399.0,-0.29060187159369977,0.6054971930433101,0.8804651079015581,False
6876,3128530.0,0.7769243072861858,0.0003258904241401932,0.05499224171915679,False
6877,3129225.0,0.0077318003926840975,0.9573452377970094,0.9872679608860475,False
6878,3130098.0,-0.05051115553409469,0.7925443773060139,0.9514150539393013,False
6879,3130240.0,0.8052895375947104,4.308381531303785e-05,0.016291404171117487,False
6880,3131481.0,-0.20575070325408384,0.1738997966578884,0.6351457866862356,False
6881,3132119.0,0.23227140263046847,0.11475772053422229,0.5656211101797148,False
6882,3132269.0,0.06317445158259893,0.9257789704871261,0.9802191960759526,False
6883,3132567.0,1.0209652547888903,0.06584583178842592,0.47125534845525113,False
6884,3133197.0,-0.18595338892289326,0.2322522302159497,0.6904588490122399,False
6885,3133339.0,1.3227262178859576,0.017618547950382344,0.3032647161042293,False
6886,3134310.0,-0.08773823973912115,0.6516696857195006,0.9017600116676404,False
6887,3134679.0,-0.3306914362929403,0.10741798105411651,0.5513678020130678,False
6888,3136668.0,0.2993845544116338,0.5032081705122186,0.8465933751828044,False
6889,3136826.0,-0.3437625471490373,0.4536772592956483,0.827107336072722,False
6890,3136958.0,0.08175689337410255,0.7648397547275511,0.9411867429947561,False
6891,3138003.0,0.7402843432154513,4.369886391175127e-05,0.016291404171117487,False
6892,3138829.0,0.404590451516627,0.369877867805972,0.7858158455702494,False
6893,3138984.0,0.3757285625542156,0.3735100015235308,0.789272422227003,False
6894,3139288.0,0.32611585547331057,0.42887209050325126,0.8150308677539196,False
6895,3140160.0,0.09222023666761697,0.713959216227814,0.9246017026797829,False
6896,3141306.0,-0.019535878289009392,0.8902817418328872,0.9715554662941385,False
6897,3141619.0,0.0669603415520239,0.8383836421086636,0.9634460491893265,False
6898,3141648.0,0.24153575044128814,0.4354256732581881,0.8196881490807214,False
6899,3141939.0,0.41023928305047297,0.002578145290538878,0.14246841960502432,False
6900,3142109.0,0.3207824362356593,0.436433918473921,0.8196881490807214,False
6901,3142688.0,0.29743359756692644,0.4709574190802483,0.8335061780771449,False
6902,3143528.0,-0.588590477569168,4.502460848765772e-05,0.016291404171117487,False
6903,3143591.0,0.23264665553267425,0.45023721588396476,0.8254222223307612,False
6904,3143802.0,0.20185695190263536,0.516620976116807,0.8523183003093502,False
6905,3144817.0,-0.35508126701918286,0.5246080482571072,0.8545348685220436,False
6906,3144836.0,0.48808625669581085,0.0013460730097024961,0.10904195910687012,False
6907,3145130.0,-0.99560636389029,0.020350512888644007,0.3128963419351709,False
6908,3145212.0,-0.6994491965108217,0.0998388586169036,0.5406484286433426,False
6909,3145320.0,0.22584286941654455,0.4647352308976168,0.8304188564549431,False
6910,3145748.0,0.2450742936310058,0.42691898003937473,0.8135894537091666,False
6911,3146318.0,-0.3507434173817231,0.5786921680828391,0.870703599660289,False
6912,3147197.0,0.2591222241783971,0.40415951376903814,0.8044501915434594,False
6913,3147559.0,0.255707960528978,0.5477493192364122,0.8614159882464039,False
6914,3147658.0,0.2384003652441432,0.4536231727781172,0.827107336072722,False
6915,3148354.0,0.39269935789238075,0.3679280991210661,0.7843400463391934,False
6916,3148919.0,0.31643667025610167,0.44245857155931717,0.822271493627185,False
6917,3149089.0,-1.0695285463313122,0.005372220661396221,0.1887231562441941,False
6918,3150190.0,0.14988974683911127,0.4722283915837136,0.8343574447640342,False
6919,3150403.0,0.18150219711263793,0.3863337358734564,0.7955896115495888,False
6920,3151609.0,0.1569404292270269,0.489515322297897,0.8411834771936298,False
6921,3152059.0,0.2995713820158153,0.4673936229944266,0.8318516335130318,False
6922,3152175.0,0.8411945468426674,0.18533479475389789,0.6481344062672557,False
6923,3152707.0,-0.21340658692706377,0.1944372220647655,0.6599999637420225,False
6924,3152767.0,-1.4206676350308756,0.00038081201354303585,0.05662622475355691,False
6925,3153235.0,0.022497518888110857,0.9698582460615366,0.9902004572044751,False
6926,3155148.0,-0.4871741318324052,0.1358346942963033,0.5914139815214984,False
6927,3155771.0,-0.12266343146582093,0.37406577516376294,0.7896701651891573,False
6928,3155865.0,-1.4834003981624093,0.029242304823716914,0.35931863042965817,False
6929,3156083.0,-1.2779387774917832,0.016003565203878998,0.2852523814254623,False
6930,3156989.0,-0.6795652825702398,0.1657431213921032,0.6277535180430148,False
6931,3158118.0,0.1021966624289374,0.4637182832430198,0.8299525085907634,False
6932,3159006.0,0.0720533963708619,0.5926646462305665,0.8751700088195891,False
6933,3159140.0,0.33689450891875167,0.47008567464195644,0.8334654598440316,False
6934,3160762.0,-0.05403529350240292,0.7426215791611611,0.93454149631912,False
6935,3161746.0,-0.029412375275501307,0.9310703936635573,0.980469186391243,False
6936,3163769.0,1.0166417410560764,0.00026503578920198415,0.051374348067634606,False
6937,3163904.0,0.09084721873372267,0.5275812162830271,0.8548586987933043,False
6938,3164451.0,0.64784145744577,0.0005343145274070976,0.07087021286975313,False
6939,3165461.0,-0.4545243951866894,0.15370950445374013,0.6136508535657775,False
6940,3166036.0,-0.11994515533577568,0.8312079080970094,0.9617170954820928,False
6941,3166400.0,0.027672224948355015,0.9385394019016273,0.981968772581868,False
6942,3166409.0,-0.021119001661739745,0.9532287173757572,0.9856895243522245,False
6943,3166764.0,-0.9597616437080051,0.04181240881187514,0.40742701764174566,False
6944,3167112.0,0.09222308822096573,0.7748803781550898,0.9445653346942438,False
6945,3167434.0,-0.3419985907239844,0.15870404811453906,0.6204968918736582,False
6946,3168013.0,0.261726309876191,0.4236349295934885,0.8133064069190015,False
6947,3168797.0,-0.25175193916292793,0.3246350886851208,0.7578479558547864,False
6948,3169167.0,-0.26239327235030274,0.11988459522993315,0.5737187286540817,False
6949,3169291.0,0.34935468247667173,0.46031424068964216,0.8295173548467214,False
6950,3169401.0,-0.63437864305116,0.17276750291214238,0.6334101947359447,False
6951,3169604.0,0.1089384259794138,0.8384445743705929,0.9634460491893265,False
6952,3169907.0,-0.022505483240284452,0.9491612014320627,0.9847218619463863,False
6953,3169953.0,0.3805308480031456,0.015506972077203113,0.28291725016978597,False
6954,3171880.0,-0.39578324785155233,0.008513285103630659,0.2316963518106053,False
6955,3173564.0,0.25483765136720804,0.6283726693181741,0.8921602391537393,False
6956,3174037.0,-0.13504363367205763,0.6497942474398959,0.9009742780499534,False
6957,3174145.0,0.40374412341263155,0.4257390054542983,0.8133064069190015,False
6958,3174565.0,0.020037988713740545,0.9771809913905379,0.991933906401308,False
6959,3174588.0,0.460811228624688,0.5025338306543445,0.8465933751828044,False
6960,3174895.0,1.1013759170301638,0.0789545026063858,0.500906560954014,False
6961,3174963.0,-0.11330791274731025,0.6927499350644479,0.9170488469664125,False
6962,3175783.0,-0.3445206828451834,0.2582038513247228,0.7122316278740778,False
6963,3175963.0,-0.058123379539861186,0.8644516242216459,0.9675879210193268,False
6964,3176037.0,-0.7474964884328487,0.057387491385762955,0.45013779640416013,False
6965,3176269.0,-0.3998941895527657,0.16389443462388895,0.6250485696386469,False
6966,3176369.0,0.47496462982485255,0.007195451287004398,0.21576415392384737,False
6967,3178236.0,-0.9833560253559755,0.034393990088913556,0.37925852324530085,False
6968,3178323.0,0.2921200542256294,0.03720623765905395,0.3868522124416003,False
6969,3179192.0,0.1907376456981063,0.4487557300386316,0.8252187498370773,False
6970,3179515.0,-0.4575655280535487,0.0020095487962204584,0.13311946605479874,False
6971,3180031.0,0.279885051199283,0.57841994652869,0.8705974098126636,False
6972,3180498.0,0.25082322679128155,0.7116733259889998,0.9239164152407624,False
6973,3181954.0,-0.04116576010957079,0.9441106393081052,0.9832410044794667,False
6974,3182138.0,-0.9266462609460349,0.0030105682822901265,0.1502138890437682,False
6975,3183132.0,0.17434051355167685,0.8002257798914749,0.9536119047888857,False
6976,3183423.0,-0.35939584156332893,0.5198207940416334,0.8526223510610351,False
6977,3184311.0,-0.47577215854564925,0.3446647389323411,0.7707499487560887,False
6978,3184470.0,-0.17957073518529137,0.22437275136293083,0.6830533817467234,False
6979,3185921.0,0.4312873155887623,0.2903706529877871,0.7345252294539043,False
6980,3186065.0,-0.7088833833355839,0.2594976592831003,0.7122316278740778,False
6981,3186305.0,0.23499911504898416,0.08535700333428996,0.5191442983289968,False
6982,3186563.0,-0.18506566062312674,0.2741267800319571,0.7234734250539495,False
6983,3186651.0,-0.010652878497701801,0.9401363213764636,0.982390576923577,False
6984,3186687.0,0.05673346853105161,0.795684883424287,0.9517271275695582,False
6985,3187028.0,-1.1698413990655814,0.04534012362845706,0.4199377491355814,False
6986,3187424.0,-0.07219709178562184,0.827613679335424,0.9603149641032632,False
6987,3187706.0,-0.0836774556294339,0.5487340423549953,0.861556437479399,False
6988,3187812.0,0.0282407849587636,0.839896350836171,0.9634460491893265,False
6989,3187903.0,0.07924210704927076,0.5698983525265492,0.8683622515454004,False
6990,3187989.0,0.09066905824300192,0.5248677804463007,0.8545579818988862,False
6991,3188513.0,-0.11602850494067242,0.44216790010898516,0.8220127685704802,False
6992,3188958.0,0.04847211667175806,0.7289219356032499,0.9303258535156202,False
6993,3190931.0,-0.6111048727902368,0.01246283909358992,0.2618423318423385,False
6994,3191258.0,0.6071995549702569,0.013324462274262068,0.269003292896535,False
6995,3191265.0,0.6864882924851077,0.0053212076842153915,0.1875380175719418,False
6996,3191922.0,0.12836297175655684,0.7865837334795306,0.9498033211865775,False
6997,3192204.0,-0.3275524842573169,0.12167491107250009,0.5742526781269515,False
6998,3192396.0,-0.41750337921578673,0.046603307390060994,0.42379780469043915,False
6999,3192809.0,-1.0365057547681762,5.174312857044627e-05,0.017552239394756072,False
7000,3193072.0,0.5703895262270378,0.00575079269786115,0.1920764761085624,False
7001,3193430.0,-0.531419928965822,0.0093331009789404,0.24007301214786264,False
7002,3194376.0,0.6416286718759426,4.718198377909833e-05,0.016521304320068143,False
7003,3196408.0,-1.5785945645845278,0.03447338544168769,0.3795219056486003,False
7004,3196901.0,-0.9191154674157912,0.0003050253522618734,0.05499224171915679,False
7005,3199633.0,0.33990742631130133,0.012925174604145486,0.2642365764483253,False
7006,3200154.0,-0.0337381744053316,0.809202860487414,0.9562991422300517,False
7007,3200403.0,1.0305352098201155,0.1329025439527636,0.5908089256981229,False
7008,3200575.0,0.06232025547841616,0.9180028601479582,0.9788129094519167,False
7009,3200794.0,0.08303131036983849,0.890975368851311,0.9715554662941385,False
7010,3204012.0,-0.6007342999706435,0.003513050648435915,0.15918296906420284,False
7011,3204159.0,-0.00665855050152285,0.9629424525095251,0.9881227392065018,False
7012,3204287.0,-0.20297036216363712,0.1707099156196864,0.6330920240190213,False
7013,3204298.0,-0.5539837534669056,0.006693233840803671,0.208180668601501,False
7014,3204320.0,-0.1859730183786265,0.21018546529572163,0.6719345997043235,False
7015,3205434.0,0.6005468820306052,0.0001310117490240387,0.0333633770468954,False
7016,3207298.0,-0.552206854708967,0.009850815298199726,0.24247301601351023,False
7017,3208015.0,-0.9902924354560392,0.01151807866987954,0.25614659722432875,False
7018,3208603.0,-0.47875650753201493,0.020873246889869954,0.31600989538289864,False
7019,3208780.0,-0.4891374409915704,0.018436986953883825,0.30461718932177917,False
7020,3209544.0,1.8515341531716032,0.003235520290670151,0.15534451581110195,False
7021,3210346.0,-0.07896948706076971,0.8256809324281086,0.9599947421761031,False
7022,3211305.0,-0.15311576762483625,0.746096663933274,0.9359620116717542,False
7023,3212035.0,0.15346652335926028,0.7217069390104108,0.927948312245219,False
7024,3212190.0,-0.4717359133582084,0.3491501333667964,0.7738855824304457,False
7025,3212641.0,-0.19039041058164277,0.16245635201726277,0.6229694806320021,False
7026,3212811.0,0.5340939754676968,0.0006388699869038381,0.07792060345888946,False
7027,3212868.0,-0.19449264012293407,0.1586675799587607,0.6204968918736582,False
7028,3213023.0,0.21633725604779544,0.11750491748917159,0.5707006171565806,False
7029,3213152.0,-0.15665370213912558,0.7682146583569849,0.9418413545227069,False
7030,3213727.0,-0.26386735496474606,0.045961178713257854,0.42061368132535787,False
7031,3213806.0,-0.2342569463146198,0.07508423204500297,0.4916202179950721,False
7032,3214384.0,0.005516056736531924,0.9718465140791149,0.9904604178320151,False
7033,3214648.0,-0.26873978788497666,0.04382918998274915,0.41443018925325964,False
7034,3214715.0,0.07690530217403818,0.898906859574593,0.9750103389437585,False
7035,3215527.0,0.3839447532667523,0.41704508175699734,0.8099428239619001,False
7036,3215653.0,-0.15473276647218004,0.7434316415485063,0.9348876817665703,False
7037,3215766.0,-0.3095946619345966,0.023996549904663163,0.3288921075948467,False
7038,3215860.0,0.21184627412563603,0.5376216935506999,0.858511186160994,False
7039,3216911.0,-0.6359742836028649,0.08699916222668273,0.5194262955034968,False
7040,3217656.0,0.5484671883087671,0.05454928032861274,0.4438587342165712,False
7041,3218212.0,-0.6548202857143521,0.07635804035846451,0.49425553255285165,False
7042,3218248.0,0.23866892526889566,0.34678821734845,0.7721133059052222,False
7043,3218703.0,-0.32067255901901454,0.0188871396263562,0.30719579336774433,False
7044,3219109.0,-0.12590030381700423,0.7648086454255241,0.9411867429947561,False
7045,3220840.0,0.13890081026273324,0.6651905912645322,0.9073242860276302,False
7046,3220945.0,-0.5608530449797796,0.22933340673354594,0.6875571457431142,False
7047,3220964.0,0.36066279268045814,0.4564106850353389,0.8280802773051409,False
7048,3221715.0,-1.1500707121195453,0.02874373642290349,0.35740350386095915,False
7049,3222495.0,0.6629988754600816,0.333473469229964,0.7625562478389002,False
7050,3222610.0,-0.575098942577226,0.23405347887431427,0.6904588490122399,False
7051,3222613.0,-0.2481315791632294,0.10648646831514301,0.5501716390104129,False
7052,3223737.0,-1.3921212227878352,0.001558436787928894,0.11666780229633203,False
7053,3224094.0,0.0880561535693331,0.5388514342850669,0.858511186160994,False
7054,3224117.0,-0.0922531250780069,0.8698938776060388,0.9687799365357085,False
7055,3227165.0,1.8650763518364688,0.002995599746508256,0.1502138890437682,False
7056,3227298.0,-0.4822176381788405,0.11463316088561143,0.565610437006051,False
7057,3228085.0,0.3073809308156194,0.6506473326314369,0.9014392847114546,False
7058,3228818.0,0.17257831509788737,0.6088864403383363,0.8823081437978606,False
7059,3229010.0,0.14586887923227848,0.665849980764762,0.9074404546460405,False
7060,3229082.0,-1.0449860780378668,0.12349596200240456,0.577325007552154,False
7061,3229357.0,2.218521331085512,0.0009651568024184894,0.09271484150666108,False
7062,3230962.0,0.05916300522675036,0.922180666594865,0.9798512045195563,False
7063,3231207.0,-0.18770020149283026,0.29103318462565275,0.7350314609379853,False
7064,3231534.0,-0.17053040918858278,0.33787170344407136,0.766317873147805,False
7065,3231628.0,0.5439073164512295,0.23756738985578416,0.6934129767065279,False
7066,3231672.0,-0.13707473472255777,0.587398752626693,0.8729366305191233,False
7067,3233292.0,-0.6894100434052186,0.027153611760607436,0.3488786074460197,False
7068,3234145.0,-0.4933907715332274,0.30780502333679155,0.7489210296021528,False
7069,3234461.0,-0.9067064926217965,0.0066271724242468475,0.208180668601501,False
7070,3234604.0,-0.34247235884316785,0.1624366051173941,0.6229694806320021,False
7071,3236204.0,0.11365347245519647,0.8390926964268964,0.9634460491893265,False
7072,3236851.0,0.37946631996788993,0.4234357976760031,0.8133064069190015,False
7073,3237063.0,-0.5048004761792152,0.2171965228962365,0.6770911517578009,False
7074,3237287.0,-0.270360122743594,0.3956920568509248,0.8001028237626238,False
7075,3239401.0,-0.02830253130259472,0.9615577545006236,0.9881227392065018,False
7076,3239619.0,-0.028341281359152523,0.9233333298574498,0.9799734065670097,False
7077,3240737.0,0.6625676080626977,0.01760855301351636,0.3032647161042293,False
7078,3241011.0,-0.964145246930076,0.15552471229292267,0.6165709215476722,False
7079,3242547.0,0.566656765625821,0.19577158582220655,0.6604255264025536,False
7080,3242643.0,0.6647628418280621,0.03753693009687201,0.3879166431386317,False
7081,3243409.0,0.5045249483832757,0.24136989788495503,0.6959599128476325,False
7082,3244148.0,0.9445822653655607,0.09140094987221309,0.5255874660721358,False
7083,3245194.0,1.0078931251667513,0.06939883475370479,0.4816723095247951,False
7084,3245641.0,0.6524463705161772,0.04375044483184783,0.41443018925325964,False
7085,3245914.0,0.30047566050028457,0.2168669469899928,0.6770465083624883,False
7086,3247890.0,-1.1229317262366691,7.598303551378189e-06,0.00485174029707119,False
7087,3248362.0,-1.630770310557145,0.00031635348496915057,0.05499224171915679,False
7088,3248855.0,0.08148752549523648,0.8424716627273227,0.9634460491893265,False
7089,3249588.0,-0.034304687928005506,0.9534189464946955,0.9856895243522245,False
7090,3250007.0,-1.3259760865112578,1.2160341639740105e-14,5.732538125949403e-11,True
7091,3250754.0,0.4925808973641382,0.00030998048404031603,0.05499224171915679,False
7092,3252201.0,0.6751190283542774,0.03705620237638652,0.3868356621865813,False
7093,3252448.0,-1.7531632825338757,0.00017784038372677002,0.04196646446421932,False
7094,3253711.0,0.3508665736505301,0.4286952596795503,0.8150308677539196,False
7095,3255560.0,-0.6225550957563623,0.35859079773905855,0.778968002693112,False
7096,3257071.0,-0.3226854509017712,0.09709727734797943,0.5343397413390395,False
7097,3257839.0,0.1591955259016756,0.7561337184289202,0.9380378872623919,False
7098,3259463.0,0.20442099819506282,0.5505865506029103,0.861556437479399,False
7099,3260293.0,-1.022478463112337,3.343163123543033e-05,0.015236875513345205,False
7100,3261296.0,-1.0175215164551146,3.368816327225103e-05,0.015236875513345205,False
7101,3262276.0,0.45626870403698805,0.09663259604664959,0.5336549598728427,False
7102,3262439.0,0.634041928457344,0.1361050614032135,0.5914413296764942,False
7103,3262842.0,-0.022693487331901158,0.9417652812005436,0.9828730052333334,False
7104,3265502.0,0.048192929326983075,0.9350121998846221,0.9809879530062575,False
7105,3267140.0,0.244353668531028,0.6321369767477816,0.8944013142071388,False
7106,3268362.0,0.15975428807181558,0.772769227826082,0.9437905004559092,False
7107,3268778.0,0.09296258015461159,0.46706568227490974,0.8318516335130318,False
7108,3268991.0,0.5548782350449741,0.3824024196762175,0.793872464971652,False
7109,3269167.0,-0.06059183641353011,0.9289118022008189,0.980469186391243,False
7110,3269428.0,-0.8997166922686115,0.0018062048442939803,0.12456309786565896,False
7111,3272280.0,1.4287453096484906,0.015725747182263335,0.28295890354088876,False
7112,3273667.0,-2.0507873162758687,0.0023235424593526697,0.14222085363559395,False
7113,3275133.0,-0.15850025538121407,0.21886546880418084,0.6770911517578009,False
7114,3276291.0,0.17416552043450825,0.1809443356936074,0.6428973882913612,False
7115,3276364.0,-0.14866512375011676,0.2582572896960736,0.7122316278740778,False
7116,3276839.0,0.35844996058811796,0.5715176137520994,0.8684576349724981,False
7117,3276979.0,0.528593712966125,0.31538719790471154,0.752394282767073,False
7118,3277250.0,0.42353305766555405,0.5389125032244139,0.858511186160994,False
7119,3277910.0,-0.9861078157209977,0.00047263867590897977,0.06577554906399968,False
7120,3277984.0,-0.9894860737582015,0.0004580092155048664,0.0645674030429263,False
7121,3280304.0,0.2657230177894543,0.6729857279885532,0.9087147321254088,False
7122,3280539.0,0.11302260135711845,0.7211280959439822,0.927948312245219,False
7123,3280757.0,-1.0146726805931443,4.1125526766004646e-05,0.016291404171117487,False
7124,3281877.0,0.5361923160793778,0.2602535588295836,0.7122316278740778,False
7125,3282331.0,0.11059133500063506,0.805787718212477,0.9551811963394444,False
7126,3284835.0,0.2454797414426133,0.6443142324402659,0.8987654097409585,False
7127,3285134.0,-0.17408621303092126,0.6692909462597467,0.9077811212642927,False
7128,3286160.0,0.17689831408159237,0.7650054194334444,0.9411867429947561,False
7129,3286326.0,0.29358771441798626,0.5995362022174183,0.8781156191211636,False
7130,3288270.0,0.19478949251810573,0.14032049036472935,0.5980286309026843,False
7131,3288400.0,0.2778809906203437,0.5864736334084619,0.8728332922247775,False
7132,3288468.0,0.1376607594099085,0.8034041778206344,0.9543395762452745,False
7133,3291112.0,0.5654482822197918,0.33255556970715755,0.7618284082437468,False
7134,3291679.0,-0.9876922069445386,0.0020389446783662295,0.13311946605479874,False
7135,3292508.0,-0.009442960335610318,0.9889341430393407,0.9964615355696689,False
7136,3293082.0,0.17793426787758154,0.7636845370473354,0.9409088660356646,False
7137,3293433.0,0.0037479862423308447,0.9902069377107443,0.9974218176556843,False
7138,3293974.0,-0.2570877281220563,0.37126231604205157,0.7869608090079658,False
7139,3296386.0,0.17216580298910447,0.7712148880693517,0.9427899639382522,False
7140,3296772.0,-0.23741822867089002,0.7261531875605665,0.9292022382127895,False
7141,3296982.0,0.5188001798549675,0.0693211380824964,0.4816723095247951,False
7142,3297705.0,0.5167255662470994,0.02415253849998299,0.3297808873173778,False
7143,3299003.0,-0.5381849492066726,0.019431936821292663,0.309130278013131,False
7144,3299612.0,-0.09580561761656992,0.841459215643994,0.9634460491893265,False
7145,3299628.0,-0.48917498290295325,0.4382688423117667,0.8204682003541401,False
7146,3301036.0,-0.7386025794262194,0.27638870026026496,0.7259088781978396,False
7147,3301279.0,0.5071212203325834,0.031894170487504585,0.36909511795507705,False
7148,3301390.0,-0.535131264380168,0.023883342875103207,0.3281884997577484,False
7149,3301629.0,-0.4029414582748938,0.0799626196115979,0.5037691444479948,False
7150,3302200.0,-0.3392062420325459,0.1535308146313898,0.6136508535657775,False
7151,3302290.0,-0.48662195217665005,0.3336104732546576,0.7627088641910927,False
7152,3302489.0,-1.4701488485269787,0.018255451773695842,0.30355434210359833,False
7153,3303078.0,0.5200791922980411,0.023185006358640507,0.3239037889614449,False
7154,3303111.0,-0.15444905998955877,0.3462239903417767,0.7714166572074814,False
7155,3303218.0,-2.0339086521583933,0.0025049578531913283,0.14246841960502432,False
7156,3303418.0,0.4724235832158224,0.040896845528474626,0.4035156388590901,False
7157,3303460.0,-0.04716573381689171,0.8316120431402716,0.9618698698228715,False
7158,3303922.0,-0.5291475641428464,0.02163958391330644,0.3174293018634343,False
7159,3304552.0,-0.5263091266818276,0.022951665694306657,0.32375771529433595,False
7160,3304571.0,0.059333050111889316,0.786825878332693,0.9498033211865775,False
7161,3304837.0,1.1421080538984996,0.04085341127007086,0.4035156388590901,False
7162,3304910.0,-0.510537512018544,0.028806554737759272,0.35760177717203856,False
7163,3306927.0,1.1149833683062829,0.03593664997780269,0.37993156735967887,False
7164,3307220.0,-0.4811786258866091,0.3391052538634412,0.7672743434313809,False
7165,3307406.0,0.3321746441759197,0.02483772377594386,0.3357577728367006,False
7166,3308718.0,-0.3173455447128595,0.3314021988909861,0.7617844042151167,False
7167,3309138.0,-0.19950473537722385,0.7047848804569807,0.9209202977321242,False
7168,3309309.0,-0.22468768381477783,0.1302431854017631,0.587612131447742,False
7169,3309714.0,0.35157869180319007,0.4571559015461481,0.8283136890808609,False
7170,3309768.0,0.07300702828573484,0.8023094775377771,0.9542387816644899,False
7171,3310279.0,0.1262459388553714,0.6666279725665193,0.9074404546460405,False
7172,3310831.0,0.20860466126666383,0.12816388602529105,0.5835262347570614,False
7173,3311353.0,0.797050146027118,0.1540111683804191,0.6142416843076545,False
7174,3312313.0,-0.879100913732481,0.06189172657483425,0.459403250215743,False
7175,3312450.0,-0.2735467735875876,0.06701798812593827,0.4747319460720438,False
7176,3312517.0,-0.28075923409361525,0.05934860072844368,0.4539188713640068,False
7177,3312956.0,-0.4858152021400679,0.034414522837090865,0.37925852324530085,False
7178,3313012.0,-1.528333696671981,0.002530870135961143,0.14246841960502432,False
7179,3313303.0,0.06177000496716245,0.8321172250867764,0.9619097328765415,False
7180,3313698.0,0.6652097907870871,0.32663132270445555,0.759576575611863,False
7181,3313871.0,0.17961212028951254,0.18706903391086416,0.6502451897767909,False
7182,3314670.0,-0.12572127841414876,0.7928288446612549,0.9514150539393013,False
7183,3314857.0,0.28907542689161714,0.0703537889944636,0.4840226752059346,False
7184,3315217.0,-0.5563687106976014,0.014757197857707101,0.27699491685731387,False
7185,3315448.0,-0.9831502946238666,0.01944038928175338,0.309130278013131,False
7186,3315621.0,-0.8763598951608041,0.06285211770723746,0.4609863092649072,False
7187,3315636.0,-0.07854285674124821,0.6745127042068858,0.909321074121257,False
7188,3315657.0,0.15551176474548453,0.2579952473465821,0.7122316278740778,False
7189,3315961.0,-0.3980467725236924,0.08722154017141406,0.5194262955034968,False
7190,3316392.0,-0.02548157878815729,0.8533703227479819,0.9657054455551027,False
7191,3316817.0,0.06736933437786888,0.7787064951683953,0.9463334656989087,False
7192,3317138.0,-0.002060359546120105,0.9947148374055665,0.9978514955244303,False
7193,3317957.0,0.08990664190383119,0.6016405312741695,0.8783377205232169,False
7194,3318243.0,0.7420995861306472,0.000362756949442057,0.05500778684363327,False
7195,3319364.0,0.15442916964709671,0.25246466648719523,0.7084776483854288,False
7196,3319602.0,-0.15570351457859366,0.6178724616235118,0.8859980939132391,False
7197,3320127.0,0.013082030475868252,0.932449712853402,0.980788917928651,False
7198,3320832.0,0.07729504352190628,0.7363607679930588,0.9329803613029483,False
7199,3321252.0,-0.17923468595502892,0.5641750385253324,0.8660458905485552,False
7200,3321378.0,0.06304598480073761,0.6836630753519323,0.9119708047766516,False
7201,3321519.0,-0.017651268335105386,0.9389443004150624,0.9820301397324517,False
7202,3322160.0,-0.06284667400103044,0.6860249333383772,0.9130456904595493,False
7203,3322234.0,-0.21601469912362306,0.4018099364926354,0.8033978376547353,False
7204,3325302.0,0.21376483341663166,0.12226021143431903,0.5752642371562778,False
7205,3325388.0,0.22897443495474212,0.0972323957456762,0.5344089396553494,False
7206,3325513.0,-0.21768839061492623,0.11479594101583196,0.5656211101797148,False
7207,3325826.0,-0.23381867021304853,0.09070854864484504,0.5251168311226758,False
7208,3326200.0,0.23502749562499564,0.08832002994023667,0.5200696605336262,False
7209,3326321.0,0.3042406194315809,0.26085640025823986,0.7124465012781267,False
7210,3326383.0,-0.1518549530974225,0.6718156309064319,0.9082390842215285,False
7211,3326444.0,-0.23130657499343157,0.09012084857234665,0.5231170377239927,False
7212,3326703.0,0.23311346770570568,0.08746903836674998,0.5199287688748503,False
7213,3327165.0,0.26275769815948147,0.055742312921506984,0.4459195218434067,False
7214,3327172.0,0.23414545000031078,0.08722924496637408,0.5194262955034968,False
7215,3327181.0,0.21219764802319707,0.12210944549432337,0.5750533756359567,False
7216,3329013.0,0.33221280185632024,0.01776999088328745,0.3032647161042293,False
7217,3329895.0,-0.29290087052153607,0.03329895212475485,0.3752948321056626,False
7218,3330009.0,-0.3252952621896304,0.01880795784100341,0.306548309431736,False
7219,3330735.0,-0.3056313956688316,0.3965026048729759,0.8003041606352088,False
7220,3330888.0,0.3170693506942261,0.021379761437799804,0.31690116749484026,False
7221,3331151.0,-0.3343024513876912,0.015116770940159792,0.28098039136204545,False
7222,3331744.0,-0.3195791078148343,0.019985795029900152,0.31006814852992776,False
7223,3332819.0,-0.11080387291872726,0.8436391853153948,0.9637209480841885,False
7224,3332959.0,-0.2429945720787667,0.07380817929339127,0.4916202179950721,False
7225,3333152.0,0.25247576129963134,0.06095180841681623,0.45814253402134286,False
7226,3333234.0,-0.047597931731607965,0.7539496704160479,0.9371491666513454,False
7227,3333485.0,-0.28587140440611003,0.03612328217129057,0.38106727693815273,False
7228,3333513.0,0.5548211019842737,0.34866182003410007,0.7738855824304457,False
7229,3333696.0,0.21840568427812573,0.10817778870030373,0.5527222026157121,False
7230,3334459.0,0.01679059145634324,0.9129381532988188,0.9780701902779048,False
7231,3334999.0,-0.04378333625492603,0.839257375158144,0.9634460491893265,False
7232,3335294.0,0.20907978799840546,0.12785938534854782,0.5829120655012543,False
7233,3335862.0,-0.364736844773101,0.2538497886947072,0.7090940443337742,False
7234,3336328.0,0.23136890274125854,0.08872941225257273,0.5200935113550931,False
7235,3336980.0,-0.2822628042238643,0.03766597345629828,0.3879166431386317,False
7236,3337280.0,-0.38808900637935795,0.08273534073254175,0.5105145199453318,False
7237,3337411.0,0.28530468265952225,0.03477863745034833,0.3798009150136128,False
7238,3338565.0,-0.29894349894171107,0.027720952392190606,0.3503037697523039,False
7239,3338668.0,0.22349197695312356,0.7022192554753249,0.9194921614215502,False
7240,3339124.0,-0.2640086267196634,0.05215011696293509,0.44034399711352207,False
7241,3339702.0,0.2608627368314228,0.05705537829450656,0.45013779640416013,False
7242,3340116.0,-0.1400013617962222,0.7127215870286112,0.924213693369439,False
7243,3340724.0,-0.3059543968320268,0.6553654995359663,0.9042157216790326,False
7244,3340937.0,0.32497225013905684,0.018129404803214948,0.30355434210359833,False
7245,3341498.0,0.37617799238571703,0.005641438824808524,0.19095669328054907,False
7246,3341512.0,0.005131724966673648,0.9923301215875614,0.9975037404519534,False
7247,3341845.0,0.3305360270668585,0.015632212259949808,0.28291725016978597,False
7248,3341924.0,-0.24584526540743334,0.32170313336950024,0.7566820179254442,False
7249,3342077.0,-0.30738687504035855,0.023434774841661177,0.3254809173661847,False
7250,3342377.0,0.33309878081266003,0.013226684418734522,0.26786503612940904,False
7251,3343311.0,-0.3498433447318803,0.009761543395322403,0.24216297347177232,False
7252,3343735.0,0.24358896253126977,0.6989307518141261,0.9184229585758176,False
7253,3343802.0,-0.3446485054013198,0.01047476748479446,0.24772026371992126,False
7254,3343888.0,-0.3438762990141844,0.011413698565097748,0.25614659722432875,False
7255,3344313.0,0.6730296241479795,0.0038399941586498678,0.16606827327547535,False
7256,3345384.0,-0.24798936254041176,0.3387742119856354,0.7672743434313809,False
7257,3346318.0,0.014046062856607838,0.9530947073296332,0.9856895243522245,False
7258,3347073.0,-0.0011637699815537222,0.9962624170285984,0.998096131388434,False
7259,3347147.0,-0.09077115783434794,0.7969596116917372,0.9520189925072969,False
7260,3347898.0,-0.0984664681553452,0.4913783409584074,0.8416607559696396,False
7261,3348720.0,-0.2570662385681616,0.07406820449912098,0.4916202179950721,False
7262,3349806.0,0.21251662667885576,0.6648845139553907,0.9073242860276302,False
7263,3350094.0,0.6847337377056292,0.312625052141777,0.7509504184551868,False
7264,3351001.0,-1.0551190045845587,0.0017789319331932146,0.12456309786565896,False
7265,3351131.0,0.24849111450164107,0.21149981734773043,0.6724051529089434,False
7266,3351213.0,0.15423328246002488,0.34121675275643903,0.7681268874266167,False
7267,3351648.0,0.5660083547983256,0.4067058433709546,0.8057808041277831,False
7268,3352334.0,0.34186542872758324,0.06764537935680903,0.47557680888481996,False
7269,3353974.0,-0.32571655431975133,0.0694827524931063,0.4816723095247951,False
7270,3354190.0,0.07540336289253617,0.738993870392661,0.9335765787936011,False
7271,3354237.0,0.464060772577253,0.3650630256897547,0.7829325859158677,False
7272,3354513.0,0.2817906092008541,0.15320742704417137,0.6136508535657775,False
7273,3354805.0,0.34562421208948974,0.07402999876260301,0.4916202179950721,False
7274,3354991.0,0.37701685674431745,0.057906524071960896,0.45051770430305504,False
7275,3354994.0,-0.25792576610285056,0.18417855398058444,0.6461726578730589,False
7276,3355009.0,-0.09445533335205564,0.8616746747048948,0.9674851365804226,False
7277,3355885.0,-0.3666858621652397,0.29494409410895545,0.7369182678261526,False
7278,3356242.0,0.2530037606123652,0.22673977775915513,0.6857788485861324,False
7279,3356553.0,0.27963433300811547,0.14704460422748208,0.6064697797232529,False
7280,3358831.0,0.3629831007258776,0.07581667050835186,0.4930475440580916,False
7281,3359745.0,-0.05894638889532845,0.8102672546863048,0.9562991422300517,False
7282,3360038.0,0.5008344983451722,0.3261859127015757,0.759576575611863,False
7283,3360668.0,-0.07292178435099522,0.7606307798213541,0.9400906539866138,False
7284,3361826.0,-0.28910119775066156,0.13505368636620688,0.5913217812067733,False
7285,3364224.0,-0.9169348905965963,0.05138819184992729,0.43681975139464424,False
7286,3364897.0,-0.20807741432921237,0.26030360012206905,0.7122316278740778,False
7287,3365196.0,-0.10869151971590814,0.7324860207884349,0.9324831143734252,False
7288,3365520.0,-0.20631985484559284,0.1599732276304683,0.6204968918736582,False
7289,3365789.0,0.2328660636487219,0.1861833584742552,0.6496272194048349,False
7290,3365886.0,0.01983872315184823,0.9341173264088002,0.9808384810332593,False
7291,3366144.0,-0.02556794389302039,0.9151177486248663,0.978212828448341,False
7292,3366853.0,-0.041776780749595926,0.8617166849816709,0.9674851365804226,False
7293,3367087.0,0.17879468314690447,0.49023739729106536,0.8411834771936298,False
7294,3367361.0,0.5688985215313785,0.36680087591273625,0.7834757001245085,False
7295,3368038.0,0.5971012172921999,0.19055418610967972,0.6542282527963084,False
7296,3368184.0,0.23495711537303737,0.1844318444852171,0.6464345081972979,False
7297,3369511.0,0.04772439936999398,0.8465332636125789,0.9648673002718204,False
7298,3369974.0,0.002562602957602772,0.9917876730241356,0.9974218176556843,False
7299,3370005.0,-0.029644554416987934,0.9057222683044801,0.9765741420034114,False
7300,3370179.0,0.278914674523931,0.6831801154823742,0.9119708047766516,False
7301,3370635.0,-0.007431809810482901,0.9752065768573693,0.9914577565214744,False
7302,3370824.0,-0.04447643914015581,0.9261750868260288,0.9804593882871604,False
7303,3371283.0,0.3800909232725314,0.06213550239988116,0.45993818632174055,False
7304,3371372.0,-0.01546020206952381,0.9499936189216653,0.9850206068769393,False
7305,3371401.0,-0.15991065365855428,0.2727040809385053,0.7219319020726165,False
7306,3372417.0,-0.022576198894967807,0.9211423070751864,0.9795258369221345,False
7307,3374144.0,-0.013404119862063746,0.9808677160119976,0.9935840893784088,False
7308,3374511.0,0.0983235336630188,0.711192372708238,0.9238789135102654,False
7309,3374857.0,0.1571809516625805,0.803112570922909,0.9543395762452745,False
7310,3375127.0,0.14681271482942002,0.3555284032239428,0.7761545531572818,False
7311,3377482.0,-0.15639131653236837,0.3176885881291234,0.753607872408574,False
7312,3377819.0,-0.031883557462565076,0.9544987858747178,0.9860306332253544,False
7313,3379029.0,0.05862076833781586,0.8595860596868197,0.9673232388078283,False
7314,3379454.0,0.28512407661032513,0.67663319231915,0.909321074121257,False
7315,3380404.0,0.06028359189825867,0.7014295790477167,0.9191081938598813,False
7316,3381409.0,0.3338162451040364,0.4210897646272039,0.8119882707974855,False
7317,3381571.0,0.09218026403400562,0.6158110343316782,0.8848477049425529,False
7318,3382127.0,0.030526452344112866,0.9297152321120142,0.980469186391243,False
7319,3382336.0,-0.10107965997797172,0.48012755517035177,0.836275241861246,False
7320,3382901.0,0.17576665808710817,0.22116254545462738,0.6780958909977832,False
7321,3382904.0,0.06008522416056583,0.8154968837104708,0.9566536178841201,False
7322,3383211.0,-0.38316143706099587,0.22194909425508913,0.6788552882893752,False
7323,3383967.0,0.057035468642684835,0.824460878722748,0.9599402379636844,False
7324,3386022.0,0.0981417053765692,0.4984625001046529,0.8463587634741259,False
7325,3387215.0,0.5939388365609606,0.09163182067729939,0.5262769383344365,False
7326,3387313.0,-0.06357199525124672,0.8945616149503541,0.9731317579651948,False
7327,3387741.0,0.4327536952290367,0.4158469775099706,0.8099375198722394,False
7328,3388177.0,-0.01234034123863427,0.9304706783728098,0.980469186391243,False
7329,3388321.0,0.083999134303402,0.8882043673669382,0.9715554662941385,False
7330,3389440.0,-0.13685315785793195,0.5941095013623722,0.8756136496013212,False
7331,3390033.0,0.05570859317388896,0.6899059451076431,0.914845960682075,False
7332,3391541.0,0.16612687775938276,0.7666854159937753,0.9414445916982388,False
7333,3392634.0,-0.2562678870668858,0.1790231170511428,0.6413924896941977,False
7334,3392672.0,-0.5401713910210175,0.42617195127023233,0.8133064069190015,False
7335,3392974.0,-0.12474707685606941,0.37631737100002277,0.7916020062577429,False
7336,3392979.0,0.046474711620017706,0.9238105717336783,0.9800190865591428,False
7337,3393145.0,0.02365602242271017,0.9587926981843334,0.9873020343655967,False
7338,3394547.0,-0.016856609752972748,0.9041602603643711,0.9763887411714335,False
7339,3395155.0,0.4978884310302796,0.32870734377341826,0.7599674902519037,False
7340,3395680.0,-0.0002452430355788793,0.9991794422886129,0.9994556621860388,False
7341,3396211.0,0.40047464856599235,0.18694534758827994,0.6502451897767909,False
7342,3396771.0,-0.411972864749212,0.04948570334546871,0.43042091837966207,False
7343,3397114.0,0.01626475976370933,0.924134963296613,0.9800200299516154,False
7344,3397823.0,-0.06983317454229021,0.9180123492515845,0.9788129094519167,False
7345,3398108.0,-0.1320506916958425,0.8074816316269977,0.9557632950564722,False
7346,3399885.0,0.004203173353379823,0.9750016004906699,0.9914577565214744,False
7347,3399893.0,0.07726490628457876,0.7226938533052653,0.9281001315583913,False
7348,3399994.0,0.02571793242033244,0.8479693820541278,0.9651890482210258,False
7349,3400376.0,0.06944981777228176,0.6045747787709664,0.8799489438936499,False
7350,3400917.0,0.2157425824754074,0.48230759700895853,0.8375570922781171,False
7351,3402226.0,0.6386685135788026,0.012352510772691911,0.26084895172462486,False
7352,3402271.0,-0.664838187389484,0.00987603325527182,0.24254375788682264,False
7353,3402730.0,-0.02918939448726893,0.837334073966687,0.9634460491893265,False
7354,3402923.0,1.0884899342792038,0.11190959676306843,0.5600856422418181,False
7355,3403018.0,0.13998943084977186,0.8027886416271353,0.9542387816644899,False
7356,3403050.0,0.05680936947951571,0.7002172934659618,0.9188842278826768,False
7357,3404065.0,0.08742813105506655,0.514950808616628,0.8523183003093502,False
7358,3404120.0,0.03233060355999027,0.8132501443323923,0.9562991422300517,False
7359,3404214.0,-0.668146484659991,0.008237176621549422,0.22963888841765243,False
7360,3404243.0,0.10299809931521842,0.47087266687274854,0.8335061780771449,False
7361,3404548.0,-0.7007844583109566,0.006032468336963268,0.1984341420846466,False
7362,3404565.0,0.7850351919583818,0.05197622050309803,0.43975204486448105,False
7363,3405379.0,-0.2650796802388964,0.34474780838992525,0.7707499487560887,False
7364,3405714.0,-0.6528521675498646,0.11090371467798213,0.5584297938309538,False
7365,3406219.0,0.6416868763927719,0.17312767964677653,0.6338896334166126,False
7366,3406314.0,-0.046741523774314474,0.8548256416366037,0.9659781140737989,False
7367,3406554.0,0.09431158164534134,0.5122797711464919,0.8509253122869426,False
7368,3407556.0,0.4486747951449791,0.21613898568073953,0.6765068467568709,False
7369,3407949.0,0.47780319629919255,0.1877920004844473,0.6512722572711424,False
7370,3408617.0,-0.1643040421574985,0.2531967224704915,0.7084776483854288,False
7371,3410225.0,0.603014794429485,0.08680356938228041,0.5194262955034968,False
7372,3410235.0,0.008291800988175002,0.9855569558869004,0.9949982102076176,False
7373,3410250.0,-0.00958971297195408,0.9470727611769852,0.9838550078187603,False
7374,3410284.0,0.3811427254591786,0.2957440902555491,0.7375344037079928,False
7375,3410556.0,-0.17573165979222688,0.2108289172235752,0.6724051529089434,False
7376,3410605.0,0.09759877485695188,0.48937718503422667,0.8411834771936298,False
7377,3412807.0,-0.4584500303185547,0.41703019707674804,0.8099428239619001,False
7378,3413036.0,0.2540489724863947,0.41222518432691535,0.8072712206149497,False
7379,3413642.0,0.17823515865794093,0.7819762404019812,0.9479955427254306,False
7380,3414189.0,0.16298742813823375,0.7711851949912175,0.9427899639382522,False
7381,3415326.0,-0.06698705715571283,0.7486723065626614,0.9361117074520717,False
7382,3415341.0,-0.006272502021807874,0.9637359497559267,0.9881742160361477,False
7383,3416171.0,0.0021089365895430243,0.9877371250977178,0.9956035955700469,False
7384,3416195.0,-0.027623613354898623,0.8402266029150083,0.9634460491893265,False
7385,3416325.0,0.13416423249410978,0.5263869214128144,0.8548586987933043,False
7386,3416905.0,0.28858042378645676,0.6729074532242872,0.9087147321254088,False
7387,3417075.0,-0.5188349666767071,0.4447225117132747,0.8232367525618602,False
7388,3417146.0,0.6859069917652426,0.31184425596480014,0.7502370120784365,False
7389,3417306.0,0.05602152822099066,0.9341232811535546,0.9808384810332593,False
7390,3417704.0,-0.7837459274070274,0.21341865767214727,0.6739893844766512,False
7391,3418014.0,0.3384089080441669,0.47146272993032423,0.8335061780771449,False
7392,3418390.0,0.02031662467139194,0.8843630829391945,0.9715554662941385,False
7393,3418624.0,-0.13759369975954844,0.6542917119876709,0.9034902090861426,False
7394,3419828.0,0.17734594439680573,0.30470103455600767,0.7474970136741516,False
7395,3420155.0,-0.06490796243300245,0.8381826230006789,0.9634460491893265,False
7396,3422126.0,-0.014740945434396503,0.9421357769341958,0.9828967161707438,False
7397,3422205.0,0.13833888875947392,0.5699084648210364,0.8683622515454004,False
7398,3423253.0,0.24662029307791788,0.4778613622053425,0.836275241861246,False
7399,3423780.0,0.3636091413058409,0.44173970097029075,0.82163887149289,False
7400,3423892.0,0.1864363732450637,0.3502454037291456,0.7739033942340068,False
7401,3424285.0,0.19535567672306775,0.3144974383199091,0.752394282767073,False
7402,3424678.0,-0.39197307544046806,0.2723261633059487,0.7217042242885922,False
7403,3425493.0,-0.4065018804197236,0.25465357582686415,0.7102426941419862,False
7404,3426173.0,-0.19552001438733876,0.18909652370438337,0.6529095534967965,False
7405,3426218.0,0.08767032857933396,0.7977436458123263,0.9522501660306659,False
7406,3426852.0,0.3964763535196363,0.2665618148743238,0.7171074350584349,False
7407,3426917.0,0.36192969341858217,0.32981335845332305,0.7604559127953795,False
7408,3427076.0,-0.14356269148488227,0.6661389006689589,0.9074404546460405,False
7409,3427315.0,-0.013373471671016865,0.9433150791426219,0.9831921763937949,False
7410,3427355.0,0.5564164773647777,0.0794330372338381,0.5015972188326426,False
7411,3427613.0,0.2552541215711338,0.5806517298231194,0.8714113392373765,False
7412,3427680.0,0.014465863226573774,0.9298627853148506,0.980469186391243,False
7413,3428015.0,-0.04982286039522347,0.778978230035875,0.9463806124787485,False
7414,3428230.0,-0.5468234942049539,0.3496209024632801,0.7738855824304457,False
7415,3428557.0,0.24567660267811575,0.6743089357674843,0.9092699997212474,False
7416,3428683.0,-0.20155550219040697,0.6170519140379901,0.8854690505319883,False
7417,3429689.0,0.015747740509357636,0.9323499264978404,0.9807789952644692,False
7418,3429931.0,0.014153763885353512,0.9401308650221755,0.982390576923577,False
7419,3430711.0,0.16575246600403443,0.359138029744388,0.779489369616317,False
7420,3432198.0,0.31732721496412153,0.10122736488833073,0.5424143508276277,False
7421,3432866.0,0.3483401803307573,0.07036276199677244,0.4840226752059346,False
7422,3433253.0,-0.491080976027195,0.4072940720227011,0.8058149066097496,False
7423,3433507.0,-0.12285672433962178,0.8355303064631314,0.9634460491893265,False
7424,3434058.0,-0.30106459512729233,0.1213402563649415,0.5740413378029969,False
7425,3435395.0,0.03642813907034813,0.9511429192286235,0.985092740451518,False
7426,3435619.0,0.34786804711309083,0.07080779607616382,0.4852390318224484,False
7427,3435920.0,0.12061416896203445,0.48795862332485695,0.841153810601986,False
7428,3436301.0,-0.14365946082652728,0.5936037060741037,0.8756136496013212,False
7429,3437645.0,-0.21652088519611906,0.4862680048471873,0.8395799574703702,False
7430,3437798.0,0.6105091930449651,0.27805070882390254,0.7270462346020906,False
7431,3438579.0,0.3464197893122579,0.01739161430428197,0.30205755723676925,False
7432,3439006.0,0.33152808052798544,0.07008661187203276,0.4840226752059346,False
7433,3439014.0,0.6865130923024533,0.31151520467765237,0.7500706636249796,False
7434,3439298.0,-0.382341763752722,0.009713972639216131,0.24216297347177232,False
7435,3439359.0,0.24495202605379718,0.6977779128903355,0.9180098543153365,False
7436,3439670.0,0.2853147468875655,0.4387605698036499,0.8206754391865764,False
7437,3440378.0,-0.22663998001382915,0.16230198923983868,0.6229694806320021,False
7438,3441575.0,1.1474260132339362,0.02364278393953593,0.3260445224241004,False
7439,3443225.0,0.24588621817885342,0.7190040768929937,0.9267499743799983,False
7440,3443411.0,-0.438148443144764,0.0193316119813766,0.30860692916941174,False
7441,3443482.0,0.32655245954833256,0.07630028156216415,0.4941763462752338,False
7442,3443923.0,0.40765724511413587,0.27036567927294475,0.7190014144831173,False
7443,3446788.0,-0.0966141427593873,0.8106991794819478,0.9562991422300517,False
7444,3446965.0,-0.2690457349553854,0.16402641094938822,0.6250485696386469,False
7445,3447512.0,0.4297212902121309,0.24525786162375357,0.6995606337432736,False
7446,3447847.0,0.1322959194727243,0.5346310453326618,0.8576105784226076,False
7447,3448133.0,-1.0544905673360918,0.02042107912981087,0.3130943699916624,False
7448,3448200.0,0.23927095585216918,0.21992346159584894,0.6770911517578009,False
7449,3448201.0,1.2841892771228491,0.04086061481152309,0.4035156388590901,False
7450,3449393.0,0.7232076176652886,0.08917945164762799,0.5208992735599512,False
7451,3449397.0,-0.33260295502174153,0.023288337434894047,0.32451207041819624,False
7452,3449700.0,1.285325726537331,0.04080221544427119,0.4035156388590901,False
7453,3451416.0,0.04888570330754011,0.8807319606470648,0.9715554662941385,False
7454,3451478.0,0.6511736489167819,0.27343867446508896,0.7228476083555494,False
7455,3451482.0,0.12868284517717243,0.6222685574879234,0.8885458026218638,False
7456,3451759.0,0.37802359671695696,0.314033830325257,0.752394282767073,False
7457,3451838.0,0.18659097091389254,0.37921401296527296,0.7928914498036046,False
7458,3452813.0,-0.019669006547463175,0.9749151595526312,0.9914577565214744,False
7459,3454335.0,0.2516390161128733,0.3873509308780613,0.7959829187679452,False
7460,3456436.0,-0.0878310992125122,0.6442872770950038,0.8987654097409585,False
7461,3456764.0,-0.9363318849178613,0.16769515475436692,0.6295588263167692,False
7462,3456828.0,-0.9094516250882836,0.08428887460744651,0.5160494832847331,False
7463,3457147.0,-0.10357663590819448,0.5932504337595447,0.8756136496013212,False
7464,3458287.0,-0.044392842655567574,0.920183667454791,0.9792542104379494,False
7465,3458408.0,-0.48941468809649263,0.4702417139195957,0.8335013921685116,False
7466,3459852.0,-0.9032188876007443,0.03542149570218363,0.37993156735967887,False
7467,3459978.0,0.3209136860618461,0.5477485888781936,0.8614159882464039,False
7468,3460594.0,0.30787010593558295,0.3100789412147302,0.7497303448026011,False
7469,3461293.0,-0.5489748984765132,0.41878890411831204,0.8106357724948257,False
7470,3461509.0,-0.30926100615681157,0.6517761629530306,0.9017600116676404,False
7471,3461768.0,0.041452658348601706,0.8350785222697158,0.9634155977508518,False
7472,3462111.0,0.1626263699704355,0.4447120835745277,0.8232367525618602,False
7473,3463865.0,0.2568161671019575,0.36719622533939317,0.7836090035992315,False
7474,3464256.0,0.17115931618735988,0.5192199970263155,0.8525582078680625,False
7475,3464711.0,0.25464836630214677,0.37133240568759107,0.7869608090079658,False
7476,3464900.0,-0.04698822468768979,0.8080374473540827,0.9557858222761869,False
7477,3465182.0,0.1754792775151472,0.24335031880507754,0.6976354542208155,False
7478,3465344.0,0.1043042650741351,0.6941731971413622,0.9172129010340102,False
7479,3465669.0,0.14845582749605896,0.4775086839563101,0.836275241861246,False
7480,3465922.0,0.20569630665134594,0.22498141908394403,0.683699133302411,False
7481,3466064.0,0.16183638734792818,0.3413933987365594,0.7682059169331161,False
7482,3466114.0,-0.24439705690812497,0.10332907377459298,0.5468780195969359,False
7483,3466252.0,0.5585525673607984,0.17786600544325182,0.6405890806524547,False
7484,3466505.0,0.12948149363521966,0.5374123687926826,0.858511186160994,False
7485,3467133.0,0.6549953269433992,0.16462982667013326,0.6250535814420386,False
7486,3467189.0,-0.18502362152867718,0.2882308279250229,0.7336391967546332,False
7487,3468716.0,-0.21881023245659734,0.20961975543560177,0.6717455762185766,False
7488,3469689.0,0.2643977011182016,0.13349409625458603,0.5913217812067733,False
7489,3470733.0,-0.24913307465382356,0.08796645995600887,0.5200696605336262,False
7490,3470754.0,0.265298728971157,0.10690228371817541,0.5513261278046694,False
7491,3470772.0,0.4862611732556854,0.24534567781304858,0.6995606337432736,False
7492,3470983.0,0.4777770413626091,0.25401238189434566,0.709183231857799,False
7493,3472546.0,0.004477664617571812,0.9824248839353834,0.9943330643467214,False
7494,3473104.0,0.36082925370574526,0.08208776799574657,0.5094698236671408,False
7495,3473145.0,0.4828971474381559,0.24827009396300706,0.702567772741966,False
7496,3474123.0,0.19950775159314096,0.6575890862127604,0.9047058974448053,False
7497,3475643.0,0.07472854623993372,0.7021791201689052,0.9194921614215502,False
7498,3475919.0,0.14056100779265157,0.6365940592017891,0.896530375835228,False
7499,3475964.0,1.8673404848345103,0.0029646174723949757,0.1502138890437682,False
7500,3476113.0,0.5721248598938455,0.4013788372090592,0.8033822962592488,False
7501,3476658.0,-0.2349076185822422,0.44918434200129637,0.8253416279483335,False
7502,3476815.0,-0.8034724712967343,0.04410780453055099,0.41532943959633417,False
7503,3477388.0,-0.1881008663717117,0.738125189526136,0.9335765787936011,False
7504,3477426.0,-0.2516014204796229,0.08865580273029969,0.5200935113550931,False
7505,3478120.0,0.10595892933985804,0.8423472373074038,0.9634460491893265,False
7506,3478978.0,-0.04946025963111192,0.9333110472324553,0.9808384810332593,False
7507,3479090.0,0.9108645279662742,0.15566087381014126,0.6165709215476722,False
7508,3479819.0,-0.2485881615913176,0.24708587146259248,0.7013519695844509,False
7509,3479835.0,0.20531990656396934,0.6075128892823346,0.8818544856501397,False
7510,3479973.0,-0.4353473683101955,0.11598426800000018,0.5677423316288577,False
7511,3481486.0,0.24348046154640016,0.5517576182265683,0.8623130341197923,False
7512,3481895.0,-0.16205619047466632,0.30059443036922706,0.7426419360409551,False
7513,3482795.0,0.14816398734523614,0.2821789289307718,0.730864298149255,False
7514,3483621.0,-0.1676070898633527,0.28782254409177266,0.7336391967546332,False
7515,3483627.0,-0.1928506247979525,0.416614509514949,0.8099428239619001,False
7516,3484884.0,0.05128453561635499,0.7270464264189731,0.9295746712341523,False
7517,3484984.0,0.2229215691344036,0.5083188693092461,0.8492966548932642,False
7518,3485168.0,0.23472448837269727,0.5848978665965109,0.8728080530408184,False
7519,3485600.0,-0.2397580818273527,0.7237319418700607,0.9282345498935555,False
7520,3487369.0,0.24048431912606746,0.41609109102164343,0.8099375198722394,False
7521,3488607.0,0.09824097818499744,0.8472280389593252,0.9651233458813595,False
7522,3488613.0,0.6026950244999282,0.3767932835690106,0.7917698564813739,False
7523,3489483.0,0.17114820106798864,0.24905083399459874,0.704205991927942,False
7524,3489506.0,0.3534335032065672,0.48961340181373586,0.8411834771936298,False
7525,3489642.0,0.25713289844314857,0.21284425451771669,0.6737196449899513,False
7526,3490034.0,0.17259838868413077,0.592337775258102,0.8751488560965182,False
7527,3490347.0,-0.17778734925152342,0.2856189773826974,0.7325138149165897,False
7528,3492605.0,0.17462234721015216,0.5847398596841608,0.8728080530408184,False
7529,3492870.0,0.18431884492832984,0.6678600362516415,0.9076534063952338,False
7530,3493117.0,0.3053899422904791,0.23830156290787488,0.6935022695348476,False
7531,3493158.0,0.3303796994673993,0.20215577807994253,0.6669182094059218,False
7532,3493407.0,0.12758634714904032,0.6435064284225087,0.8987654097409585,False
7533,3494216.0,-0.28570005920842234,0.08082134393763404,0.5065333074151371,False
7534,3494431.0,0.13024036089669883,0.4449159511989898,0.8232367525618602,False
7535,3494661.0,0.25081249604648614,0.49807015054914744,0.8463587634741259,False
7536,3495180.0,0.4840619858242231,0.28883316836213696,0.7337430476412349,False
7537,3496372.0,0.19855829793026136,0.49870624733483804,0.8463587634741259,False
7538,3496899.0,0.3592348275328664,0.12082183451895263,0.5737187286540817,False
7539,3497372.0,0.09229937019539293,0.7379752307600795,0.9335765787936011,False
7540,3497621.0,0.3664912930225735,0.27777198176330886,0.7270462346020906,False
7541,3498016.0,1.0287073801643931,0.10192764381444548,0.5434305371344822,False
7542,3498266.0,-0.06492801308510332,0.9125341321521575,0.9780701902779048,False
7543,3500691.0,0.5835516868794405,0.15901785944672858,0.6204968918736582,False
7544,3500811.0,-0.33130344667488726,0.09785723804655978,0.5359436523690244,False
7545,3502544.0,-0.12144479311651386,0.6242036162246288,0.8896815711292267,False
7546,3502784.0,-0.3954456920228189,0.5625244920580309,0.8656369947958499,False
7547,3504378.0,-0.5051571041281935,0.05365857659203382,0.44345506312400756,False
7548,3505595.0,0.16726663300251166,0.27936095928452354,0.727917495744621,False
7549,3506386.0,0.3267012060251908,0.05714328070909677,0.45013779640416013,False
7550,3506664.0,0.5088098157386627,0.35661677895359656,0.776856338659701,False
7551,3506934.0,-0.487975155593823,0.06096053691259756,0.45814253402134286,False
7552,3507283.0,-0.22713601178858658,0.35824831484943975,0.7783797953744332,False
7553,3507459.0,-0.05408145137350032,0.9237532642367102,0.9800190865591428,False
7554,3507560.0,-0.5392716894237555,0.3058079962947175,0.748004564352301,False
7555,3508310.0,0.42071738800401287,0.13131744463387715,0.5884135189011177,False
7556,3509105.0,0.15281526537327117,0.5370561008451018,0.8584514761704579,False
7557,3509147.0,0.4689918294911235,0.46316605390889415,0.8299525085907634,False
7558,3510112.0,0.2241644915869563,0.7052926507942321,0.9210550950890554,False
7559,3510336.0,0.4205513742899232,0.01554706849579791,0.28291725016978597,False
7560,3511158.0,0.0235701309250806,0.8905526098614155,0.9715554662941385,False
7561,3511306.0,-0.4778014034987148,0.19667446407484354,0.6613696739567616,False
7562,3512692.0,0.07828737600016189,0.8152556791251088,0.9566536178841201,False
7563,3512815.0,-0.62560443875398,0.3562487276559433,0.7763661792220968,False
7564,3512835.0,0.4286964482216795,0.014285838504345059,0.27402408009254553,False
7565,3513292.0,0.15225816513549478,0.783142281232486,0.9484234844885918,False
7566,3513639.0,0.45035673885571614,0.010675559188742911,0.2506901232588111,False
7567,3513680.0,-0.37223581854776827,0.2284718103650516,0.6864272077256117,False
7568,3514022.0,-0.01624261931877452,0.9285802504120073,0.980469186391243,False
7569,3514353.0,0.08542769191495672,0.8269624293211038,0.9600579836677524,False
7570,3514728.0,-1.02111704497018,6.135055526502921e-05,0.019405631128793375,False
7571,3515898.0,0.5527973562631332,0.2996234475162701,0.7418807742050102,False
7572,3517158.0,0.507953755077618,0.0014994095007871866,0.11462035303552753,False
7573,3518472.0,-1.091444662008076,0.013735234751555948,0.2720729438469705,False
7574,3518684.0,-0.06842153727529639,0.7493227255207917,0.9361117074520717,False
7575,3519928.0,-1.1674929224492665,0.007774174134914782,0.22375586587708987,False
7576,3520874.0,0.37364392198391855,0.5545796381414654,0.8630424783768135,False
7577,3522142.0,0.4589330373702935,0.003587648689482838,0.16026307211660992,False
7578,3522367.0,-0.7541850982853624,0.058832697415961935,0.4529283194682744,False
7579,3523938.0,-0.3403207851744976,0.5651419846888771,0.8662222392876666,False
7580,3524945.0,-0.6951951756956404,0.05224902027599701,0.440368343361123,False
7581,3525007.0,0.274417164433853,0.07149665807847208,0.4863085152151144,False
7582,3525834.0,-0.7158422240841467,0.045767060591444954,0.42061368132535787,False
7583,3526152.0,0.26176152577656214,0.4859326903754389,0.839442649938062,False
7584,3526688.0,0.4579938896104084,0.0722376774335121,0.48825653084730625,False
7585,3526951.0,0.09180423504211233,0.7912124155028382,0.9513303910371409,False
7586,3526999.0,0.5899514880540123,0.09369183094538763,0.5290245029782557,False
7587,3527178.0,-0.46897055118928577,0.2048796333113929,0.6691288219329644,False
7588,3527361.0,0.22987226768147148,0.16608387860135831,0.6281674223755207,False
7589,3527374.0,0.009907272902978229,0.9578459344164671,0.9873020343655967,False
7590,3527630.0,0.4929836607208832,0.05234081566365691,0.440368343361123,False
7591,3527888.0,-0.36067120273739806,0.3431189660825531,0.7697365091508926,False
7592,3528836.0,-0.20945344469574212,0.6446602929749519,0.8987654097409585,False
7593,3529827.0,-0.5884986519799458,0.11860520923015884,0.5727133212603978,False
7594,3530160.0,-0.33386367068003153,0.43873028871256214,0.8206754391865764,False
7595,3530226.0,0.2659144176579977,0.47145625072994435,0.8335061780771449,False
7596,3532741.0,0.4275175584285569,0.001527315635716823,0.1151320224007369,False
7597,3533106.0,-0.18397772239600496,0.32377893193588564,0.7578479558547864,False
7598,3533159.0,0.4489139584914822,0.0768995049497772,0.49532911424959325,False
7599,3533877.0,-0.13161065027409657,0.8144108207500248,0.9565904052215235,False
7600,3534061.0,-0.1904733295921322,0.3116005693194643,0.7500706636249796,False
7601,3534071.0,0.4309865931646083,0.0025472988089946342,0.14246841960502432,False
7602,3534329.0,-0.22913770994067467,0.22829565674651256,0.6863868669512747,False
7603,3534906.0,0.41115671125297215,0.0020985492540128146,0.1355937628113637,False
7604,3535692.0,-0.41413825063061577,0.015692005274368842,0.2829513575635777,False
7605,3535704.0,0.27042891504695576,0.46398406212090004,0.830083413193006,False
7606,3536351.0,-0.05836486511983389,0.7370879106927755,0.9329803613029483,False
7607,3538078.0,-0.10197489260311265,0.6419047438630013,0.8987654097409585,False
7608,3538103.0,0.04870412247609046,0.8787129293301722,0.9713267665864582,False
7609,3539448.0,-0.0550642397284333,0.9257841134079658,0.9802191960759526,False
7610,3539697.0,0.4680311058721962,0.00221557496155735,0.1382187713086496,False
7611,3539915.0,0.43545235982815444,0.08551273558054413,0.5191442983289968,False
7612,3540180.0,0.43723340924046905,0.004294485395845658,0.17290116651634474,False
7613,3540469.0,0.446618317688384,0.0019003584983756283,0.12892744687417154,False
7614,3540524.0,0.05186202568347831,0.8793799882544452,0.9714705650826381,False
7615,3540744.0,0.45492069316524625,0.0014727455968117865,0.11419038180994245,False
7616,3540962.0,0.38803793868620245,0.004074535361583245,0.1696600650372843,False
7617,3541389.0,-0.26242538166079565,0.5421949773810274,0.8597029622364961,False
7618,3541598.0,-0.08917877199154711,0.7168489971423948,0.9255853293660873,False
7619,3541859.0,-0.05042754058161618,0.8847576631478276,0.9715554662941385,False
7620,3542223.0,0.2792645394845048,0.44958946057832083,0.8253416279483335,False
7621,3542460.0,-0.5065605040915535,0.36544996233610044,0.7830016800268593,False
7622,3542758.0,-0.44781836038911704,0.009929647965555677,0.24330999698895459,False
7623,3542764.0,0.2435501169151644,0.5098984798924275,0.8493441875876211,False
7624,3543447.0,0.3358226490850203,0.4553367913820505,0.8276424766329803,False
7625,3544560.0,-0.303226763436172,0.39291469389678235,0.7987637332964583,False
7626,3548115.0,-0.03764823072634094,0.8315053676295368,0.9618698698228715,False
7627,3548234.0,-0.16077021918135165,0.8125242080498188,0.9562991422300517,False
7628,3550295.0,-0.42578220070016537,0.004845158734810756,0.18244132784722678,False
7629,3550729.0,0.9578129679480506,0.05854764043303815,0.4526140807386582,False
7630,3551422.0,-0.12273509140816907,0.640218269266851,0.8982090134042133,False
7631,3551611.0,-0.3998041392476863,0.00420550232927032,0.17200263140309785,False
7632,3552879.0,-0.3354239394394885,0.028698612763850728,0.3572516531555042,False
7633,3552983.0,0.31035962028739117,0.04065413432363497,0.40338265821120434,False
7634,3553891.0,0.500095891652394,0.007666871431719264,0.22252376842596958,False
7635,3554483.0,-0.12607576196772055,0.5918188267239514,0.8751488560965182,False
7636,3554518.0,-0.4045461666039731,0.020679696887632427,0.31395539820314683,False
7637,3554819.0,-0.06869606386167415,0.9076061660551855,0.977047408661179,False
7638,3554862.0,-0.4707065455503965,0.013788324441049517,0.27228523749476014,False
7639,3554871.0,-0.055222505050866955,0.7962769021268289,0.9517271275695582,False
7640,3556625.0,-0.08378011531899296,0.639565655195675,0.8980915756405882,False
7641,3558013.0,-0.19763970824847002,0.7252974616093314,0.9290396263985237,False
7642,3558202.0,0.4651770505541194,0.49798537996454034,0.8463587634741259,False
7643,3558765.0,-0.03472609040118986,0.8457468422179469,0.964650832434151,False
7644,3558809.0,-0.48670876629563076,0.23437140273184934,0.6905223727998842,False
7645,3560141.0,-0.4907863304335447,0.46985075317024605,0.8334654598440316,False
7646,3560395.0,0.40058451278295626,0.43249431960780776,0.817265787897664,False
7647,3560795.0,0.33579375119255234,0.01544185972588315,0.28291725016978597,False
7648,3561815.0,-0.15083506224289284,0.8238915181578067,0.9599051455556222,False
7649,3563198.0,0.0069635169377538775,0.9918167756587246,0.9974218176556843,False
7650,3563307.0,-0.20005946736883562,0.7373388481839036,0.9330628581296658,False
7651,3563323.0,0.28224384736779184,0.0861215939868404,0.5191442983289968,False
7652,3563956.0,0.0054581633760108494,0.9838466398587494,0.9943981178966002,False
7653,3565093.0,0.22668545801067586,0.11806014068585621,0.5717617792699213,False
7654,3565134.0,1.2280910762294934,0.037304418657124916,0.38750187992640284,False
7655,3565274.0,-0.5918363828895352,0.20905153936118215,0.6717455762185766,False
7656,3565495.0,0.9808465187737712,0.03535865408166195,0.37993156735967887,False
7657,3565845.0,0.14196397415200881,0.3277193929147128,0.759576575611863,False
7658,3566259.0,0.13936568221645007,0.3943846131936724,0.7991807636586509,False
7659,3566534.0,0.2693150654534334,0.668913090882496,0.9077811212642927,False
7660,3566812.0,-0.6455156682654737,0.26013934972794484,0.7122316278740778,False
7661,3567128.0,0.21881267709153251,0.7503134223058909,0.9361117074520717,False
7662,3567413.0,-0.04934864896722552,0.9336830757661957,0.9808384810332593,False
7663,3567450.0,0.16982296521755333,0.24315677576684464,0.6976354542208155,False
7664,3570050.0,-0.09444505757857123,0.8594102452840654,0.9672718489584977,False
7665,3570323.0,-0.5447132041092952,0.36946009164772337,0.7856002536407516,False
7666,3570977.0,0.06471434472223184,0.6639626849302865,0.9073242860276302,False
7667,3571593.0,0.15679791935389814,0.35541177938469026,0.7761545531572818,False
7668,3572222.0,-0.23285027170815611,0.4405851467682622,0.8211086581010403,False
7669,3572374.0,0.2976218828589354,0.3750496073236568,0.7905171820385037,False
7670,3572405.0,0.21207708989095808,0.7051829773308621,0.9210550950890554,False
7671,3572684.0,0.10376687245244529,0.4659299834045911,0.8313055978274843,False
7672,3572896.0,0.22336708491138757,0.45892041990687993,0.8291034424364081,False
7673,3573045.0,-0.1823900975909083,0.4316055643091891,0.817265787897664,False
7674,3573085.0,0.047194910632183895,0.736122675909195,0.9329803613029483,False
7675,3574045.0,-0.40618201265801995,0.44603212803549724,0.8232367525618602,False
7676,3574320.0,0.14735958973370752,0.6256322234581685,0.8903058420626806,False
7677,3575069.0,0.485095420863621,0.287270066945641,0.7336391967546332,False
7678,3575108.0,-0.17952421521229173,0.5469492684119548,0.8614159882464039,False
7679,3575463.0,0.06922767814709428,0.6250224135685861,0.8900072661085464,False
7680,3575917.0,0.06700246558809067,0.739818119030542,0.9337733145975975,False
7681,3576531.0,0.4211664501319393,0.5347123670158828,0.8576105784226076,False
7682,3577416.0,-0.6325669413239343,0.11389572390327986,0.564428364473765,False
7683,3577990.0,0.11050578536744418,0.5332755143747454,0.8576035569033383,False
7684,3578525.0,0.10631822815177328,0.43599488707418704,0.8196881490807214,False
7685,3579590.0,-0.508759742616903,0.3634154463565525,0.781651785343864,False
7686,3581101.0,0.3172521099441775,0.4209955662821568,0.8119882707974855,False
7687,3581893.0,0.5715827196536258,0.28080837676230863,0.729892640392093,False
7688,3582064.0,-0.09610219037442808,0.47948644709521165,0.836275241861246,False
7689,3582110.0,-0.04411730148165999,0.8270384343875774,0.9600579836677524,False
7690,3582735.0,0.1156451951527834,0.558029034839946,0.8641091545203444,False
7691,3583129.0,-0.016826229388191977,0.9626127966754404,0.9881227392065018,False
7692,3583220.0,-0.11060229004816054,0.4366948861653533,0.8196881490807214,False
7693,3584114.0,0.715074031537585,0.2578559383879445,0.7122316278740778,False
7694,3584991.0,0.7231106439022095,0.25251994045848986,0.7084776483854288,False
7695,3585372.0,-0.17486486258040754,0.7707018099140818,0.9427899639382522,False
7696,3585532.0,-0.6417737500121057,0.18284932006095259,0.6448726415320155,False
7697,3586100.0,0.30270346348408045,0.12881886288142125,0.5852308586225187,False
7698,3587425.0,-0.07591357102923904,0.6084602127437321,0.8823081437978606,False
7699,3587705.0,-0.05212930696120679,0.7312616404600383,0.9316102179259985,False
7700,3588661.0,0.17283675638590212,0.3664405275684737,0.7830369119752374,False
7701,3589145.0,0.1841801759678486,0.3347883889080551,0.7635130351101584,False
7702,3589216.0,-0.046207790117165526,0.7600213383337162,0.9400288013901756,False
7703,3590139.0,-0.022159810655076162,0.8837081481065512,0.9715554662941385,False
7704,3591046.0,0.16353122728482644,0.4054495584301576,0.8054512326746155,False
7705,3592329.0,-0.03361877140951522,0.824227095700885,0.9599051455556222,False
7706,3592492.0,0.043250113981030694,0.7657440627159084,0.9412778951900646,False
7707,3593204.0,0.03642475468830468,0.806425154276548,0.9555107088868224,False
7708,3593287.0,0.4545873213692439,0.4914275330571696,0.8416607559696396,False
7709,3594077.0,-0.03760200685185925,0.7982980143109333,0.9524648214272566,False
7710,3594879.0,0.0552458054142185,0.7087732624377332,0.9229766088884955,False
7711,3594973.0,-0.42295636870867426,0.22182507755684774,0.6788467773197117,False
7712,3594993.0,0.02873489371801962,0.8462415795524589,0.9648673002718204,False
7713,3596009.0,0.5002283610989883,0.045144838876825,0.41944992650514185,False
7714,3596803.0,-0.19381691015851066,0.7452391696414546,0.9355350047944941,False
7715,3597082.0,-0.11121991792650654,0.453915967679057,0.827107336072722,False
7716,3597413.0,-0.13295514374314873,0.36529683306094674,0.7830016800268593,False
7717,3597498.0,-0.11487156462118214,0.43534312765937727,0.8196881490807214,False
7718,3597914.0,0.11515988926310872,0.4313319387458439,0.8172644781089432,False
7719,3598334.0,-0.16788295522729413,0.7425150876682172,0.93454149631912,False
7720,3599556.0,-0.13505551890157935,0.37782430273208417,0.7924383259684544,False
7721,3599591.0,-0.07486385828447165,0.856612376130377,0.9663203947130191,False
7722,3600880.0,0.46049108969231745,0.21201763306505295,0.6726604656358924,False
7723,3601219.0,0.7378056777138988,0.24290866740858127,0.6976354542208155,False
7724,3601334.0,-0.5843558797147343,0.05059627663981677,0.4352001449486617,False
7725,3601370.0,-1.0456851491997567,0.032770712749153635,0.3717095996782265,False
7726,3601763.0,0.0770906004380017,0.637067151234694,0.896530375835228,False
7727,3601857.0,-0.2498842732198655,0.3201475296846354,0.7558071845860629,False
7728,3602022.0,-0.0561790675142598,0.9242859933702188,0.9800844444694466,False
7729,3602928.0,0.17135803641729214,0.6493491458414192,0.9009742780499534,False
7730,3603262.0,0.438901181001708,0.09180747036642743,0.5265355165051652,False
7731,3603965.0,-0.03234260235662645,0.9459873552415282,0.9837573402756359,False
7732,3606010.0,-0.26445564571307884,0.2920638505587732,0.7359222604028512,False
7733,3606074.0,-0.2557594021639345,0.3110108086878319,0.7500706636249796,False
7734,3606229.0,0.2610415125006745,0.08804529299276738,0.5200696605336262,False
7735,3606255.0,0.047770078977588726,0.7621128766289142,0.9407410509601345,False
7736,3606773.0,-0.07494808236073575,0.612540215251443,0.8844272461498288,False
7737,3606820.0,-0.06781990814170155,0.8812264432033428,0.9715554662941385,False
7738,3606910.0,0.16718819035377136,0.2863073236875128,0.7329872638273471,False
7739,3607181.0,-0.2627389931750673,0.29141590850132076,0.7358268636384827,False
7740,3608003.0,-0.10675068447508493,0.5410346772810223,0.8596211097607577,False
7741,3608163.0,0.14648496000716657,0.3283787939604457,0.759576575611863,False
7742,3608389.0,0.17890337668445788,0.23314814024263297,0.6904588490122399,False
7743,3608698.0,-0.24382578302069682,0.32766274971059295,0.759576575611863,False
7744,3609053.0,0.06170946296067902,0.6711377333224515,0.9078238198617231,False
7745,3609415.0,0.06404681083592363,0.6569916904672748,0.9047058974448053,False
7746,3609518.0,-0.09678741414262329,0.5556177668635799,0.8630424783768135,False
7747,3610349.0,-0.06942567325534282,0.9021535169043471,0.9755954838657185,False
7748,3610507.0,-0.218778224412662,0.13871871414109205,0.5951144064220477,False
7749,3610655.0,-0.27171992323181227,0.27511238373335506,0.7246807850994046,False
7750,3611416.0,-0.1426252493348788,0.3411605342392735,0.7681268874266167,False
7751,3611445.0,-0.025220883403049704,0.8599617486042205,0.9673232388078283,False
7752,3611660.0,0.10211424724847706,0.48513720022479884,0.8390956514404383,False
7753,3612681.0,0.013371517973924437,0.9257364491819077,0.9802191960759526,False
7754,3612961.0,-0.13521414516577906,0.4412219147633835,0.8213795034739372,False
7755,3614107.0,0.10873991076914208,0.5010661168104281,0.8465682100288265,False
7756,3614649.0,0.2066009108694804,0.7125765027680242,0.9241904182193301,False
7757,3614867.0,0.08674802541994217,0.8130584977555039,0.9562991422300517,False
7758,3614892.0,-0.19938384866310688,0.17255089564730955,0.6334101947359447,False
7759,3615948.0,0.09135189397216835,0.5125217329367094,0.8509314036792185,False
7760,3616792.0,0.5600847256397965,0.10053005058841473,0.5414816983646852,False
7761,3617591.0,0.03518134362761416,0.9589118817929493,0.9873020343655967,False
7762,3618521.0,-0.250408651696939,0.08620274941251924,0.5191442983289968,False
7763,3618652.0,0.03649513620474107,0.8053384791176044,0.9551811963394444,False
7764,3618788.0,0.10647178098987456,0.7791475792363375,0.9464689987254301,False
7765,3619844.0,-1.132750113624251,0.01831438187694099,0.30355434210359833,False
7766,3619947.0,0.04558223592320455,0.8033593665684433,0.9543395762452745,False
7767,3620203.0,0.09272083149275637,0.6049492807305833,0.8802033136008802,False
7768,3620216.0,0.3637553693053559,0.12739667238790567,0.5820002223556217,False
7769,3620381.0,0.0957022628608801,0.6016048865923045,0.8783377205232169,False
7770,3621854.0,0.21570167903318854,0.3221780080824553,0.7571301898311733,False
7771,3622282.0,-0.21142839294658688,0.27842157039059867,0.7270462346020906,False
7772,3622433.0,0.415355461650071,0.3462999532234536,0.7714166572074814,False
7773,3623149.0,0.3455285421373156,0.4621454826937696,0.8299525085907634,False
7774,3624563.0,-0.22364400892711692,0.7084421932484896,0.9229164712076242,False
7775,3624730.0,0.09827743987872992,0.8108360793346507,0.9562991422300517,False
7776,3625009.0,0.24018827158981704,0.5118702335104844,0.8507344623315075,False
7777,3625194.0,-0.05008670175357891,0.7910290733344103,0.9512153086346542,False
7778,3625479.0,0.32293785369565214,0.1086696680822558,0.5534738420002918,False
7779,3625962.0,0.2077240982677382,0.15280379722670467,0.6136508535657775,False
7780,3626096.0,-0.3813324550519218,0.43634774201707976,0.8196881490807214,False
7781,3626556.0,0.03800459332004538,0.8559395484532656,0.9662254366119175,False
7782,3626568.0,0.25928536811604314,0.583159674388495,0.8718691584476853,False
7783,3626636.0,-0.16690311123369497,0.73332232310575,0.9325461360488421,False
7784,3627485.0,0.16403833033618226,0.7377518554496147,0.9334766745431365,False
7785,3628766.0,-0.24598342113647859,0.6025066203367684,0.8787857648144781,False
7786,3629699.0,-0.2558809612749653,0.5881387755264228,0.8734774125515554,False
7787,3630118.0,-0.015128687835840648,0.9810824086860989,0.993622835070685,False
7788,3630217.0,-0.07744116943393482,0.7267777032847088,0.9293405547361897,False
7789,3630322.0,-0.060341449683545406,0.9149705137607507,0.978212828448341,False
7790,3630505.0,-0.00565980701641907,0.9736857975175528,0.9914041208191573,False
7791,3630763.0,0.31704627077890796,0.48801260976868926,0.841153810601986,False
7792,3631278.0,0.06562998653495554,0.6792258402887044,0.9102464810288748,False
7793,3632042.0,-0.27432620382955486,0.549457041005216,0.861556437479399,False
7794,3632592.0,-0.9206815703179183,0.004214896356814743,0.17200263140309785,False
7795,3632650.0,0.0017489691906844868,0.9911503151980868,0.9974218176556843,False
7796,3632677.0,-0.020209665548962356,0.8993885697161961,0.9750103389437585,False
7797,3634879.0,-0.06468021519544173,0.6968515738671043,0.9177219956881495,False
7798,3635073.0,0.21516795166939406,0.7326885670952334,0.9325461360488421,False
7799,3635810.0,0.032257967555549605,0.803359238388685,0.9543395762452745,False
7800,3635868.0,0.30187564460287963,0.6331008495447098,0.8951816753690016,False
7801,3636007.0,-0.4292168971726497,0.4964791712766699,0.8455039501887606,False
7802,3636075.0,-0.0554205496864745,0.9253292736176497,0.9802191960759526,False
7803,3636094.0,-0.2838119613812794,0.6521887321502419,0.9019294176192881,False
7804,3636197.0,0.2371995280143209,0.10887660835582522,0.5538217355681737,False
7805,3636297.0,-0.32744439807191206,0.2393172298303112,0.6945958635850342,False
7806,3636467.0,0.2486290620547682,0.21321910563972374,0.6737972028294618,False
7807,3636989.0,0.04428280882557181,0.9019561964811554,0.975594510835791,False
7808,3637031.0,0.056266473605629905,0.661840569556924,0.9068263660380445,False
7809,3637216.0,-0.07304314104469224,0.569594200233557,0.8683622515454004,False
7810,3637661.0,-0.234754090999496,0.26586427121771217,0.7164774883122258,False
7811,3637755.0,-0.1935354680901379,0.34088290830915147,0.7678530752637143,False
7812,3638070.0,-0.0684454152414346,0.7205038642161317,0.9276253094910553,False
7813,3639501.0,0.15821788198138098,0.21927805905186254,0.6770911517578009,False
7814,3639504.0,-0.10679774725156624,0.40750502317247683,0.805972644709398,False
7815,3639541.0,0.2881354389266416,0.14847931273983483,0.6075921791816983,False
7816,3639882.0,-0.13587240733273342,0.3041216020805418,0.7473051379464213,False
7817,3640314.0,-0.1869112044105453,0.29558978810562314,0.7375344037079928,False
7818,3640536.0,-0.4885287626333112,0.08248736290847897,0.5103039603130363,False
7819,3641256.0,-0.14216174833330336,0.8119273906268445,0.9562991422300517,False
7820,3641328.0,0.6068804036706444,0.3991080843046494,0.802801388900223,False
7821,3642090.0,-0.10408972918409098,0.8089397609096197,0.9562991422300517,False
7822,3642205.0,0.39285796903122383,0.5064530298835681,0.8487799350603877,False
7823,3642366.0,0.05125812809987085,0.7787744679031186,0.9463334656989087,False
7824,3643297.0,0.6148349261526569,0.1765141235722735,0.6384088753145623,False
7825,3643685.0,0.15297586336539382,0.619396217014969,0.8867773589682786,False
7826,3643720.0,0.23491489630771606,0.16087143412164706,0.6221088056253933,False
7827,3643830.0,0.14534078242751652,0.3836939470729725,0.7945501274377971,False
7828,3645670.0,0.14359868447232652,0.6343588831171285,0.8959480201877014,False
7829,3645977.0,0.11224436175965556,0.7095076821461024,0.923403145108083,False
7830,3646442.0,-0.18655255278754965,0.7523972361624086,0.9365933084396769,False
7831,3648042.0,0.5937291352207311,0.34689973218791054,0.7721133059052222,False
7832,3648488.0,-0.0920041581070537,0.5202026938780684,0.8528621419795245,False
7833,3649283.0,0.09718039682775476,0.74723484467728,0.9360625908745066,False
7834,3650160.0,-0.2533251174286453,0.5866401539590064,0.8728332922247775,False
7835,3650525.0,0.2302954214149904,0.2062380421494143,0.6697153128306306,False
7836,3650853.0,-0.01102338329426017,0.9451339386291898,0.9836847245232689,False
7837,3651431.0,-0.12034035001702112,0.6898973705577444,0.914845960682075,False
7838,3651763.0,0.10507190922601028,0.46271340866801464,0.8299525085907634,False
7839,3652041.0,0.8218509436290484,0.19188670178254125,0.6565391972627797,False
7840,3652820.0,-0.0776562060053634,0.5709087407491171,0.8684576349724981,False
7841,3653308.0,0.06592030213123085,0.6451526221501043,0.899105368267991,False
7842,3653838.0,-0.270509432130651,0.6675976347855579,0.9075481935625836,False
7843,3654189.0,0.05197550520886137,0.8645902446315553,0.9675879210193268,False
7844,3654327.0,-0.06816886944409274,0.6202508125761712,0.8874156544766494,False
7845,3654683.0,-0.3860646237914986,0.1050007965696816,0.5487661845757851,False
7846,3655568.0,-0.17347029750947557,0.5867298603875137,0.8728332922247775,False
7847,3656245.0,-0.11944387689904318,0.7148962049160038,0.9249186671165086,False
7848,3656781.0,0.048260252916795005,0.8949849864594268,0.9731317579651948,False
7849,3656847.0,0.4005598103799426,0.15189020133623216,0.6119142811690289,False
7850,3657207.0,-0.36392722511079273,0.040640746543960674,0.40338265821120434,False
7851,3657754.0,-0.3699387636037169,0.2287755685497098,0.6866654838467209,False
7852,3657816.0,-0.7661354148930879,0.042502672060614734,0.4108339316277586,False
7853,3657914.0,-0.6268060464581108,0.33063468486014075,0.7612214655230629,False
7854,3659112.0,0.3561472725058066,0.4482684187836887,0.8249199593534102,False
7855,3659673.0,-0.11468260988804617,0.7244504358630288,0.928536567032264,False
7856,3659820.0,0.7303033409199606,0.24726614349145032,0.7013519695844509,False
7857,3660142.0,-0.20068919833091212,0.6608201336972811,0.906737776676019,False
7858,3661226.0,0.06760386067843127,0.8572152937875042,0.9668611818436572,False
7859,3661442.0,0.13422068535043696,0.7190316245258724,0.9267499743799983,False
7860,3662042.0,-0.24309290079826265,0.18173867246444467,0.6441699766479713,False
7861,3662096.0,0.05566847770105582,0.8789960044080459,0.971441827311071,False
7862,3662297.0,0.22193483509557504,0.5087020136369809,0.8492966548932642,False
7863,3662668.0,-0.08633692899152531,0.5061421408438511,0.8486519831417986,False
7864,3663364.0,-0.5182458947531701,0.39089893503712425,0.7983458024135436,False
7865,3664440.0,-0.06631922636289528,0.9104078585458921,0.9779325904982779,False
7866,3664679.0,0.33849393388405047,0.13691978302276867,0.5922668047586417,False
7867,3665413.0,0.17089686022257639,0.660100996546852,0.9064384968394785,False
7868,3666308.0,0.24433983317071112,0.21872234992979994,0.6770911517578009,False
7869,3666430.0,-0.1064941210352468,0.7616350990766958,0.9406700421524102,False
7870,3667465.0,-0.23791648845241042,0.2597046742872145,0.7122316278740778,False
7871,3667977.0,0.7343649941189216,0.02684335774706928,0.3488786074460197,False
7872,3668102.0,-0.44709222039802377,0.47873369385844616,0.836275241861246,False
7873,3668189.0,0.36116416262031337,0.4420644065146777,0.8219611395540984,False
7874,3668917.0,-0.24665003936516133,0.22784442192118737,0.6863868669512747,False
7875,3669547.0,-0.41510019519388475,0.5108108360064211,0.8497856896321381,False
7876,3670222.0,0.12745322626422084,0.38292811990690245,0.7940927955865307,False
7877,3670223.0,0.057301665980028005,0.8722240339775436,0.9696860789493773,False
7878,3670640.0,-0.00977801039267806,0.9457427991352333,0.9837384564268292,False
7879,3672016.0,0.34606402889180793,0.4612160235025563,0.8299525085907634,False
7880,3672513.0,-0.3787257047061885,0.5465201546203549,0.8614159882464039,False
7881,3672716.0,-0.060004698412417484,0.6665756804604636,0.9074404546460405,False
7882,3672794.0,0.027418389026316853,0.8438064993904093,0.9637409394634089,False
7883,3673016.0,-0.041145012124736674,0.7692109691548089,0.9423153771200278,False
7884,3673413.0,-0.11395330296216216,0.8566468132955674,0.9663203947130191,False
7885,3673733.0,0.36320397954981143,0.1491806452610861,0.6082419381524917,False
7886,3674208.0,0.18961983648866104,0.7636704814383619,0.9409088660356646,False
7887,3675849.0,0.6015733875860052,0.3086844617910175,0.7495664647494701,False
7888,3676075.0,-0.04664893766236686,0.8763857370395761,0.9712316288671582,False
7889,3676804.0,-0.41842778881618137,0.45486909524897484,0.827107336072722,False
7890,3677137.0,-0.11092107016490833,0.5482864527150799,0.861556437479399,False
7891,3678513.0,-0.15951877131419365,0.4316888641271998,0.817265787897664,False
7892,3678900.0,0.16869804418880746,0.35601784286619903,0.7763541116209358,False
7893,3679015.0,-0.32482737807944445,0.13490321518807194,0.5913217812067733,False
7894,3680113.0,-0.06494693131101938,0.7883329800037168,0.9500782167137055,False
7895,3680117.0,0.5919545777555589,0.07427242582028733,0.4916202179950721,False
7896,3681102.0,-0.6203910522872829,0.36136496167399906,0.7807337185922283,False
7897,3681531.0,-0.02660242295804538,0.9380198993930619,0.981968772581868,False
7898,3681807.0,0.20991051137532607,0.2864614347749215,0.7332064501505913,False
7899,3682959.0,-0.08220264868912192,0.7877085450569847,0.9498033211865775,False
7900,3683467.0,-0.8300952372156928,0.18836065095533625,0.6520085300768195,False
7901,3683917.0,-0.5114316636185432,0.2563978460449748,0.7122316278740778,False
7902,3684114.0,-0.31064968549201205,0.1441292941752261,0.6042964419745382,False
7903,3684211.0,-0.24391356657892738,0.25393710324519064,0.7091554555509504,False
7904,3684645.0,-0.42584400561110536,0.5297791363733277,0.8564039501612022,False
7905,3685736.0,-0.09105717951046818,0.7614875549561787,0.9405948348940966,False
7906,3686002.0,-0.5031638630161159,0.45672193645563136,0.8280802773051409,False
7907,3686404.0,-0.4567812249152946,0.3629505670175781,0.7812469571635555,False
7908,3686417.0,0.05588243228809303,0.8561210636220311,0.9662293767537063,False
7909,3686554.0,0.19052792060778853,0.7476001573499148,0.9360625908745066,False
7910,3687273.0,0.34425725600509605,0.445466458422068,0.8232367525618602,False
7911,3687708.0,0.06335564506853025,0.7706052496625923,0.9427899639382522,False
7912,3688585.0,0.18256299256874875,0.46426128173213904,0.8303767034441208,False
7913,3688600.0,-0.053036396167762456,0.8101582722718059,0.9562991422300517,False
7914,3688758.0,-0.45473171848868765,0.14380573398761953,0.6042964419745382,False
7915,3689305.0,-0.07760924404433717,0.7188225678055756,0.9267499743799983,False
7916,3689475.0,-0.8286746013306368,0.13980750827059615,0.5969123759576239,False
7917,3690436.0,0.2911523285134359,0.07317347179613817,0.4916202179950721,False
7918,3690507.0,-0.5448966473888524,0.11977921143661642,0.5737187286540817,False
7919,3691018.0,0.17318246589456238,0.39894397222783423,0.8027528957294303,False
7920,3691716.0,-0.5359547017389341,0.4278298219022326,0.8145851015943202,False
7921,3692037.0,0.17103779918178721,0.41416504050990044,0.808881164939721,False
7922,3692133.0,0.17734832265514866,0.3881673806982425,0.7961859055298405,False
7923,3692242.0,0.08964295793190379,0.6839571001093248,0.9119708047766516,False
7924,3692578.0,-0.04790468504946144,0.8268755158010433,0.9600579836677524,False
7925,3692847.0,-0.4435113817507345,0.39922262620845356,0.802801388900223,False
7926,3693653.0,0.3656287755679112,0.456147549234208,0.8280802773051409,False
7927,3694979.0,-0.4796424690375305,0.019945332980420415,0.31006814852992776,False
7928,3695386.0,-0.6057302402030373,0.20176215512315218,0.666846704538271,False
7929,3695620.0,0.10714922910052603,0.6270665964303294,0.8917605010154888,False
7930,3696012.0,-0.794837591871207,0.15658077030334722,0.6180670042337578,False
7931,3696366.0,-0.015430462191413877,0.9610702337834596,0.9877735010668786,False
7932,3696382.0,-0.23421510231331688,0.2199922811736771,0.6770911517578009,False
7933,3696505.0,-0.07051065313795891,0.7475644886090439,0.9360625908745066,False
7934,3696513.0,-0.05012147797120811,0.8249844675763512,0.9599947421761031,False
7935,3696674.0,-0.24598764538429493,0.20134421995228272,0.666620536053159,False
7936,3697899.0,0.048825042768066096,0.8296565948293982,0.9611196208228717,False
7937,3698159.0,-0.04182875393860638,0.8536417614223843,0.9657054455551027,False
7938,3698330.0,-0.04578728176132239,0.8417050063373336,0.9634460491893265,False
7939,3698648.0,0.020022383918844977,0.9339886481335392,0.9808384810332593,False
7940,3698672.0,-0.7184406130925678,0.07202746523025155,0.4880512703335709,False
7941,3698979.0,-0.4898142626724945,0.289507490217594,0.7344091722455246,False
7942,3699133.0,-0.3580235012159826,0.03545846528601311,0.37993156735967887,False
7943,3699726.0,-0.6071829948016757,0.019450573918283597,0.309130278013131,False
7944,3699753.0,-0.3787240988464714,0.02632365057708871,0.34588921406663026,False
7945,3699989.0,0.3813170041386915,0.02491334386641959,0.3359432890310369,False
7946,3699998.0,0.35214348343152496,0.4533167875386947,0.827107336072722,False
7947,3700284.0,-0.8038641613561991,0.1017489799389471,0.5430113949052462,False
7948,3700438.0,0.37609971359527405,0.028548980394672293,0.35661585982067634,False
7949,3700996.0,0.4130139609286172,0.01684681273687329,0.2954315868477537,False
7950,3701289.0,-0.8264187748485072,0.14069839448687743,0.598882652248089,False
7951,3702244.0,0.041293321978232544,0.8153832099192168,0.9566536178841201,False
7952,3702349.0,-0.7736306957751189,0.11412738285767822,0.5648200165198141,False
7953,3702851.0,0.4528173815729758,0.12813679456481014,0.5835262347570614,False
7954,3702867.0,0.08088261023051496,0.8088801748578417,0.9562991422300517,False
7955,3703323.0,-0.46380863072462947,0.1242232301256338,0.5775839563310489,False
7956,3703354.0,-0.45340482428410067,0.12766168005395023,0.5822552676410209,False
7957,3703520.0,0.45823105210080944,0.12372143087671274,0.5775711552565178,False
7958,3703873.0,-0.4903405236616351,0.1947740588203935,0.6604255264025536,False
7959,3703915.0,0.056700572108364905,0.9118506145997128,0.9780087403669322,False
7960,3704271.0,0.3946496475997206,0.1507352972725342,0.6096465048862034,False
7961,3704534.0,-0.7987532572155394,0.19552225720841857,0.6604255264025536,False
7962,3704549.0,0.24580245829549996,0.23709828403278563,0.6934129767065279,False
7963,3704790.0,0.261566685883202,0.2182320027631919,0.6770911517578009,False
7964,3705185.0,0.22125354053089796,0.28782343125413884,0.7336391967546332,False
7965,3705458.0,-0.7483625404376554,0.1262697818347211,0.5803854050872019,False
7966,3706697.0,-0.3621079540667855,0.07806176032526006,0.49834411394695494,False
7967,3706966.0,0.13448489840262143,0.8308616472809234,0.9616152993832738,False
7968,3707420.0,-0.33624368590364534,0.04010311242412227,0.4012159312109191,False
7969,3707439.0,0.3537163616838904,0.030428023399782782,0.3621668793910549,False
7970,3707572.0,0.33632212068636547,0.04234169959302769,0.41000816153640995,False
7971,3707789.0,-0.02697637911383044,0.9322599375748615,0.9807789952644692,False
7972,3707899.0,0.39640661963169527,0.3830218254010188,0.7940927955865307,False
7973,3708033.0,-0.3476879225912736,0.0947137815089487,0.5313271825734563,False
7974,3708311.0,-0.3083668351447055,0.05639497410057559,0.44880311133559236,False
7975,3708452.0,0.1807607502409596,0.4367021895922344,0.8196881490807214,False
7976,3708526.0,-0.245667075915139,0.1737038486818848,0.635080928744311,False
7977,3708861.0,0.012579852292221486,0.9273150298261738,0.980469186391243,False
7978,3709796.0,-0.2638751273535829,0.14225803023935532,0.6004928972009538,False
7979,3710450.0,0.28511097907035543,0.07863571766212135,0.49976037191002765,False
7980,3710999.0,-0.4126634550007162,0.21144937683195808,0.6724051529089434,False
7981,3711534.0,-0.2728831740024989,0.363599237351059,0.781651785343864,False
7982,3712176.0,0.7337921228008069,0.21534908340399775,0.676002622601767,False
7983,3712650.0,0.36653972211952734,0.20496115457642625,0.6691288219329644,False
7984,3713565.0,-0.3454264826244072,0.22811394574847746,0.6863868669512747,False
7985,3715247.0,0.20255145003079883,0.220561429075595,0.6770911517578009,False
7986,3715737.0,-0.21855652887326124,0.20588398647333866,0.6697153128306306,False
7987,3715782.0,0.22235451312882135,0.14770898693138937,0.6066877814810029,False
7988,3715858.0,-0.30521178253189984,0.35459704262362635,0.7760384874353758,False
7989,3716426.0,-0.46248116505584885,0.22015351987790746,0.6770911517578009,False
7990,3716462.0,0.31397762315651045,0.07338173789605675,0.4916202179950721,False
7991,3718815.0,-0.41132387810481674,0.40342424889412504,0.8044501915434594,False
7992,3718991.0,-0.033634022651708534,0.9024280917199575,0.9756121796021419,False
7993,3719460.0,-0.5110193967792208,0.26925277853515817,0.7190014144831173,False
7994,3719541.0,-0.10533995977951295,0.6908733407574909,0.9155923783105822,False
7995,3720189.0,0.26234883147177684,0.5916023119523046,0.8751488560965182,False
7996,3720474.0,0.3141849337337633,0.28063879577561374,0.7296608690165957,False
7997,3720848.0,0.8235785171107064,0.005525593862137096,0.19095669328054907,False
7998,3721146.0,0.20852269014690072,0.13666142159464162,0.5919404392420824,False
7999,3722071.0,-0.012591925889024413,0.9821348969803296,0.9943009036158924,False
8000,3722236.0,-0.017447675902360377,0.9474638897814046,0.9839954576709861,False
8001,3722428.0,-0.8114860113488147,0.044115600539343464,0.41532943959633417,False
8002,3723104.0,-0.04298811844483902,0.9420207715696506,0.9828967161707438,False
8003,3723387.0,-0.026084012616085728,0.9144599654771073,0.978212828448341,False
8004,3724274.0,-0.16998102453192387,0.2216858041404768,0.6786236333741894,False
8005,3724558.0,0.19376639840931562,0.16383112511700582,0.6250485696386469,False
8006,3724666.0,-0.5678350715181234,0.05954679620657261,0.4539188713640068,False
8007,3724738.0,-0.17408134864612718,0.21109026050645385,0.6724051529089434,False
8008,3725242.0,0.12053092980895039,0.6102238226816171,0.8826088734455635,False
8009,3725321.0,0.013605167300984808,0.9617126159028851,0.9881227392065018,False
8010,3725664.0,0.2027293449108128,0.16405465206347383,0.6250485696386469,False
8011,3726459.0,-0.515579785837031,0.2649683250601477,0.7161423254755113,False
8012,3726494.0,-0.03222900086746392,0.820249752091707,0.9585327870551705,False
8013,3727317.0,-0.03778481301503889,0.9525533638174547,0.9856895243522245,False
8014,3728835.0,-0.3329299450188477,0.12510633163608628,0.5793726021937466,False
8015,3728906.0,-0.9266907553753168,0.013332452471518732,0.269003292896535,False
8016,3729814.0,-0.32328970921634675,0.46861272707898144,0.832703257477337,False
8017,3730577.0,-0.02016644953185131,0.9338202820415488,0.9808384810332593,False
8018,3731325.0,-0.23174861240402422,0.1035466842149438,0.5468780195969359,False
8019,3732294.0,0.19609563973709127,0.17190309809021728,0.6334101947359447,False
8020,3732534.0,0.22352784539815868,0.12984172420244727,0.587142949104317,False
8021,3732612.0,0.07682640553288264,0.8424448236216657,0.9634460491893265,False
8022,3732615.0,0.22320689504926455,0.1456702271433459,0.60505354426495,False
8023,3732843.0,-0.3046002463244483,0.038878829385939555,0.3963281010429624,False
8024,3732882.0,-0.26762841002046256,0.0668264809850805,0.47464385148001387,False
8025,3732928.0,0.2585017254481462,0.07616297500135694,0.4941763462752338,False
8026,3733402.0,-0.524496350218737,0.2517201157209848,0.7084776483854288,False
8027,3733792.0,0.4140125093474901,0.39824506689258793,0.8022189698173043,False
8028,3734261.0,-0.5300744088737177,0.40037917935537254,0.8028690780890388,False
8029,3735203.0,-0.35730371074721756,0.42046620690410247,0.8118393233625102,False
8030,3735611.0,0.18463465122843165,0.351948591021421,0.7739129158176716,False
8031,3736587.0,-0.562033365863108,0.26087433525994036,0.7124465012781267,False
8032,3737527.0,-0.8694247806440167,0.017929389266442063,0.30355434210359833,False
8033,3738362.0,-0.4482883695008682,0.35015982448691885,0.7739033942340068,False
8034,3738791.0,-0.08221824841769249,0.5846629065551511,0.8728080530408184,False
8035,3739981.0,0.3435679867492484,0.22810509312396932,0.6863868669512747,False
8036,3740085.0,-0.3995719517910109,0.4052295553298908,0.805362781989679,False
8037,3740934.0,0.06312970495307194,0.9158045637303129,0.9784377675269643,False
8038,3741233.0,0.380667805366914,0.33938006863979675,0.7672743434313809,False
8039,3741606.0,-0.08355621023360771,0.8876326979971426,0.9715554662941385,False
8040,3741681.0,-0.6088644413299571,0.22382115073435402,0.6822401144078144,False
8041,3743402.0,-0.22531396915740443,0.21294630142427665,0.6737196449899513,False
8042,3743653.0,-0.28858962480459216,0.16812179215751685,0.6301322241770742,False
8043,3743663.0,0.07428092190466265,0.6066476392986572,0.8814295441824285,False
8044,3743674.0,0.07151661037136754,0.7017035441407161,0.9191081938598813,False
8045,3744806.0,-0.2415944470689929,0.24858528792891982,0.7030727723992769,False
8046,3745324.0,0.29786129513061427,0.5616033014306502,0.8652762631049595,False
8047,3745658.0,0.5312932262098664,0.3263231920430618,0.759576575611863,False
8048,3745965.0,0.08680637917292014,0.6583246012679451,0.9053735647742993,False
8049,3746338.0,-0.21189993800535606,0.6022936056913197,0.8786315132078049,False
8050,3746362.0,-0.0023032532104377973,0.9868632378007552,0.9951689458365942,False
8051,3746895.0,-0.016176895277496606,0.9149677944884111,0.978212828448341,False
8052,3747423.0,-0.17119165813556828,0.2075751297094251,0.670404056232017,False
8053,3747949.0,-0.048147894153693846,0.8233396709179479,0.9599051455556222,False
8054,3747971.0,0.5371681831325319,0.09637022314962443,0.5335967237346274,False
8055,3749174.0,0.03928149366453035,0.8153032704439775,0.9566536178841201,False
8056,3749341.0,-0.5266975664096637,0.17750058747910924,0.6403352865024031,False
8057,3750320.0,0.24309705492481526,0.5669989402771561,0.8678473627620601,False
8058,3750371.0,-0.5914783536928063,0.38386258216306535,0.7945501274377971,False
8059,3750659.0,-0.6121687746423577,0.02868416530848004,0.3572516531555042,False
8060,3750665.0,0.08682588916535944,0.5807268197183953,0.8714113392373765,False
8061,3751002.0,-0.045637615484190326,0.770647238712837,0.9427899639382522,False
8062,3751547.0,-0.05475551067752088,0.7550936388789334,0.9377120981616317,False
8063,3751830.0,0.3204194100180013,0.5324296222117073,0.8573535950133384,False
8064,3752338.0,0.31065328711334916,0.5585116127662421,0.864239993810058,False
8065,3752414.0,-0.12362848001490878,0.4081508663363244,0.805972644709398,False
8066,3752418.0,-0.6625631357363506,0.03266735400931357,0.3717095996782265,False
8067,3753094.0,0.1093149933229971,0.7555990304697564,0.9379766850442932,False
8068,3753160.0,-0.11246762392756916,0.45393913031772376,0.827107336072722,False
8069,3753418.0,0.30337726467287807,0.0415783830794599,0.4066066201148984,False
8070,3753602.0,-0.06792566322202034,0.6486226071232477,0.900882603263824,False
8071,3753685.0,-0.650626644226092,0.036372019388656834,0.3825758434727422,False
8072,3753928.0,0.4050688946213217,0.2604122815357908,0.7122316278740778,False
8073,3754336.0,-0.14953304252634322,0.5801622263739423,0.8714113392373765,False
8074,3754567.0,-0.07726388214948302,0.6053099020238613,0.880310689505495,False
8075,3755085.0,-0.00753893890467823,0.9581192701949468,0.9873020343655967,False
8076,3755118.0,-0.14556368371104586,0.4322174507051836,0.817265787897664,False
8077,3755285.0,-0.5567286900163487,0.37688733922512063,0.7917698564813739,False
8078,3756545.0,0.2992876959143188,0.5594505933665893,0.8647314541601966,False
8079,3756765.0,0.6990261493908128,0.19780255747782768,0.6619600008587403,False
8080,3756777.0,0.004948711155020116,0.973612672544037,0.9914041208191573,False
8081,3756910.0,0.012154063637897061,0.9365966404149184,0.9814328136799588,False
8082,3757089.0,0.0341062450773697,0.8190431052301126,0.9583442692387846,False
8083,3757569.0,-0.08455175760587591,0.8863421110017865,0.9715554662941385,False
8084,3757876.0,-0.029226626073536835,0.8407727293495303,0.9634460491893265,False
8085,3757950.0,0.2842164066270535,0.5579464630594401,0.8641045593537198,False
8086,3758172.0,0.0026819278353432535,0.9950845616567212,0.9978514955244303,False
8087,3759809.0,-0.3918425453576203,0.3971296836702829,0.800825323470355,False
8088,3760109.0,-0.09813814095021509,0.5604552552360209,0.8649229025744979,False
8089,3760237.0,-0.11761977520900965,0.4884593708822111,0.8411549126336904,False
8090,3760653.0,-0.11514739686483129,0.5176680283964608,0.8523183003093502,False
8091,3760869.0,0.10205579270654916,0.5767495722468245,0.8695483369848913,False
8092,3761121.0,0.005505288693991944,0.9759180758740879,0.991537880345678,False
8093,3761272.0,0.07256750766101247,0.6842050886462863,0.912130489380936,False
8094,3761288.0,0.023989364465393792,0.9509425043230938,0.985092740451518,False
8095,3761336.0,-0.08621035031894903,0.6293392219084603,0.893237088626613,False
8096,3761401.0,0.17298228892779957,0.6142771624629183,0.8846175297597576,False
8097,3762297.0,0.08569936894274739,0.6320352917083436,0.8944013142071388,False
8098,3762582.0,0.5483132599436114,0.09103446683817636,0.5251168311226758,False
8099,3762875.0,0.2272786301764535,0.20097254873287082,0.666620536053159,False
8100,3764776.0,-0.25144970748393447,0.08937214543500731,0.5208992735599512,False
8101,3765520.0,0.4062796718749512,0.4514944331714586,0.8261921901679337,False
8102,3767477.0,0.06746695173798682,0.7300193882525953,0.930798430196497,False
8103,3767580.0,-0.2574032775632912,0.0767003165182003,0.4950949832603904,False
8104,3768162.0,0.5389396775782072,0.2896051559272815,0.7344091722455246,False
8105,3769012.0,-0.17196293632429885,0.4956076721594008,0.84521936862377,False
8106,3769369.0,-0.2783253536529814,0.059882949787139816,0.4546162070931645,False
8107,3769570.0,0.29930402572177195,0.4815550323655019,0.8370344077385945,False
8108,3769679.0,-0.0154389007447681,0.9122892122234516,0.9780087403669322,False
8109,3770463.0,0.3324372743240816,0.5742320349313664,0.8692161534783692,False
8110,3771322.0,0.20637540202921195,0.17279987449062914,0.6334101947359447,False
8111,3771396.0,-0.2363335584252564,0.5323682793137569,0.8573535950133384,False
8112,3772120.0,0.4127020178013784,0.2662292026185451,0.7167455343314254,False
8113,3772933.0,0.24050750817083896,0.39364324620255,0.7991036813399963,False
8114,3772991.0,0.9907884115331365,0.07521065028728952,0.4916202179950721,False
8115,3773155.0,-0.037632076802337364,0.8404358624848426,0.9634460491893265,False
8116,3773377.0,-0.2527340038962338,0.1289073686974957,0.5852319059854938,False
8117,3773797.0,-0.2253806924808979,0.7394349214661208,0.9335765787936011,False
8118,3773882.0,0.2390575147354873,0.15429109333398053,0.6142416843076545,False
8119,3773948.0,0.21366179955240933,0.4773339130571561,0.836123870620531,False
8120,3773990.0,0.20780463024743057,0.21201573887428343,0.6726604656358924,False
8121,3774172.0,0.270349989521186,0.10284248371815653,0.546002175575831,False
8122,3774277.0,0.2923533329013514,0.07702211296674986,0.49532911424959325,False
8123,3774747.0,0.1414502857616278,0.3296739901154835,0.7604559127953795,False
8124,3775387.0,-0.2329994847802753,0.16465840658523961,0.6250535814420386,False
8125,3775421.0,0.15791329958263833,0.3326523246126563,0.7618284082437468,False
8126,3775764.0,0.21657599339807374,0.19095114036679375,0.6544915152136237,False
8127,3775820.0,-0.2384708899437446,0.1563394694716248,0.6177246272231384,False
8128,3775876.0,-0.23683592629729733,0.15880900582762889,0.6204968918736582,False
8129,3775915.0,0.03773925997783477,0.7832029585403719,0.9484234844885918,False
8130,3776262.0,0.23115711107069348,0.1647334763591449,0.6250535814420386,False
8131,3776267.0,0.46241143767315496,0.17423179197441283,0.6351457866862356,False
8132,3776415.0,-0.2549713261594805,0.12595730405071418,0.5803338435783117,False
8133,3776454.0,0.49924807817550343,0.40852053733608795,0.805972644709398,False
8134,3776468.0,0.2547647704017221,0.13004874410450393,0.587612131447742,False
8135,3776967.0,-0.10934043453134722,0.6617793513396378,0.9068263660380445,False
8136,3777206.0,0.03411670420861736,0.8068578915866402,0.955535938596223,False
8137,3777288.0,0.05622061184599644,0.9126760605332103,0.9780701902779048,False
8138,3777427.0,-0.036940834449933985,0.7899282105678312,0.9508395127205376,False
8139,3777702.0,-0.40361883220746775,0.4467109590876694,0.8235391883214168,False
8140,3777708.0,0.3775258113456895,0.5228887476254451,0.8544268185269016,False
8141,3777768.0,-0.11325340471226478,0.494985424741668,0.8450875724395731,False
8142,3777772.0,-0.2081419270274123,0.6008523131630628,0.8783313246582224,False
8143,3777870.0,0.9893765629917664,0.12102756591306663,0.5740413378029969,False
8144,3778116.0,-0.017884068893133848,0.8952650546486983,0.9731317579651948,False
8145,3778360.0,-0.22009433885803567,0.5524628112811418,0.8623155770302895,False
8146,3778476.0,0.023297261148195497,0.8646326661574977,0.9675879210193268,False
8147,3779085.0,0.014819326114323836,0.9118808606449434,0.9780087403669322,False
8148,3779228.0,0.002827717163502594,0.9833008240110092,0.9943981178966002,False
8149,3779342.0,-0.009498456631704663,0.9437017346354799,0.9831921763937949,False
8150,3780313.0,0.012638459705561045,0.9253744850925625,0.9802191960759526,False
8151,3780569.0,-0.6473267746657936,0.3404976757753037,0.7676224860936494,False
8152,3780790.0,-0.37451142254782704,0.44537854777113184,0.8232367525618602,False
8153,3781421.0,0.7393417487439398,0.2118422521614046,0.6726604656358924,False
8154,3782213.0,0.012999502290229129,0.9507321127028477,0.985092740451518,False
8155,3782451.0,0.22987072512910306,0.6828096887238225,0.9118970436881266,False
8156,3782487.0,0.42341671498442135,0.3882556195954428,0.7961859055298405,False
8157,3782740.0,0.3211333221025045,0.5872406403306966,0.8729366305191233,False
8158,3783136.0,-0.03617705256490475,0.9391483077441346,0.9820301397324517,False
8159,3783493.0,-0.005806974855142338,0.9908640936133843,0.9974218176556843,False
8160,3783502.0,0.1473761770499898,0.3114538900166669,0.7500706636249796,False
8161,3784245.0,0.14492646499386724,0.36276457323559935,0.7811564059655686,False
8162,3785369.0,0.4683993191888958,0.38639782884287727,0.7955896115495888,False
8163,3785421.0,0.11736538993989813,0.42999677255275703,0.8159534922095818,False
8164,3785828.0,-0.2783469611549726,0.6017017714312988,0.8783377205232169,False
8165,3786015.0,0.4824831597467081,0.28595590169370994,0.7327788746187963,False
8166,3786592.0,-0.8268200932757089,0.006986155188875185,0.21397122608932356,False
8167,3786793.0,-0.14376824566349772,0.5442279853108593,0.8604720268018781,False
8168,3787267.0,0.20297495595026255,0.2007100718482169,0.666620536053159,False
8169,3789420.0,-0.21832367096750974,0.72634971719078,0.9292022382127895,False
8170,3790425.0,-0.09888933460308236,0.7648631449695208,0.9411867429947561,False
8171,3790525.0,-0.10369645828432994,0.6008742135702224,0.8783313246582224,False
8172,3791125.0,0.3844016584673865,0.44625939417294097,0.8232367525618602,False
8173,3791936.0,-0.34860401582437095,0.5140716755001998,0.8520763532683874,False
8174,3792279.0,-0.030198520113380686,0.9528396804987997,0.9856895243522245,False
8175,3792639.0,-0.35796721680858223,0.2133810984410631,0.6739893844766512,False
8176,3792946.0,0.10997709129139246,0.7816486053497399,0.9478100548560575,False
8177,3793202.0,-0.08840310921624497,0.72388746295983,0.9282345498935555,False
8178,3793248.0,-0.6060220091863635,0.3049100263942719,0.7474970136741516,False
8179,3794008.0,-0.29211259529154326,0.2061177072072181,0.6697153128306306,False
8180,3794547.0,-0.6833738897225081,0.24763763972281258,0.7020388036539907,False
8181,3795033.0,-0.23049330494232811,0.6515315780035696,0.9017600116676404,False
8182,3796803.0,0.4469271338908263,0.36346430571365346,0.781651785343864,False
8183,3797334.0,0.005610272997684185,0.9912656125338096,0.9974218176556843,False
8184,3797764.0,0.28645671550485935,0.6736388036006034,0.908892960550674,False
8185,3797976.0,0.39178077853958165,0.1202135537367244,0.5737187286540817,False
8186,3798535.0,-0.1341287176117141,0.4003281341865291,0.8028690780890388,False
8187,3799194.0,-0.010282378339062093,0.9840086575397367,0.9943981178966002,False
8188,3799306.0,-0.07628719288077457,0.7959018929271605,0.9517271275695582,False
8189,3799403.0,0.13555618309668654,0.4058958749213747,0.8056316917665977,False
8190,3800073.0,-0.2886458714626329,0.5884098651342237,0.8736409637576252,False
8191,3800480.0,-0.16758043478336404,0.29371926498099243,0.7365078297655344,False
8192,3800614.0,-0.13411865134361747,0.3949294833420298,0.7995075609246053,False
8193,3800773.0,-0.2160442468896917,0.6856394903228338,0.9128300977375565,False
8194,3801281.0,-0.20720294834373434,0.6843666390252563,0.912130489380936,False
8195,3801318.0,-0.30732106810858295,0.11500168287225952,0.5658854340790467,False
8196,3801338.0,-0.2865258394259429,0.5751535750502945,0.8692161534783692,False
8197,3801676.0,-0.381776110091133,0.5200433775288231,0.852729737624679,False
8198,3801918.0,0.378063931552309,0.18210958421269677,0.6442290760177177,False
8199,3802287.0,-0.3254983490776703,0.15638021884930303,0.6177246272231384,False
8200,3802539.0,0.491738936327588,0.37882858607134273,0.7928914498036046,False
8201,3803063.0,0.9203618423484723,0.07055001144155851,0.48500340354535626,False
8202,3803603.0,0.1131170083925718,0.5113111935686859,0.8502271761930278,False
8203,3803704.0,-0.350277183319191,0.22188377392264738,0.6788467773197117,False
8204,3803708.0,0.16602187863830134,0.35558818985669033,0.7761545531572818,False
8205,3803865.0,0.37849205746600745,0.18652661392986963,0.6502053726899437,False
8206,3804030.0,0.29286990295657683,0.1303519127154457,0.587612131447742,False
8207,3805413.0,-0.6356670860168265,0.06218042366071111,0.45993818632174055,False
8208,3805553.0,0.023838759483471667,0.9643738974645983,0.9885399892330777,False
8209,3806149.0,0.24461188214933122,0.7196407275894936,0.9271457095224713,False
8210,3806446.0,-0.24246746363560623,0.4462036057900782,0.8232367525618602,False
8211,3806815.0,-0.11883854713088039,0.40626703289737753,0.8056631401212792,False
8212,3806973.0,0.37675585058623573,0.3468658082357704,0.7721133059052222,False
8213,3807304.0,0.6293880426867082,0.06495123405034081,0.46846886751923555,False
8214,3807772.0,-0.013866824035176695,0.9837127098939326,0.9943981178966002,False
8215,3808461.0,0.6418072506376731,0.05982954020896518,0.4546162070931645,False
8216,3808835.0,-0.8602933795700463,0.014384108146196712,0.27441035839536965,False
8217,3808873.0,0.31273834145058865,0.44569206564477815,0.8232367525618602,False
8218,3810259.0,-0.1606659378802094,0.6165246857790045,0.8851177706825941,False
8219,3811446.0,0.08243278753716782,0.566564282425131,0.86730436972568,False
8220,3811476.0,0.5239334984051981,0.17413017645989856,0.6351457866862356,False
8221,3812177.0,0.70124568910514,0.0429680241128684,0.4131096230293046,False
8222,3813548.0,0.38388254615967365,0.2994967320775773,0.7418807742050102,False
8223,3813818.0,-0.0050612484113209955,0.9924341391951209,0.9975037404519534,False
8224,3814439.0,-0.4273232020321379,0.048341135867069555,0.4274797904330872,False
8225,3814566.0,0.6184031960919834,0.06975819042749051,0.4829242073280673,False
8226,3814831.0,-0.2309560144956087,0.6652540464091932,0.9073242860276302,False
8227,3814861.0,0.3945190462857732,0.307363656934221,0.7487505601483324,False
8228,3814959.0,0.6341204897387043,0.06274660540929415,0.4609863092649072,False
8229,3815397.0,0.00605522583537263,0.9805638077089145,0.9933841371163996,False
8230,3815843.0,-0.01598239580908703,0.9761156905907691,0.9916458419618903,False
8231,3815856.0,0.20478984413989054,0.15933063299484318,0.6204968918736582,False
8232,3816351.0,-0.6687424325318564,0.2582555921672329,0.7122316278740778,False
8233,3816375.0,0.44914193507086325,0.34385695940187855,0.7701245784948637,False
8234,3817553.0,-0.15652175732924475,0.5449788285824884,0.8604720268018781,False
8235,3817716.0,-0.2669690753568778,0.651344134237692,0.9017600116676404,False
8236,3817840.0,0.5322339747863635,0.16723509229039868,0.628885241095669,False
8237,3819992.0,0.5059189785851228,0.17094931158267704,0.6330956877153683,False
8238,3820287.0,-0.516434662770028,0.25273367668971325,0.7084776483854288,False
8239,3820994.0,0.1277230956119541,0.4839724531462159,0.8381494861043672,False
8240,3822899.0,-1.0800108681753147,0.004092665070154674,0.1696600650372843,False
8241,3823344.0,-1.105978559738699,0.06042915732685999,0.45638891357197897,False
8242,3823450.0,-0.9931417223639255,0.0011992363598994794,0.10391747664648592,False
8243,3823713.0,0.49202712423959505,0.38262813100423637,0.793872464971652,False
8244,3823950.0,-0.6182006190889388,0.36275031055432344,0.7811564059655686,False
8245,3824104.0,-0.010518983989782876,0.9661119133193931,0.9889800847870626,False
8246,3824136.0,-0.5113888144123065,0.19761714164025246,0.6617395851783792,False
8247,3825502.0,-0.6585885368008937,0.010118428372184986,0.24462258347453902,False
8248,3825912.0,0.4991814675081381,0.3408694938315913,0.7678530752637143,False
8249,3827158.0,-0.1220565939535469,0.5477905388375028,0.8614159882464039,False
8250,3827736.0,0.10527511936033324,0.49874214053773863,0.8463587634741259,False
8251,3828495.0,0.45749403578924397,0.4175388396467823,0.8099428239619001,False
8252,3828570.0,0.20956503564749757,0.17409842704741138,0.6351457866862356,False
8253,3828625.0,0.2574220249718436,0.0957423325498695,0.5326924755657783,False
8254,3828679.0,-0.8021551640097823,0.20185663189904554,0.666846704538271,False
8255,3829276.0,0.2623178814260677,0.08716962295597654,0.5194262955034968,False
8256,3829841.0,-0.21861610765119593,0.16082409883095128,0.6221088056253933,False
8257,3830207.0,0.01952190635787615,0.9736358585645101,0.9914041208191573,False
8258,3830935.0,-0.78694241089889,0.21038065951269172,0.6720665270777718,False
8259,3832791.0,1.4905230791754929,0.01813487795935164,0.30355434210359833,False
8260,3832983.0,0.13120564312947694,0.3714824749683451,0.7870559513428304,False
8261,3834499.0,-0.7860575561639518,0.2110530550711692,0.6724051529089434,False
8262,3834722.0,0.7672051303367011,0.22209206952459448,0.6791012435744995,False
8263,3835155.0,-0.03571017878381569,0.8837380663524905,0.9715554662941385,False
8264,3835636.0,-0.31363581917493644,0.13713523063786567,0.592272781658277,False
8265,3836344.0,-0.036659076814558926,0.9478763024730564,0.9842354374732186,False
8266,3837293.0,0.6649576139721352,0.2334745222308715,0.6904588490122399,False
8267,3837303.0,-0.7454196098965853,0.005682083088863874,0.19095669328054907,False
8268,3839504.0,-0.7587069710006031,0.019045856189451125,0.30719579336774433,False
8269,3839855.0,-0.13153774556881145,0.8024696870480605,0.9542387816644899,False
8270,3841398.0,-0.08813188665464516,0.8206267031870158,0.9587668564304226,False
8271,3841652.0,-0.0499477423039591,0.8950881087857616,0.9731317579651948,False
8272,3842806.0,0.46675017899245097,0.2254717826303206,0.6846143218047916,False
8273,3843405.0,0.19814681673520515,0.4563824857677412,0.8280802773051409,False
8274,3846664.0,0.5227138003155365,0.15741784917623963,0.6195688008731258,False
8275,3846890.0,-0.4093326073805686,0.0416840967840643,0.40727351088300456,False
8276,3847195.0,-0.998042716926208,0.012638343476268485,0.262289224281442,False
8277,3848651.0,-1.282049561226762,0.02937552160676142,0.35931863042965817,False
8278,3848654.0,0.0018889537030331027,0.9976098957672328,0.9986939307821785,False
8279,3848714.0,0.21257611405887122,0.17621103074308136,0.6380578793347811,False
8280,3849335.0,0.05837844079999377,0.9129391262324558,0.9780701902779048,False
8281,3850093.0,-0.3823537001635231,0.47412290133575236,0.8354729860580213,False
8282,3850343.0,0.35166675382281465,0.034253789120313384,0.37902638216208134,False
8283,3850555.0,-0.15603741488243855,0.24526749157611838,0.6995606337432736,False
8284,3851174.0,0.36898122061312055,0.5324775458854729,0.8573535950133384,False
8285,3851371.0,-0.222443933305849,0.6626817201987031,0.9071135022392084,False
8286,3851809.0,-0.37445014512060437,0.5032325152412331,0.8465933751828044,False
8287,3851983.0,-0.11170209362348518,0.41978834968051326,0.8112270250831294,False
8288,3852072.0,0.18586124075403815,0.7400130129080188,0.9337733145975975,False
8289,3853397.0,-0.5910115592155347,0.19037331360347848,0.6542282527963084,False
8290,3853466.0,0.3768030642247405,0.5237805358695082,0.8544906969178123,False
8291,3853670.0,0.312880186868574,0.5967952816400564,0.8769374356177488,False
8292,3853872.0,0.6350307661463681,0.23736285929559678,0.6934129767065279,False
8293,3854016.0,-0.5637834105987657,0.2638342702486095,0.7147294743071265,False
8294,3854167.0,-0.06249439789130494,0.8416328544277191,0.9634460491893265,False
8295,3854507.0,0.37404168278172767,0.46314345487673575,0.8299525085907634,False
8296,3854613.0,-0.3116703666968794,0.13427486009290276,0.5913217812067733,False
8297,3855128.0,-0.2223174215853086,0.6770155850293784,0.9094176680477544,False
8298,3855224.0,-0.2382799202708086,0.6170179435395299,0.8854690505319883,False
8299,3855541.0,-0.03849695891656599,0.930751654223924,0.980469186391243,False
8300,3857368.0,-0.24053158709838557,0.6521967326464139,0.9019294176192881,False
8301,3857662.0,0.034008174217463084,0.8209599049723799,0.959052923856563,False
8302,3858133.0,0.09282784035429106,0.5244459395594252,0.8544906969178123,False
8303,3858140.0,0.0687345867534345,0.8975467644813846,0.9742870128445429,False
8304,3858655.0,1.0103534594297057,0.10833940702672928,0.5527222026157121,False
8305,3859068.0,0.25299737035354,0.5866679491022855,0.8728332922247775,False
8306,3859405.0,-1.7443313839252106,0.009691753600319628,0.24216297347177232,False
8307,3860227.0,-0.4779390351517826,0.4477158099759519,0.8242800402457527,False
8308,3860337.0,-0.2876177768719041,0.13063179917950601,0.5876629963724822,False
8309,3860477.0,0.25202817760167145,0.6359323583554436,0.896499448045239,False
8310,3860898.0,0.15818590652793663,0.6496641661986041,0.9009742780499534,False
8311,3861160.0,-0.6315856109461472,0.35241000314543935,0.7742173185987308,False
8312,3861627.0,-0.10400050856266886,0.8337573628079201,0.9629147966038911,False
8313,3861901.0,-0.759538308546018,0.2625749397067237,0.7138920269220983,False
8314,3863441.0,0.08107442085789025,0.8793006063307929,0.9714705650826381,False
8315,3864414.0,-0.24548356752648048,0.3737087604035746,0.7893770372019463,False
8316,3864438.0,0.1748113685927927,0.6156261884246756,0.8848477049425529,False
8317,3864588.0,-0.5794498201217153,0.07551942881598649,0.4920548618232493,False
8318,3864713.0,0.09734557869689764,0.6394386125863272,0.8980915756405882,False
8319,3864911.0,-0.5120943911954786,0.12667805464982576,0.5809422404832525,False
8320,3865158.0,0.06495263946455002,0.9032318130382796,0.9760658367875087,False
8321,3865442.0,0.2594528225993179,0.5771786393201065,0.8695483369848913,False
8322,3865538.0,-0.6814528560916705,0.21862310600768073,0.6770911517578009,False
8323,3866393.0,-0.19586805175011973,0.6756880995241452,0.909321074121257,False
8324,3866730.0,-0.5338626271581481,0.396479714793649,0.8003041606352088,False
8325,3867289.0,0.003685172590779884,0.9956712296026091,0.9978514955244303,False
8326,3868359.0,0.15843444533145346,0.5762199904857921,0.8695483369848913,False
8327,3868442.0,0.32836534262247297,0.017685141799488588,0.3032647161042293,False
8328,3868998.0,-0.2977617776822121,0.5621519126989029,0.8654321881524869,False
8329,3869161.0,0.5444355546200585,0.02222052498858026,0.3197232898205936,False
8330,3869577.0,0.38209246795595897,0.5178755270266922,0.8523183003093502,False
8331,3869894.0,0.3430742520575646,0.0215309780905604,0.31690116749484026,False
8332,3870468.0,-0.569698252678336,0.018344693543985307,0.30355434210359833,False
8333,3870483.0,-1.0278698355833389,0.1297926175396637,0.587142949104317,False
8334,3871319.0,0.06854093737416725,0.8618131721224064,0.9674851365804226,False
8335,3872615.0,0.04936423713169015,0.9263113198646338,0.980469186391243,False
8336,3874110.0,-0.5467143311612447,0.3852497528502333,0.7954377147297221,False
8337,3874466.0,-1.2234882533568323,0.03677446823027687,0.3852201616291265,False
8338,3874674.0,-0.4445697255174358,0.08242799844614365,0.5103039603130363,False
8339,3875958.0,0.08427690482551507,0.7590755256562237,0.9396986046206762,False
8340,3876340.0,-0.03151414775378175,0.9575305833186131,0.9873020343655967,False
8341,3876909.0,0.6244578133130684,0.3172719130548992,0.7531131896372033,False
8342,3878341.0,-0.788990568238036,0.1214805552974753,0.5740413378029969,False
8343,3878663.0,-1.0106627520785403,0.011573070454875017,0.25614659722432875,False
8344,3879798.0,0.06248142362855519,0.6398023303317898,0.8981060772987944,False
8345,3879994.0,-0.029680333537628778,0.9624947564723656,0.9881227392065018,False
8346,3881115.0,0.1317789846854829,0.32285486435299643,0.7572951809172062,False
8347,3881315.0,-0.06142363550350263,0.6517926348728057,0.9017600116676404,False
8348,3881503.0,-0.05311988532234037,0.6953300366874591,0.9172196591263815,False
8349,3882909.0,-0.3915702275426792,0.5356047731268048,0.8576728524898041,False
8350,3883834.0,-0.5878924518212301,0.386984214039691,0.7959829187679452,False
8351,3883974.0,0.48262240367800674,0.10411485613192885,0.5482029444111168,False
8352,3884384.0,0.14719734183194144,0.4692709341778577,0.8331593049559446,False
8353,3884861.0,-0.12669930010231323,0.516512082374345,0.8523183003093502,False
8354,3889203.0,-0.016139007222632035,0.933359362376949,0.9808384810332593,False
8355,3889459.0,-0.06726522851828841,0.8651350588136082,0.9675879210193268,False
8356,3889840.0,-0.1456846901751143,0.4370903719700515,0.8198748898798875,False
8357,3889975.0,0.809232918253545,0.2637084419916894,0.7147294743071265,False
8358,3890899.0,0.29466785849377497,0.43190480864426933,0.817265787897664,False
8359,3891319.0,-0.37173996821426436,0.4865369887493742,0.8397772321314131,False
8360,3892206.0,-0.1008013930284701,0.7188851749088754,0.9267499743799983,False
8361,3892577.0,0.2616257986572461,0.5032040859190245,0.8465933751828044,False
8362,3892837.0,1.3591963817010257,0.03014814265812068,0.36163650120476953,False
8363,3892966.0,-0.08141928099561221,0.8693920464613774,0.9687799365357085,False
8364,3893630.0,1.0737088468471523,0.08839608547206018,0.5200696605336262,False
8365,3894403.0,-0.031759748322777684,0.8250057282609713,0.9599947421761031,False
8366,3894587.0,-0.1134402007540286,0.5163725594179857,0.8523183003093502,False
8367,3895057.0,-0.046247325314188584,0.8697432691091507,0.9687799365357085,False
8368,3895538.0,1.3619332630999965,0.02978437912867832,0.36097270765490624,False
8369,3895788.0,0.03341432494349772,0.9147421154022206,0.978212828448341,False
8370,3896136.0,-0.6044703314590083,0.3735529651148805,0.789272422227003,False
8371,3896297.0,0.013366541231026707,0.9829080842648418,0.9943981178966002,False
8372,3898905.0,0.8121011605543462,0.12245122871948211,0.5754147566017221,False
8373,3899268.0,-0.23135652841677165,0.27251391961574173,0.7218493405146111,False
8374,3899686.0,0.11874331571843129,0.6880356112639565,0.9143764153122242,False
8375,3901226.0,-1.0731297707519254,0.11362585097752675,0.5637150879163861,False
8376,3901243.0,0.01380809611969247,0.9823426341631218,0.9943330643467214,False
8377,3901361.0,0.06546479905140526,0.8903533691118539,0.9715554662941385,False
8378,3902721.0,0.566375269534938,0.09095569198104891,0.5251168311226758,False
8379,3902867.0,0.6055099821469866,0.2213147048051568,0.6782103367670873,False
8380,3903869.0,-0.15994342973673997,0.4727094439518573,0.8344870733611012,False
8381,3904181.0,-0.20397738816268546,0.34839089204945334,0.7738855824304457,False
8382,3904475.0,-0.19355328998904806,0.5145653759094865,0.852243996871754,False
8383,3904612.0,0.585050619067682,0.237109388356268,0.6934129767065279,False
8384,3904835.0,-0.3999741637241879,0.1941952976662773,0.6599999637420225,False
8385,3905666.0,-0.5143844716507383,0.2591526186772432,0.7122316278740778,False
8386,3905845.0,-1.1733626067176766,0.04674331418629053,0.42379780469043915,False
8387,3906716.0,-0.32578956265735665,0.17220969861073862,0.6334101947359447,False
8388,3908043.0,0.25706348989420313,0.5023566056208046,0.8465933751828044,False
8389,3908758.0,0.24068513042426393,0.4256786338785797,0.8133064069190015,False
8390,3908995.0,0.23319254519923205,0.43959594070121416,0.8210278624073779,False
8391,3908996.0,-0.4897936382269445,0.38182772569654205,0.793872464971652,False
8392,3909253.0,-0.013061611396536874,0.9240372353236345,0.9800190865591428,False
8393,3909640.0,-0.2852112862174744,0.6320734212891954,0.8944013142071388,False
8394,3909902.0,-0.03073413101146947,0.8325073850282045,0.9620853470117279,False
8395,3910025.0,-0.5700941262256483,0.3092983538631202,0.7497303448026011,False
8396,3910263.0,-0.126347440209867,0.8508324920779697,0.9654387085880295,False
8397,3910623.0,-0.09744973044282053,0.5005308400073653,0.8463587634741259,False
8398,3910783.0,0.04753048460281098,0.7679825446177433,0.9418413545227069,False
8399,3911078.0,0.18671117081304267,0.5090313669254798,0.8492966548932642,False
8400,3911083.0,-0.4163053459387516,0.1766137128115735,0.6384088753145623,False
8401,3912995.0,-0.20749956774874312,0.634391260866739,0.8959480201877014,False
8402,3914469.0,-0.32938052825200076,0.48318132671943315,0.8375570922781171,False
8403,3914507.0,-0.004865246358560921,0.9771602672642355,0.991933906401308,False
8404,3914757.0,0.031001337370002297,0.85591833309643,0.9662254366119175,False
8405,3915193.0,0.017381585721776116,0.9752943525504452,0.9914577565214744,False
8406,3915211.0,-0.0811275582927099,0.6420984903412281,0.8987654097409585,False
8407,3915441.0,-0.03198674969328494,0.8780668711215326,0.9713049919519247,False
8408,3915458.0,-0.5451919140946111,0.2658656216417914,0.7164774883122258,False
8409,3916034.0,0.03720833013810598,0.8094959660563288,0.9562991422300517,False
8410,3916097.0,0.059883288612392616,0.7288451566635405,0.9303258535156202,False
8411,3916236.0,-0.05714930226450632,0.7356014016879819,0.9328222876181086,False
8412,3916345.0,-0.08309752550442007,0.6256336216724208,0.8903058420626806,False
8413,3917276.0,-0.108859940996059,0.5004924949717302,0.8463587634741259,False
8414,3918541.0,-0.12894248963844157,0.8477740926452721,0.9651890482210258,False
8415,3918689.0,-0.28106912996479144,0.6371105775396544,0.896530375835228,False
8416,3918717.0,0.04482487682545279,0.7644197963871023,0.9411867429947561,False
8417,3918899.0,0.038130926592638094,0.79423791144268,0.9515273481552983,False
8418,3919361.0,-0.3607467149489748,0.15843448150978218,0.6204968918736582,False
8419,3919461.0,-0.1915381120016928,0.24263664763523612,0.6975161043645361,False
8420,3919816.0,0.2557232021427784,0.24344387599217526,0.6976354542208155,False
8421,3920943.0,0.2741003043094405,0.13662898890781983,0.5919404392420824,False
8422,3921131.0,0.40618826352620163,0.08277367796153984,0.5105145199453318,False
8423,3921960.0,-0.0556196479816788,0.7646610041732068,0.9411867429947561,False
8424,3922411.0,-0.01486544065155676,0.9687504147642081,0.9896201193100875,False
8425,3922571.0,0.12338597870605442,0.6243099801330064,0.8896815711292267,False
8426,3923396.0,-1.7528026658249665,0.009355627262813405,0.2400835317679421,False
8427,3924645.0,-0.0694583470029836,0.8873468470602442,0.9715554662941385,False
8428,3924670.0,0.3982631377617065,0.11311027367199676,0.5621849911673649,False
8429,3925292.0,-0.30425629734928794,0.48597888839114284,0.839442649938062,False
8430,3925559.0,0.23141186885666476,0.3858164212964958,0.7955896115495888,False
8431,3926228.0,0.16087746467479708,0.6823827745296493,0.9116633867716115,False
8432,3927771.0,-0.07208794249948869,0.888033423158351,0.9715554662941385,False
8433,3927830.0,1.0389912242583004,0.009539762363466549,0.24216297347177232,False
8434,3928147.0,0.36425343690038214,0.10590553202466911,0.5497869680190259,False
8435,3928272.0,0.11647648252677756,0.7584596840541095,0.939634771788103,False
8436,3928568.0,-0.2781389614623355,0.155649908160551,0.6165709215476722,False
8437,3928939.0,0.00730733429691828,0.9906566106201612,0.9974218176556843,False
8438,3929352.0,0.08701542273425458,0.5822136910818989,0.871665473157432,False
8439,3930408.0,-0.5091792467413118,0.08157087436883605,0.5081675986571428,False
8440,3930723.0,-0.1549597673696962,0.5289787367998245,0.8555179806414225,False
8441,3931313.0,0.08305918830748665,0.5469487245940592,0.8614159882464039,False
8442,3931352.0,0.5219132353452134,0.38181737948481376,0.793872464971652,False
8443,3931496.0,0.39933060808387405,0.07497979202177953,0.4916202179950721,False
8444,3931934.0,-0.1262654055633049,0.6118630271814869,0.8839885460749226,False
8445,3932030.0,-0.17329283879859994,0.7339704822126858,0.9327853690121147,False
8446,3932377.0,-0.5262675870148384,0.07172229752249522,0.4868952717990529,False
8447,3932466.0,1.3147260191076842,0.05331589151109395,0.44269842524056435,False
8448,3932592.0,-0.4955911260505401,0.46482035668542,0.8304188564549431,False
8449,3932742.0,-0.06698710762410023,0.6144743849889832,0.8846175297597576,False
8450,3933480.0,-0.1576551179366461,0.5066772092720092,0.848834266427219,False
8451,3933491.0,0.06153499220847408,0.6568611653149593,0.9047058974448053,False
8452,3934057.0,-0.5807981583541744,0.04943858480511819,0.43042091837966207,False
8453,3934530.0,-1.0682366357656947,0.04436176926268162,0.4162031161161703,False
8454,3935906.0,-0.08862365314888769,0.4996445846312619,0.8463587634741259,False
8455,3936841.0,1.3865177561610358,0.0400466654202447,0.4012159312109191,False
8456,3937763.0,-1.746420593922758,0.009608673529275505,0.24216297347177232,False
8457,3938290.0,0.19455922842650816,0.2764539200801353,0.7259088781978396,False
8458,3938683.0,-0.16677413822330317,0.6205030445104032,0.8874999162744895,False
8459,3938983.0,0.5856806723996608,0.03931040851557098,0.3965747996621961,False
8460,3939816.0,-0.2038681081560809,0.7176572171558422,0.9262983462814111,False
8461,3941871.0,0.20183657876062577,0.2597796635172835,0.7122316278740778,False
8462,3942227.0,0.6788703411227817,0.046812332225744845,0.42379780469043915,False
8463,3942324.0,0.578559337466225,0.35820475794129725,0.7783797953744332,False
8464,3942330.0,-0.11114938108594756,0.4274362081924103,0.8140035157769497,False
8465,3942594.0,-0.6769422228800528,0.011507514135839057,0.25614659722432875,False
8466,3942998.0,-0.08195701150295862,0.5611183127330546,0.8649229025744979,False
8467,3943286.0,0.11019071453446254,0.5283141501675025,0.8551819415550611,False
8468,3943558.0,-0.4736851597895287,0.08563144385591442,0.5191442983289968,False
8469,3944166.0,-0.3165982382304398,0.4709871285705334,0.8335061780771449,False
8470,3944736.0,0.6049122883924357,0.2532436369223642,0.7084776483854288,False
8471,3945731.0,0.4909678761761498,0.12058925939375813,0.5737187286540817,False
8472,3946070.0,0.3098625281808292,0.6011778448414026,0.8783377205232169,False
8473,3946673.0,1.3259482432886982,0.05128583499976894,0.43663352072352296,False
8474,3947006.0,-0.2600125680430983,0.5772220972759632,0.8695483369848913,False
8475,3947461.0,-0.44244923441866896,0.021915186863882975,0.3186878841157398,False
8476,3947752.0,0.1994447797362139,0.4065097283764747,0.8056715540490473,False
8477,3948003.0,1.375598532779453,0.04172548495837145,0.407311276279786,False
8478,3948690.0,0.060812548334369415,0.8587206405784178,0.9671951427442033,False
8479,3948835.0,0.45656440017220024,0.36361866893960376,0.781651785343864,False
8480,3948899.0,0.17732405156079267,0.30978707750840623,0.7497303448026011,False
8481,3949006.0,0.13432044584607394,0.5747640183990186,0.8692161534783692,False
8482,3949126.0,-0.5341100805119267,0.029211834263231134,0.35931863042965817,False
8483,3949168.0,0.15311952951685873,0.41448635621323354,0.8093630862915362,False
8484,3949500.0,-0.35013069220949766,0.4455161857306796,0.8232367525618602,False
8485,3950240.0,-1.761308270801105,0.008992263829428152,0.23691996084573444,False
8486,3950562.0,0.2869225207641758,0.6284161389746191,0.8921602391537393,False
8487,3951203.0,0.8492513737694706,0.0259179787492494,0.34435698815557186,False
8488,3951227.0,-0.828769298033255,0.0003546252344855804,0.05499224171915679,False
8489,3951932.0,-0.26228500636862734,0.5790519839656956,0.870703599660289,False
8490,3954202.0,0.24401718599555325,0.3401544485579114,0.767486289564774,False
8491,3955427.0,-0.3457169318356852,0.14864424407560034,0.6075921791816983,False
8492,3956391.0,0.6466475988128024,0.0078123881314985785,0.22375586587708987,False
8493,3956502.0,0.47664601879804025,0.34295762850657224,0.7697365091508926,False
8494,3956535.0,0.21511455559107584,0.18727703790574324,0.6505255188693897,False
8495,3956789.0,0.49116767420492596,0.11129403803922513,0.5588070606339066,False
8496,3956961.0,0.5304455132090937,0.05424015481397916,0.4438587342165712,False
8497,3957497.0,-1.368099471829232,1.8561667074373344e-14,5.732538125949403e-11,False
8498,3957881.0,0.6886848766289502,0.004728665881168635,0.1820644747086396,False
8499,3959512.0,-0.5457852570709936,0.385980503175884,0.7955896115495888,False
8500,3959826.0,1.1452395148356165,0.09297271551893928,0.5290245029782557,False
8501,3960663.0,0.61912334914487,0.21095889700976544,0.6724051529089434,False
8502,3961071.0,-1.343989658061218,2.1124046525838425e-14,5.732538125949403e-11,True
8503,3961527.0,-0.5055563059943444,0.0010075197115812949,0.09428126266564617,False
8504,3961634.0,-0.2514510853818669,0.65044054841333,0.9012678265288099,False
8505,3962335.0,0.3952621841022278,0.04578921980697459,0.42061368132535787,False
8506,3963816.0,-0.1992370501941229,0.7529632608165961,0.9368886057042813,False
8507,3964068.0,-0.575675749538374,0.259591820953507,0.7122316278740778,False
8508,3965179.0,0.964340659409048,0.10162773982553376,0.5428254698583244,False
8509,3965400.0,-0.4594145652476722,0.46664698212762196,0.8318516335130318,False
8510,3965935.0,0.11061389118013361,0.811572242639948,0.9562991422300517,False
8511,3966177.0,0.2524777496209686,0.21424836401421768,0.6752804853003289,False
8512,3966277.0,-0.2818499424111574,0.07498685184908997,0.4916202179950721,False
8513,3966822.0,-0.18704463538927185,0.2204965165210389,0.6770911517578009,False
8514,3967420.0,-0.5929522733721577,0.06119445872946318,0.4584305379629557,False
8515,3968169.0,-0.20329837340653095,0.17832718791169364,0.6407618751345363,False
8516,3970190.0,0.5565817120499607,4.3656580572817025e-05,0.016291404171117487,False
8517,3970428.0,-0.4837120823259567,0.03469212139641426,0.3798009150136128,False
8518,3970584.0,0.5285957548592403,0.295283058720002,0.7373779978145582,False
8519,3971019.0,0.33689019811282384,0.025346989024297526,0.33968094550462924,False
8520,3971525.0,-0.5922458396202294,0.06172456337499559,0.459403250215743,False
8521,3971959.0,0.7816453953699276,1.1214407274683933e-06,0.001217323909666941,False
8522,3972899.0,0.39431410050497034,0.031098829623534486,0.3659261734679848,False
8523,3973068.0,1.16784158091231,0.08668976048304128,0.5194262955034968,False
8524,3973270.0,-0.360957574904573,0.44478870450706715,0.8232367525618602,False
8525,3973744.0,-0.359167485922795,0.15109986850968857,0.6101798566287986,False
8526,3974259.0,0.3278372890607977,0.3514557184085059,0.7739129158176716,False
8527,3974312.0,-0.051906012746173236,0.899345480235135,0.9750103389437585,False
8528,3974354.0,-0.2745449468786323,0.6857788527913196,0.9128300977375565,False
8529,3975261.0,-0.3461482416043944,0.536826580194949,0.8583373881302359,False
8530,3975409.0,-0.44537878285716054,0.14760281522756674,0.6066749561890333,False
8531,3975528.0,-0.5491422957992576,0.001016339398545704,0.09429371086507365,False
8532,3975561.0,-0.6764468329470141,0.0347204319004733,0.3798009150136128,False
8533,3976243.0,-2.922603869853038,1.3819745255570983e-05,0.007143492130915382,False
8534,3976758.0,-0.3386739691748754,0.47323441470734773,0.8347742550355366,False
8535,3977065.0,0.3289342040842357,0.3046841991015031,0.7474970136741516,False
8536,3977164.0,0.42447807942492577,0.005640330817788948,0.19095669328054907,False
8537,3977305.0,0.04148700065149047,0.9433474890070253,0.9831921763937949,False
8538,3977332.0,0.11313292509478544,0.7877078891068483,0.9498033211865775,False
8539,3977359.0,-2.9276104555129523,1.3496667816766717e-05,0.007143492130915382,False
8540,3977630.0,-0.8143381770126865,0.01366258722760919,0.27145485172216627,False
8541,3977960.0,-0.045627533912766007,0.8236576748806967,0.9599051455556222,False
8542,3978301.0,-0.5144591020905769,0.07696021753175118,0.49532911424959325,False
8543,3978893.0,-1.1628072636205264,1.893950014845361e-05,0.00934492155052109,False
8544,3979677.0,0.14889338409938171,0.4229979892642536,0.8131119485502873,False
8545,3981640.0,1.3193068824894345,0.05249531426156547,0.440368343361123,False
8546,3982136.0,0.48514124263068975,0.3152370924873829,0.752394282767073,False
8547,3982305.0,-0.4834187553075669,0.09979680251724941,0.5406484286433426,False
8548,3982425.0,0.14488056069405408,0.4120889225467968,0.8072712206149497,False
8549,3982932.0,-0.14716678832523095,0.8156446162835899,0.9566536178841201,False
8550,3983069.0,0.09365903237404313,0.7367659838488,0.9329803613029483,False
8551,3983127.0,0.03993376943172823,0.8381728140633422,0.9634460491893265,False
8552,3983404.0,-0.6423729229642148,0.04276398776071813,0.4123907039308468,False
8553,3985760.0,-0.15925076050016393,0.8009228952608551,0.9537937249403728,False
8554,3986075.0,0.37415693207392436,0.04511868173562456,0.41944992650514185,False
8555,3986924.0,-0.5195739007738885,0.09851262014539626,0.5373640661699881,False
8556,3987096.0,-0.517253039271628,0.09610874643496704,0.5330916926681488,False
8557,3987259.0,0.38141860948641326,0.04446973070594217,0.4168557226364441,False
8558,3987346.0,-0.13379456206074142,0.8321781945134593,0.9619097328765415,False
8559,3987362.0,-0.5427001364289616,0.054747309837278546,0.4438587342165712,False
8560,3987567.0,-0.18327275015745942,0.71930202681478,0.9269884246793823,False
8561,3987665.0,-0.735369468275181,0.1071313065997044,0.5513261278046694,False
8562,3987994.0,0.09244888355354514,0.8504438111681732,0.9652877795242515,False
8563,3988105.0,-0.055099910569149195,0.7106612929653469,0.9238700006566376,False
8564,3988549.0,0.17953996217133045,0.5085382375968251,0.8492966548932642,False
8565,3988667.0,0.37535020462509006,0.32480127309368945,0.7578479558547864,False
8566,3989213.0,-0.24939761100484256,0.6531936719333469,0.9030078080535507,False
8567,3989866.0,-0.05315737648614183,0.9171519552887127,0.9788129094519167,False
8568,3990259.0,0.05680615084456064,0.8171002060188929,0.9571191039532839,False
8569,3990874.0,-0.5214809670585587,0.09368891988818906,0.5290245029782557,False
8570,3991525.0,-0.15015428145494028,0.28203565628999305,0.730864298149255,False
8571,3991957.0,-0.41779295816241313,0.31346734049996655,0.7519752444479861,False
8572,3993001.0,0.0481240338796132,0.7573092565619514,0.9387452300993471,False
8573,3993754.0,-0.5441087409596127,0.3873437490984612,0.7959829187679452,False
8574,3994781.0,-0.37751555952562554,0.2763243052036271,0.7259088781978396,False
8575,3995154.0,0.07097842843793395,0.8848952038197657,0.9715554662941385,False
8576,3995293.0,0.09227328849490862,0.5477828753389471,0.8614159882464039,False
8577,3995631.0,0.2198691527757482,0.6101250046677574,0.8825835455315175,False
8578,3996180.0,0.45863747296350055,0.38979598084499345,0.7974827579363871,False
8579,3996422.0,0.1500127309136446,0.4414978469132647,0.8214954966769149,False
8580,3996667.0,-0.5389469421262717,0.08288833168950246,0.5106429287681892,False
8581,3997086.0,-0.09174857503776816,0.8769638759210073,0.9713049919519247,False
8582,3997439.0,-0.3098170629392808,0.22266884557950803,0.679653685776749,False
8583,3997544.0,0.18200271314627803,0.19940263745909484,0.6645734202083127,False
8584,3997645.0,-1.5713773597441496,0.02107004240790751,0.31678020822414965,False
8585,3997664.0,-0.8215890341273333,0.010038808715677285,0.2437835986771296,False
8586,3997689.0,-0.7783368474112943,0.013947807942759573,0.2726200286128498,False
8587,3998009.0,0.37480935755261635,0.22465639565733517,0.6830938865155107,False
8588,3998019.0,-0.08921443278253177,0.8955947070378306,0.9732386169682301,False
8589,3999496.0,-1.614941640842011,0.017762119897817945,0.3032647161042293,False
8590,4000087.0,-0.866981254788407,0.004055518560663301,0.1696600650372843,False
8591,4000091.0,-0.02705771438987857,0.9459110269960076,0.9837573402756359,False
8592,4001092.0,-0.13437323925907035,0.5289105755611486,0.8555179806414225,False
8593,4001252.0,0.29423744683186415,0.0842452461757827,0.5160494832847331,False
8594,4001385.0,0.24330703384184948,0.5720208568631926,0.8684576349724981,False
8595,4002329.0,-0.19233809938484558,0.2843123740936442,0.7320014925858195,False
8596,4002404.0,-0.12360821124426108,0.6433459618927355,0.8987654097409585,False
8597,4002952.0,-0.29630439770732175,0.10273551676461033,0.5458610056191117,False
8598,4003160.0,0.24486223107328042,0.13380423690985724,0.5913217812067733,False
8599,4003207.0,-0.09460870911651462,0.6516560932741978,0.9017600116676404,False
8600,4004797.0,-0.30185309256476595,0.03757772304260837,0.3879166431386317,False
8601,4005736.0,-0.16122300449081806,0.5645754959496817,0.8660706999920109,False
8602,4006067.0,-0.20686230496417,0.45749549250028787,0.8285141092910617,False
8603,4006220.0,-0.11677718277351715,0.7229016931985962,0.9281001315583913,False
8604,4006763.0,-0.6483104979944836,0.15021139140329465,0.608474460506416,False
8605,4007046.0,-0.45392180295528795,0.039209544334749845,0.3965747996621961,False
8606,4008078.0,-1.7595939700848695,0.009069349879889202,0.23692229602539724,False
8607,4008396.0,-0.20566462749572043,0.4651850218680563,0.8309149550847598,False
8608,4008542.0,0.2508293990784686,0.08420963605285016,0.5160494832847331,False
8609,4008965.0,-0.04738550992737632,0.7887825023058933,0.9500925502142112,False
8610,4009222.0,-0.07153432999585602,0.7412818478625572,0.934349101085469,False
8611,4010426.0,-0.1998881907024455,0.4737906718993382,0.8353090374317552,False
8612,4010427.0,0.061720747993480846,0.8077427976434984,0.9557632950564722,False
8613,4010742.0,0.1310275763923605,0.590673770116873,0.8748739533790227,False
8614,4010788.0,-0.26052364045428744,0.35076886469323654,0.7739033942340068,False
8615,4011040.0,0.2648078506479933,0.3477764160319742,0.7731134540297111,False
8616,4011145.0,0.292768814493672,0.2115044781952724,0.6724051529089434,False
8617,4011348.0,-1.7676551258003816,0.008760392413634676,0.23364633820639905,False
8618,4011647.0,-0.2450358981347061,0.3808772342646401,0.793872464971652,False
8619,4012833.0,0.9201933801919502,0.0707079254078785,0.4851672125806076,False
8620,4012861.0,0.18581745895072427,0.26814695379145626,0.7178463268124581,False
8621,4013091.0,-0.11385431930225773,0.7503965627962434,0.9361117074520717,False
8622,4013127.0,-0.23534382384098437,0.16122623927627205,0.6223722714594357,False
8623,4013203.0,0.4932465487216353,0.009663679868966562,0.24216297347177232,False
8624,4013386.0,0.057726874527228494,0.7002312605292954,0.9188842278826768,False
8625,4013467.0,-0.04371769645343891,0.7680437115029132,0.9418413545227069,False
8626,4013770.0,0.83989991809776,0.09496863205548046,0.5320330516165988,False
8627,4014108.0,-0.2257832884527905,0.2816909054075024,0.730864298149255,False
8628,4014499.0,-0.23013679831316647,0.22284336734996493,0.6798664284946232,False
8629,4014773.0,0.35643351982905713,0.28964628695218136,0.7344091722455246,False
8630,4015897.0,-0.36679634848365184,0.2588326669345176,0.7122316278740778,False
8631,4016055.0,0.40251890463231216,0.16947083786027778,0.632384305594127,False
8632,4016911.0,-0.025624206390899157,0.8650965769082247,0.9675879210193268,False
8633,4016934.0,0.025849230589860203,0.8639953201167954,0.9675879210193268,False
8634,4017364.0,0.01562344431281082,0.9182752369600172,0.9788600578764685,False
8635,4018001.0,0.20250262441317962,0.22431020946584457,0.6830533817467234,False
8636,4018826.0,1.1575149194263723,0.08939984768698196,0.5208992735599512,False
8637,4018879.0,0.03703040525069354,0.8151151259588908,0.9566536178841201,False
8638,4019190.0,-0.22813772982474526,0.22721014796188013,0.6863868669512747,False
8639,4019577.0,0.14494761491065422,0.3283917889771048,0.759576575611863,False
8640,4020234.0,0.053578265434300665,0.7160844612774239,0.9253761579418902,False
8641,4020236.0,0.08888915762292166,0.5459629773409047,0.8612597283017006,False
8642,4020984.0,0.23223906008381776,0.5895518605012463,0.8744992410140787,False
8643,4021087.0,0.9513800636053669,0.06151797185692008,0.45876495386332855,False
8644,4021230.0,0.05737570053557298,0.6945385681430222,0.9172129010340102,False
8645,4021332.0,-0.22350137377895488,0.2378577118777693,0.6934202691606766,False
8646,4021666.0,-0.1620797138976801,0.32687913340668634,0.759576575611863,False
8647,4021819.0,-0.2562767638558968,0.11334801899948138,0.5627314183961417,False
8648,4022344.0,0.2509905172233229,0.1263427648292085,0.5803854050872019,False
8649,4023208.0,0.08036366870600786,0.7939326890529724,0.9515273481552983,False
8650,4023330.0,0.4460982009639298,0.5400550114936711,0.8588858678675815,False
8651,4023481.0,0.398277953272121,0.03135128532365865,0.3659261734679848,False
8652,4023533.0,-0.5343695308821438,0.08615510485893735,0.5191442983289968,False
8653,4024497.0,0.4269020617436656,0.37807979667962643,0.7924383259684544,False
8654,4025292.0,-0.36037333463701043,0.05211544912534897,0.44034399711352207,False
8655,4025481.0,-0.10256278387134214,0.7038137414725372,0.9204696582752278,False
8656,4026575.0,0.3060305480957502,0.39641090377637117,0.8003041606352088,False
8657,4027658.0,-0.34736472335307056,0.10622516172386476,0.5498684456426094,False
8658,4027726.0,1.3087637752101329,0.05439851961602024,0.4438587342165712,False
8659,4028086.0,1.1522252550062713,0.09090247304878951,0.5251168311226758,False
8660,4028360.0,0.4700237472823915,0.011624507895131876,0.25647161219848885,False
8661,4028805.0,-1.0041838954461006,0.06942873590216919,0.4816723095247951,False
8662,4029814.0,0.015259731716888512,0.9716660723075277,0.9904604178320151,False
8663,4029848.0,-0.18660654671204274,0.6400788121106022,0.8982090134042133,False
8664,4029849.0,0.2440894281977759,0.6424911648878223,0.8987654097409585,False
8665,4030665.0,-0.08803839231971469,0.5581488706654384,0.8641714435991062,False
8666,4031745.0,-0.2832881548731822,0.6762214108954849,0.909321074121257,False
8667,4031820.0,0.5167053607990697,0.01206427141184549,0.26033926076639097,False
8668,4032250.0,0.19755686802508418,0.42887835591466034,0.8150308677539196,False
8669,4032842.0,-0.5214650150156689,0.010955368741857135,0.25231921425166937,False
8670,4032904.0,0.5009039182645895,0.0155692601638924,0.28291725016978597,False
8671,4033200.0,-0.22273260102726594,0.1809944190343989,0.6428973882913612,False
8672,4033646.0,-0.0759117103153488,0.759117186910982,0.9396986046206762,False
8673,4033656.0,1.1619940290957287,0.08823045394442249,0.5200696605336262,False
8674,4034291.0,-0.18139505277647508,0.4284762442087723,0.8150308677539196,False
8675,4034313.0,0.2658485623715535,0.5067200411283629,0.848834266427219,False
8676,4035478.0,-0.2205935361031959,0.5078738361052513,0.8492966548932642,False
8677,4036704.0,-0.21625894815348523,0.16631277745587608,0.628376331111568,False
8678,4037245.0,0.39224669225453296,0.4173612520205867,0.8099428239619001,False
8679,4037593.0,-0.04533644144309951,0.8534227891688143,0.9657054455551027,False
8680,4037905.0,0.0915799165923812,0.7074104862545698,0.9220480669292973,False
8681,4038500.0,1.268040798832245,0.022962355803487166,0.32375771529433595,False
8682,4039814.0,-0.23709516666355657,0.07318441158439083,0.4916202179950721,False
8683,4040608.0,0.01042699811645642,0.9837119888955641,0.9943981178966002,False
8684,4041043.0,-0.935297765062335,0.055161382569422816,0.44468114829707944,False
8685,4042302.0,0.19191682783773278,0.2199199692747467,0.6770911517578009,False
8686,4042331.0,0.29833939162167294,0.5220193502876012,0.8538614616540056,False
8687,4043894.0,-1.2584977571522298,0.007220222948505872,0.21591052370807504,False
8688,4044782.0,0.3902119943083182,0.2936865875701188,0.7365078297655344,False
8689,4045243.0,0.3967795223581522,0.436922189994891,0.819701066780944,False
8690,4046377.0,-0.3919206922360001,0.06367728827021563,0.46421555686580973,False
8691,4046457.0,-0.3971755119664041,0.06184672821149306,0.459403250215743,False
8692,4046468.0,0.7508998567537222,0.13469594614819336,0.5913217812067733,False
8693,4046662.0,0.5664117518699187,0.12664867029256074,0.5809422404832525,False
8694,4046874.0,-0.39635402626366706,0.28550323965336083,0.7324834947854483,False
8695,4047381.0,0.40321257096329016,0.27830479522029183,0.7270462346020906,False
8696,4047387.0,0.32292528387175945,0.3944782952635774,0.7991807636586509,False
8697,4047460.0,-0.3978161088818323,0.28486618205388176,0.7320014925858195,False
8698,4047923.0,1.501198706918403,0.027006286299665148,0.3488786074460197,False
8699,4048207.0,-0.44997418137162604,0.23537254777724195,0.6919999960855266,False
8700,4048555.0,-0.04741526746491466,0.7786058265796026,0.9463334656989087,False
8701,4048612.0,0.4834658214437526,0.20135947524131453,0.666620536053159,False
8702,4048798.0,0.3990713299814113,0.28316262076626586,0.7313494943699443,False
8703,4048840.0,0.4030627700057174,0.2883128903509007,0.7336391967546332,False
8704,4048937.0,-0.38648885377393344,0.2982981016937137,0.7406280635602154,False
8705,4048970.0,-0.4253691776314192,0.2615719533736603,0.7128949013504352,False
8706,4049062.0,-0.3509021697573028,0.3491881626413045,0.7738855824304457,False
8707,4049470.0,-0.03166613262218518,0.8526350887130766,0.9657054455551027,False
8708,4049965.0,1.2875719570774573,0.05858339782937031,0.4526140807386582,False
8709,4050356.0,0.7997926258070353,0.20284871003549207,0.6674515754577952,False
8710,4050823.0,0.5588323635802344,0.012517193025029781,0.2618423318423385,False
8711,4051010.0,0.3799760878172397,0.0193323548443298,0.30860692916941174,False
8712,4051166.0,-0.31924709031340526,0.054206470166837516,0.4438587342165712,False
8713,4051385.0,-0.378890020846341,0.020017266439977924,0.31006814852992776,False
8714,4051597.0,-0.36480628391838804,0.02638381107758359,0.34588921406663026,False
8715,4051659.0,-2.122175818871295,0.0015999726241082886,0.1173493434776721,False
8716,4051988.0,0.2903133672860028,0.5335776896634916,0.8576035569033383,False
8717,4052027.0,-0.3616533608149178,0.027579584953842315,0.3500732242265052,False
8718,4052410.0,0.7135630344695678,0.20277042398373007,0.6674515754577952,False
8719,4052416.0,-0.35737433045854794,0.029296557568835518,0.35931863042965817,False
8720,4052487.0,0.3724561054469757,0.023610326478558884,0.3260445224241004,False
8721,4052888.0,-0.2662035257010412,0.04567388704487033,0.42061368132535787,False
8722,4053983.0,-0.1900333607554497,0.22950336936039106,0.6875571457431142,False
8723,4055550.0,-0.6771611959616061,0.31792167244550723,0.7537502775492921,False
8724,4055879.0,0.07762374501403278,0.8897601603555675,0.9715554662941385,False
8725,4056430.0,0.18098694537741603,0.682809083405131,0.9118970436881266,False
8726,4057187.0,-1.4742323767790253,0.02931389920999695,0.35931863042965817,False
8727,4057817.0,-0.8555743544028691,0.07962766235191868,0.5022418796223574,False
8728,4057823.0,1.3026581372059156,0.05561463706211561,0.4459195218434067,False
8729,4058480.0,-0.20465124509841387,0.6651917229896401,0.9073242860276302,False
8730,4058979.0,-0.10773927412885875,0.8740324821616487,0.9703624952489408,False
8731,4059051.0,0.11860027951292018,0.7813945017048889,0.9478100548560575,False
8732,4059165.0,0.05177158214778703,0.8666697722540267,0.9676604861224056,False
8733,4059184.0,-0.5887224492054028,0.2283319186145604,0.6863868669512747,False
8734,4062063.0,0.007725586394898565,0.9909246668265546,0.9974218176556843,False
8735,4062878.0,0.12645328807205272,0.7467835601623966,0.9360625908745066,False
8736,4062901.0,-0.047202556045872736,0.8751912172431464,0.9708335653721607,False
8737,4062972.0,-0.2931579140792039,0.12072234150063119,0.5737187286540817,False
8738,4063127.0,-0.27522507888558567,0.17425688543372245,0.6351457866862356,False
8739,4063513.0,-0.2355766326558183,0.43886565136525146,0.8206754391865764,False
8740,4063695.0,0.17659697220611265,0.38168672808443005,0.793872464971652,False
8741,4063818.0,0.1012172893372879,0.4976215074902972,0.8463587634741259,False
8742,4064659.0,0.4552962249193146,0.11968761974786823,0.5737187286540817,False
8743,4064806.0,-0.566320796819057,0.24661843188101182,0.7007966172953882,False
8744,4064874.0,-0.2746564529807272,0.21741642684899942,0.6770911517578009,False
8745,4065218.0,0.049218513722878554,0.7393640464483229,0.9335765787936011,False
8746,4065479.0,1.3107893017997818,0.05305484291661995,0.44224970868301966,False
8747,4065635.0,-0.3335197271219811,0.10975823597568614,0.5556502612494308,False
8748,4065883.0,0.15039742479853593,0.6773397437886015,0.9095122428699074,False
8749,4067950.0,0.6903164896985281,0.26829134480683026,0.7178463268124581,False
8750,4068042.0,-0.023213640711421422,0.8842865369034443,0.9715554662941385,False
8751,4068078.0,-0.20733395770069757,0.1659812953558067,0.6279982436693209,False
8752,4068749.0,0.24078715544821863,0.5402321745047393,0.8588858678675815,False
8753,4068846.0,-0.23914853068595288,0.4317296900834931,0.817265787897664,False
8754,4069087.0,0.006080018808767074,0.9928577120847035,0.9976355064825205,False
8755,4069351.0,0.2223075141477578,0.14386270749836436,0.6042964419745382,False
8756,4070095.0,0.019110283024999453,0.9742779249179614,0.9914577565214744,False
8757,4070167.0,0.04021570661747845,0.9276786591376159,0.980469186391243,False
8758,4070463.0,0.2108153722647276,0.14885756978149686,0.6081478810606505,False
8759,4070758.0,1.2973767800975966,0.05655436541480781,0.448929200982034,False
8760,4070779.0,-0.2493522487396621,0.09740820900871983,0.5348336412694252,False
8761,4071459.0,-0.18612198282628895,0.7841820794969243,0.9491856013536031,False
8762,4071868.0,0.06507917324722311,0.6805047417807337,0.9103868587663131,False
8763,4071996.0,0.5927244916631222,0.3848504901747998,0.7953225003731468,False
8764,4072411.0,0.09096106991038018,0.5652189885651352,0.8662222392876666,False
8765,4072819.0,-0.21770032305158185,0.1449666762311755,0.6050438287330737,False
8766,4073223.0,0.1806461015013598,0.4211475229740404,0.8119882707974855,False
8767,4073276.0,0.5487503031259486,0.13477984878767052,0.5913217812067733,False
8768,4073667.0,-0.16103648274559773,0.5910082339776371,0.8751049488237964,False
8769,4074467.0,0.093225069516779,0.5535349769035942,0.8629358285636242,False
8770,4075178.0,-0.4770703465553525,0.3280286955473628,0.759576575611863,False
8771,4075672.0,0.5478176960311825,0.20120594922751828,0.666620536053159,False
8772,4076404.0,0.11505176793023912,0.7666177333294304,0.9414445916982388,False
8773,4076691.0,-0.20146297137795516,0.7330191959076274,0.9325461360488421,False
8774,4078062.0,-0.39825959692414464,0.5003288401603077,0.8463587634741259,False
8775,4079116.0,0.3732860675476447,0.09594523781809339,0.5330018201204728,False
8776,4080060.0,0.16609723824461134,0.3720724214100543,0.787606500469216,False
8777,4080107.0,-0.2195461120261285,0.1843448699785365,0.6464345081972979,False
8778,4080522.0,-0.13674493958923595,0.3198419011309492,0.7555786369480856,False
8779,4080849.0,0.35111884155476125,0.2678433230347983,0.7178463268124581,False
8780,4080862.0,0.02030752333821606,0.9298668116894357,0.980469186391243,False
8781,4082493.0,-0.011896349628460423,0.9830828417029384,0.9943981178966002,False
8782,4082506.0,0.3803528991976934,0.32460885066784734,0.7578479558547864,False
8783,4082513.0,0.7286426383222671,0.02129237055328028,0.31690116749484026,False
8784,4082718.0,0.37164752155788827,0.23395180271521188,0.6904588490122399,False
8785,4082959.0,-0.33310843392177314,0.14513307715204504,0.60505354426495,False
8786,4083318.0,0.01094157000184838,0.9770186577516562,0.991933906401308,False
8787,4083709.0,0.3182820353533762,0.1359237111576737,0.5914139815214984,False
8788,4084325.0,0.10632065981843263,0.7914152877764641,0.951389134002876,False
8789,4084527.0,-0.33085073956411487,0.09737769482375207,0.5348336412694252,False
8790,4084569.0,-0.3929892912036788,0.046828255176081995,0.42379780469043915,False
8791,4084591.0,0.3734729028215494,0.059701597992613244,0.45446062146550964,False
8792,4085446.0,-0.39475686645644326,0.04609016672539795,0.4211353197005006,False
8793,4085593.0,-0.0690789447581934,0.8116459922016247,0.9562991422300517,False
8794,4085789.0,-0.4200998993163069,0.037586848028682104,0.3879166431386317,False
8795,4088300.0,-0.14196292808812783,0.52778560519048,0.8548586987933043,False
8796,4088551.0,-0.07453736027612043,0.7871325863521877,0.9498033211865775,False
8797,4089065.0,-0.19204836553421545,0.39693891659999986,0.800825323470355,False
8798,4089690.0,0.07702366357086053,0.7096644458996989,0.923403145108083,False
8799,4090001.0,-0.05303280114725589,0.8490037087788568,0.9651890482210258,False
8800,4090102.0,0.19590911908148853,0.47449126526864344,0.8354729860580213,False
8801,4091097.0,0.1393866029933975,0.3827026904569728,0.793872464971652,False
8802,4091162.0,-0.15758831382902516,0.5555510293116781,0.8630424783768135,False
8803,4091672.0,0.2100495730160169,0.5979089619054803,0.8773049177458756,False
8804,4091916.0,-0.26099628573442973,0.7004896394815029,0.9190920692524244,False
8805,4092001.0,1.4797791951568728,0.029382616510047217,0.35931863042965817,False
8806,4092236.0,-0.27061609886057447,0.6897166273256885,0.9148184249291726,False
8807,4092393.0,0.21548341705282836,0.27573463776903184,0.7255998770867492,False
8808,4092822.0,0.9512902730512418,0.13158352224473402,0.5885463455120306,False
8809,4093060.0,0.3915609036946448,0.14136233617911842,0.5991133811013387,False
8810,4093422.0,0.4701729459026113,0.45641720251815,0.8280802773051409,False
8811,4093500.0,-0.5339832936199087,0.018173205899281546,0.30355434210359833,False
8812,4094247.0,-0.564256032248412,0.012295702011359516,0.26084895172462486,False
8813,4094511.0,0.2038579325726809,0.30734701544134124,0.7487505601483324,False
8814,4095493.0,0.10210229202617474,0.49966132864832224,0.8463587634741259,False
8815,4096101.0,0.03567923952926375,0.80364975278287,0.9543395762452745,False
8816,4096278.0,0.15460376068926693,0.33212155068578075,0.7618284082437468,False
8817,4096399.0,-0.5661731558844352,0.007874364623415404,0.22434705508444677,False
8818,4097707.0,0.297185378467696,0.4007987703536859,0.8028690780890388,False
8819,4097893.0,0.49102470271229437,0.26899411436702403,0.7190014144831173,False
8820,4098284.0,1.0933592999791688,0.08200976010421007,0.5094698236671408,False
8821,4098452.0,-0.32705921053243014,0.25630095355126464,0.7122316278740778,False
8822,4098616.0,0.15350448838869163,0.728930753270177,0.9303258535156202,False
8823,4098674.0,0.4156012709126356,0.43218684220106873,0.817265787897664,False
8824,4099183.0,1.2960935681784795,0.054902206761444916,0.4438587342165712,False
8825,4099220.0,-0.1566890232542124,0.47692869517529796,0.835995603084639,False
8826,4100311.0,-0.0483458015341771,0.7228836075344963,0.9281001315583913,False
8827,4100805.0,0.018310530706542857,0.8928688665120108,0.9721809814662338,False
8828,4101225.0,0.03253889688183731,0.8112932060846373,0.9562991422300517,False
8829,4102420.0,-0.1938956921924525,0.5157278155471854,0.8523183003093502,False
8830,4103599.0,0.02740159748848303,0.8873980557786277,0.9715554662941385,False
8831,4104038.0,0.7288716834203364,0.1929711999491292,0.6587114388200621,False
8832,4104444.0,0.41895990062152577,0.023229615402612255,0.3241098652896607,False
8833,4105424.0,-0.17352443944626256,0.3884730003623994,0.7961859055298405,False
8834,4105902.0,-0.23932174151654767,0.4212026176169148,0.8119882707974855,False
8835,4106187.0,0.3997266599914234,0.16817070966752498,0.6301322241770742,False
8836,4106294.0,-0.19141452223007122,0.3095442146037743,0.7497303448026011,False
8837,4106591.0,0.35525959433630294,0.48320050845426693,0.8375570922781171,False
8838,4106629.0,-0.05092747234955261,0.903200751496681,0.9760658367875087,False
8839,4106880.0,0.008713040731057109,0.9557619699033134,0.9869146085197199,False
8840,4107152.0,0.6087005399187873,0.039417214803781596,0.3972830702832398,False
8841,4107269.0,-0.6055978862538892,0.004941520891075388,0.1830723865959841,False
8842,4108033.0,0.9655459042615379,0.12376144699462556,0.5775711552565178,False
8843,4108209.0,-0.5697278483702505,0.008054495276319613,0.22660893154732395,False
8844,4109122.0,-0.5180165985953816,0.2674534567200462,0.7178463268124581,False
8845,4109221.0,-0.2781991281476702,0.6814929209705705,0.91103517945019,False
8846,4109460.0,-0.5300054168297108,0.29796077733885656,0.740298520946049,False
8847,4109578.0,0.45079241378088,0.28810187458278796,0.7336391967546332,False
8848,4110494.0,0.21534772385971346,0.5978595247571479,0.8773049177458756,False
8849,4110610.0,-0.8827298749194696,0.16192158586720326,0.6229694806320021,False
8850,4110838.0,0.2710954853996412,0.5063907584320915,0.8487799350603877,False
8851,4111146.0,0.2492242668828209,0.5315808222821408,0.8572879931601436,False
8852,4111576.0,0.5840497428780805,0.04792289567650952,0.42606007324537426,False
8853,4111722.0,0.2576491406094136,0.5175219337005735,0.8523183003093502,False
8854,4112524.0,-0.7128639419035336,0.0009084088920964839,0.09184244175368926,False
8855,4112545.0,-0.034125031779405894,0.8159173074092726,0.9566962194394625,False
8856,4112775.0,0.34916567291572037,0.07137261372102796,0.4863085152151144,False
8857,4113087.0,-0.16936005629119544,0.7508723726473039,0.9361502925383169,False
8858,4113799.0,-0.2823314744137415,0.13296602537821411,0.5908089256981229,False
8859,4113874.0,-0.030045110094417876,0.8381262907847732,0.9634460491893265,False
8860,4114030.0,-0.7277478206224552,0.0006747949372861848,0.08138776715823928,False
8861,4114231.0,-0.2909609576800889,0.12679751418047666,0.5812445170730888,False
8862,4114709.0,0.24968721720134937,0.1914810905980618,0.6554915244023817,False
8863,4115433.0,0.1900218566507449,0.17981986812440473,0.6418759186091461,False
8864,4115501.0,0.36512541469804716,0.4710363531070495,0.8335061780771449,False
8865,4115674.0,-0.6983172500522312,0.0011520674097712524,0.10167229051273939,False
8866,4116715.0,0.383217841569079,0.01817736088842953,0.30355434210359833,False
8867,4116774.0,0.7237159025339202,0.0007241761530222029,0.08452615205436571,False
8868,4117162.0,0.7120695594424624,0.0008811449301678823,0.09163680379650424,False
8869,4117354.0,0.7205004271724521,0.0013281498361159625,0.10840819724211677,False
8870,4117486.0,-0.7100714851425612,0.0009386722594049834,0.09262988523491904,False
8871,4117505.0,0.19324413637048493,0.1795910807606255,0.6417525382090467,False
8872,4118111.0,-0.4454202260230779,0.45882245504148056,0.8291034424364081,False
8873,4118214.0,0.33539829130871873,0.03869619348556591,0.39515256847207714,False
8874,4118999.0,0.36325948600283514,0.2721995942618732,0.7215449562179813,False
8875,4119120.0,0.44289280678524745,0.318792409216251,0.7543230928373189,False
8876,4121176.0,0.24768890336400834,0.543685480680017,0.8601815905526285,False
8877,4121424.0,-0.6659297942426097,0.002332133758372706,0.14222085363559395,False
8878,4121986.0,-0.6035818790389951,0.0036600746257677472,0.16113764534851932,False
8879,4122809.0,0.61174857768768,0.003299198459156348,0.15704345464377045,False
8880,4123188.0,0.05894419147192312,0.7974356870265511,0.9521685604084493,False
8881,4124041.0,-0.0930166220617232,0.8493363439135305,0.9651890482210258,False
8882,4124144.0,0.2387709793219908,0.319071703156374,0.7545369014425696,False
8883,4124811.0,-0.06304662302265829,0.8774941543545303,0.9713049919519247,False
8884,4125542.0,-0.6311515259387389,0.0025332004499711677,0.14246841960502432,False
8885,4125874.0,0.3917929494208369,0.4391048319480088,0.8206754391865764,False
8886,4126025.0,0.37705604024091877,0.45687469613879483,0.8280806188990847,False
8887,4126443.0,-0.607089793272776,0.15791218085933423,0.6203896935316949,False
8888,4126516.0,-0.1282564935992295,0.3862896942154231,0.7955896115495888,False
8889,4126778.0,0.999382536435189,0.09364721977705955,0.5290245029782557,False
8890,4127170.0,-0.5544554718763943,0.0020473319954410966,0.13311946605479874,False
8891,4127510.0,0.08875624742639024,0.6842912183843022,0.912130489380936,False
8892,4127939.0,-0.5642617595097823,0.0017503171099497506,0.12456309786565896,False
8893,4128016.0,-0.6004046687221412,0.0008863992997358771,0.09163680379650424,False
8894,4128047.0,0.5058854021901673,0.0005022752942956138,0.0690151686022644,False
8895,4128611.0,0.22584552806206637,0.44566135327954765,0.8232367525618602,False
8896,4128743.0,0.21151589997590342,0.47097458770036205,0.8335061780771449,False
8897,4128879.0,-0.09520649619680263,0.839954259845747,0.9634460491893265,False
8898,4129740.0,0.23315240908627116,0.10784267444502497,0.5524456022183795,False
8899,4129875.0,-0.03764088953261844,0.9303158365303738,0.980469186391243,False
8900,4130082.0,0.45201605701080494,0.27274460897280517,0.7219319020726165,False
8901,4130343.0,-0.37335709771451675,0.008559211153943135,0.2316963518106053,False
8902,4130608.0,0.2201681555631079,0.2673197771362911,0.7178463268124581,False
8903,4130786.0,0.3834973856508257,0.44883392524207294,0.8252188784726799,False
8904,4130961.0,-0.1640003147811234,0.4176186076199682,0.8099428239619001,False
8905,4131388.0,-0.1880364576817823,0.3559126079989112,0.7763541116209358,False
8906,4131398.0,0.3225395791152947,0.4085921201138477,0.805972644709398,False
8907,4131429.0,-0.1645526347287207,0.4101891060649845,0.8067770875766275,False
8908,4132193.0,0.23064448745669025,0.2525713790516945,0.7084776483854288,False
8909,4132197.0,0.1803098629207041,0.4166404799561212,0.8099428239619001,False
8910,4132272.0,0.28329924359684683,0.2211643236640706,0.6780958909977832,False
8911,4132351.0,-0.4033592282851469,0.22767012968287373,0.6863868669512747,False
8912,4134145.0,1.3467788462687826,0.045994328856121584,0.42061368132535787,False
8913,4134169.0,0.02523036723235106,0.8521325305052427,0.9657054455551027,False
8914,4134225.0,-0.2887247140230564,0.08817659945817882,0.5200696605336262,False
8915,4135298.0,-0.1718699948640432,0.6619082096371158,0.9068263660380445,False
8916,4137355.0,0.22016074003138703,0.5542007170518305,0.8630424783768135,False
8917,4137722.0,0.055890285557767205,0.8959450717892032,0.9733270370568257,False
8918,4139882.0,0.3482422681221812,0.13933611847205285,0.596637381318124,False
8919,4140485.0,1.1585671970178804,0.049525170617798056,0.43042091837966207,False
8920,4140618.0,0.002207814472020203,0.9974061793309346,0.9986748092862111,False
8921,4140970.0,-0.35906060375713017,0.08683063628858924,0.5194262955034968,False
8922,4141033.0,0.31522211560764984,0.20011201711005738,0.6658061805961677,False
8923,4141442.0,-0.03739821738282513,0.8593176938243995,0.9672718489584977,False
8924,4141481.0,-0.24336641691284822,0.6822199561702849,0.9116595441031188,False
8925,4141558.0,-0.1726061604900687,0.3019775574537047,0.7436402872413712,False
8926,4141720.0,1.3316983822054245,0.05045428239184432,0.43432294636278357,False
8927,4141870.0,0.4295044940717336,0.07370488387619159,0.4916202179950721,False
8928,4142455.0,-0.014612996219512224,0.9448155691757903,0.9835976794287143,False
8929,4142910.0,0.4852799761559512,0.23869281563137998,0.693758313881702,False
8930,4143183.0,1.1294390870132518,0.0428536816245044,0.4123907039308468,False
8931,4143385.0,-0.2595926358308791,0.15116193448039256,0.6101798566287986,False
8932,4143645.0,0.32064292860455007,0.2604376947986206,0.7122316278740778,False
8933,4143733.0,0.2268960848647034,0.5424197255686765,0.8598081368352779,False
8934,4144467.0,0.05204593550677411,0.7833207797672207,0.9484603529696799,False
8935,4144633.0,0.054168447832631694,0.8990953816776872,0.9750103389437585,False
8936,4144795.0,1.103651449852687,0.017714122271412457,0.3032647161042293,False
8937,4145045.0,0.015849809977278195,0.9302730188024799,0.980469186391243,False
8938,4145090.0,0.36298429237165974,0.47358767261931634,0.8352224510613613,False
8939,4145492.0,0.43283081902268505,0.3214956608573031,0.7565659242875616,False
8940,4145724.0,0.16113252373805698,0.28706171516808815,0.7336391967546332,False
8941,4146117.0,-0.0071283005807550315,0.9870786521472769,0.9951689458365942,False
8942,4146825.0,-0.17838101673331908,0.28294598644774716,0.7312806387834037,False
8943,4146995.0,0.4689780593920039,0.2830809460743817,0.7313494943699443,False
8944,4147203.0,-0.29754068933271405,0.0970642349636172,0.5343397413390395,False
8945,4147308.0,0.19109957519984833,0.19259267537071748,0.6580056402996214,False
8946,4147385.0,0.31805534085632753,0.24117665366099353,0.6958991428734941,False
8947,4148097.0,-0.42460487016642157,0.20387572195494863,0.6688655682526893,False
8948,4148198.0,-0.09227565836768659,0.8198235729296502,0.9583442692387846,False
8949,4148264.0,0.13300145360861618,0.33555459814789784,0.7639356465804177,False
8950,4148997.0,0.47848890923833665,0.24547080838125312,0.699733620004859,False
8951,4149017.0,-0.6351821202286294,0.003676016378281956,0.16113764534851932,False
8952,4149641.0,1.5595214883284254,0.0048903603374024955,0.18244132784722678,False
8953,4150064.0,0.4708867200520843,0.2533027870459557,0.7084776483854288,False
8954,4151861.0,1.3525052669478577,0.0018273688749344261,0.12475527759379368,False
8955,4152000.0,0.10880158162254086,0.8285511839029557,0.9608291890121575,False
8956,4152712.0,0.044391291172234004,0.9172665282174336,0.9788129094519167,False
8957,4152867.0,-0.2580032815198771,0.07861033919946177,0.49976037191002765,False
8958,4152946.0,-0.8204376446337667,0.19270381672155656,0.6580056402996214,False
8959,4153009.0,0.42832645468639235,0.3764678608775676,0.7916020062577429,False
8960,4153734.0,0.060511164921052296,0.8947359837430356,0.9731317579651948,False
8961,4154126.0,-0.3538311691354117,0.5071010981353634,0.8490795033563736,False
8962,4154646.0,0.2445015814818702,0.5530414531873944,0.8626020990505915,False
8963,4154730.0,0.04150610584811587,0.9276629978653606,0.980469186391243,False
8964,4155229.0,0.11084249594994619,0.3927828913771895,0.7987370337016471,False
8965,4155415.0,0.1091318276449603,0.40042724668935736,0.8028690780890388,False
8966,4155553.0,-0.4790790305565666,0.3275316642960015,0.759576575611863,False
8967,4155960.0,-0.6523013666693375,0.27008401606957816,0.7190014144831173,False
8968,4156149.0,0.025308812234633295,0.853798796459174,0.9657054455551027,False
8969,4156629.0,0.3760806722412751,0.35125854415356805,0.7739033942340068,False
8970,4156664.0,0.19803465157456218,0.15470938147544946,0.6147036368653016,False
8971,4156674.0,-0.538966099599991,0.17693613330806818,0.6389360369458017,False
8972,4156960.0,0.15735548584456277,0.23608967880988435,0.6929586761002241,False
8973,4157170.0,-0.3960234697815439,0.01361144516740819,0.27145485172216627,False
8974,4157424.0,0.5129687394061098,0.17355106742021198,0.6349500629748571,False
8975,4157637.0,-0.39939169789309337,0.4531653717559551,0.827107336072722,False
8976,4157797.0,0.07441547651014242,0.5704033098756554,0.8683622515454004,False
8977,4158176.0,0.25535036383169424,0.47432729952261443,0.8354729860580213,False
8978,4158377.0,0.08208125502830137,0.5367657130031086,0.8583373881302359,False
8979,4158427.0,-0.09975357972524687,0.4460850375021253,0.8232367525618602,False
8980,4158758.0,0.03343226400048449,0.9279998614439702,0.980469186391243,False
8981,4158842.0,-0.2289945993537933,0.0778301715185096,0.49784709006094385,False
8982,4158879.0,0.10917698886081612,0.40573075451541196,0.8054512326746155,False
8983,4158908.0,0.0375885070757129,0.8577383417361101,0.9669817197107029,False
8984,4159052.0,-0.12008645839875909,0.7655220552041494,0.9412778951900646,False
8985,4159098.0,0.09022851964390036,0.5005011634029538,0.8463587634741259,False
8986,4159277.0,-0.08176121622262376,0.5367621420138166,0.8583373881302359,False
8987,4159668.0,1.3055257807066363,0.05499660739465717,0.4438587342165712,False
8988,4161007.0,-0.22274597102667554,0.5938920674539196,0.8756136496013212,False
8989,4162010.0,0.18260940402448966,0.6224062919146189,0.8886255818404826,False
8990,4162824.0,0.08132592703306919,0.5427598017321084,0.859994898288096,False
8991,4162905.0,0.0710558629762699,0.5948289751174399,0.8757304943602114,False
8992,4163208.0,0.7036949959805968,0.020517422315590044,0.31327339750063066,False
8993,4163640.0,0.08317437243263262,0.6378281953568907,0.8969406122585645,False
8994,4164384.0,0.08374851471401656,0.527188547485852,0.8548586987933043,False
8995,4165006.0,-0.05610067128526844,0.7830696241118814,0.9484234844885918,False
8996,4165338.0,0.07086090268511225,0.693250564195512,0.9172129010340102,False
8997,4165967.0,0.15106488044283653,0.28569009388979016,0.7325138149165897,False
8998,4166065.0,0.17062036348836704,0.5449306858256293,0.8604720268018781,False
8999,4166645.0,-0.2503863764888944,0.07467633050967085,0.4916202179950721,False
9000,4166713.0,0.17307923726028995,0.538801186544464,0.858511186160994,False
9001,4166799.0,-0.18122489585045504,0.5153306791683429,0.8523183003093502,False
9002,4167407.0,-0.25220154779182347,0.07521492798285166,0.4916202179950721,False
9003,4168794.0,0.18148597281797554,0.5703953913525674,0.8683622515454004,False
9004,4168892.0,-0.22979921270047132,0.10484091652682416,0.5484761244684884,False
9005,4168924.0,-0.24391453340642044,0.08230055693358336,0.5102305125671082,False
9006,4169333.0,-1.0546991718021426,0.11994680367474383,0.5737187286540817,False
9007,4169374.0,-0.29394451045070974,0.048938757257499174,0.42945045273254123,False
9008,4169985.0,-0.8387735125345097,0.18676557826321924,0.6502053726899437,False
9009,4170376.0,0.4860979855834021,0.23634148075452513,0.6931804061732216,False
9010,4170594.0,0.05718268407838542,0.8656862022825023,0.9675879210193268,False
9011,4171825.0,-0.15482970894229142,0.6310746954647188,0.8940636673544143,False
9012,4173053.0,-0.11225566330687409,0.7821194430478702,0.9480632668101207,False
9013,4173331.0,-0.08800455387943645,0.5191878294104174,0.8525582078680625,False
9014,4173554.0,-0.19561759843150578,0.4998966955982543,0.8463587634741259,False
9015,4173731.0,-0.3708302928225472,0.030346719717787147,0.361830072835406,False
9016,4174314.0,0.2852179805365272,0.2525305942817954,0.7084776483854288,False
9017,4174748.0,0.20017708084134714,0.5000745918782089,0.8463587634741259,False
9018,4175104.0,0.24535936947335307,0.13446530144814636,0.5913217812067733,False
9019,4175371.0,0.07350280874736728,0.7344314673729913,0.9327853690121147,False
9020,4175916.0,0.07877939889959472,0.5631842633126826,0.8657580225380044,False
9021,4176070.0,0.27482943454148545,0.07093117316883628,0.4854715540653958,False
9022,4176107.0,-0.36908851830223777,0.017796372561805072,0.3032647161042293,False
9023,4176794.0,-0.014536441625326503,0.9356243171582006,0.981230191995791,False
9024,4176942.0,0.11095420739643788,0.4258409848606121,0.8133064069190015,False
9025,4177058.0,0.1411938587303492,0.5467120095941761,0.8614159882464039,False
9026,4177098.0,0.03504634767949612,0.8222864750144275,0.9599051455556222,False
9027,4177357.0,-0.04377675520182631,0.8223437344074452,0.9599051455556222,False
9028,4178442.0,0.018132341385378645,0.9060568232736236,0.9765741420034114,False
9029,4179160.0,-0.02887470975282473,0.8990126491900629,0.9750103389437585,False
9030,4179188.0,0.16828860780773816,0.7272875052579054,0.9297205694408686,False
9031,4179324.0,0.16317215522446205,0.7353051697873427,0.9328222876181086,False
9032,4179358.0,-0.5502483219275804,0.0043892701993258456,0.17516738240324284,False
9033,4179523.0,0.30356751664162984,0.21315252585699976,0.6737972028294618,False
9034,4179664.0,-0.02168418019967043,0.9428939010709304,0.9831921763937949,False
9035,4179842.0,0.13741794275023714,0.3209162457947964,0.7565659242875616,False
9036,4180018.0,-0.8967414525778746,0.016968336855659922,0.29660434229982036,False
9037,4181505.0,-0.015562766119167834,0.9163004226423779,0.9787512033736542,False
9038,4181556.0,0.27275539422329753,0.1804653274045379,0.6419867019356599,False
9039,4181663.0,0.21584633218420618,0.345420929338282,0.7708766833813839,False
9040,4181674.0,0.2738194227650014,0.48843402335746,0.8411549126336904,False
9041,4182844.0,0.24221779532537524,0.09764605765551217,0.5355977543459245,False
9042,4183184.0,0.23153546192124866,0.5345548315422518,0.8576105784226076,False
9043,4183300.0,-0.2186752479603853,0.14119338326106884,0.5991133811013387,False
9044,4183546.0,-0.2012269645212394,0.17024425775219137,0.6327386388128744,False
9045,4183741.0,0.2385537740756906,0.11021473958670525,0.5567152155484809,False
9046,4183865.0,0.20742813129223922,0.3656024187608049,0.7830369119752374,False
9047,4184329.0,-0.23968399556679135,0.09818070206467003,0.5366321857562906,False
9048,4184422.0,-0.217270476879188,0.13577062116153601,0.5914139815214984,False
9049,4184642.0,-0.11386388784944283,0.8010622212179987,0.9537937249403728,False
9050,4184937.0,-0.13735158571330452,0.3348039235459195,0.7635130351101584,False
9051,4184975.0,-0.41269255317286874,0.3052987296100133,0.7477783908364481,False
9052,4185120.0,0.6454075185559286,0.04598689943070118,0.42061368132535787,False
9053,4185242.0,0.0745293011197089,0.7016559602515744,0.9191081938598813,False
9054,4185258.0,-0.35785843421965036,0.5702463360614369,0.8683622515454004,False
9055,4185698.0,0.12576677360069033,0.3735865228376178,0.789272422227003,False
9056,4186617.0,0.10729525066366019,0.44875783328311997,0.8252187498370773,False
9057,4187427.0,-0.008057567437076307,0.9787676299352669,0.9927604768218391,False
9058,4189334.0,0.15857123647724305,0.6373472010832721,0.896630879699186,False
9059,4190145.0,0.6472555339091935,0.11648855607135958,0.5688183878338319,False
9060,4190885.0,-0.4395203106679394,0.040332265168778865,0.4017315081593863,False
9061,4192044.0,-0.47208215128759257,0.03134305149959978,0.3659261734679848,False
9062,4193357.0,0.11439634002074178,0.522119873378968,0.8538614616540056,False
9063,4193893.0,0.3566130749171197,0.3351267632465243,0.7637625477726268,False
9064,4194800.0,0.19329056572293163,0.25811922235199825,0.7122316278740778,False
9065,4195309.0,-1.041083294101627,0.02240063292009429,0.32079006642166685,False
9066,4196686.0,0.13160770877288314,0.6986235031860942,0.9183286663944118,False
9067,4196719.0,0.20586050172392364,0.5387401473634047,0.858511186160994,False
9068,4197668.0,-0.10639464058376188,0.7929963945730718,0.9514729593335575,False
9069,4198981.0,0.12598624875026443,0.5177518674347599,0.8523183003093502,False
9070,4199004.0,1.3578156233717196,0.03070332312462956,0.3643672757141342,False
9071,4199554.0,-0.21830311625961563,0.14748943751390203,0.6066683759808286,False
9072,4199633.0,0.35983077232529775,0.13694267617526656,0.5922668047586417,False
9073,4199732.0,0.1528869956626132,0.7502206642196051,0.9361117074520717,False
9074,4200076.0,-0.1747978355917435,0.2529840928777266,0.7084776483854288,False
9075,4200249.0,0.3683753261632978,0.5279451606695564,0.8549098467528045,False
9076,4200374.0,-0.2154113845090639,0.15273381667354255,0.6136508535657775,False
9077,4200451.0,0.13427755974459393,0.4890981232460913,0.8411834771936298,False
9078,4200647.0,-0.24635856744470702,0.10243822300112711,0.5450818189594289,False
9079,4200922.0,-0.17077829474191777,0.26602326872554205,0.7167243936499774,False
9080,4201433.0,0.052910112967746475,0.7872097211421033,0.9498033211865775,False
9081,4201513.0,0.12347830772311402,0.4679465599179677,0.8324418072614781,False
9082,4201873.0,0.22784888660635655,0.12962336038494443,0.5867646275974028,False
9083,4202963.0,0.2163388190948838,0.14791941209106493,0.6066877814810029,False
9084,4203538.0,0.006758949858194772,0.9878075287231142,0.9956035955700469,False
9085,4203648.0,0.1335621752082915,0.7642025562859276,0.9411639151898961,False
9086,4203819.0,1.295368596833475,0.0569461666782104,0.45013779640416013,False
9087,4204025.0,0.5450207084037368,0.3944328438817538,0.7991807636586509,False
9088,4204040.0,-0.1120885476714986,0.6907673316351652,0.9155923783105822,False
9089,4204712.0,-0.11280945973089886,0.8488043705468202,0.9651890482210258,False
9090,4205088.0,-0.01221853147751617,0.9428097871535474,0.9831921763937949,False
9091,4206066.0,0.1378499542464094,0.3952988868500015,0.7997984811012286,False
9092,4206857.0,-0.17726699709308025,0.7519831460510252,0.9364451628145203,False
9093,4207112.0,1.3014102012821658,0.05580794978775303,0.4459195218434067,False
9094,4207907.0,0.17561269631420526,0.2925111590120356,0.7361146976962936,False
9095,4208637.0,0.14833129657265848,0.6481598762235311,0.900882603263824,False
9096,4209313.0,-0.2662129650553361,0.10721782181443178,0.5513261278046694,False
9097,4210648.0,-0.6807806751514169,0.24926467529952168,0.7042602942155929,False
9098,4210701.0,0.08595186237612498,0.564430990040583,0.8660706999920109,False
9099,4210721.0,0.05264476530216927,0.839723359099081,0.9634460491893265,False
9100,4211112.0,-0.6823765972428792,0.12986920504831553,0.587142949104317,False
9101,4211130.0,0.07643072453692319,0.6316588107198601,0.8943099566770268,False
9102,4211555.0,0.6930052179333045,0.20799810870456026,0.6705730531594897,False
9103,4212435.0,-0.7396577278896643,0.28207789335450345,0.730864298149255,False
9104,4213653.0,-0.165947990995163,0.7558000005759795,0.9380139021958178,False
9105,4214057.0,1.3049254052292025,0.05518060863714104,0.44468114829707944,False
9106,4214195.0,-0.8624130843459232,0.14529135806189913,0.60505354426495,False
9107,4215399.0,0.05936339083573579,0.9157133055449945,0.9784377675269643,False
9108,4215512.0,-0.29877470686365465,0.6599636351775112,0.9063707607994965,False
9109,4215578.0,-0.19426570074336447,0.7429565508811067,0.9347233843085783,False
9110,4216326.0,0.4870777239453558,0.2902496647456461,0.7345252294539043,False
9111,4216434.0,-0.29262244487219424,0.6665224909751827,0.9074404546460405,False
9112,4216942.0,-0.1853008832426759,0.22039100232594713,0.6770911517578009,False
9113,4217266.0,0.17521270782733647,0.4135794511916001,0.808186744904665,False
9114,4217554.0,-0.8450576390407352,0.15369303913086896,0.6136508535657775,False
9115,4217580.0,0.07585370569055469,0.7362222930038775,0.9329803613029483,False
9116,4217782.0,-0.010516552860351157,0.9625595519523916,0.9881227392065018,False
9117,4219813.0,0.44873876291835246,0.3300218048766576,0.7604559127953795,False
9118,4221207.0,0.35171507804454527,0.5530863763036251,0.8626020990505915,False
9119,4221843.0,0.1324371459595238,0.36722422858676096,0.7836090035992315,False
9120,4221915.0,-0.8803105925041401,0.19365656961370767,0.6595990157379343,False
9121,4226312.0,-0.4618720403075761,0.1350287018817056,0.5913217812067733,False
9122,4227343.0,-0.26608253726848835,0.673060013476581,0.9087147321254088,False
9123,4227380.0,0.992535636862484,0.1149567408588982,0.5658854340790467,False
9124,4227459.0,0.819204949547756,0.05572130339344473,0.4459195218434067,False
9125,4227628.0,-0.8868454273814108,0.1342400570225563,0.5913217812067733,False
9126,4227797.0,0.23521012904917163,0.21611462705324866,0.6765068467568709,False
9127,4227800.0,0.070973215641193,0.6962636070870772,0.9174485864202747,False
9128,4228298.0,-0.18513323372079435,0.6592959849948339,0.9059060654580914,False
9129,4228475.0,0.6956396398700763,0.3064076235428941,0.7484371632669027,False
9130,4229006.0,-0.15677982440489124,0.41497913852038026,0.8095971510853213,False
9131,4229018.0,-0.6482037946194881,0.3706132759792081,0.78634135304348,False
9132,4229665.0,0.6843749340721109,0.048062566741275174,0.42606007324537426,False
9133,4229710.0,0.21269101393422735,0.5909800288921554,0.8751049488237964,False
9134,4229768.0,-0.8167097123850238,0.1333640579714377,0.5913217812067733,False
9135,4229877.0,0.09945099021032458,0.5866481144952812,0.8728332922247775,False
9136,4230244.0,0.18558192958785136,0.32829646844781407,0.759576575611863,False
9137,4230513.0,-0.8687910495903766,0.14266666182477372,0.6016498112307377,False
9138,4230616.0,-0.22807868488657068,0.32810412706548064,0.759576575611863,False
9139,4231929.0,-0.5749593625129926,0.16368982438236443,0.6250485696386469,False
9140,4232513.0,0.6830383173957094,0.07152074764478157,0.4863085152151144,False
9141,4234065.0,1.4489026789092827,0.03212493190351437,0.369708471874854,False
9142,4234083.0,-1.44340774523099,0.021457838764985145,0.31690116749484026,False
9143,4234991.0,-0.2435100677288346,0.5942502733847365,0.8756136496013212,False
9144,4234998.0,-0.42707831054733286,0.12348262158496122,0.577325007552154,False
9145,4235532.0,-0.22663254660363247,0.2885917876334948,0.7336449308575143,False
9146,4235677.0,-0.7217811083349005,0.2937829007509361,0.7365078297655344,False
9147,4236091.0,-0.0007743958978425093,0.9956041300590361,0.9978514955244303,False
9148,4236360.0,0.5780199735340922,0.3964270109220544,0.8003041606352088,False
9149,4236498.0,-0.49808179138152325,0.42830755006514626,0.8149480203255325,False
9150,4236619.0,-0.14549206568102385,0.3277523932429072,0.759576575611863,False
9151,4237241.0,0.11192398442712694,0.5077182280697563,0.8492966548932642,False
9152,4237348.0,0.23343214703117499,0.7133438850412229,0.924435215858767,False
9153,4237449.0,0.0447872131433279,0.8363643590692801,0.9634460491893265,False
9154,4240008.0,0.14235142456536293,0.8337568254353926,0.9629147966038911,False
9155,4240980.0,-0.24597225643421916,0.2064007770272586,0.6697153128306306,False
9156,4241451.0,0.20475260777615453,0.1727597319653381,0.6334101947359447,False
9157,4242886.0,0.16779753453414203,0.6345188282237306,0.8959480201877014,False
9158,4244142.0,-0.2640264134372759,0.23970530394691233,0.6948711496078992,False
9159,4244537.0,1.3086148135130138,0.013593465276674101,0.27145485172216627,False
9160,4244903.0,-0.4149453305926082,0.07772683417905024,0.4975916036547227,False
9161,4244948.0,-0.5623698706823153,0.014835865889142364,0.2775651077745161,False
9162,4246089.0,0.16986826514617712,0.6739926878540945,0.9090231656160157,False
9163,4247333.0,-0.26713775469990636,0.2560180250575654,0.7122316278740778,False
9164,4248685.0,0.30773868652314385,0.4596647240052983,0.8293861403966956,False
9165,4248993.0,-0.01614314578346479,0.9707201738598282,0.9902128268977735,False
9166,4249088.0,0.37110029156183644,0.5620834966730436,0.8654321881524869,False
9167,4249625.0,-0.16052466635214685,0.33938098175558445,0.7672743434313809,False
9168,4249686.0,-0.10831638578035899,0.48050771294715916,0.836346213115029,False
9169,4250504.0,-0.02210153573111215,0.956648928437626,0.9870755507649989,False
9170,4251469.0,-0.42352799795854174,0.45106476756444125,0.8259999316140876,False
9171,4251684.0,0.10245414432342645,0.46349112855802455,0.8299525085907634,False
9172,4251766.0,0.10686524901213831,0.7581197833085634,0.9393208820699072,False
9173,4251795.0,-0.7140640229750211,0.2944991819974134,0.7365362586758677,False
9174,4252045.0,-0.42178088471388364,0.4014889843215056,0.8033822962592488,False
9175,4252168.0,0.34288880627045093,0.5629619417579127,0.8656987493186519,False
9176,4253077.0,-0.05272227008317161,0.938090549760358,0.981968772581868,False
9177,4253992.0,-0.319136822873518,0.42955845686884736,0.8155716764021472,False
9178,4254759.0,-0.2957554682416916,0.057407409716154066,0.45013779640416013,False
9179,4255072.0,0.11174053024500019,0.5385833210470082,0.858511186160994,False
9180,4256038.0,-0.03407418512724916,0.925516928125543,0.9802191960759526,False
9181,4256260.0,-0.04345415450487036,0.8785718688401329,0.9713267665864582,False
9182,4256551.0,-0.035277069242560355,0.9438183562191504,0.9831921763937949,False
9183,4257145.0,0.42558734988102825,0.2943474349388238,0.7365362586758677,False
9184,4257214.0,-0.5642396978007213,0.370285403048533,0.7858158455702494,False
9185,4257536.0,-0.04309626262056822,0.9299550359967521,0.980469186391243,False
9186,4257689.0,0.032752916991673514,0.9558246423315927,0.9869146085197199,False
9187,4257737.0,1.1540555476967136,0.029895390528029545,0.36097270765490624,False
9188,4257805.0,-0.06226171699446752,0.807635351885693,0.9557632950564722,False
9189,4257993.0,-0.3663398688241972,0.4131315418986968,0.8081713619229328,False
9190,4258778.0,0.39509934825743487,0.21968105195983614,0.6770911517578009,False
9191,4258909.0,-0.18565494910931038,0.5064200544802058,0.8487799350603877,False
9192,4260230.0,-0.25236261211172567,0.5427865631822874,0.859994898288096,False
9193,4260360.0,0.1937747902715026,0.6434403108461518,0.8987654097409585,False
9194,4261262.0,-0.5334458717019401,0.3969813226558209,0.800825323470355,False
9195,4262208.0,0.3621981319184753,0.2609717635190583,0.7124465012781267,False
9196,4262556.0,-0.2938460403961196,0.5751370255862106,0.8692161534783692,False
9197,4263362.0,0.3496558658077963,0.5556117035584175,0.8630424783768135,False
9198,4263606.0,0.03708666724144623,0.8212439257455214,0.9590977411030437,False
9199,4264636.0,-0.13933868144821931,0.5759405676825139,0.8695483369848913,False
9200,4265247.0,-0.34392413396338467,0.5005085733600825,0.8463587634741259,False
9201,4266084.0,0.5471607884247712,0.04375894751196713,0.41443018925325964,False
9202,4267221.0,-0.12378525476756488,0.6209562661416312,0.8876569615853922,False
9203,4267512.0,0.2376369189752059,0.21547388983897872,0.676002622601767,False
9204,4268206.0,0.4145626455209179,0.5043687959535217,0.847303147463841,False
9205,4268510.0,0.08509550470320121,0.8530050740765398,0.9657054455551027,False
9206,4268538.0,-0.3584106576139686,0.39587568096360254,0.8001028237626238,False
9207,4268697.0,1.1638699178414422,0.028544664225341604,0.35661585982067634,False
9208,4269256.0,-0.48322421877743055,0.35869348081248825,0.7790351609082753,False
9209,4269773.0,-0.5455822344033331,0.09242970747779464,0.528372779802789,False
9210,4270186.0,-0.47580939404517253,0.27172594329546107,0.7209244556972639,False
9211,4270381.0,-0.5516327794305643,0.3808670717616635,0.793872464971652,False
9212,4271263.0,-0.3685818687297996,0.11984493041868673,0.5737187286540817,False
9213,4271293.0,-0.3624321739068539,0.11853519007587228,0.5727133212603978,False
9214,4271505.0,0.31221622993693393,0.576501814071909,0.8695483369848913,False
9215,4271797.0,-0.8842178143482915,0.16119946705514068,0.6223722714594357,False
9216,4272595.0,-0.030617686098261043,0.9123040059548079,0.9780087403669322,False
9217,4272662.0,0.13113166579137142,0.45919149115234986,0.8292336776674026,False
9218,4273322.0,0.27559493348225456,0.20625734986872452,0.6697153128306306,False
9219,4273586.0,0.32795118042025695,0.5807003535567343,0.8714113392373765,False
9220,4273851.0,-0.09075540368345383,0.8715699395922314,0.9696860789493773,False
9221,4274089.0,0.19679664814251244,0.6167188717060632,0.8852794700303247,False
9222,4274138.0,-0.19651553244837308,0.4815253230089205,0.8370344077385945,False
9223,4274314.0,0.3928501682482787,0.13473466130672335,0.5913217812067733,False
9224,4274362.0,0.4147790097055319,0.5044010077302018,0.847303147463841,False
9225,4274822.0,0.24092974116501145,0.5479785437584226,0.8614159882464039,False
9226,4275468.0,1.2796630873035433,0.021440266702844983,0.31690116749484026,False
9227,4275610.0,-0.041847355281449394,0.9120041556381583,0.9780087403669322,False
9228,4275996.0,0.08872022461948936,0.7060636659356809,0.9213409684500524,False
9229,4276296.0,-0.5979953905518482,0.12691711420935645,0.5815471822467557,False
9230,4276335.0,0.09818265587716174,0.6711114050168028,0.9078238198617231,False
9231,4276575.0,0.09319663890157738,0.6049181961065504,0.8802033136008802,False
9232,4276669.0,-0.12175315303202312,0.8574047094747825,0.9669743502700014,False
9233,4277254.0,0.044677112395193785,0.9109002406387666,0.9779325904982779,False
9234,4277458.0,0.11793530015238943,0.5769657923842402,0.8695483369848913,False
9235,4277475.0,0.09759036765727633,0.5832808685994556,0.8718691584476853,False
9236,4277581.0,0.27181775815887177,0.6885445648256632,0.9143811171008777,False
9237,4279306.0,-0.10890508561658768,0.4851247905733807,0.8390956514404383,False
9238,4279555.0,0.23870408269839158,0.4264386467724068,0.8133064069190015,False
9239,4280224.0,0.15503597765757707,0.3885358940697115,0.7961859055298405,False
9240,4280639.0,0.9939939037056524,0.11426483245301812,0.5648200165198141,False
9241,4280912.0,0.19862982098043097,0.21450709838478643,0.6757035847263078,False
9242,4281702.0,-0.5711048744735628,0.2459091388601204,0.7002475609461194,False
9243,4282234.0,-0.41016809951873195,0.31257863172468,0.7509504184551868,False
9244,4282368.0,0.07811552797874496,0.8384860232113491,0.9634460491893265,False
9245,4283468.0,0.25455383490475714,0.22472652233834756,0.68311576588708,False
9246,4283838.0,0.3396567404471851,0.5431963674331249,0.859994898288096,False
9247,4284751.0,-0.17558415549469236,0.518498705476238,0.8525149118364986,False
9248,4285416.0,-0.8176310400815439,0.1941414115262132,0.6599999637420225,False
9249,4285445.0,0.1255077506664698,0.38737293953228624,0.7959829187679452,False
9250,4286801.0,-0.3186195421364899,0.5862569573552445,0.8728332922247775,False
9251,4286853.0,-0.07171295060763758,0.7168131512674675,0.9255853293660873,False
9252,4287454.0,0.13698130891115423,0.4349246890038388,0.8194162985016191,False
9253,4287606.0,0.10786167908190814,0.5388802861193376,0.858511186160994,False
9254,4287884.0,0.9757997664981617,0.1500548711605371,0.608474460506416,False
9255,4287885.0,0.1075814827088164,0.5373283286754756,0.858511186160994,False
9256,4287905.0,-0.17664162344036524,0.225112947615505,0.6837160174500019,False
9257,4288095.0,-0.13709058005497943,0.7877886118632473,0.9498033211865775,False
9258,4288163.0,0.25029632942876034,0.5331064773962508,0.8576035569033383,False
9259,4288614.0,-0.061261496323886555,0.9175962975672214,0.9788129094519167,False
9260,4288966.0,-0.12163060966377662,0.4282788521513123,0.8149480203255325,False
9261,4289357.0,-0.07491329126632162,0.6145264199169056,0.8846175297597576,False
9262,4289401.0,0.19285654050238515,0.43967971862364613,0.8210430665163735,False
9263,4289704.0,0.08562904437263769,0.6655349611562122,0.9074361030564275,False
9264,4290232.0,0.4501430274283481,0.42268551425810674,0.8126551996584748,False
9265,4290467.0,-0.11656836650784572,0.4456731257966848,0.8232367525618602,False
9266,4291176.0,0.12653193158807652,0.4034491710597851,0.8044501915434594,False
9267,4291565.0,0.1783969686601323,0.23799896574582002,0.6934202691606766,False
9268,4291983.0,0.021605451775019338,0.9025731297221232,0.9756121796021419,False
9269,4292053.0,0.7107257837062341,0.1307962965671043,0.5876629963724822,False
9270,4292149.0,-0.25749331110460594,0.6457579192012137,0.8995107502078664,False
9271,4295064.0,-0.09477567709296329,0.5880512188944663,0.8734774125515554,False
9272,4295966.0,-0.03298301887949279,0.9280695450607119,0.980469186391243,False
9273,4296367.0,-0.14181819760701342,0.7492411555794454,0.9361117074520717,False
9274,4296914.0,0.17690452811927523,0.6369067496349058,0.896530375835228,False
9275,4297576.0,0.19007948896808188,0.4499338217386007,0.8253416279483335,False
9276,4297635.0,-0.15287754169616255,0.45773120427670994,0.8286175133340294,False
9277,4298441.0,0.04318324840318418,0.7767148332427373,0.9455046684933538,False
9278,4298948.0,-0.31896923156999524,0.5857541135787723,0.8728332922247775,False
9279,4299840.0,0.06617652502679844,0.7333048462533432,0.9325461360488421,False
9280,4300490.0,0.07523966894616974,0.8255912726678172,0.9599947421761031,False
9281,4300927.0,-0.03817456217638708,0.8126342377102176,0.9562991422300517,False
9282,4301054.0,-0.02482478142673794,0.9063484596728356,0.9765741420034114,False
9283,4301103.0,-0.4106962007285545,0.08779635498365736,0.5199287688748503,False
9284,4301359.0,-0.6696790648433777,0.323519667174505,0.7576711946449302,False
9285,4302167.0,1.477207476894633,0.028825569325244934,0.35760177717203856,False
9286,4303061.0,0.2788930386536218,0.44969923738944845,0.8253416279483335,False
9287,4303096.0,0.43420687748589276,0.09532213583492395,0.53226429243215,False
9288,4303169.0,0.12181260432505481,0.5456092097257524,0.8608412749379423,False
9289,4303868.0,-0.02817470408761144,0.9284953221014761,0.980469186391243,False
9290,4303981.0,-0.20628699823159335,0.14446002460237256,0.6046552997426975,False
9291,4304587.0,0.19932180393669396,0.5823199404252214,0.871665473157432,False
9292,4304607.0,0.13649679038433282,0.5421693785900786,0.8597029622364961,False
9293,4304762.0,-0.21896100330104562,0.20186626173309613,0.666846704538271,False
9294,4304829.0,-0.27652780018491924,0.11194349167062112,0.5600856422418181,False
9295,4305101.0,-0.26056881852147185,0.4986889236331759,0.8463587634741259,False
9296,4306335.0,0.09747134601744034,0.5609799888192183,0.8649229025744979,False
9297,4307411.0,-0.28002414757637556,0.05499677545106294,0.4438587342165712,False
9298,4307422.0,-0.0319150046883134,0.926984158998608,0.980469186391243,False
9299,4307510.0,-0.1418315783934879,0.3783541730543134,0.7924697579149664,False
9300,4307541.0,-0.36367035682766014,0.49473453040728066,0.8449250043377959,False
9301,4307624.0,1.3069891381238625,0.018799292808479275,0.306548309431736,False
9302,4308219.0,0.7963184647484711,0.0371011418634637,0.3868356621865813,False
9303,4308564.0,-0.21624137234718058,0.6592420083151475,0.9059060654580914,False
9304,4308959.0,1.0432055543304657,0.03255612319956346,0.3717095996782265,False
9305,4309030.0,-0.10402418511704586,0.8783408068498939,0.9713267665864582,False
9306,4309178.0,0.8099209778759227,0.034157600062936014,0.3784534925967743,False
9307,4309597.0,0.12327134528203648,0.5313236086686085,0.8572879931601436,False
9308,4310429.0,-0.16638837438822054,0.3289108493047852,0.7599674902519037,False
9309,4310682.0,0.8047665944940299,0.043532141621051,0.41443018925325964,False
9310,4312909.0,0.0011566932330637492,0.9933523758094175,0.9977385067305702,False
9311,4313314.0,0.5668647518642511,0.4055903040590171,0.8054512326746155,False
9312,4313580.0,-0.7018609068929796,0.09309534095681539,0.5290245029782557,False
9313,4313965.0,1.106032836084951,0.0014397146003048574,0.1132117118276843,False
9314,4314400.0,0.09471593797256742,0.6172698360280099,0.8854848777697961,False
9315,4316170.0,-0.6803263640106192,0.31593547407681105,0.752394282767073,False
9316,4316926.0,0.33249530235831537,0.1288532245147692,0.5852308586225187,False
9317,4317868.0,0.19695701617221345,0.19972835822560267,0.6652504843629693,False
9318,4319464.0,-0.09776447840660868,0.5431025190885496,0.859994898288096,False
9319,4319764.0,-0.25392185419604285,0.15349815909061376,0.6136508535657775,False
9320,4320051.0,0.1031968565262435,0.7625879958240722,0.9408412057059236,False
9321,4320361.0,-0.14654989991223255,0.3922988577402462,0.7987370337016471,False
9322,4320375.0,-0.6225963175956082,0.14778208304642784,0.6066877814810029,False
9323,4320449.0,-0.31556614823173634,0.07503643534408817,0.4916202179950721,False
9324,4321202.0,-0.021031719728546533,0.9410484146684506,0.9826118828660052,False
9325,4322032.0,-0.8326548577788733,0.1590741333235529,0.6204968918736582,False
9326,4322248.0,0.8801775505604601,0.13700588147313367,0.5922668047586417,False
9327,4322377.0,1.0645118342945779,0.0018066553284421868,0.12456309786565896,False
9328,4322612.0,0.7988977532445564,0.17657493048144463,0.6384088753145623,False
9329,4322803.0,0.5789625403030803,0.16862313271964663,0.6309562584183952,False
9330,4322819.0,-0.811253296826524,0.16992348499236887,0.6327386388128744,False
9331,4322897.0,0.8366610009426942,0.15684364444704274,0.618654709474073,False
9332,4323200.0,0.8335346899770816,0.1585917533818902,0.6204968918736582,False
9333,4323264.0,0.8166658035052532,0.16743939171690567,0.6291293170948463,False
9334,4323469.0,0.018067667145342164,0.9634035701387808,0.9881742160361477,False
9335,4323563.0,-0.014268595665595213,0.9704953968482065,0.9902128268977735,False
9336,4324523.0,0.06004948766165007,0.7763971059522973,0.9453494767372055,False
9337,4324576.0,0.08390170623876739,0.6142404102124643,0.8846175297597576,False
9338,4325521.0,0.5424579423355572,0.39251081247924724,0.7987370337016471,False
9339,4325799.0,-0.17957724648727724,0.735822159313123,0.9328836182368547,False
9340,4326133.0,-0.09067048253398455,0.7329737175325597,0.9325461360488421,False
9341,4326278.0,0.05470972706867956,0.7943565941025622,0.9515273481552983,False
9342,4326813.0,-0.17019231478811198,0.2880159947016725,0.7336391967546332,False
9343,4327440.0,-0.34333132870637734,0.4467320775507622,0.8235391883214168,False
9344,4328688.0,-0.29298827429095187,0.6207350634910288,0.8875235924914537,False
9345,4329164.0,-0.15976873237992084,0.3600982371341645,0.7802768613894512,False
9346,4329263.0,-0.7477623269627001,0.18091383196073255,0.6428973882913612,False
9347,4329684.0,-0.2487056747200487,0.18600119678346422,0.6496272194048349,False
9348,4330215.0,-0.6645455981399557,0.32718971329903457,0.759576575611863,False
9349,4330456.0,-0.7669403253018932,0.1895659225908593,0.6534576340818602,False
9350,4331041.0,-0.05653046789006473,0.8801268164865342,0.9715282642945458,False
9351,4331263.0,0.8998970762731281,0.00860974909400273,0.23246937279942712,False
9352,4332029.0,-0.31512688474195777,0.5944977059015879,0.8756136496013212,False
9353,4332705.0,0.9456696758336628,0.005679941153326045,0.19095669328054907,False
9354,4332738.0,-0.5485534366868653,0.38353242451238284,0.7945501274377971,False
9355,4333000.0,0.3083166933017047,0.4490678230740425,0.8253416279483335,False
9356,4333305.0,-0.26962724655247383,0.12116037362766667,0.5740413378029969,False
9357,4333346.0,-0.9675911595121055,0.15357715988408444,0.6136508535657775,False
9358,4334271.0,-0.39026736523583533,0.08598429717134266,0.5191442983289968,False
9359,4336527.0,-0.48865035494934445,0.17005622300034295,0.6327386388128744,False
9360,4336749.0,-0.22431408595051702,0.1479412766080345,0.6066877814810029,False
9361,4337287.0,-0.4143317378481109,0.2829443033616644,0.7312806387834037,False
9362,4337794.0,-0.05040682578230963,0.760249916849779,0.9400288013901756,False
9363,4338444.0,-0.1302864345217632,0.5915886860782451,0.8751488560965182,False
9364,4338769.0,0.7670861871470326,0.008101686701049018,0.2269563130583904,False
9365,4339087.0,-0.1336588568432595,0.6634181014549756,0.9073242860276302,False
9366,4339154.0,0.47660992062873153,0.22818230394445033,0.6863868669512747,False
9367,4339673.0,-0.15364954474019707,0.7303805752947833,0.9310958478948764,False
9368,4340154.0,-0.053703898903298276,0.7731664761659444,0.9438508883019935,False
9369,4340208.0,-1.5636269815188206,0.012782014559582085,0.26328039477089854,False
9370,4340439.0,0.0854087559564145,0.6083724584070738,0.8823081437978606,False
9371,4340893.0,-0.3782296730423036,0.11209794575498243,0.5602194545495612,False
9372,4341240.0,0.06785024159908443,0.6883858212896928,0.9143811171008777,False
9373,4341891.0,-0.34100820498490414,0.5216668604658751,0.8535866400900022,False
9374,4341899.0,-0.4343543546819128,0.5272155503416239,0.8548586987933043,False
9375,4342379.0,0.3243473028669617,0.375989029015563,0.7916020062577429,False
9376,4342463.0,0.014021290092669038,0.9240437909657141,0.9800190865591428,False
9377,4343013.0,0.8369664558184626,0.08556055998288502,0.5191442983289968,False
9378,4343531.0,0.281580303246093,0.211400677714677,0.6724051529089434,False
9379,4344105.0,-0.1279449132827883,0.45896661313683795,0.8291034424364081,False
9380,4344559.0,-0.1709884598925776,0.3616149012577241,0.7807337185922283,False
9381,4344960.0,0.2770361983544872,0.22875767224858884,0.6866654838467209,False
9382,4345159.0,-0.2759914186644342,0.23123078125700927,0.6891339236925826,False
9383,4345609.0,-0.48689814795359565,0.07753729236049163,0.49743930766733846,False
9384,4345727.0,0.7406141303004614,0.012819975841410583,0.2635621927244543,False
9385,4345743.0,-0.12873587671336484,0.5366648860690196,0.8583373881302359,False
9386,4346470.0,-0.05047801319654675,0.7948819063997615,0.9515860798983538,False
9387,4346625.0,-0.26307859296255753,0.2519734879911607,0.7084776483854288,False
9388,4346660.0,-0.35711156133669664,0.15800324168267618,0.6204968918736582,False
9389,4346672.0,0.2829145021959627,0.21742908399382854,0.6770911517578009,False
9390,4347214.0,0.11512851746047256,0.6913530165376425,0.9160082553356573,False
9391,4347953.0,-0.12270319328074955,0.5495210961408293,0.861556437479399,False
9392,4348569.0,0.47249112071067845,0.23244354262903208,0.6904588490122399,False
9393,4348834.0,-0.656571730982815,0.17990454141599121,0.6419670601809943,False
9394,4349046.0,0.263606044477723,0.25324857770833886,0.7084776483854288,False
9395,4349287.0,0.05177832700299929,0.7745425010590754,0.9444037383804683,False
9396,4349567.0,0.29196737793896277,0.20744144424850086,0.6703072455723822,False
9397,4350358.0,-0.21534173903377002,0.3503150683505099,0.7739033942340068,False
9398,4350737.0,0.0875225748057481,0.6723421857646895,0.9084235034199284,False
9399,4351301.0,-0.23307072145692623,0.41358612325614136,0.808186744904665,False
9400,4351814.0,-0.12284504539672167,0.8263185634522354,0.9600568337246436,False
9401,4351854.0,-0.010623215613498802,0.9450708862842396,0.9836847245232689,False
9402,4352383.0,0.2101060926042954,0.6103867370878516,0.8826440798037788,False
9403,4352683.0,-1.1307941775073103,0.09450931838620924,0.5311815545212475,False
9404,4352722.0,0.11801688589561624,0.5736243423468043,0.8690105319995085,False
9405,4353529.0,0.19076521432527999,0.5821098690241023,0.871665473157432,False
9406,4353532.0,0.14662182342762414,0.6395023536828256,0.8980915756405882,False
9407,4353625.0,-0.11564880627767955,0.7643335092511051,0.9411867429947561,False
9408,4353969.0,-0.8045246372609187,0.016069393274509496,0.28595617048327965,False
9409,4354814.0,0.08173503660735428,0.6931697424716347,0.9172129010340102,False
9410,4356342.0,-0.008654227380234275,0.9647253013922976,0.9886306233487402,False
9411,4356890.0,-0.5912843871873565,0.31688292328209455,0.752394282767073,False
9412,4357891.0,-0.0904638215790955,0.7349712815440459,0.9327853690121147,False
9413,4358724.0,0.007942349364210788,0.9802426945037064,0.9932718265398371,False
9414,4359499.0,0.15482163553794,0.5673154127180372,0.8680869474280087,False
9415,4359751.0,-0.09590939885783467,0.7101399774631301,0.923403145108083,False
9416,4360958.0,-0.27103350693682066,0.6669141699251809,0.9074404546460405,False
9417,4361918.0,0.08660800468773747,0.5504927424406322,0.861556437479399,False
9418,4362411.0,-0.5181937593081243,0.2891376279217459,0.7343446305780421,False
9419,4363297.0,0.4888154787631022,0.33885572612052983,0.7672743434313809,False
9420,4363971.0,0.023503891267731565,0.8822619691566744,0.9715554662941385,False
9421,4363991.0,0.17257692756067713,0.5214593712392442,0.8535044443308197,False
9422,4364022.0,-0.050341493675914395,0.7506509375602017,0.9361502925383169,False
9423,4364311.0,-0.39070033903185836,0.4244274817803352,0.8133064069190015,False
9424,4364861.0,0.021842306877943696,0.8902949506002573,0.9715554662941385,False
9425,4365085.0,-0.0011171321334708037,0.994385944532529,0.9978514955244303,False
9426,4365323.0,0.4197672307134568,0.29676182566661113,0.7392519392525424,False
9427,4365670.0,-0.29348770800234925,0.5603081497535358,0.8649229025744979,False
9428,4365679.0,-0.13763067561429332,0.6092843708805862,0.8823081437978606,False
9429,4366227.0,0.5342062122625875,0.03412183406845825,0.3784534925967743,False
9430,4367133.0,-0.2055327671730649,0.16247135879034524,0.6229694806320021,False
9431,4367795.0,-0.24983595396537953,0.34630247540967823,0.7714166572074814,False
9432,4368250.0,-0.2970038675548793,0.26549596480038307,0.7164774883122258,False
9433,4370029.0,0.5026679075924787,0.0907503736357734,0.5251168311226758,False
9434,4370559.0,0.07507605823082839,0.7258504951664096,0.9292022382127895,False
9435,4371188.0,-0.27094327526400186,0.31234504882812886,0.7508680924852384,False
9436,4371497.0,-0.3550859694490463,0.2307676850081496,0.6887445254881807,False
9437,4371791.0,0.5104334321708439,0.023537772467292026,0.3254809173661847,False
9438,4373980.0,-0.5174437036620075,0.32991607628478986,0.7604559127953795,False
9439,4374883.0,0.17838608180751023,0.6292370020357988,0.8932087952267028,False
9440,4375135.0,-0.2678730951739672,0.6706269329662413,0.9078238198617231,False
9441,4376351.0,0.1971349805184881,0.6009550205653263,0.8783313246582224,False
9442,4376535.0,-0.11449947287413935,0.5930459507623558,0.8756136496013212,False
9443,4376842.0,-0.275443007934841,0.30094374564828197,0.7426419360409551,False
9444,4377084.0,0.39563162701169985,0.009609113878873863,0.24216297347177232,False
9445,4378430.0,-0.06923016647000123,0.7550849563817347,0.9377120981616317,False
9446,4379200.0,-0.6126644571555376,0.2739088322909707,0.7234258818779774,False
9447,4379922.0,-0.01542939688623235,0.9639163434112354,0.9882236406997508,False
9448,4380075.0,-0.04289760536280385,0.9386334979144851,0.981968772581868,False
9449,4380554.0,-0.9951783326417574,0.14479040380383193,0.6050438287330737,False
9450,4380862.0,-0.4384721139641016,0.3910249862632035,0.7983468128770957,False
9451,4381479.0,0.2880570137201829,0.039288353921590295,0.3965747996621961,False
9452,4381598.0,-0.4037580361083089,0.4712102473637951,0.8335061780771449,False
9453,4382826.0,-0.10575980374082078,0.7717809234160774,0.9430078707430797,False
9454,4383349.0,0.4810563136910418,0.02723129673742067,0.3488786074460197,False
9455,4383663.0,0.6261734324227111,0.19897143025446676,0.6637476568568643,False
9456,4384015.0,0.5353984651817902,0.3985287759143824,0.8023052415709608,False
9457,4384151.0,-0.20501852577387233,0.16369046484054983,0.6250485696386469,False
9458,4384470.0,0.303412517131549,0.231340766276902,0.6891339236925826,False
9459,4384749.0,0.1842104855398036,0.34379587726591243,0.7701245784948637,False
9460,4384978.0,0.6099386099804259,0.21102433059867773,0.6724051529089434,False
9461,4385479.0,-0.45200254093573955,0.11610652447010245,0.5677423316288577,False
9462,4386464.0,-0.0469400641955782,0.7359655685047778,0.9329564692420136,False
9463,4386908.0,0.11417596609137678,0.7141358707611297,0.9246017026797829,False
9464,4388005.0,-0.17326853707140344,0.6268063243301855,0.8915200269052856,False
9465,4388026.0,-0.3108219824599029,0.24615882759063082,0.7004199538596877,False
9466,4388877.0,0.7266911974556689,0.02636587889090808,0.34588921406663026,False
9467,4389035.0,-0.16825037354906863,0.24686969700236927,0.7011435272006067,False
9468,4389620.0,0.2674792475655447,0.35004657316565396,0.7739033942340068,False
9469,4389692.0,-0.10662085541532001,0.742495845939178,0.93454149631912,False
9470,4390719.0,0.23010025482285856,0.6525723949235953,0.9022638322373745,False
9471,4390877.0,-0.3527058472588114,0.03581573478142706,0.37993156735967887,False
9472,4390976.0,-0.0610609037688471,0.8843742538951294,0.9715554662941385,False
9473,4391346.0,-0.3197799663487044,0.2319403197868912,0.6904588490122399,False
9474,4391413.0,-0.3962034874699961,0.018994293542699485,0.30719579336774433,False
9475,4391544.0,0.1653654104409067,0.6220006561857093,0.8883969898547203,False
9476,4392040.0,0.15673990424793607,0.6459372951155126,0.8995107502078664,False
9477,4392211.0,0.136674740354646,0.5228711294199516,0.8544268185269016,False
9478,4392407.0,-0.9351715865362811,0.11535614931412946,0.5660899641975025,False
9479,4393831.0,0.3163022983190525,0.2092209526105626,0.6717455762185766,False
9480,4394275.0,0.17091320150813982,0.46146466823406324,0.8299525085907634,False
9481,4394483.0,0.7876683639682304,0.04670081971342822,0.42379780469043915,False
9482,4394754.0,0.11778442110528065,0.5100759796300048,0.8493441875876211,False
9483,4395032.0,0.1255733322624108,0.5996938815717073,0.8781156191211636,False
9484,4396806.0,0.2101227170172706,0.1338751802151635,0.5913217812067733,False
9485,4396896.0,-0.38652490336884227,0.027153805183974183,0.3488786074460197,False
9486,4397137.0,-0.4236675905500202,0.04912925432559102,0.43042091837966207,False
9487,4397450.0,-0.5540380588695288,0.03504477530227798,0.37993156735967887,False
9488,4397781.0,-0.02176020605935297,0.9541034052661208,0.9858917148180619,False
9489,4397860.0,-0.11360110688718919,0.4357126804929364,0.8196881490807214,False
9490,4398280.0,-0.7235023719170793,0.02230635668565846,0.3202850553211939,False
9491,4398574.0,0.40169065690609773,0.04015184840201054,0.4013336228396173,False
9492,4398785.0,0.21099887065952344,0.10578166035458365,0.5495651085148323,False
9493,4399091.0,-0.20252494996655243,0.11629786221746069,0.5683986016976749,False
9494,4399816.0,0.17468047528885347,0.7120593337657628,0.9239164152407624,False
9495,4400136.0,0.08462232104799414,0.7395339547144736,0.9335765787936011,False
9496,4400527.0,-0.2402227205347397,0.06183970827876033,0.459403250215743,False
9497,4400773.0,0.23081078197667865,0.07504408165516545,0.4916202179950721,False
9498,4400988.0,0.04414486564316139,0.948108677728386,0.9842355581171052,False
9499,4402016.0,-0.19472959241133742,0.12874905639635595,0.5852308586225187,False
9500,4402238.0,-0.1727276594734949,0.17523881650371761,0.6360186624029914,False
9501,4402646.0,-0.16870578642581033,0.18464347576464207,0.646758609043301,False
9502,4402789.0,0.17174561968058066,0.17981602466772237,0.6418759186091461,False
9503,4403025.0,-0.08388259268684292,0.7926995418588311,0.9514150539393013,False
9504,4403199.0,0.07785724026937818,0.8164818415223897,0.9569953569703018,False
9505,4403497.0,-0.14863824941519516,0.7710865682226296,0.9427899639382522,False
9506,4404438.0,0.6810926459034662,0.17940811075576082,0.6417525382090467,False
9507,4404569.0,-0.45180458703501825,0.26087992230147616,0.7124465012781267,False
9508,4404716.0,0.46398070140149394,0.022237778333905868,0.3197232898205936,False
9509,4405033.0,0.1516151331380228,0.6951372034570095,0.9172129010340102,False
9510,4405811.0,0.7633925155903913,0.04023579675800968,0.4017315081593863,False
9511,4405870.0,0.01621547345802559,0.9383754630070685,0.981968772581868,False
9512,4406053.0,-0.2821774899326661,0.26993042818718,0.7190014144831173,False
9513,4406148.0,-0.374484393530944,0.019283310565048825,0.30860692916941174,False
9514,4406373.0,0.30041253939560847,0.26350434041899673,0.7147294743071265,False
9515,4406775.0,0.05036308750738369,0.899184016109911,0.9750103389437585,False
9516,4406927.0,0.16065470464172354,0.2069025671442632,0.6697153128306306,False
9517,4408123.0,-0.3889713885747368,0.01492201617169298,0.2778361673134259,False
9518,4408375.0,0.16399051229619613,0.19992503272615045,0.6657012976203567,False
9519,4409159.0,0.17292699917370175,0.18363122063201245,0.6454979557666561,False
9520,4409247.0,0.21030143782192273,0.10753068971549189,0.5513678020130678,False
9521,4409356.0,0.556084356551916,0.13592387060650837,0.5914139815214984,False
9522,4409476.0,0.21892844007261214,0.6310490470710863,0.8940636673544143,False
9523,4409623.0,0.6842384046064639,0.1774386503676949,0.6403352865024031,False
9524,4409663.0,-0.1412620104487788,0.26993458985633423,0.7190014144831173,False
9525,4410009.0,0.6767361444157082,0.18231890571408835,0.6442290760177177,False
9526,4412225.0,0.5580638903070614,0.027244540057371498,0.3488786074460197,False
9527,4412441.0,-0.3141276541098427,0.04269823040471018,0.4123570205010044,False
9528,4412583.0,-1.528996890393065,0.01490270601651294,0.2778361673134259,False
9529,4412597.0,1.1821256570923353,0.034322872549480785,0.379216679812562,False
9530,4412810.0,0.05683993420235517,0.8828867481436046,0.9715554662941385,False
9531,4413322.0,-0.3192610510877797,0.03839020086455759,0.3938805580196339,False
9532,4413417.0,-0.09990533201772799,0.8249085456567535,0.9599947421761031,False
9533,4414287.0,0.3561756618404527,0.47913375289247734,0.836275241861246,False
9534,4414701.0,0.12687796163215376,0.708738673259376,0.9229766088884955,False
9535,4414799.0,0.5150810976126622,0.41350446940957414,0.808186744904665,False
9536,4415160.0,0.34414381768069985,0.5862725712552498,0.8728332922247775,False
9537,4416238.0,0.2772290604350254,0.15338522523053888,0.6136508535657775,False
9538,4417132.0,-0.18576228545202816,0.7164666677524635,0.9255320336133513,False
9539,4418566.0,0.374397939145815,0.5813017400462096,0.8714446049177784,False
9540,4419773.0,-0.2615385241915547,0.06002677396172544,0.45474114132240984,False
9541,4420238.0,-0.20189609072956563,0.15931608509940975,0.6204968918736582,False
9542,4420246.0,1.0083087868977336,0.08825433790712015,0.5200696605336262,False
9543,4420389.0,-0.25161490017433663,0.09563562981315868,0.5326924755657783,False
9544,4420617.0,-0.05514707376003903,0.6766278544520133,0.909321074121257,False
9545,4421138.0,-0.18284143191098448,0.19716068981600376,0.6617395851783792,False
9546,4421355.0,0.018555591476863673,0.8883386393885003,0.9715554662941385,False
9547,4421432.0,-0.010359181820691968,0.9374897021803804,0.9817143273362946,False
9548,4422006.0,-0.1646566777331338,0.6813696658253229,0.9109825991543146,False
9549,4422343.0,-0.022162927171432145,0.8661324177228168,0.9675879210193268,False
9550,4422732.0,-0.4702815426173849,0.039179357750466236,0.3965747996621961,False
9551,4423051.0,-0.18246686162534742,0.2792119116778921,0.727917495744621,False
9552,4423609.0,-0.2412976771922187,0.41635657829222433,0.8099428239619001,False
9553,4425236.0,0.3341043633555949,0.3555791062818689,0.7761545531572818,False
9554,4426275.0,-0.7185786958114386,0.2006931075155115,0.666620536053159,False
9555,4426555.0,-0.16766547506757454,0.3780972587095645,0.7924383259684544,False
9556,4427225.0,0.13600335843705405,0.3551262280431321,0.7761545531572818,False
9557,4427330.0,-0.6094233629159185,0.07502011711589035,0.4916202179950721,False
9558,4427406.0,-0.1200783976154015,0.38478721355707823,0.7953225003731468,False
9559,4427641.0,-0.3076899404538038,0.5416653186254659,0.8597029622364961,False
9560,4427896.0,0.40496815254784463,0.4209149683555232,0.8119882707974855,False
9561,4428151.0,0.004746639459119656,0.9717983340806838,0.9904604178320151,False
9562,4428435.0,-0.23118539649404324,0.5384697032678111,0.858511186160994,False
9563,4428660.0,-0.6018634586051215,0.07894326529608736,0.500906560954014,False
9564,4429025.0,0.8371463068534815,0.17950519839426243,0.6417525382090467,False
9565,4430365.0,-0.22222564188120836,0.39572388359128513,0.8001028237626238,False
9566,4430618.0,0.1329518945144056,0.37180453401196983,0.7871929425979974,False
9567,4431949.0,-0.5024084490086796,0.3243704917021495,0.7578479558547864,False
9568,4432206.0,-0.0976732097567025,0.4881094291093422,0.841153810601986,False
9569,4433108.0,-0.6487802891960025,0.05312472737868894,0.44224970868301966,False
9570,4433130.0,0.3027295611950016,0.3300329622458805,0.7604559127953795,False
9571,4433437.0,0.2989577121489047,0.38090304285378307,0.793872464971652,False
9572,4433483.0,-0.020116862650756025,0.891630623612674,0.971752050132086,False
9573,4433927.0,0.8532443384187884,0.1712410658522892,0.6330956877153683,False
9574,4433998.0,0.021543287411082992,0.8834399900483018,0.9715554662941385,False
9575,4435614.0,-0.1484006767250881,0.7806759473788168,0.9476892651305141,False
9576,4435657.0,-0.37409866977310646,0.35184298541071074,0.7739129158176716,False
9577,4436861.0,0.18185561144809534,0.75891571961299,0.9396986046206762,False
9578,4437145.0,0.046048348606708894,0.7450744248694747,0.9355350047944941,False
9579,4437422.0,1.3166197622113347,0.053111057676881256,0.44224970868301966,False
9580,4438346.0,0.35777226777841653,0.3299102664258463,0.7604559127953795,False
9581,4439277.0,0.7927950015198818,0.10030023556844549,0.5410562434897381,False
9582,4439348.0,-0.5710004966984757,0.1435338571387047,0.6042964419745382,False
9583,4439376.0,1.1564033844626231,0.05025726370368395,0.4337427125638381,False
9584,4441328.0,1.0709370838150134,0.04329296949564661,0.41412052004126915,False
9585,4442048.0,0.3451270599410301,0.32990549443103484,0.7604559127953795,False
9586,4442679.0,0.712831628329814,0.10748321623013637,0.5513678020130678,False
9587,4443214.0,0.218036703674921,0.41891971578549736,0.8106357724948257,False
9588,4443317.0,0.2321516664066144,0.640773995674479,0.898424402356816,False
9589,4443503.0,0.501631697686475,0.19725761736781838,0.6617395851783792,False
9590,4443975.0,0.11814642245515856,0.5651255920258318,0.8662222392876666,False
9591,4445513.0,-0.5751778781036521,0.14860305956505027,0.6075921791816983,False
9592,4446144.0,0.5555906158555078,0.23363240624219048,0.6904588490122399,False
9593,4446576.0,0.16245668532841837,0.4408818073337125,0.8211086581010403,False
9594,4446734.0,0.06441953283815263,0.8560435725303883,0.9662293767537063,False
9595,4447432.0,-0.14860840907400963,0.53981149614472,0.8588858678675815,False
9596,4447569.0,-0.4071147861941008,0.34274118679122234,0.7697365091508926,False
9597,4447789.0,-0.12893827043625994,0.7219275446255987,0.927948312245219,False
9598,4447930.0,1.3003170997513425,0.0560253517342189,0.44708169621681887,False
9599,4447939.0,-0.12266780281223416,0.40329355172673464,0.8044379830932937,False
9600,4448442.0,0.3865733139373322,0.568972941627853,0.8683622515454004,False
9601,4448500.0,0.0353428565921481,0.9206897621588813,0.9794956126161665,False
9602,4449332.0,-0.13638997599339414,0.5688863773758315,0.8683622515454004,False
9603,4449335.0,-0.19965517085726864,0.3986856971475737,0.8024723238525704,False
9604,4449686.0,-0.5820775920153733,0.13570091089728212,0.5914139815214984,False
9605,4449995.0,1.3130039359116403,0.0536803273095298,0.44345506312400756,False
9606,4450348.0,0.5740778672235812,0.21816402154154788,0.6770911517578009,False
9607,4450550.0,0.16698270974805984,0.40302441277232304,0.8041966912947733,False
9608,4450771.0,0.180489507422871,0.5762693875788477,0.8695483369848913,False
9609,4451572.0,0.32800403569501785,0.36091848190109943,0.7802768613894512,False
9610,4451868.0,0.2177669371106512,0.21719977895227444,0.6770911517578009,False
9611,4452515.0,0.17538445027045643,0.4631154774716723,0.8299525085907634,False
9612,4452629.0,0.2906753142497794,0.4051559495398197,0.805362781989679,False
9613,4453073.0,-0.0035056550944772003,0.9865495162724502,0.9951689458365942,False
9614,4453433.0,0.3679330443914547,0.30020115727895186,0.7423094250623027,False
9615,4454467.0,0.17824862019505308,0.3686605274316866,0.7848225191745358,False
9616,4455172.0,-0.23400961552569388,0.5877870272721241,0.8733134657868747,False
9617,4455248.0,-1.484423456441804,0.018017514608689975,0.30355434210359833,False
9618,4455957.0,0.19938023035650024,0.3150637718592581,0.752394282767073,False
9619,4455978.0,0.44657821854939306,0.38015017735420276,0.7937161329447723,False
9620,4456489.0,-0.3058835251762929,0.41015486915264504,0.8067770875766275,False
9621,4456820.0,-0.0829202480523924,0.7227562157383075,0.9281001315583913,False
9622,4456933.0,0.1650288727180635,0.7222703950901098,0.9280446008351533,False
9623,4457414.0,-0.19703940602195796,0.7855033586186835,0.9495840629993394,False
9624,4457562.0,-0.25944025882828525,0.5474192254986863,0.8614159882464039,False
9625,4457889.0,0.045649146391489065,0.9287173031178034,0.980469186391243,False
9626,4458762.0,-0.08043633456452096,0.7692863910434385,0.9423153771200278,False
9627,4459735.0,0.1775152231024207,0.6306972840056763,0.8940636673544143,False
9628,4459919.0,-0.11386979810021247,0.8669424336544517,0.96767713288628,False
9629,4460095.0,-0.5959140611725128,0.13578690488493134,0.5914139815214984,False
9630,4460328.0,-0.47482511161378493,0.28344645354355436,0.7313494943699443,False
9631,4460918.0,-0.01492738757052231,0.9732562787041034,0.9913393799971069,False
9632,4461114.0,-0.9936014420047097,0.1456881824239908,0.60505354426495,False
9633,4461457.0,0.07917879992322208,0.7608836155263493,0.9401697947112716,False
9634,4461506.0,-0.3493662392577717,0.2375300596634149,0.6934129767065279,False
9635,4462208.0,0.42965656948388997,0.1780661902445333,0.6406081830765907,False
9636,4462247.0,0.27266568104986,0.43538262091160546,0.8196881490807214,False
9637,4462930.0,0.10004095435754759,0.7007283247474034,0.9190920692524244,False
9638,4464023.0,0.1522374230164945,0.42685181786470555,0.8135894537091666,False
9639,4464801.0,-0.2539221723343567,0.35926712480468515,0.779489369616317,False
9640,4464907.0,0.3510764815199103,0.35101644858276804,0.7739033942340068,False
9641,4466037.0,-0.251661569089377,0.4623864800925365,0.8299525085907634,False
9642,4466044.0,-0.35351086437126883,0.08592878363472739,0.5191442983289968,False
9643,4466507.0,-0.652778799170627,0.1779999637155614,0.6406081830765907,False
9644,4466871.0,0.14020576079599786,0.7241849927922502,0.9283216930514734,False
9645,4467098.0,-0.4606625226422558,0.11981045837591686,0.5737187286540817,False
9646,4467947.0,0.23121822378086965,0.5472591532497622,0.8614159882464039,False
9647,4469191.0,-0.3365225573456495,0.550220957302143,0.861556437479399,False
9648,4469402.0,0.21338281257476954,0.17254057132893058,0.6334101947359447,False
9649,4470356.0,-0.6686927090125643,0.06072764506491301,0.4574591167103614,False
9650,4471117.0,-0.46939746066564403,0.4278916857937184,0.8145851015943202,False
9651,4471165.0,-0.5680855103475937,0.3324624986751408,0.7618284082437468,False
9652,4471561.0,1.3062389814383866,0.05486917119269126,0.4438587342165712,False
9653,4472392.0,0.345597787842742,0.3593303869772398,0.779489369616317,False
9654,4472425.0,-0.3882128079281817,0.1863002795032014,0.6496272194048349,False
9655,4472882.0,-0.6771209641155884,0.05755570611027653,0.45013779640416013,False
9656,4475065.0,0.179000302871903,0.389504498235106,0.7974827579363871,False
9657,4475213.0,-0.3813610935334379,0.19361121784384475,0.6595990157379343,False
9658,4475252.0,0.18984038553629806,0.37098244242497475,0.7866141652090858,False
9659,4475332.0,-0.17805802424088882,0.5538699267026,0.8630424783768135,False
9660,4475431.0,0.2644569720240155,0.36177711695245585,0.7807337185922283,False
9661,4475537.0,-0.16594104039871543,0.5710611347766227,0.8684576349724981,False
9662,4475563.0,0.4505074106636621,0.15762371182331242,0.6199294897978466,False
9663,4475909.0,0.6271353940102858,0.17960794206163827,0.6417525382090467,False
9664,4476982.0,-0.23546147918083055,0.5861507332587906,0.8728332922247775,False
9665,4478197.0,-0.9570253751007299,0.1611339932670836,0.6223722714594357,False
9666,4478511.0,-0.1828092293131434,0.6634234887609588,0.9073242860276302,False
9667,4478535.0,0.18642558529828032,0.6572773497352665,0.9047058974448053,False
9668,4478699.0,-0.17828599654875368,0.6711962375786734,0.9078238198617231,False
9669,4480002.0,-0.17642637378184484,0.6745594398618946,0.909321074121257,False
9670,4481082.0,-0.7575644949189928,0.1087572275436778,0.5534738420002918,False
9671,4481185.0,-0.1282986830346164,0.4470734235714056,0.8236561461078764,False
9672,4481484.0,0.17014231894029755,0.685484490381422,0.9127740607323769,False
9673,4481565.0,-0.49741648476625755,0.3508336504696357,0.7739033942340068,False
9674,4481933.0,-0.1372891651637033,0.6432266468131853,0.8987654097409585,False
9675,4482342.0,-0.15209615924322925,0.5966543749862236,0.8769374356177488,False
9676,4482451.0,-0.0250650774762244,0.8908737840085987,0.9715554662941385,False
9677,4482651.0,-1.0151737739937834,0.13705888655492474,0.5922668047586417,False
9678,4483340.0,0.42410844887739413,0.22269948998421302,0.679653685776749,False
9679,4483854.0,0.35967996461989366,0.5692918874574078,0.8683622515454004,False
9680,4484199.0,-0.2585160647970509,0.4788166659555764,0.836275241861246,False
9681,4484309.0,-0.11068143220299453,0.8706195382223849,0.9692897525542552,False
9682,4484668.0,-0.39149399301851084,0.14923922738517165,0.6082419381524917,False
9683,4485239.0,0.2196177943445941,0.4079698884716798,0.805972644709398,False
9684,4485319.0,-0.4249572231510926,0.3098531766876969,0.7497303448026011,False
9685,4485428.0,-0.09225347856380971,0.5919484432498842,0.8751488560965182,False
9686,4486174.0,0.22292908449768772,0.40472670397619687,0.8050775832255116,False
9687,4486283.0,-1.0600611986094337,0.11692946793722622,0.5694344434538315,False
9688,4486765.0,0.536202372386516,0.3654702692707173,0.7830016800268593,False
9689,4487113.0,0.15047755480842595,0.7455239873498986,0.9355679633159709,False
9690,4487244.0,-0.8420686265830865,0.15556665894664384,0.6165709215476722,False
9691,4487645.0,0.10476869566572442,0.5566472722069936,0.8634137588696413,False
9692,4487764.0,-0.5121470007745622,0.25974830365833207,0.7122316278740778,False
9693,4488131.0,0.17484844294709923,0.7075633930694712,0.9220480669292973,False
9694,4488471.0,0.15820630277592124,0.6748260754383859,0.909321074121257,False
9695,4489569.0,-0.07649438086961127,0.6735386975520381,0.908892960550674,False
9696,4490000.0,0.026357592868853308,0.8874270055194319,0.9715554662941385,False
9697,4490003.0,-0.8043314235512508,0.17529935131102364,0.6360186624029914,False
9698,4490365.0,0.36741787732670694,0.45241726315496394,0.8266681119567302,False
9699,4490870.0,-0.5873949665235008,0.08883776177577703,0.5202809538305448,False
9700,4491111.0,0.539982536963391,0.2887943125815489,0.7337430476412349,False
9701,4491175.0,0.2452381615085737,0.718813553920958,0.9267499743799983,False
9702,4491443.0,0.23886638876220986,0.13338697060337187,0.5913217812067733,False
9703,4491477.0,0.03410623836520443,0.8739235160807054,0.9703624952489408,False
9704,4491608.0,-0.3434246559294456,0.06660547884694303,0.47419498054226017,False
9705,4492120.0,0.058943117426244224,0.8845914199619713,0.9715554662941385,False
9706,4494551.0,0.3517775641712295,0.3723486220964651,0.7878838777499275,False
9707,4494706.0,0.2886016004938739,0.5217839447317488,0.8536495433403366,False
9708,4495120.0,0.3302997511399413,0.6012582498958469,0.8783377205232169,False
9709,4495814.0,-0.643086644171083,0.035501204216628016,0.37993156735967887,False
9710,4496093.0,0.05025784724359586,0.7206430454518872,0.9276253094910553,False
9711,4496570.0,0.5165177454236829,0.44674032698765614,0.8235391883214168,False
9712,4496936.0,-0.37616167254241145,0.0457744000187273,0.42061368132535787,False
9713,4497233.0,0.022854267756575522,0.8632517143986053,0.9675879210193268,False
9714,4497376.0,0.5129133068007025,0.4498447444900009,0.8253416279483335,False
9715,4497719.0,0.0975147193364138,0.6439930342765866,0.8987654097409585,False
9716,4498121.0,0.30315289003169005,0.5277324965375624,0.8548586987933043,False
9717,4498731.0,0.10611166476351158,0.43909309316902567,0.8206754391865764,False
9718,4498870.0,0.40996306512733866,0.24357792459667352,0.6976354542208155,False
9719,4499812.0,-0.4535111351248069,0.014292137244956682,0.27402408009254553,False
9720,4500226.0,0.18682449207460228,0.1870049590670051,0.6502451897767909,False
9721,4500702.0,-0.381975617589888,0.01158617957044177,0.25614659722432875,False
9722,4501356.0,0.07316881370797086,0.5818963043756971,0.871665473157432,False
9723,4501696.0,-0.47088047003747874,0.24723030293758969,0.7013519695844509,False
9724,4501801.0,0.1097718893727341,0.40717675709170675,0.8058149066097496,False
9725,4502132.0,-0.10742627014064254,0.41508537593591144,0.8096131655717793,False
9726,4502248.0,0.15614177937795387,0.6908905730761841,0.9155923783105822,False
9727,4502421.0,0.35143473035046724,0.47255914973830326,0.8343574447640342,False
9728,4502595.0,-0.03998826300776983,0.871266480827255,0.9696122256899583,False
9729,4502972.0,0.09799958114310652,0.45854567516340966,0.8290959586879398,False
9730,4504005.0,-0.584782978494774,0.32247331564281634,0.7571810169376534,False
9731,4504974.0,-0.06978945768952123,0.597594440383562,0.8773049177458756,False
9732,4505026.0,0.09138811309212727,0.6091409969236925,0.8823081437978606,False
9733,4505616.0,-0.44977192419343076,0.26869418956460345,0.7187470250674644,False
9734,4506731.0,0.42827407394001626,0.1974329032147993,0.6617395851783792,False
9735,4507215.0,0.09595782710829298,0.6478881947226629,0.900882603263824,False
9736,4507311.0,-0.01854849215408659,0.8905747978733936,0.9715554662941385,False
9737,4507354.0,0.023107752003495727,0.8621009066868414,0.9674851365804226,False
9738,4507982.0,0.06592293094190463,0.8946993135802133,0.9731317579651948,False
9739,4508655.0,-0.040079178191766054,0.7629582411436349,0.9408424436199448,False
9740,4508966.0,0.16886605373611904,0.6670168021760255,0.9074404546460405,False
9741,4509324.0,0.4019630179751766,0.24786472502953288,0.7021324609069884,False
9742,4511856.0,0.9390768947534214,0.16625737469230736,0.628376331111568,False
9743,4512075.0,-0.4403399248353066,0.021968325519206428,0.3186878841157398,False
9744,4512734.0,0.2509233885636127,0.07749438073705703,0.49743930766733846,False
9745,4512824.0,-0.26950466621533214,0.05728477211945619,0.45013779640416013,False
9746,4513986.0,-0.1426938135612298,0.4769625623862375,0.835995603084639,False
9747,4516011.0,-0.14426501082358795,0.3470561079110273,0.7723013140108176,False
9748,4516256.0,-0.641103259531145,0.34592850412027343,0.7713750846806836,False
9749,4517078.0,0.09472048027950478,0.5173941647566361,0.8523183003093502,False
9750,4517589.0,-0.44375975831298364,0.4292406815146489,0.8152611127190053,False
9751,4517654.0,-0.24924521327425647,0.09010076792272147,0.5231170377239927,False
9752,4518133.0,-0.8554100539473197,0.09287146828886854,0.5290245029782557,False
9753,4518596.0,0.014124491962130808,0.933994433066506,0.9808384810332593,False
9754,4518826.0,-0.2147955151492248,0.10681734997232192,0.5513261278046694,False
9755,4519260.0,0.16318591909203312,0.7108701041170588,0.9238789135102654,False
9756,4520278.0,0.3337068079233814,0.4403202105451608,0.8211086581010403,False
9757,4520976.0,0.23322143226809877,0.12244967400842909,0.5754147566017221,False
9758,4521401.0,-0.06537679498760308,0.6439810651607808,0.8987654097409585,False
9759,4522347.0,0.21784730922531104,0.51512335495199,0.8523183003093502,False
9760,4522706.0,-0.21274545312065454,0.18397504389955102,0.6460851185796268,False
9761,4522888.0,0.6692347901549217,0.20933838805313862,0.6717455762185766,False
9762,4523680.0,0.09660398663475522,0.8629622502378214,0.9675879210193268,False
9763,4523788.0,-0.2647734649373081,0.07973645238391786,0.50263599920292,False
9764,4525961.0,0.22497289173349935,0.47030824753865813,0.8335013921685116,False
9765,4526459.0,0.2699206321965121,0.5624519575895008,0.8656369947958499,False
9766,4526706.0,0.5225625668892637,0.15682334156065847,0.618654709474073,False
9767,4527367.0,-0.6196078956328017,0.23895796215664766,0.6941098954269228,False
9768,4527500.0,0.5894071827790174,0.12738013405108978,0.5820002223556217,False
9769,4528567.0,0.09098558656078443,0.6712292932482902,0.9078238198617231,False
9770,4529592.0,-0.05477584536609094,0.7987615447137341,0.9527037213347527,False
9771,4529653.0,0.6946415338348284,0.06544550144978979,0.47092776988613577,False
9772,4529711.0,0.5488078011398213,0.13671070301058505,0.5919404392420824,False
9773,4529824.0,0.08432659008311932,0.8415706099040494,0.9634460491893265,False
9774,4530012.0,0.8050005989560348,0.09948509404989551,0.5406484286433426,False
9775,4530615.0,-0.2575951015555388,0.29326663922943513,0.7363889356547579,False
9776,4530723.0,-0.2987542579197532,0.2386565157059368,0.693758313881702,False
9777,4530926.0,0.2539898725341761,0.3158695291381699,0.752394282767073,False
9778,4531410.0,0.08429754909913685,0.6489833902198585,0.900882603263824,False
9779,4531639.0,-0.048305322189095334,0.7452116163081566,0.9355350047944941,False
9780,4532535.0,0.24240308022453347,0.32946242544047905,0.7604559127953795,False
9781,4533694.0,-0.584792413321235,0.04803709282724095,0.42606007324537426,False
9782,4534477.0,-0.1755994151542017,0.18505279932988486,0.6475654857272405,False
9783,4535667.0,-0.04015662649303914,0.842855200185167,0.9636462760176205,False
9784,4536252.0,-0.7683092985206884,0.03256308341352685,0.3717095996782265,False
9785,4536373.0,0.20504256831254228,0.12069701010501484,0.5737187286540817,False
9786,4536522.0,0.3249095425573971,0.543466402566366,0.859994898288096,False
9787,4536649.0,-0.21297575480587544,0.10353126414144188,0.5468780195969359,False
9788,4536864.0,-0.20838853518558734,0.11526456889699824,0.5660899641975025,False
9789,4537502.0,0.17803128432522455,0.20665620241980584,0.6697153128306306,False
9790,4537927.0,-0.23557043051205856,0.07268144743669756,0.48995107823223705,False
9791,4538017.0,-0.5799918450669709,0.2553121490514004,0.7117137591045074,False
9792,4538488.0,0.17606164905331226,0.20969470809766355,0.6717455762185766,False
9793,4538895.0,-0.25057543896829504,0.5445755996529926,0.8604720268018781,False
9794,4539438.0,-0.0127436068698987,0.9510556370334289,0.985092740451518,False
9795,4539542.0,1.2976670792729452,0.05647918848680169,0.4488152203691305,False
9796,4539655.0,0.5184332963125364,0.0931347349830776,0.5290245029782557,False
9797,4539983.0,0.07554435315660381,0.6119920703595618,0.8839885460749226,False
9798,4540523.0,-0.24283785103328093,0.10122715111585263,0.5424143508276277,False
9799,4540791.0,-0.13111850513924406,0.3897081277753121,0.7974827579363871,False
9800,4542626.0,-0.748591697496269,0.01463678209323951,0.27644369447042777,False
9801,4543174.0,-0.057753511946779794,0.7961688947609532,0.9517271275695582,False
9802,4544120.0,0.20737249642407893,0.5303270488103583,0.8569068345990531,False
9803,4544842.0,-0.3447407001580451,0.06567258236691487,0.47116713918893643,False
9804,4544925.0,0.10162086428125088,0.648077654796409,0.900882603263824,False
9805,4545411.0,-0.23913899898268723,0.18195682307570432,0.6442290760177177,False
9806,4545882.0,0.5935871608080941,0.3147666869268726,0.752394282767073,False
9807,4546065.0,0.1546965071111974,0.6429809471554929,0.8987654097409585,False
9808,4546262.0,-0.5674157859874548,0.13704995182579027,0.5922668047586417,False
9809,4547071.0,-0.13763847163673532,0.6854795241783832,0.9127740607323769,False
9810,4547176.0,0.31191569104059613,0.354905012379073,0.7761545531572818,False
9811,4547222.0,0.1784514982311325,0.5997551304992985,0.8781156191211636,False
9812,4547758.0,-0.24056359766537655,0.32822016569447937,0.759576575611863,False
9813,4548132.0,-0.06634272994352315,0.7730643790299379,0.9438508883019935,False
9814,4548235.0,0.09487668751553688,0.7622992431363743,0.9407410509601345,False
9815,4548534.0,0.015182642803909963,0.9619703070991416,0.9881227392065018,False
9816,4548888.0,-0.3539212143201666,0.0459635242339633,0.42061368132535787,False
9817,4548922.0,0.15907015121088094,0.2852958085967158,0.7322974703989951,False
9818,4549292.0,-0.06874198942347368,0.8356930973691187,0.9634460491893265,False
9819,4549355.0,0.30619588999067776,0.5839217402936292,0.872259877710102,False
9820,4549868.0,-0.09361093695191615,0.6250530618853621,0.8900072661085464,False
9821,4550230.0,0.7448022175401181,0.16724476829930157,0.628885241095669,False
9822,4550533.0,0.054333134032149066,0.825745822910942,0.9599947421761031,False
9823,4551183.0,-0.11337798148104608,0.5905453930491557,0.8748739533790227,False
9824,4551204.0,0.08089008879578304,0.7112718636762126,0.9238789135102654,False
9825,4551350.0,0.05027162752176503,0.8862192554240885,0.9715554662941385,False
9826,4552130.0,0.12871621161298927,0.7252319777959578,0.9290396263985237,False
9827,4552772.0,-0.021630078994388097,0.9532762494638662,0.9856895243522245,False
9828,4552965.0,0.262060856302235,0.3380133864066446,0.7664790702828759,False
9829,4553083.0,-0.021097797901524218,0.9358257813199703,0.981230191995791,False
9830,4553627.0,0.09552598132803108,0.7924395429781442,0.9514150539393013,False
9831,4553954.0,0.0628102889655523,0.8496864619806653,0.9651890482210258,False
9832,4554483.0,0.12928011979715992,0.7941215558491316,0.9515273481552983,False
9833,4554607.0,0.048591656101065014,0.8935312504502643,0.9724565594182494,False
9834,4554784.0,0.050271781387708395,0.8228274987353257,0.9599051455556222,False
9835,4555092.0,0.3136329632555134,0.5749253790605159,0.8692161534783692,False
9836,4555372.0,0.261422854892291,0.29856665222194056,0.7408985377444535,False
9837,4557152.0,-0.38718768407626714,0.01069272474148591,0.2506901232588111,False
9838,4557504.0,0.25512714989942964,0.05100003072850972,0.43600760283297996,False
9839,4559266.0,0.22972984707562233,0.6711162110528802,0.9078238198617231,False
9840,4560103.0,0.361875045569499,0.49696335383449136,0.845791909301333,False
9841,4560244.0,-0.03279481452660646,0.9252243808169369,0.9802191960759526,False
9842,4561758.0,-0.5994964383651856,0.20541832474551477,0.6697153128306306,False
9843,4561969.0,0.3207220889963405,0.2697358439993724,0.7190014144831173,False
9844,4565144.0,-0.48643931612208713,0.24479288896720022,0.6991539734444558,False
9845,4565767.0,0.06148835393648368,0.7111139933191909,0.9238789135102654,False
9846,4566339.0,0.006300237821875991,0.9858630341698525,0.9951689458365942,False
9847,4567079.0,0.15341065882169988,0.4096964652739657,0.8065237465737811,False
9848,4567227.0,-0.2927519526623109,0.12293646446345437,0.5759741327301717,False
9849,4567612.0,-0.3080088032912327,0.022575120536424808,0.3216831446559938,False
9850,4567613.0,-0.3782801378013948,0.5248396949588877,0.8545579818988862,False
9851,4567715.0,-0.5619420636636756,0.04370442478637053,0.41443018925325964,False
9852,4569871.0,0.24191587549607307,0.46590158454373976,0.8313055978274843,False
9853,4570165.0,-0.3519872066561376,0.009765883941370634,0.24216297347177232,False
9854,4572760.0,-0.892255079886763,0.19406287955055382,0.6599999637420225,False
9855,4572824.0,0.20030780080664246,0.43570164699530906,0.8196881490807214,False
9856,4573615.0,0.1237520239794111,0.5501542283787153,0.861556437479399,False
9857,4573801.0,0.09624813527412387,0.6405891173192997,0.8983902593373054,False
9858,4574290.0,0.17649090657945127,0.2456299861485873,0.700003544143585,False
9859,4574414.0,-0.443436096872294,0.36625246126370936,0.7830369119752374,False
9860,4574424.0,-0.5249955639726791,0.281861119353538,0.730864298149255,False
9861,4574621.0,0.8355523571255044,0.02341852675308081,0.3254809173661847,False
9862,4574861.0,0.3385407864506004,0.5266828426882901,0.8548586987933043,False
9863,4574932.0,0.8435289107085686,0.09555678092923349,0.5326924755657783,False
9864,4575452.0,0.4436585448394816,0.0544441827314804,0.4438587342165712,False
9865,4576306.0,-0.07467043931719797,0.728775900035634,0.9303258535156202,False
9866,4576550.0,-0.11226491130259468,0.5977644935900897,0.8773049177458756,False
9867,4577677.0,-0.6320266494851972,0.08250423310450287,0.5103039603130363,False
9868,4578286.0,0.1507891316938796,0.4671762037527302,0.8318516335130318,False
9869,4578619.0,-0.5399293187224047,0.12397421880362434,0.5775839563310489,False
9870,4578724.0,0.3285975378962809,0.3495928544631568,0.7738855824304457,False
9871,4579094.0,0.7545642944693403,0.0933667548115706,0.5290245029782557,False
9872,4579557.0,0.10277268958639729,0.4695630378902461,0.8334052937048106,False
9873,4579856.0,0.12397506218495043,0.6314777544625445,0.894284543338672,False
9874,4581638.0,-0.24971848219648457,0.23406677356842176,0.6904588490122399,False
9875,4581888.0,-0.03120247698764908,0.8829722684434719,0.9715554662941385,False
9876,4582068.0,0.5508918191243689,0.32456283937712754,0.7578479558547864,False
9877,4582207.0,-0.311844904307116,0.42620504550990035,0.8133064069190015,False
9878,4583926.0,0.09636845135136417,0.5190220417649892,0.8525582078680625,False
9879,4584371.0,0.3805043961234333,0.5751016708651527,0.8692161534783692,False
9880,4584806.0,0.3196973753294246,0.1253434322889497,0.5793726021937466,False
9881,4585183.0,0.31224729908861043,0.21780204807030362,0.6770911517578009,False
9882,4585652.0,-0.09179292973122592,0.8613413765750716,0.9674851365804226,False
9883,4586224.0,-0.15372527548979392,0.7497535935928381,0.9361117074520717,False
9884,4586514.0,-0.5310901453809994,0.184422833354373,0.6464345081972979,False
9885,4590036.0,-0.0632806558492528,0.8912518295642882,0.9715554662941385,False
9886,4590071.0,0.09999319195431905,0.7972183418600163,0.9521685604084493,False
9887,4590830.0,-0.12858888072744332,0.7412339729082823,0.934349101085469,False
9888,4591096.0,0.12516177222465671,0.7477620744030136,0.9360625908745066,False
9889,4591171.0,-0.2647429246112402,0.10455846556869784,0.5482029444111168,False
9890,4591271.0,-0.20819525422453297,0.6029208280979076,0.8788378661209597,False
9891,4591775.0,0.19814951806143566,0.6906958632067146,0.9155923783105822,False
9892,4592290.0,-0.04799772384607623,0.8834434078471691,0.9715554662941385,False
9893,4592568.0,0.229419938940924,0.12754234240163467,0.5821035313363987,False
9894,4593153.0,0.16424837880129378,0.6883224274373145,0.9143811171008777,False
9895,4593169.0,-0.12420115281953986,0.7497897016906436,0.9361117074520717,False
9896,4593715.0,0.1930481264617474,0.6763854887521981,0.909321074121257,False
9897,4595146.0,0.1302846215176659,0.6571911831913123,0.9047058974448053,False
9898,4596469.0,-0.12737082182605347,0.602011298083163,0.8783377205232169,False
9899,4596906.0,-0.20879316314172702,0.5778032131372905,0.8700389137196753,False
9900,4596944.0,0.46213528304997653,0.08760707117187962,0.5199287688748503,False
9901,4597056.0,0.5606554226692706,0.31601013431076574,0.752394282767073,False
9902,4598278.0,0.007364077989781212,0.9669507572519453,0.9890097693323666,False
9903,4599075.0,-0.21179762654309142,0.572182770736736,0.8684576349724981,False
9904,4599502.0,-0.4543165802185972,0.5030781286468428,0.8465933751828044,False
9905,4601707.0,0.22670390350138916,0.6618183716349435,0.9068263660380445,False
9906,4601857.0,-0.361625437392004,0.09461644216688127,0.5311815545212475,False
9907,4602425.0,0.1720229927193882,0.2955745244675967,0.7375344037079928,False
9908,4603537.0,0.42884230251406463,0.10830254609508956,0.5527222026157121,False
9909,4605400.0,0.2921472385397616,0.6436744353694789,0.8987654097409585,False
9910,4605589.0,-0.23370623590370482,0.08678753672504819,0.5194262955034968,False
9911,4605901.0,-0.2670833636847579,0.3168677158132424,0.752394282767073,False
9912,4606462.0,0.2326924227784648,0.12204327106918816,0.5750533756359567,False
9913,4606702.0,0.316647067283579,0.2847251300036139,0.7320014925858195,False
9914,4607465.0,0.07760343995778607,0.6031170107074155,0.8789941728161332,False
9915,4607701.0,0.186597654466313,0.6018892687205528,0.8783377205232169,False
9916,4608198.0,0.18700514852091044,0.5691333245312828,0.8683622515454004,False
9917,4609001.0,0.016794049087934325,0.9121333208491532,0.9780087403669322,False
9918,4609003.0,-0.5327355005143243,0.0070962359642705196,0.21397122608932356,False
9919,4609218.0,0.28388087064945366,0.528419548317011,0.8552250181871409,False
9920,4609568.0,-0.011205188711164986,0.9404756809084509,0.982390576923577,False
9921,4609617.0,0.18716939952159112,0.5688994864041088,0.8683622515454004,False
9922,4610007.0,-0.7149395012614279,0.022511935552142176,0.3216831446559938,False
9923,4610202.0,0.5247178301963238,0.32585331648735266,0.7593683448841162,False
9924,4611375.0,0.07847428333196346,0.6436970027839224,0.8987654097409585,False
9925,4611553.0,-0.5078533322313211,0.010353144240972464,0.24659684349742994,False
9926,4611992.0,-0.4548268216850819,0.17044014554480375,0.6327386388128744,False
9927,4612862.0,0.3823773557375829,0.15079694754670253,0.6096465048862034,False
9928,4612989.0,0.10594743150888183,0.5369198525127625,0.8583600882218022,False
9929,4613891.0,0.27358204864031477,0.5760082187798705,0.8695483369848913,False
9930,4614721.0,0.23818472649211037,0.3399649265482381,0.7674819099508989,False
9931,4614914.0,0.06861786220543231,0.664693419830689,0.9073242860276302,False
9932,4614941.0,0.4859127994981092,0.15923855693068367,0.6204968918736582,False
9933,4615015.0,0.14364536788247373,0.6694415362248423,0.9077811212642927,False
9934,4615040.0,0.11143045648226241,0.8490499752232816,0.9651890482210258,False
9935,4615813.0,-0.1259888017050795,0.5013853802966552,0.8465933751828044,False
9936,4616849.0,0.15026792289937202,0.6686942808478646,0.9077811212642927,False
9937,4617316.0,0.25507925026126704,0.31689973844413244,0.752394282767073,False
9938,4617323.0,0.15361449622136528,0.3102967853751194,0.7497303448026011,False
9939,4618385.0,0.25890968443391515,0.0719437515639356,0.4880512703335709,False
9940,4619430.0,0.3152201089607931,0.4035677046353781,0.8044501915434594,False
9941,4619858.0,0.573847168965949,0.332097528393397,0.7618284082437468,False
9942,4619864.0,-0.17115710859051259,0.41846829859630313,0.8106325838357195,False
9943,4620028.0,0.3404963515450306,0.4257869032672904,0.8133064069190015,False
9944,4620320.0,0.43070771669786556,0.18777506381614556,0.6512722572711424,False
9945,4620357.0,0.8739017086057217,0.029586010697720672,0.3600948051763661,False
9946,4620530.0,-0.022169182682130223,0.8911185867030812,0.9715554662941385,False
9947,4620550.0,-0.3011768031840466,0.03969108947042292,0.39856316022334953,False
9948,4620774.0,-0.043193228636257394,0.8035957108255584,0.9543395762452745,False
9949,4620798.0,-0.27820226263095543,0.4513497175787877,0.8260666303014231,False
9950,4621462.0,0.07868061467441358,0.6442015340493478,0.8987654097409585,False
9951,4621494.0,0.4189460319691692,0.19872388129575747,0.6636583428762178,False
9952,4621662.0,-0.5724157050505279,0.017494344320224002,0.3032647161042293,False
9953,4621734.0,0.5480300069674894,0.3540390536063045,0.7752862471043848,False
9954,4621991.0,0.31390013709100895,0.28332259105118984,0.7313494943699443,False
9955,4622343.0,1.096628576413388,0.025752811019263216,0.3431396503697883,False
9956,4623053.0,0.32036615816794867,0.6119449352606774,0.8839885460749226,False
9957,4623847.0,0.47598043740398055,0.15077760141292,0.6096465048862034,False
9958,4623926.0,0.04109531591500731,0.9006044144888478,0.975226134949514,False
9959,4624427.0,-0.1657424880531204,0.23539821584145368,0.6919999960855266,False
9960,4625331.0,-0.11649429655963743,0.3959606051822031,0.8001028237626238,False
9961,4625390.0,0.05909181320017115,0.6976544450330799,0.9180098543153365,False
9962,4625402.0,-0.07066689489122491,0.8856964339068037,0.9715554662941385,False
9963,4625935.0,0.21381238285088255,0.6031900132019693,0.8789941728161332,False
9964,4625984.0,-0.047256171883252165,0.9005431343839967,0.975226134949514,False
9965,4626530.0,0.087825366659488,0.8739728254016518,0.9703624952489408,False
9966,4626790.0,-0.1764892347198182,0.43793559655382525,0.8201847654575178,False
9967,4626951.0,0.6953222557173996,0.305633914854941,0.7478936306921516,False
9968,4627212.0,-0.2736020740962086,0.3617649512277859,0.7807337185922283,False
9969,4627286.0,0.17756544186079176,0.22089079508015905,0.6777189317679837,False
9970,4627541.0,0.7075309802660494,0.021285856415582886,0.31690116749484026,False
9971,4628747.0,0.5612868911238137,0.3424330586077664,0.769588167947682,False
9972,4629564.0,0.23716131095933218,0.590127937966592,0.8748739533790227,False
9973,4629656.0,-0.4148222952711253,0.06660986417805483,0.47419498054226017,False
9974,4629694.0,0.250274986789339,0.5691095734599569,0.8683622515454004,False
9975,4629799.0,0.014695917737695144,0.9628626385187705,0.9881227392065018,False
9976,4629863.0,0.34033509158537023,0.4259378181702743,0.8133064069190015,False
9977,4630009.0,0.5139819581521964,0.3849607050914751,0.7953461084446065,False
9978,4630544.0,0.493231687369898,0.3549514091899731,0.7761545531572818,False
9979,4630594.0,-0.24832205049821265,0.06313728394559985,0.4615785429741604,False
9980,4630772.0,-0.2160026312573297,0.5789951340967849,0.870703599660289,False
9981,4631219.0,0.2966098122392036,0.2257902083026183,0.6850790693163935,False
9982,4631446.0,-0.21950319150507663,0.08767956609050183,0.5199287688748503,False
9983,4632735.0,-0.3093029424754098,0.5617892351180561,0.865364289372286,False
9984,4632747.0,-0.3080210516984105,0.5635458374027671,0.8658398989578535,False
9985,4633336.0,0.008537964467193626,0.9853945078055252,0.9949982102076176,False
9986,4633387.0,0.03756605874198175,0.7934865135413203,0.9515273481552983,False
9987,4633632.0,-0.3674230677847961,0.40644907751432585,0.8056715540490473,False
9988,4633695.0,-0.05068105022152042,0.8768673203873465,0.9713049919519247,False
9989,4633937.0,0.01532795556635147,0.9144935879004021,0.978212828448341,False
9990,4633985.0,-0.010241404857992131,0.9429894353687372,0.9831921763937949,False
9991,4634051.0,-0.011273518951826406,0.9374092628987489,0.9817143273362946,False
9992,4634275.0,0.2047910569146043,0.6186932818351606,0.8864904135588368,False
9993,4634317.0,-0.05244757223039073,0.8862284806405211,0.9715554662941385,False
9994,4634343.0,-0.27762114284249156,0.26401607220422874,0.7150435288864528,False
9995,4634567.0,-0.02953910881447072,0.8340934545832667,0.9630980161154514,False
9996,4635049.0,0.0146378747862407,0.9175064111962558,0.9788129094519167,False
9997,4635204.0,-0.43780218524898235,0.4611367864016919,0.8299525085907634,False
9998,4635401.0,0.09880835340382318,0.694372282410767,0.9172129010340102,False
9999,4636160.0,0.027433598329358336,0.8416598274227536,0.9634460491893265,False
10000,4637864.0,0.16612951147169538,0.7291923062636607,0.9303258535156202,False
10001,4637988.0,0.01724863837520435,0.9797506751653351,0.9932718265398371,False
10002,4638564.0,0.013936948503175783,0.9411846464743789,0.9826449300259098,False
10003,4639354.0,0.176144657006862,0.4492166018126798,0.8253416279483335,False
10004,4640820.0,0.08443747281438005,0.653448968856879,0.9031307049836288,False
10005,4640919.0,0.16258976216209345,0.48993620361178625,0.8411834771936298,False
10006,4640958.0,0.0889799821838487,0.6333662749945956,0.8953237290098106,False
10007,4640984.0,-0.4541995568146953,0.08276899848767304,0.5105145199453318,False
10008,4641070.0,-0.43339768660488537,0.09016300665421406,0.5231170377239927,False
10009,4641281.0,0.09040253210561948,0.6295874603629042,0.8934651803444116,False
10010,4641977.0,0.1325879929464627,0.4520362902734143,0.8265632799753804,False
10011,4642090.0,0.020402441907753616,0.9510021785303879,0.985092740451518,False
10012,4642294.0,0.20433037342249297,0.32671735653626044,0.759576575611863,False
10013,4642916.0,-0.03437881047335109,0.8689940215970045,0.9687799365357085,False
10014,4644284.0,-0.37239231755807745,0.20422540922550272,0.6688655682526893,False
10015,4644906.0,-0.047315890609976693,0.7300615232328858,0.930798430196497,False
10016,4645310.0,-0.16699816014519508,0.5540280857263681,0.8630424783768135,False
10017,4645429.0,0.021847877192529133,0.8695367322239133,0.9687799365357085,False
10018,4647414.0,0.15861009777837373,0.26379699239151355,0.7147294743071265,False
10019,4647851.0,-0.439879634537511,0.08895214841395416,0.5202809538305448,False
10020,4648010.0,-0.05045233109447039,0.7859253641727008,0.9496014946677056,False
10021,4649107.0,-0.3608857019517913,0.08476123759362393,0.5174821339025802,False
10022,4649122.0,0.022692223575462384,0.9364396623985598,0.981372131235409,False
10023,4650985.0,0.10874198083543689,0.45011239447893403,0.8253416279483335,False
10024,4651013.0,-0.251758636464799,0.5755609847271747,0.8695483369848913,False
10025,4651083.0,-0.5166705321759014,0.037086271255529206,0.3868356621865813,False
10026,4651184.0,-0.2363224288922235,0.5585016981390565,0.864239993810058,False
10027,4652195.0,-0.08789399943489458,0.6489984889315941,0.900882603263824,False
10028,4652644.0,0.47877551004628316,0.023980083394514212,0.3288921075948467,False
10029,4653105.0,-0.5699061311931612,0.030366393031142785,0.361830072835406,False
10030,4653347.0,-0.3812023528338391,0.16157047551890832,0.6228974303384568,False
10031,4654095.0,-0.015046902485542593,0.9184421639310761,0.9788600578764685,False
10032,4654440.0,0.14189134474478443,0.2809968995116128,0.729892640392093,False
10033,4655096.0,-0.022549901048632838,0.878349888933697,0.9713267665864582,False
10034,4655236.0,-0.3215397514326207,0.17783095419824518,0.6405890806524547,False
10035,4655733.0,0.09157386640380871,0.7136334392798683,0.9246017026797829,False
10036,4655916.0,-0.10922358126881881,0.7631615044447428,0.9408424436199448,False
10037,4656386.0,0.1852836633158933,0.4532663697080557,0.827107336072722,False
10038,4656700.0,-0.031116811951629512,0.8348045824180147,0.9633043204153875,False
10039,4656759.0,-0.48511893020657104,0.06040595172384991,0.45638891357197897,False
10040,4657023.0,-0.3629916794843995,0.4121995320654472,0.8072712206149497,False
10041,4657501.0,0.24164641974266124,0.0725574125568452,0.4898076575277081,False
10042,4658293.0,0.0210991105972404,0.9752293830568147,0.9914577565214744,False
10043,4659029.0,-0.37152368133136016,0.09676420989125602,0.5338044028141775,False
10044,4659471.0,0.8956458945101267,0.041141516077179294,0.4052551334099648,False
10045,4660015.0,0.5036775845975983,0.21415909927569793,0.6751951851982867,False
10046,4660273.0,0.418186932991547,0.07142190295734095,0.4863085152151144,False
10047,4660374.0,0.04313673898379738,0.8132848070161637,0.9562991422300517,False
10048,4661023.0,0.003940412715318031,0.9911817487362891,0.9974218176556843,False
10049,4661425.0,-0.4631228041655206,0.012626365032200453,0.262289224281442,False
10050,4661574.0,0.1068715614792796,0.5560815844197129,0.8630785023061187,False
10051,4663389.0,-0.0782587881161672,0.7689332062380252,0.9423153771200278,False
10052,4664185.0,0.10438777060528685,0.8504734169723484,0.9652877795242515,False
10053,4664553.0,0.02495193352809222,0.9289067480641724,0.980469186391243,False
10054,4664695.0,0.0508482434394633,0.7604387321505788,0.9400481081305697,False
10055,4664785.0,0.449410421553342,0.06699346287243253,0.4747319460720438,False
10056,4665851.0,0.026722956433375272,0.923871725636729,0.9800190865591428,False
10057,4666191.0,-0.502761143342837,0.021297098415923796,0.31690116749484026,False
10058,4667627.0,-0.49227275485794086,0.4350225397820605,0.8194162985016191,False
10059,4667925.0,-1.07533139030611,0.05879231130967027,0.4529283194682744,False
10060,4668040.0,1.0811146110965355,0.10828802304701804,0.5527222026157121,False
10061,4669428.0,0.04468113982495645,0.8418784138763766,0.9634460491893265,False
10062,4670485.0,1.0778852856350565,0.019556435327134306,0.3094767712147072,False
10063,4670715.0,-0.4454387495258486,0.024285738460933393,0.3307674918361756,False
10064,4670852.0,0.27606708933342106,0.2328364892719566,0.6904588490122399,False
10065,4672772.0,-0.2905833582840288,0.5636932810626578,0.8658398989578535,False
10066,4674105.0,-0.171727337961393,0.17423528964389287,0.6351457866862356,False
10067,4674396.0,-0.010309756085193592,0.9726817319521558,0.9909394838423886,False
10068,4674657.0,0.18300387006077612,0.14835770834618428,0.6074775270078575,False
10069,4674717.0,0.3356474549205011,0.0907913980423762,0.5251168311226758,False
10070,4675440.0,0.22003087953078318,0.10613309490232246,0.5498684456426094,False
10071,4676183.0,-0.4878393776221106,0.4390236778540189,0.8206754391865764,False
10072,4676693.0,-0.00781445515541869,0.978572956008922,0.9926557739909213,False
10073,4677309.0,-0.04940899413540606,0.8421629166189948,0.9634460491893265,False
10074,4677312.0,0.11620527891184956,0.8082256450900022,0.9557959082610573,False
10075,4677374.0,0.17355147658945497,0.20977299899558188,0.6717455762185766,False
10076,4677959.0,-0.11151782062629567,0.747466394275016,0.9360625908745066,False
10077,4677989.0,1.0250320638902573,0.13064984830402687,0.5876629963724822,False
10078,4678198.0,-0.2991479101136202,0.5937948943674167,0.8756136496013212,False
10079,4678409.0,-0.011601585874379702,0.9660014643692263,0.9889800847870626,False
10080,4678717.0,0.1665019884813147,0.23379257972355832,0.6904588490122399,False
10081,4678947.0,-0.22679506640476182,0.08892528606247221,0.5202809538305448,False
10082,4680817.0,1.0273845749253556,0.13602754390117736,0.5914139815214984,False
10083,4680878.0,-0.1719287808061822,0.4441319378432922,0.8232367525618602,False
10084,4680921.0,0.3142286336458732,0.5690184511999337,0.8683622515454004,False
10085,4680950.0,-0.02662792791740226,0.88835574074988,0.9715554662941385,False
10086,4681175.0,-1.1030166278863174,0.10286268531115378,0.546002175575831,False
10087,4681588.0,0.4642095836165932,0.03287928095422255,0.3725517690585447,False
10088,4682031.0,0.05271938724641671,0.8737799787749887,0.9703624952489408,False
10089,4682458.0,0.04472066898705222,0.8927569090838486,0.9721809814662338,False
10090,4682723.0,-0.36282088417654795,0.05580631741276877,0.4459195218434067,False
10091,4683042.0,0.017633530486070775,0.9248634209330971,0.9802191960759526,False
10092,4683638.0,0.038952255120321785,0.7947904716980717,0.9515860798983538,False
10093,4684491.0,0.04875304111581883,0.7607884139017784,0.9401591795200142,False
10094,4684729.0,0.15915031227154217,0.7549325259458887,0.9377120981616317,False
10095,4685060.0,0.035493295116704904,0.9148814356711351,0.978212828448341,False
10096,4685231.0,0.017774541310974293,0.9076453184778198,0.977047408661179,False
10097,4685396.0,0.024104366327438717,0.8752700097366932,0.9708335653721607,False
10098,4686949.0,0.48881780547879705,0.2661168964112858,0.7167455343314254,False
10099,4687497.0,-0.04819970103005569,0.8879415743573577,0.9715554662941385,False
10100,4687666.0,-0.028918095356947768,0.8309245547207247,0.9616152993832738,False
10101,4688549.0,0.40741668067238396,0.5480134259621556,0.8614159882464039,False
10102,4690152.0,-0.06265669282415813,0.657223897355284,0.9047058974448053,False
10103,4690352.0,-0.2698727622322045,0.6298362661602677,0.893475257340526,False
10104,4690838.0,0.11760280545569556,0.4341700758181517,0.8190678090034823,False
10105,4691757.0,-0.0386934703377545,0.7827542241504664,0.9484234844885918,False
10106,4692160.0,-0.2188171085001789,0.23237827101702094,0.6904588490122399,False
10107,4692340.0,0.39562886307390627,0.5319023304171213,0.8572879931601436,False
10108,4692982.0,0.05794594368940005,0.6728746648239261,0.9087147321254088,False
10109,4693289.0,-0.05832773618897733,0.6698221437301884,0.9078238198617231,False
10110,4693798.0,0.2122116685210347,0.13983861557441157,0.5969123759576239,False
10111,4694602.0,0.5176498017165598,0.32889958664120433,0.7599674902519037,False
10112,4695022.0,-0.27648001463342187,0.37018357039515243,0.7858158455702494,False
10113,4696018.0,-0.6438062479555562,0.07510138320875728,0.4916202179950721,False
10114,4696212.0,1.1072978462047416,0.09993421926582544,0.5407706630760394,False
10115,4696862.0,0.19701564832544421,0.6981630087487397,0.9180568697719648,False
10116,4697166.0,-0.06275703923522535,0.6500373992408154,0.9009844315523516,False
10117,4697357.0,-0.6151450045513495,0.2721213552951966,0.7215137546969611,False
10118,4697371.0,0.18689867101317173,0.20839747478699186,0.670864350181731,False
10119,4697880.0,-0.30892811099946804,0.4348081463878768,0.8194162985016191,False
10120,4698222.0,-0.29238021356413063,0.6428121593255374,0.8987654097409585,False
10121,4698476.0,0.21134783556230258,0.6661938774546086,0.9074404546460405,False
10122,4698654.0,0.15028564838782904,0.7876096096688725,0.9498033211865775,False
10123,4699844.0,0.08925353858684629,0.5336434112599082,0.8576035569033383,False
10124,4699943.0,0.06503759164025785,0.6488036306507999,0.900882603263824,False
10125,4700881.0,0.04194560337327102,0.94696756134964,0.9838550078187603,False
10126,4701380.0,0.44028126118995703,0.03905357246452049,0.3965747996621961,False
10127,4702833.0,-0.5079549010009237,0.19240957703587114,0.6576215235278279,False
10128,4702840.0,-0.33547148237562424,0.4325458553707717,0.817265787897664,False
10129,4703800.0,-0.3304638694340705,0.4000044810493887,0.8028690780890388,False
10130,4704423.0,-0.2000566807704742,0.21152256001632455,0.6724051529089434,False
10131,4704715.0,-0.8168447879877413,0.2277830622650013,0.6863868669512747,False
10132,4705482.0,-0.3021761443143905,0.6317428602302572,0.8943099566770268,False
10133,4706260.0,-0.1806237497578167,0.1859865128947831,0.6496272194048349,False
10134,4706498.0,0.10880452939143023,0.45544750322956756,0.8277051142737243,False
10135,4706575.0,-0.16577417740111738,0.29497096947992935,0.7369182678261526,False
10136,4706596.0,-0.09756622228285616,0.8857812689166938,0.9715554662941385,False
10137,4706814.0,-0.1312182261453209,0.37872640687340875,0.7928914498036046,False
10138,4706821.0,0.6752325963831444,0.3191228848017353,0.7545369014425696,False
10139,4707080.0,0.18923809097616204,0.3029939713526372,0.745466808484333,False
10140,4707373.0,0.3499171235735153,0.4054403747102513,0.8054512326746155,False
10141,4708080.0,-0.08037108027654462,0.5933781439971505,0.8756136496013212,False
10142,4708196.0,0.6763973831527691,0.31827506543191375,0.7541080014266067,False
10143,4708929.0,-0.04307312563005494,0.7479403894043527,0.9360625908745066,False
10144,4708960.0,-0.04108385238727501,0.8661494084334221,0.9675879210193268,False
10145,4709368.0,0.013378239445758302,0.9225784831001845,0.9798512045195563,False
10146,4709531.0,0.32632666617519196,0.4582237157284735,0.8288649282173937,False
10147,4710835.0,-0.3086981333236637,0.1837781685226127,0.6456025952469129,False
10148,4711123.0,-0.33541153732669277,0.3914512049564345,0.7986420244171829,False
10149,4711189.0,0.006532435145405385,0.9755652047356856,0.9914577565214744,False
10150,4711543.0,-0.18947086676752006,0.5276930319071996,0.8548586987933043,False
10151,4713530.0,0.04290608979561033,0.7554822789453699,0.9379766850442932,False
10152,4713635.0,-0.1117758363006775,0.6357541777054806,0.8964811118463226,False
10153,4713849.0,0.30958558510634543,0.4688187570822119,0.8329014088588232,False
10154,4714096.0,0.8401043102528949,0.18573809223080567,0.6493355849163915,False
10155,4714112.0,-0.06995838477114694,0.6091287561077704,0.8823081437978606,False
10156,4714200.0,0.13560155087545683,0.4610460150883358,0.8299525085907634,False
10157,4714280.0,0.026945964586705482,0.840442612133806,0.9634460491893265,False
10158,4714308.0,-0.03235718691498993,0.8981606683219859,0.9746610071613674,False
10159,4714978.0,-0.02119576105444603,0.8775900153577846,0.9713049919519247,False
10160,4715162.0,0.3896082336690107,0.08627695202077477,0.5191442983289968,False
10161,4715453.0,-0.08952266240228528,0.7224299287938319,0.9280446008351533,False
10162,4715919.0,-0.038020795050057093,0.7754387561736346,0.9448184642793583,False
10163,4716129.0,0.2400251287331273,0.5177566143086145,0.8523183003093502,False
10164,4716424.0,0.10766150117661896,0.7674913837188758,0.9416926853113828,False
10165,4716501.0,-0.049884833075703,0.7099928520242614,0.923403145108083,False
10166,4716968.0,-0.12809700517046757,0.5562503180224418,0.8630785023061187,False
10167,4717026.0,0.011795276252105552,0.9331641098365459,0.9808384810332593,False
10168,4717240.0,0.036531672873576275,0.7955398906373048,0.9517271275695582,False
10169,4717281.0,0.15374764425742643,0.6556222430122817,0.9042157216790326,False
10170,4717611.0,0.6150627714755705,0.3284976126783946,0.7596594771248346,False
10171,4718087.0,-0.6599658036836115,0.3303302644475887,0.7608179547164386,False
10172,4718296.0,-0.11650292988024995,0.732499633004348,0.9324831143734252,False
10173,4718437.0,-0.05156887735576145,0.7150545789444256,0.9249186671165086,False
10174,4718546.0,-0.2987751205828796,0.3855208557630316,0.7955896115495888,False
10175,4718749.0,-0.0037015607897474684,0.97918467566775,0.9928124093380746,False
10176,4719095.0,-0.1381569267005024,0.5251821450892896,0.8545579818988862,False
10177,4719318.0,-0.2201442866862654,0.7239603712997384,0.9282345498935555,False
10178,4719394.0,-0.11175669075629208,0.47547510886177957,0.8354729860580213,False
10179,4719467.0,0.2950229590793382,0.48980600117851203,0.8411834771936298,False
10180,4719947.0,0.17203850697393888,0.2717662710928792,0.7209244556972639,False
10181,4721051.0,-0.28152363563311444,0.22841604655022113,0.6864272077256117,False
10182,4721109.0,-0.1660912546400798,0.3142638840548874,0.752394282767073,False
10183,4721255.0,0.3065185021244367,0.5261670611231355,0.8548586987933043,False
10184,4721539.0,-0.24941800588310414,0.2419508911364558,0.6964095043107547,False
10185,4721935.0,0.3030309430899979,0.4778564992281928,0.836275241861246,False
10186,4722267.0,0.0011962377375078492,0.9977975137158079,0.9987175667482798,False
10187,4722279.0,-0.08853526463169076,0.5811688254573437,0.8714446049177784,False
10188,4722957.0,0.4605987398505761,0.39306416374277925,0.798803549588025,False
10189,4723261.0,-0.8055695273433396,0.23485641849931557,0.6912598760330994,False
10190,4723718.0,-0.166715650426193,0.29191250549102593,0.7358825469356912,False
10191,4724079.0,0.3716879308586119,0.2841608720801227,0.7318069433996991,False
10192,4724785.0,-0.05161755218312519,0.9230356196546283,0.9798512045195563,False
10193,4725497.0,-0.2377553151318958,0.12528617756792973,0.5793726021937466,False
10194,4725595.0,0.23721199564199708,0.5500686164172303,0.861556437479399,False
10195,4725962.0,0.10150689944115493,0.7828102062419622,0.9484234844885918,False
10196,4726623.0,-0.9289375777577638,0.04871471753723276,0.4287178363246204,False
10197,4726976.0,0.404194726062844,0.5502194512024314,0.861556437479399,False
10198,4727523.0,0.23561503709522022,0.1440555722325034,0.6042964419745382,False
10199,4727777.0,0.4586590825377337,0.3073245567833418,0.7487505601483324,False
10200,4728381.0,0.031063326384216723,0.8250511993629183,0.9599947421761031,False
10201,4728596.0,-0.2940648276557773,0.07662307478299928,0.4950854028389626,False
10202,4728930.0,-0.91548994115226,0.05216788395098935,0.44034399711352207,False
10203,4729363.0,-0.3164728549706888,0.05772379664620829,0.45013779640416013,False
10204,4729786.0,-0.29317837944620145,0.2102715144378265,0.6719345997043235,False
10205,4730669.0,-0.07244663926676104,0.7819043308168164,0.9479955427254306,False
10206,4730746.0,0.3504767592420653,0.3471264957216747,0.7723013140108176,False
10207,4730901.0,0.3687003673390376,0.43264547145617055,0.817265787897664,False
10208,4731268.0,-0.19948274010340375,0.1724479892949884,0.6334101947359447,False
10209,4731352.0,0.2485067942523406,0.05983639248060769,0.4546162070931645,False
10210,4733118.0,0.055438777996993815,0.9349344859975932,0.9809879530062575,False
10211,4733735.0,0.12139496814183476,0.36632127522427355,0.7830369119752374,False
10212,4733852.0,-0.4581165431361659,0.20466136530457588,0.6689548691301329,False
10213,4734845.0,-0.07537506113286285,0.9110323907974675,0.9779723696703432,False
10214,4735128.0,0.25975349727796104,0.4362560292138128,0.8196881490807214,False
10215,4735303.0,-0.02812941176837136,0.8807350548767552,0.9715554662941385,False
10216,4735343.0,-0.19994398939551716,0.243169057360947,0.6976354542208155,False
10217,4735847.0,-0.09562100889221313,0.5144800282018246,0.852243996871754,False
10218,4736462.0,-0.1646382025009492,0.3488209603277474,0.7738855824304457,False
10219,4737241.0,-0.08279772698628673,0.8471208857603592,0.9651233458813595,False
10220,4737746.0,-0.6339299939542379,0.15959148826491268,0.6204968918736582,False
10221,4738653.0,0.26537711150275156,0.42592784350773244,0.8133064069190015,False
10222,4738914.0,0.28226582469572525,0.4119765738352554,0.8072712206149497,False
10223,4739395.0,-0.16323213683692522,0.35195349270370496,0.7739129158176716,False
10224,4739514.0,0.2537033542189234,0.5520233324825828,0.8623130341197923,False
10225,4739806.0,-0.10759594369832695,0.5382833633787293,0.858511186160994,False
10226,4740873.0,0.2628199562832816,0.43085294834211324,0.8167524849654676,False
10227,4740923.0,-0.25718987256566467,0.4404379797811441,0.8211086581010403,False
10228,4741000.0,-0.11334769744535952,0.5205901020334992,0.853110742387324,False
10229,4741432.0,0.6047542049118402,0.16128685396636883,0.6223849270547223,False
10230,4741764.0,-0.0969755094511335,0.6444488625208181,0.8987654097409585,False
10231,4741877.0,0.01000785873711442,0.9593316723479675,0.9873020343655967,False
10232,4742080.0,-0.05455573939272185,0.8990854532204339,0.9750103389437585,False
10233,4743239.0,0.40221641387970786,0.4970221099392626,0.845791909301333,False
10234,4743546.0,-0.5523084825322598,0.34406893569566005,0.7703062150823901,False
10235,4743843.0,0.09674062989777045,0.7750569724662948,0.9445653346942438,False
10236,4744719.0,0.1784270033313357,0.5728380162508601,0.8684576349724981,False
10237,4745106.0,0.27735435689084975,0.22655723080607068,0.685608792974602,False
10238,4745269.0,0.22932408386319852,0.47429053058824655,0.8354729860580213,False
10239,4745701.0,-0.04891841907827321,0.8212633351960195,0.9590977411030437,False
10240,4746168.0,0.1551113055548765,0.6241254283952238,0.8896815711292267,False
10241,4746455.0,0.6373202826451959,0.13269750207384656,0.5905827736824946,False
10242,4746681.0,-0.7632287289475512,0.1958506378622567,0.6604255264025536,False
10243,4746837.0,0.11745232395613295,0.6512526817253955,0.9017600116676404,False
10244,4747234.0,0.4084947818959349,0.5119284200830791,0.8507344623315075,False
10245,4747327.0,-0.4144345284952602,0.5057110991796402,0.8483715367944823,False
10246,4747383.0,0.3046634284012833,0.1845356681609076,0.6465896313384932,False
10247,4747457.0,-0.4246584826284642,0.4952865433987736,0.8451794377983955,False
10248,4747465.0,0.1652954825372754,0.8055581389498003,0.9551811963394444,False
10249,4747705.0,0.2801173877358142,0.4689500346427137,0.8329983024131332,False
10250,4747753.0,0.2007401582199776,0.38136552235016596,0.793872464971652,False
10251,4748261.0,-0.4325681273813495,0.4872049115216082,0.8406627427383655,False
10252,4748724.0,-0.5353320442930315,0.4305153653470913,0.8165724778687186,False
10253,4748886.0,-0.5810236240953739,0.4384019559924609,0.8204919366031315,False
10254,4750205.0,-0.5802361828507929,0.2192648355651778,0.6770911517578009,False
10255,4750227.0,0.2314690423140714,0.6749086688879052,0.909321074121257,False
10256,4750428.0,-0.763432688710857,0.046850056713821,0.42379780469043915,False
10257,4750893.0,-0.12987866346589425,0.3668966624724619,0.7835261206253342,False
10258,4751110.0,-0.4668742010458679,0.4909078844706015,0.8414345627551523,False
10259,4751855.0,-0.052430774909160344,0.8056785432203173,0.9551811963394444,False
10260,4752069.0,-0.12773502263331662,0.3629344869062414,0.7812469571635555,False
10261,4752299.0,-1.8424999318322617,0.0031537200716595538,0.15282871150832347,False
10262,4753160.0,0.10144335053752532,0.6787821938398815,0.9099889729692371,False
10263,4754043.0,-0.8362814085303447,0.15211544790076204,0.6124677993185356,False
10264,4754121.0,0.05320656228692695,0.6946140039304889,0.9172129010340102,False
10265,4754767.0,0.2519405295656027,0.5454602206684195,0.8607313120156554,False
10266,4754881.0,0.5259288830997839,0.367124521779649,0.7836090035992315,False
10267,4756152.0,0.07071387569637536,0.6647344279896539,0.9073242860276302,False
10268,4757052.0,-0.2385839019659245,0.4611952880458818,0.8299525085907634,False
10269,4757548.0,-0.5752618119044268,0.0219780243111658,0.3186878841157398,False
10270,4757771.0,-0.7463269313650378,0.2309562480678929,0.6887445254881807,False
10271,4758143.0,0.48178746502218284,0.03527182006753199,0.37993156735967887,False
10272,4758282.0,-0.6390917164977103,0.01090358435897739,0.25231921425166937,False
10273,4758394.0,-0.0455368537720231,0.8896024392179017,0.9715554662941385,False
10274,4759125.0,-0.22855703911885145,0.6533814493699753,0.9031307049836288,False
10275,4759621.0,-0.2517670074393674,0.43599925096407094,0.8196881490807214,False
10276,4759831.0,-0.2685564331198677,0.1789865002529101,0.6413924896941977,False
10277,4761222.0,-0.2896684927737377,0.37711561941681954,0.7919500964924697,False
10278,4761331.0,-0.15137439038157902,0.7665799242291964,0.9414445916982388,False
10279,4761454.0,0.4723001440846827,0.27735110838666716,0.7270462346020906,False
10280,4761815.0,0.02177540598216851,0.9543454526211508,0.9860306332253544,False
10281,4763328.0,-0.6310545635545624,0.1970293449263668,0.6617395851783792,False
10282,4763429.0,0.38471899381057706,0.07016467198986044,0.4840226752059346,False
10283,4764019.0,-0.21609951434078906,0.18494118078279573,0.6475654857272405,False
10284,4764428.0,-0.0889593168658048,0.534913877697579,0.8576105784226076,False
10285,4764998.0,0.08744673114203207,0.5421390700138433,0.8597029622364961,False
10286,4765681.0,-0.2686633058020928,0.11514830329467626,0.5660899641975025,False
10287,4765687.0,0.6783780309383298,0.09893410310647235,0.5391213299300991,False
10288,4766037.0,-0.5571414922166117,0.037611497096575235,0.3879166431386317,False
10289,4766054.0,1.2473559823031966,0.06578007184168037,0.47125534845525113,False
10290,4766369.0,-0.1285740043723027,0.8495129895259037,0.9651890482210258,False
10291,4766372.0,0.41688566722875653,0.3633267422427742,0.781651785343864,False
10292,4766534.0,-0.0637782681543022,0.8368987678047091,0.9634460491893265,False
10293,4768937.0,-0.014921963039517538,0.9687228877474137,0.9896201193100875,False
10294,4769190.0,-0.18484076527770288,0.30751530134239324,0.7489210296021528,False
10295,4769396.0,0.217520227617927,0.6780524767026933,0.9095943785400711,False
10296,4769815.0,0.05896498592525091,0.6740271750986485,0.9090231656160157,False
10297,4770010.0,0.019383915639046345,0.9772216669788657,0.991933906401308,False
10298,4770388.0,1.0499084345100445,0.12151692131872921,0.5740413378029969,False
10299,4770673.0,-0.08327939240525759,0.5434882544685711,0.859994898288096,False
10300,4770846.0,-0.00689516373855828,0.9855247380324799,0.9949982102076176,False
10301,4771487.0,0.1276428635630505,0.7480988417625843,0.9360937092026345,False
10302,4771496.0,0.9841675322249122,0.06431211543402614,0.4660267109721987,False
10303,4772012.0,-0.06201228568868944,0.8732918494078353,0.9703624952489408,False
10304,4772312.0,0.002132018646001821,0.9955257359649292,0.9978514955244303,False
10305,4772339.0,-0.06857101192005467,0.7749356039013604,0.9445653346942438,False
10306,4772926.0,-0.2889270386420335,0.566466215028265,0.86730436972568,False
10307,4773375.0,0.37035173806491484,0.16464910324069332,0.6250535814420386,False
10308,4773462.0,0.3017097294979198,0.26153511910856436,0.7128949013504352,False
10309,4773482.0,0.36512384505508566,0.17612278935902445,0.6380578793347811,False
10310,4773727.0,0.3879701387579523,0.14449339912782655,0.6046552997426975,False
10311,4774093.0,0.36944173107314093,0.16442344384630705,0.6250535814420386,False
10312,4774587.0,0.009418869194451951,0.9802637011113801,0.9932718265398371,False
10313,4774861.0,0.37088034038678463,0.3222919599511476,0.7571301898311733,False
10314,4775065.0,0.25825211940374954,0.1055357898660348,0.5494441242186128,False
10315,4775276.0,1.6338615256895346,0.009031245748985095,0.23692229602539724,False
10316,4775293.0,0.3083663643242991,0.6519737980308558,0.9018957025136918,False
10317,4776400.0,-0.2415036746844186,0.41117914292832847,0.8068541448197881,False
10318,4777350.0,0.36687810904653506,0.16811723928088407,0.6301322241770742,False
10319,4778844.0,-0.39859407907511357,0.06465107254851583,0.4675465639667817,False
10320,4779035.0,-0.314425609735269,0.33663469835220905,0.7648934715606978,False
10321,4779476.0,0.3228253416039093,0.5012915418544408,0.8465933751828044,False
10322,4779546.0,0.338483924756511,0.0752218366390644,0.4916202179950721,False
10323,4782188.0,-0.19375449468685718,0.18745662343496025,0.6509410260353466,False
10324,4784170.0,0.2875565727494883,0.5522251606927906,0.8623155770302895,False
10325,4784429.0,-0.22769122224318328,0.43675021742593667,0.8196881490807214,False
10326,4784772.0,-0.11929281309552976,0.5609524946747327,0.8649229025744979,False
10327,4785124.0,-0.33473772361406934,0.01998993145279601,0.31006814852992776,False
10328,4785577.0,0.7111099531866254,0.08374537181385754,0.5146752241257033,False
10329,4785984.0,1.193311110165353,0.018583187594198733,0.30517473726933014,False
10330,4786110.0,-0.1309074999942304,0.7395508982999701,0.9335765787936011,False
10331,4786790.0,0.45190412392390633,0.002047991785458442,0.13311946605479874,False
10332,4787029.0,-0.2801583048268236,0.5068270750352418,0.8488825643430875,False
10333,4789288.0,-0.3317816282057606,0.020103292233895446,0.310414277665626,False
10334,4789715.0,0.4038839691101745,0.012040146828922035,0.26033926076639097,False
10335,4789802.0,-0.15436772977027577,0.6042256113619867,0.8796497339540642,False
10336,4789982.0,0.7057312458258086,0.29783147741448623,0.740298520946049,False
10337,4790023.0,-0.5693392591505051,0.40164690945997017,0.8033822962592488,False
10338,4791074.0,-0.40493814470610856,0.0039412010708280345,0.16843203788912722,False
10339,4791515.0,0.2522172910333744,0.6209918900303517,0.8876569615853922,False
10340,4792264.0,-0.3286851219529132,0.17121521872899875,0.6330956877153683,False
10341,4792455.0,-0.5307212400265355,0.2981001988318595,0.7403060302722111,False
10342,4792556.0,0.15383480933822852,0.4817269734804783,0.8370651988363362,False
10343,4792670.0,1.1795841853675382,0.0200203224448144,0.31006814852992776,False
10344,4792816.0,0.5153146209007706,0.0039076429615100055,0.16765796184660517,False
10345,4793500.0,0.9591238819910541,0.10473717239589066,0.5484428395356455,False
10346,4793813.0,-0.12300768122204922,0.6440846698126413,0.8987654097409585,False
10347,4793833.0,0.5731923151940954,0.0011973029398934713,0.10391747664648592,False
10348,4794687.0,0.7753180578237261,0.25282146595125005,0.7084776483854288,False
10349,4795072.0,-0.3951642146954245,0.06710362012589131,0.4747319460720438,False
10350,4795262.0,0.5606913783906518,0.001589078009760521,0.1173493434776721,False
10351,4795709.0,0.0877899538755027,0.7548777771791824,0.9377120981616317,False
10352,4796742.0,0.2560070935037007,0.237960403694814,0.6934202691606766,False
10353,4797678.0,0.3740099332761343,0.41464809260348445,0.8093779547822847,False
10354,4798283.0,0.8743401974513944,0.03759075645049644,0.3879166431386317,False
10355,4798335.0,-0.15916430076475324,0.5919792500715194,0.8751488560965182,False
10356,4798599.0,0.2178082898805756,0.31129955257879405,0.7500706636249796,False
10357,4799023.0,0.04023135844681038,0.9007463458489732,0.975226134949514,False
10358,4799713.0,0.37205079509860817,0.17530795374571628,0.6360186624029914,False
10359,4800311.0,-0.40305043157952275,0.4828334729785222,0.8375570922781171,False
10360,4801074.0,-0.277518595203192,0.0618218623025135,0.459403250215743,False
10361,4801135.0,-0.3921641016935035,0.006784005300343074,0.2099373951433988,False
10362,4801244.0,-0.018334691518798102,0.9670541580089387,0.9890097693323666,False
10363,4801418.0,0.0003178552803219867,0.9990599394272744,0.9994460275756298,False
10364,4801435.0,-0.06900016298053387,0.7916976940183094,0.9514150539393013,False
10365,4802284.0,0.3559791821298527,0.08633871526510968,0.5192281186718923,False
10366,4802814.0,0.23210659302763365,0.38634653987254,0.7955896115495888,False
10367,4803145.0,0.3893694007242614,0.0624470559224034,0.46025971073006616,False
10368,4803442.0,-0.39714549162911594,0.059049098793738354,0.45382384200795267,False
10369,4803599.0,-0.26494902288775835,0.05539450093493198,0.4459195218434067,False
10370,4803701.0,-0.3454593034277845,0.09844237028833225,0.5373640661699881,False
10371,4803870.0,0.4291845695954725,0.004814920281842328,0.18244132784722678,False
10372,4804012.0,0.17848892184858686,0.6159266535054508,0.8848477049425529,False
10373,4804339.0,-0.19955950356910296,0.35302860474611664,0.7745645278490912,False
10374,4804940.0,0.3251504747350268,0.41727747733851545,0.8099428239619001,False
10375,4805031.0,-0.1654129578411307,0.4400381613290448,0.8211086581010403,False
10376,4805110.0,0.17823257008885102,0.4043276690560575,0.8044501915434594,False
10377,4805816.0,-0.28048494762218446,0.27406769462301545,0.7234734250539495,False
10378,4806809.0,-0.20611754963161177,0.3318821791213255,0.7618284082437468,False
10379,4806825.0,0.10621571356887201,0.7510762687900693,0.9361502925383169,False
10380,4806985.0,-0.501474837296072,0.34751421798301513,0.772847128909164,False
10381,4807231.0,-0.5835648554916912,0.39015044782733654,0.7974827579363871,False
10382,4807895.0,-0.23603810238252587,0.13645104227496455,0.5918756772900237,False
10383,4808056.0,1.041333517285763,0.13091403024282836,0.5879486132750938,False
10384,4808137.0,-0.2618918610999743,0.09624931752890988,0.5333263612946997,False
10385,4808145.0,0.5021612758977521,0.2055569849099417,0.6697153128306306,False
10386,4808857.0,0.45961275173969585,0.0023672258519062054,0.14246841960502432,False
10387,4808922.0,0.3582565213893816,0.01028121773342555,0.24637229601964045,False
10388,4809994.0,0.375302934940865,0.006876009707017128,0.2114421681860366,False
10389,4810304.0,0.503476918001065,0.13905203535485716,0.5956629217746545,False
10390,4811000.0,-0.19950942084185525,0.3299622049690891,0.7604559127953795,False
10391,4811115.0,0.2734164670916548,0.07104294298147142,0.48592480493049467,False
10392,4811621.0,1.0775058117801735,0.11152260354214452,0.5594167566774394,False
10393,4811776.0,0.3479730177325966,0.38560870865993646,0.7955896115495888,False
10394,4812216.0,-0.13155490558315147,0.6083086608988442,0.8823081437978606,False
10395,4813537.0,0.03765563332642582,0.9010148134883141,0.975226134949514,False
10396,4813546.0,0.052763080727738595,0.7344130817868376,0.9327853690121147,False
10397,4813651.0,-0.18823060168044492,0.4634379343883968,0.8299525085907634,False
10398,4813989.0,-0.313013860899857,0.4285488571719602,0.8150308677539196,False
10399,4814131.0,0.11647601314528519,0.3939490782717222,0.7991807636586509,False
10400,4814538.0,-0.3850221419382071,0.49209817883618023,0.8425434907360784,False
10401,4814954.0,0.4223315913018951,0.1993110211252248,0.6645734202083127,False
10402,4815124.0,0.15734595880492946,0.2525926642835671,0.7084776483854288,False
10403,4815345.0,-0.22974260377397684,0.17363894935285173,0.6350575455610531,False
10404,4816183.0,-0.559220349250172,0.10061433308167388,0.5414816983646852,False
10405,4816409.0,0.13013713655405507,0.3935721778569772,0.7991036813399963,False
10406,4816645.0,0.4027976559828229,0.49806904533030555,0.8463587634741259,False
10407,4817235.0,-0.5318385994863609,0.12615650155858424,0.5803854050872019,False
10408,4817470.0,-0.40969902231889443,0.1690189831991948,0.6313492989082106,False
10409,4818203.0,-0.3151817752588164,0.18357702014840604,0.6454979557666561,False
10410,4818472.0,0.10071124796504968,0.5903797876216688,0.8748739533790227,False
10411,4818567.0,0.02044926939749548,0.8916202465025743,0.971752050132086,False
10412,4819451.0,-0.4068263935328889,0.15703409090659007,0.618731418072971,False
10413,4819455.0,-0.28017830704196844,0.4167568912398881,0.8099428239619001,False
10414,4819624.0,-0.10827708715643836,0.4856523397152922,0.839442649938062,False
10415,4820354.0,-0.024140544837542882,0.8753153481618919,0.9708335653721607,False
10416,4820745.0,-0.19740634635198656,0.7715874226863958,0.9429837281311446,False
10417,4820815.0,0.25540069078851535,0.16318406295049842,0.624599084389161,False
10418,4821654.0,-0.45139896098551513,0.34037764009603455,0.7675226328477894,False
10419,4823376.0,-0.23078388992846327,0.32458481626426006,0.7578479558547864,False
10420,4824378.0,0.09061939515118267,0.7538756886003154,0.9371491666513454,False
10421,4824381.0,0.07895107159374973,0.797666290261808,0.9522501660306659,False
10422,4825215.0,-0.36797554109800784,0.3866645359110901,0.7959829187679452,False
10423,4826055.0,0.052789024313184725,0.7639307089784769,0.9410426516070548,False
10424,4826294.0,0.19003492115825493,0.20625300516984707,0.6697153128306306,False
10425,4826685.0,-0.07710663449174487,0.5911641094922284,0.8751488560965182,False
10426,4826758.0,-0.03229626291097325,0.8459058109141342,0.9647307814113182,False
10427,4826809.0,0.11549093493925797,0.4231539436599249,0.813267715727423,False
10428,4826815.0,-0.02677374300317488,0.8721054772351986,0.9696860789493773,False
10429,4826928.0,-0.2140817587298427,0.5112013853213224,0.8501748180883951,False
10430,4828023.0,-0.282403460238928,0.31441955382838843,0.752394282767073,False
10431,4828543.0,-0.0034361440267502014,0.9906924820097416,0.9974218176556843,False
10432,4828603.0,-0.34751424643024836,0.5345082355812043,0.8576105784226076,False
10433,4828789.0,0.3042141874632023,0.5191331217132857,0.8525582078680625,False
10434,4828827.0,0.03499141837294017,0.8195906666221896,0.9583442692387846,False
10435,4829274.0,-0.5283975361390721,0.01997041469365522,0.31006814852992776,False
10436,4829782.0,0.2767185921015891,0.04674054976667848,0.42379780469043915,False
10437,4829783.0,0.07666537914246291,0.8058543893207399,0.9551811963394444,False
10438,4829869.0,0.5139231640634432,0.022881747223891875,0.32375771529433595,False
10439,4829892.0,-0.032696830000654015,0.8291587079023891,0.9610023438745038,False
10440,4830664.0,0.3028626472411973,0.026351333377414004,0.34588921406663026,False
10441,4831330.0,-0.33855617832132645,0.39216206162896805,0.7987370337016471,False
10442,4831397.0,0.19445321088071751,0.1542150819587343,0.6142416843076545,False
10443,4831531.0,-0.15727819911387314,0.47526183939772326,0.8354729860580213,False
10444,4832691.0,0.08153929790884899,0.8168249230288008,0.9569953569703018,False
10445,4833105.0,0.24261956673632246,0.0997452808029279,0.5406484286433426,False
10446,4833372.0,0.3159694353586521,0.02627596920201529,0.34588921406663026,False
10447,4833579.0,-0.44529213399457124,0.05238554954502758,0.440368343361123,False
10448,4833598.0,-0.37864295939215126,0.34181157249511007,0.7689440757271279,False
10449,4834305.0,-0.09501667109780979,0.6812853207543899,0.9109820345884333,False
10450,4834573.0,-0.512807558605715,0.33629921384037303,0.7648934715606978,False
10451,4834817.0,0.03737020349803151,0.8248876979696973,0.9599947421761031,False
10452,4835125.0,0.2272272762947969,0.11611128293100544,0.5677423316288577,False
10453,4835338.0,-0.031467084800401904,0.851131369055667,0.965516878576577,False
10454,4835480.0,-0.03844752211883823,0.8184321676968742,0.9578524183665305,False
10455,4835738.0,-0.450837870842916,0.24795320172598265,0.7021998447001152,False
10456,4835817.0,-0.25062040175924283,0.19324743058445054,0.6590326292787341,False
10457,4835971.0,-0.27215975138490067,0.34377208452909297,0.7701245784948637,False
10458,4835985.0,0.459740392672313,0.2387091020127275,0.693758313881702,False
10459,4836131.0,-0.460207614493362,0.24914259413785794,0.7042602942155929,False
10460,4837338.0,-0.47941536042840466,0.21759729371155945,0.6770911517578009,False
10461,4837342.0,0.2583275965750215,0.0674347191276474,0.4753271922926055,False
10462,4837826.0,0.2634752109784961,0.06808858441480758,0.4768397314985396,False
10463,4837878.0,0.44821367490276215,0.31238326169169384,0.7508680924852384,False
10464,4837997.0,-0.08105707427492692,0.642597828468272,0.8987654097409585,False
10465,4839148.0,-0.014874483010583528,0.9537183790968335,0.9856895243522245,False
10466,4839550.0,-0.7701432349721243,0.15254702306680104,0.6135227622786681,False
10467,4840465.0,-0.10423660538073867,0.5416761442464761,0.8597029622364961,False
10468,4840665.0,0.22182232625935056,0.6693988016211178,0.9077811212642927,False
10469,4840668.0,0.361931592006511,0.2745187958340947,0.723979963260228,False
10470,4841309.0,-0.20204473663105715,0.7331238461857483,0.9325461360488421,False
10471,4842004.0,0.5596653236032678,0.4132063567834116,0.8081720725916998,False
10472,4842441.0,-0.030422472567226633,0.8492515142162037,0.9651890482210258,False
10473,4842541.0,0.23136865643652793,0.3627570259330282,0.7811564059655686,False
10474,4842793.0,0.16151106853314703,0.5176316523284112,0.8523183003093502,False
10475,4843188.0,-0.09698216819246533,0.4899448193674663,0.8411834771936298,False
10476,4843687.0,-0.35575387056539637,0.4950789582930914,0.8451143406622909,False
10477,4843924.0,0.10979346714779019,0.5962727827323341,0.8768004682415994,False
10478,4844414.0,0.06341019856449188,0.9295289916515661,0.980469186391243,False
10479,4844554.0,0.19746096794850815,0.4336144214151658,0.8185886164281087,False
10480,4845138.0,-0.49932514079676976,0.21700611317729815,0.6770911517578009,False
10481,4845538.0,-0.14614843285307894,0.43503073153815836,0.8194162985016191,False
10482,4846604.0,-0.12925697757773688,0.4852799493476559,0.8392088338647131,False
10483,4846779.0,-0.0656195004165018,0.7485464584858298,0.9361117074520717,False
10484,4847126.0,0.11571513326873709,0.6134576018514966,0.8846175297597576,False
10485,4847170.0,-0.4413194876583887,0.3212104884979697,0.7565659242875616,False
10486,4847339.0,-0.1096827682721298,0.770528144103937,0.9427899639382522,False
10487,4847644.0,0.15977614280857222,0.2975342731956332,0.739950180921741,False
10488,4848051.0,0.30749888931576297,0.48289286523782854,0.8375570922781171,False
10489,4848188.0,-0.12391564957146571,0.5724203682722895,0.8684576349724981,False
10490,4848374.0,0.9787242581485185,0.11996926223319566,0.5737187286540817,False
10491,4848518.0,-0.2992214606264937,0.3884009213836809,0.7961859055298405,False
10492,4848856.0,-0.13618539065552016,0.6773103875096956,0.9095122428699074,False
10493,4849158.0,-0.13192614635519137,0.5904726960453381,0.8748739533790227,False
10494,4849498.0,-0.3086331964967324,0.299483683882216,0.7418807742050102,False
10495,4850032.0,0.05401019195100942,0.8760091005308417,0.9712060858198638,False
10496,4850087.0,0.30724730160662034,0.23759056889715863,0.6934129767065279,False
10497,4850469.0,0.10463719918137068,0.5125492193277177,0.8509314036792185,False
10498,4850654.0,0.15216402193173906,0.5854262697251247,0.8728332922247775,False
10499,4851016.0,-0.23765767678396624,0.4623283871248498,0.8299525085907634,False
10500,4851377.0,0.12801273036641744,0.3607237253841395,0.7802768613894512,False
10501,4852123.0,0.07106386302392194,0.7889307214612291,0.950165647560373,False
10502,4852245.0,-0.16792535141497486,0.5519540704994073,0.8623130341197923,False
10503,4853497.0,-0.45445095147423453,0.2443389769691855,0.698341125592551,False
10504,4854477.0,-0.254674313856303,0.46225871336628416,0.8299525085907634,False
10505,4855233.0,0.16406085887948071,0.5564422945313352,0.8632529808686071,False
10506,4855633.0,0.05700779219901461,0.8697101864191784,0.9687799365357085,False
10507,4855945.0,-0.2717042581604428,0.4327631274837193,0.817265787897664,False
10508,4856237.0,-0.17839920404006968,0.38438606753594906,0.7951698993789893,False
10509,4856287.0,0.46586407273093033,0.2369624735080508,0.6934129767065279,False
10510,4856745.0,0.4931879160024635,0.06477754426344248,0.4678378196804179,False
10511,4856875.0,-0.2538547663245547,0.4632047683925186,0.8299525085907634,False
10512,4857213.0,0.34062446863919316,0.18803534073239012,0.651907896406929,False
10513,4857792.0,-0.23734477832357737,0.485802824944148,0.839442649938062,False
10514,4857814.0,-0.1328326432691229,0.5806490626570637,0.8714113392373765,False
10515,4858098.0,0.4485466184037167,0.27653358501489556,0.7259424583643751,False
10516,4858394.0,-0.1318842645560927,0.6942597411194569,0.9172129010340102,False
10517,4858399.0,-0.12215688851936124,0.6134068371073785,0.8846175297597576,False
10518,4859263.0,-0.6278308162455485,0.35480779165299425,0.7761545531572818,False
10519,4859307.0,0.24196467143845246,0.07769513705596369,0.4975916036547227,False
10520,4859498.0,-0.573610053293573,0.3330462276687786,0.761900274255973,False
10521,4859773.0,0.42715458774819304,0.10752980783425307,0.5513678020130678,False
10522,4860587.0,0.8134005832905864,0.2302666389060447,0.6884053125168826,False
10523,4860726.0,-0.1424471031067914,0.6707840052678036,0.9078238198617231,False
10524,4860784.0,-0.15065700216580025,0.5327195792331588,0.8573535950133384,False
10525,4861758.0,0.3496749340513635,0.2664345567324678,0.7169427648316654,False
10526,4862018.0,-0.19694433373453554,0.22637340076264628,0.685608792974602,False
10527,4862174.0,0.1842039551485562,0.4085179069497774,0.805972644709398,False
10528,4862259.0,0.36178279549029346,0.25098561197122404,0.7076490436227628,False
10529,4862273.0,0.04608173290027495,0.7474536969865768,0.9360625908745066,False
10530,4862614.0,-0.18420010848463822,0.5212176624227582,0.8535021643210187,False
10531,4863769.0,-0.22837097007077217,0.35435294353583296,0.7758171040906549,False
10532,4864241.0,0.15942189362204834,0.7454683389351174,0.9355679633159709,False
10533,4864496.0,-0.21715609199706637,0.18130360161988393,0.6437849511232712,False
10534,4864513.0,0.6849791887220158,0.3123216619733299,0.7508680924852384,False
10535,4864844.0,0.2097289404357493,0.19892985619933173,0.6637476568568643,False
10536,4864972.0,-0.09251722672608609,0.5137706802739902,0.8519831921888235,False
10537,4865111.0,0.6839123348976234,0.3130565428136134,0.7514880080145452,False
10538,4865299.0,-0.5422877268342885,0.4247279459323387,0.8133064069190015,False
10539,4865445.0,0.2125546297782237,0.1045903544795415,0.5482029444111168,False
10540,4866732.0,-0.18130606809456196,0.26807492024037277,0.7178463268124581,False
10541,4868199.0,0.08089835504942969,0.5417219726518231,0.8597029622364961,False
10542,4868579.0,-0.24098399890039135,0.1377714564857876,0.593337341151028,False
10543,4869321.0,0.08530598828435812,0.7165540365980778,0.9255347533641284,False
10544,4870215.0,0.05201072362322676,0.8259545037183368,0.9600317098043202,False
10545,4870407.0,0.33626580103423764,0.14340674491011002,0.6042964419745382,False
10546,4870468.0,-0.1067520364667108,0.6471516160107011,0.9006193322815591,False
10547,4870861.0,-0.12922020770670753,0.675956030746909,0.909321074121257,False
10548,4870875.0,-0.0537869311710267,0.7432591320442545,0.9348876817665703,False
10549,4871035.0,0.03416555252007028,0.889175985915596,0.9715554662941385,False
10550,4871114.0,-0.09486777598178087,0.5594476461294922,0.8647314541601966,False
10551,4871151.0,-0.5576505111233065,0.34687842265983243,0.7721133059052222,False
10552,4872124.0,-0.36155030265424526,0.3090338231360176,0.7495664647494701,False
10553,4872224.0,-0.4610687989877495,0.23731676239754812,0.6934129767065279,False
10554,4873134.0,-0.025636905161887047,0.918037239164437,0.9788129094519167,False
10555,4873172.0,-0.11234838192831678,0.4970342320988671,0.845791909301333,False
10556,4873351.0,0.0381631863833224,0.9329123093204382,0.9808384810332593,False
10557,4873422.0,0.1742899376462121,0.2230527786177655,0.680123008959507,False
10558,4873576.0,0.15300600008778387,0.29201969328447497,0.7359222604028512,False
10559,4873807.0,-0.7012813620841138,0.23518354943776268,0.6918475417742315,False
10560,4874862.0,-0.030397147486858768,0.8528863076034442,0.9657054455551027,False
10561,4874957.0,0.000328979285483727,0.9981984713869726,0.9989346738181605,False
10562,4875280.0,-0.003815404828346719,0.98378722944787,0.9943981178966002,False
10563,4875406.0,-0.048139098052100454,0.8504847833597367,0.9652877795242515,False
10564,4875834.0,0.548885061849025,0.042282899647555744,0.4098043532805514,False
10565,4876505.0,-0.6142478615651085,0.1241354093848092,0.5775839563310489,False
10566,4877292.0,0.05790658500539664,0.704837018291892,0.9209202977321242,False
10567,4877742.0,0.08826563499042134,0.5923123107452096,0.8751488560965182,False
10568,4877859.0,-0.0015655328812149635,0.992541492457075,0.9975037404519534,False
10569,4877916.0,-0.24024818120476837,0.2761358843739219,0.7259088781978396,False
10570,4877966.0,-0.03535711411991074,0.8904411329650656,0.9715554662941385,False
10571,4878238.0,-0.053993625202474284,0.7199695055402252,0.9272981706975729,False
10572,4878474.0,0.18677615631518166,0.4665811174075566,0.8318516335130318,False
10573,4878951.0,-0.007724031627122343,0.95863286465627,0.9873020343655967,False
10574,4878967.0,0.4561596511384949,0.35096949478396294,0.7739033942340068,False
10575,4879150.0,0.14179348748718695,0.6501262789535807,0.9009844315523516,False
10576,4879228.0,0.04734955171493558,0.774576368751848,0.9444037383804683,False
10577,4880350.0,0.3639135248227491,0.4273066129069643,0.8138995057211962,False
10578,4880667.0,0.07447010121458605,0.65565011011844,0.9042157216790326,False
10579,4880952.0,-0.122623261498337,0.463064453911562,0.8299525085907634,False
10580,4881537.0,0.18046142308669072,0.4811451503944971,0.8368579726858302,False
10581,4881914.0,0.18455437320140677,0.5546469673760756,0.8630424783768135,False
10582,4882865.0,0.08619919559371099,0.6035559443273444,0.879409365862191,False
10583,4883761.0,-0.46015653556632397,0.23816568143929834,0.6934202691606766,False
10584,4883813.0,-0.015161250548676286,0.9672518747251273,0.9890097693323666,False
10585,4883870.0,-0.20913336082654216,0.5395820353507335,0.8588858678675815,False
10586,4884088.0,0.06306765282473659,0.7036578179819752,0.9204696582752278,False
10587,4884199.0,-0.44432456247102825,0.3441558595735842,0.7703062150823901,False
10588,4884404.0,0.6924991523255282,0.30689254167960645,0.7487505601483324,False
10589,4884605.0,-0.055415199866921755,0.8648743027133203,0.9675879210193268,False
10590,4884948.0,0.6642547973662122,0.32723491860332127,0.759576575611863,False
10591,4885378.0,-0.878881781612252,0.1348137494833469,0.5913217812067733,False
10592,4885384.0,0.05868226196129529,0.7186169140955756,0.9267499743799983,False
10593,4885531.0,0.10724731406392443,0.49032949512590324,0.8411834771936298,False
10594,4885921.0,0.51455388467658,0.06140678812442738,0.45865039425263837,False
10595,4886083.0,-0.038207550688001635,0.7950271415676671,0.9515955035524342,False
10596,4886735.0,0.046056055081896086,0.8611899169131831,0.9674851365804226,False
10597,4886938.0,-0.033388285363447893,0.9536780148739256,0.9856895243522245,False
10598,4887730.0,0.09125860547670829,0.5401863154573371,0.8588858678675815,False
10599,4887782.0,0.04448537499200282,0.8648339782057718,0.9675879210193268,False
10600,4887834.0,-0.22728748535181,0.5042867226625647,0.847303147463841,False
10601,4887939.0,0.018023538788169535,0.9383643804516327,0.981968772581868,False
10602,4887980.0,-0.436847376536164,0.27777083623230403,0.7270462346020906,False
10603,4888374.0,-0.31941338120550955,0.589009263883479,0.8740527080594893,False
10604,4889060.0,-0.11396132260961958,0.7343207032315,0.9327853690121147,False
10605,4889579.0,0.449741155195513,0.1641123399697849,0.6250485696386469,False
10606,4889815.0,0.1663045950163537,0.278494541084799,0.7270462346020906,False
10607,4890137.0,0.01515722037248321,0.9461481445772288,0.9837584395963428,False
10608,4890271.0,-0.12082034299793327,0.4197402548026795,0.8112270250831294,False
10609,4890726.0,-0.41119360925279036,0.4201536436267041,0.8115245198519347,False
10610,4891850.0,0.03427056088659704,0.8121207395952317,0.9562991422300517,False
10611,4891897.0,-0.25203189148807903,0.5032793358128292,0.8465933751828044,False
10612,4892078.0,-0.23780812729719075,0.445169402716208,0.8232367525618602,False
10613,4892330.0,-0.6934472664622571,0.30662803229665453,0.748638616864639,False
10614,4892568.0,-0.030270185386775145,0.8532915444970168,0.9657054455551027,False
10615,4893508.0,-0.02205931015745055,0.9054196094067481,0.9765741420034114,False
10616,4894276.0,0.47001487558323346,0.08266092416596425,0.5105145199453318,False
10617,4894539.0,0.024320052677903888,0.8621058196593463,0.9674851365804226,False
10618,4894823.0,0.04876150430274177,0.7937058508930862,0.9515273481552983,False
10619,4895187.0,0.26560739949669,0.2915405848397086,0.7358825469356912,False
10620,4896059.0,0.1781991677035295,0.27584693327252024,0.7257194524171613,False
10621,4896067.0,0.2744030290975189,0.6240438738040034,0.8896815711292267,False
10622,4896372.0,0.6864570617434859,0.1206079330960376,0.5737187286540817,False
10623,4896732.0,0.7792423246010182,0.25038463563219404,0.7061380150136312,False
10624,4896968.0,-0.11929061617825021,0.6470994896271868,0.9006193322815591,False
10625,4897346.0,-0.2368640971545962,0.5372432379060652,0.858511186160994,False
10626,4897926.0,0.1930979266224493,0.23273731314015,0.6904588490122399,False
10627,4898615.0,0.36556825428459777,0.5391707763517485,0.8586808491353992,False
10628,4898656.0,-0.13350008503959648,0.40908325356472514,0.8063553145896297,False
10629,4900923.0,0.15581845973829206,0.6891290227280243,0.9144860075443404,False
10630,4901996.0,0.15223619820482537,0.27886501726482305,0.7274885273755478,False
10631,4902052.0,-0.14328164052904807,0.3153712442323611,0.752394282767073,False
10632,4902404.0,0.3263760905058126,0.4900501034227258,0.8411834771936298,False
10633,4902576.0,0.5302954450976863,0.3141240908609025,0.752394282767073,False
10634,4902584.0,0.17607911137342974,0.7006475933306434,0.9190920692524244,False
10635,4903292.0,0.09833824562341181,0.48164592706457315,0.8370583634783767,False
10636,4903452.0,0.07604464845598281,0.5920175127012274,0.8751488560965182,False
10637,4903466.0,0.21942987729422953,0.6191462771044252,0.886630031073568,False
10638,4903861.0,0.01527607892339391,0.9178024608764408,0.9788129094519167,False
10639,4904351.0,0.10734182508912263,0.5795686095859331,0.8711184238514683,False
10640,4904643.0,-0.2164103895472286,0.6068368433930341,0.8815864474078408,False
10641,4904752.0,-0.0654281745388447,0.6496231451959835,0.9009742780499534,False
10642,4904803.0,-0.11239490956776632,0.8261999641965921,0.9600568337246436,False
10643,4905727.0,-0.09005037233091104,0.5341297697093227,0.8576105784226076,False
10644,4905736.0,-0.08396752955558802,0.5622691108096594,0.8654893927735184,False
10645,4906159.0,-0.06962905339943799,0.8829005249922898,0.9715554662941385,False
10646,4907433.0,0.4890514804734716,0.31889347517553723,0.7543230928373189,False
10647,4907473.0,0.1818730624047582,0.7423765075147231,0.93454149631912,False
10648,4907516.0,0.26099215742113274,0.5747851322924755,0.8692161534783692,False
10649,4908230.0,0.6876262848595349,0.13033602877152434,0.587612131447742,False
10650,4908537.0,0.18357053068777557,0.688492511862892,0.9143811171008777,False
10651,4908924.0,-0.029017355400432328,0.8390742739199115,0.9634460491893265,False
10652,4909981.0,-0.24991172358305594,0.3823097564467557,0.793872464971652,False
10653,4910634.0,-0.6945746010473584,0.3058758155690601,0.748004564352301,False
10654,4910729.0,0.6946438457419846,0.03602347284067204,0.380384044441143,False
10655,4911498.0,-0.4410735637486809,0.273629092478085,0.7230388994278512,False
10656,4911750.0,-0.14676179454285776,0.47083017120622117,0.8335061780771449,False
10657,4913426.0,-0.33640255525645296,0.14727354577157942,0.6064697797232529,False
10658,4913643.0,-0.10823755470128552,0.5089550165317072,0.8492966548932642,False
10659,4913958.0,-0.1881974535152067,0.25714954028022363,0.7122316278740778,False
10660,4914817.0,-0.4207228722871891,0.1532136855705175,0.6136508535657775,False
10661,4915113.0,0.2960210822450241,0.5120666718780302,0.8507344623315075,False
10662,4915202.0,0.3724386766166335,0.46477768448158285,0.8304188564549431,False
10663,4916132.0,-0.15007779154206782,0.4522302459487595,0.8265632799753804,False
10664,4916256.0,0.3224397436942484,0.026024517219799412,0.34492812505607157,False
10665,4916397.0,0.13245227627938977,0.4175922836638488,0.8099428239619001,False
10666,4916856.0,-0.24008128404322338,0.2808930272049875,0.729892640392093,False
10667,4916915.0,0.607199639122976,0.34006764180103505,0.7674819099508989,False
10668,4917066.0,-0.23323863844171766,0.31855003807408855,0.7541680835974331,False
10669,4918996.0,-0.2122270610533885,0.5606156626709611,0.8649229025744979,False
10670,4919058.0,0.6428641657918581,0.05564386816997837,0.4459195218434067,False
10671,4919662.0,-0.06965014323041653,0.6565472558287241,0.9047058974448053,False
10672,4919751.0,-0.26020649481763025,0.48469108474488465,0.8389529020450338,False
10673,4919770.0,0.0782297202235295,0.6160920270802225,0.8848477049425529,False
10674,4920186.0,-0.1639592526016208,0.3572929708567508,0.7770817869465098,False
10675,4920441.0,0.5328912289347671,0.31660757538919215,0.752394282767073,False
10676,4920778.0,-0.08706808796405002,0.8900440898276072,0.9715554662941385,False
10677,4921274.0,-0.1485822543924478,0.4029647017211177,0.8041966912947733,False
10678,4921322.0,-0.13250263887021294,0.4627492213724371,0.8299525085907634,False
10679,4921419.0,0.6879932961104227,0.040927749275343914,0.4035156388590901,False
10680,4921564.0,-0.511954740400314,0.3157340732916761,0.752394282767073,False
10681,4921722.0,0.37194228510283406,0.03924326823522439,0.3965747996621961,False
10682,4922419.0,0.13522664453407346,0.44874981272245407,0.8252187498370773,False
10683,4922766.0,0.14025942744253594,0.4308813825092459,0.8167524849654676,False
10684,4922855.0,0.26230309733606044,0.07335475466015846,0.4916202179950721,False
10685,4922900.0,0.4669728909639325,0.18671562811977072,0.6502053726899437,False
10686,4923134.0,-0.13006955130315628,0.4673237664970875,0.8318516335130318,False
10687,4923433.0,-0.14679281981214193,0.37805133794138673,0.7924383259684544,False
10688,4923500.0,-0.13487389534847266,0.45006632535163665,0.8253416279483335,False
10689,4923757.0,-0.1320141425590192,0.4599895493915593,0.8294329831636837,False
10690,4923950.0,-0.12731343807734452,0.4405991756178146,0.8211086581010403,False
10691,4924144.0,-0.2842370304898472,0.10539702267228314,0.5492485266959355,False
10692,4924453.0,-0.05704462888478053,0.8265704131498163,0.9600579836677524,False
10693,4924614.0,-0.4175272867433663,0.15041841778365198,0.6090234707353757,False
10694,4925663.0,0.09354987515106064,0.5105623869536654,0.8495025613706374,False
10695,4925742.0,-0.309418481011476,0.6020029363460463,0.8783377205232169,False
10696,4926524.0,-0.17659886019777526,0.4350341896144478,0.8194162985016191,False
10697,4926646.0,-0.02413989475559508,0.8799469465347024,0.9715282642945458,False
10698,4926961.0,0.21620200578854462,0.6478021799265775,0.900882603263824,False
10699,4926985.0,-0.025562890956089074,0.8788283902309001,0.9713554807001752,False
10700,4927465.0,-0.4042818229662741,0.37955154626152865,0.7929237942010957,False
10701,4927518.0,-0.105658811686333,0.6809965402123269,0.9107080749051137,False
10702,4928191.0,-0.21488691609184085,0.5556731308965515,0.8630424783768135,False
10703,4928465.0,-0.01577728683794637,0.933524157030707,0.9808384810332593,False
10704,4928800.0,-0.7843151950929816,0.11930902591563844,0.5737187286540817,False
10705,4929237.0,0.2277652847577551,0.2153511299634003,0.676002622601767,False
10706,4929758.0,-0.3764266726452734,0.19063065497271267,0.6542282527963084,False
10707,4929760.0,-0.06409407900407185,0.7344974278124136,0.9327853690121147,False
10708,4929905.0,-0.02543200643877075,0.9091576081949112,0.9779070580418693,False
10709,4930495.0,0.11375780369526711,0.7857561430242311,0.9496014946677056,False
10710,4930844.0,-0.18239382747844557,0.403886345801812,0.8044501915434594,False
10711,4930861.0,0.15268493405248496,0.5968325029720162,0.8769374356177488,False
10712,4931074.0,0.17914210005121528,0.6956787110054671,0.9172196591263815,False
10713,4932560.0,-0.3266884633242658,0.5813109520229971,0.8714446049177784,False
10714,4934408.0,-0.6796025812141295,0.3164316257603341,0.752394282767073,False
10715,4934694.0,0.24668460854361923,0.1804471997562987,0.6419867019356599,False
10716,4935869.0,0.021445456306097593,0.9593117474988715,0.9873020343655967,False
10717,4936675.0,-0.4693844556010456,0.37643244433944184,0.7916020062577429,False
10718,4936769.0,0.08001226692108784,0.7756797694889639,0.94486993212324,False
10719,4936894.0,0.15065758318968367,0.7130551976284146,0.9243363015507711,False
10720,4937139.0,-0.316678134134545,0.09341877070912535,0.5290245029782557,False
10721,4937836.0,-0.08171783142535806,0.8500940648207987,0.9652877795242515,False
10722,4937877.0,-0.08532490848192464,0.7613608129827345,0.9405948348940966,False
10723,4938117.0,0.10460937085617966,0.8023809270611115,0.9542387816644899,False
10724,4938651.0,-0.10968496743112531,0.4174394922317016,0.8099428239619001,False
10725,4938829.0,-0.34993773393433975,0.6050926515953209,0.8802268589235855,False
10726,4939309.0,-0.1607057218698996,0.6950755687785216,0.9172129010340102,False
10727,4940020.0,1.0720279047012549,0.11337573579293983,0.5627314183961417,False
10728,4940261.0,0.34052943886119136,0.08920918216508783,0.5208992735599512,False
10729,4940571.0,-0.04240030440847615,0.9093819300779278,0.9779070580418693,False
10730,4941205.0,-0.10485375627557747,0.6065746562235304,0.8814295441824285,False
10731,4942116.0,0.19170683147133005,0.640167742995989,0.8982090134042133,False
10732,4942188.0,-0.14479951126429305,0.32482331501270423,0.7578479558547864,False
10733,4942385.0,0.10175701251234154,0.86353593076369,0.9675879210193268,False
10734,4943146.0,0.16868592157209258,0.680694115895049,0.9104407845839132,False
10735,4943366.0,0.40643048037690627,0.49232883858302245,0.8426725863794874,False
10736,4943489.0,0.14157938157403577,0.3839166668273833,0.7945501274377971,False
10737,4943645.0,0.19474140731347012,0.23044362714344008,0.6884053125168826,False
10738,4944732.0,0.33152099118737877,0.1350970075903084,0.5913217812067733,False
10739,4945174.0,0.15546577210054854,0.3340196627855796,0.7630015655592312,False
10740,4945226.0,0.25680611740034015,0.4520336300134853,0.8265632799753804,False
10741,4946066.0,-0.42260797094636293,0.21263308984355794,0.6737105050355578,False
10742,4946568.0,0.1917253389989088,0.6757752548801569,0.909321074121257,False
10743,4946743.0,-0.12056843244619311,0.5512807049597475,0.8623130341197923,False
10744,4946985.0,-0.032026017248010644,0.8165165191655024,0.9569953569703018,False
10745,4947337.0,0.04084317182471024,0.8996524618554788,0.9750103389437585,False
10746,4947624.0,0.08234399614811733,0.5810409459993781,0.8714446049177784,False
10747,4947674.0,-0.5173709998586644,0.12294169189643554,0.5759741327301717,False
10748,4948771.0,-0.1647032708069943,0.3058859752335204,0.748004564352301,False
10749,4949249.0,0.2712966586576796,0.5290734411834057,0.8555179806414225,False
10750,4951610.0,-0.07983075781771613,0.6339958972694774,0.8958230104726979,False
10751,4952436.0,-0.4846581689539782,0.1331783253504503,0.5913217812067733,False
10752,4952575.0,-0.10376400232411483,0.5384314164107016,0.858511186160994,False
10753,4952670.0,-0.17214912393151355,0.38746879251679617,0.7959829187679452,False
10754,4952910.0,-0.9466333638112752,0.08981146363397197,0.522578397046773,False
10755,4953100.0,0.7769604933438825,0.09811898623478518,0.5366092409772206,False
10756,4953392.0,-0.5966823978491224,0.12055495041681934,0.5737187286540817,False
10757,4953499.0,-0.4833940831758463,0.1494375302239981,0.6083247873752656,False
10758,4954277.0,0.218959541493052,0.5314050385490054,0.8572879931601436,False
10759,4956686.0,0.3492906579142602,0.4430384919404398,0.8225043321384427,False
10760,4957840.0,-0.22220226005133417,0.5657786063084888,0.8667602604228439,False
10761,4958026.0,0.07503363337081163,0.6618672628939384,0.9068263660380445,False
10762,4958050.0,0.09958389708240974,0.544420945029403,0.8604720268018781,False
10763,4958184.0,0.23990144738156483,0.5334419330542107,0.8576035569033383,False
10764,4958567.0,1.0820027289760483,0.11004758558986559,0.5563661606840268,False
10765,4958861.0,0.02134967910902255,0.8854342633893902,0.9715554662941385,False
10766,4959982.0,-0.1404578944402881,0.5562472912610158,0.8630785023061187,False
10767,4960163.0,0.013470539492047087,0.92236214463063,0.9798512045195563,False
10768,4960636.0,0.15267371684376987,0.6350436743983041,0.8961347598634278,False
10769,4960775.0,-0.5248311699443258,0.08698916256360331,0.5194262955034968,False
10770,4960843.0,-0.17786512092221918,0.7759666239670083,0.9449313106531159,False
10771,4961651.0,0.5837247638192997,0.025544787225704742,0.34148850410717363,False
10772,4962673.0,-0.14283943551992373,0.55014119738713,0.861556437479399,False
10773,4963000.0,-0.05748219688169755,0.9203161074696845,0.9792542104379494,False
10774,4963535.0,0.006754157875923112,0.9700304331366373,0.9902128268977735,False
10775,4964038.0,0.17945240012927455,0.572419018466011,0.8684576349724981,False
10776,4964231.0,-0.1428739576219944,0.33930791623975226,0.7672743434313809,False
10777,4965411.0,-0.050004310456438425,0.8857862971977281,0.9715554662941385,False
10778,4965635.0,-0.09988521893589353,0.6004475324001657,0.8781156191211636,False
10779,4965904.0,0.2591023944731117,0.4827159126759139,0.8375570922781171,False
10780,4966228.0,-0.5129627047384867,0.18227606038141747,0.6442290760177177,False
10781,4967042.0,0.7594344960154097,0.2294204833105114,0.6875571457431142,False
10782,4967046.0,0.062499923327302365,0.8842204549920155,0.9715554662941385,False
10783,4968389.0,0.6076514785139457,0.0418903694744695,0.40756744600374323,False
10784,4968537.0,1.4348500131564754,0.010080716266081691,0.24425485506320707,False
10785,4968805.0,0.3061253819974292,0.29576114779741064,0.7375344037079928,False
10786,4968922.0,-0.13582048795850293,0.36549696109590935,0.7830016800268593,False
10787,4969490.0,0.5630966220738759,0.05605510719033537,0.44708169621681887,False
10788,4969897.0,0.5092673630508837,0.08365468323780333,0.5146752241257033,False
10789,4970159.0,0.30960763522940093,0.19453311496764794,0.6600990818924096,False
10790,4970685.0,0.7249572742240273,0.030131542419037708,0.36163650120476953,False
10791,4970916.0,-0.30883199859450505,0.1008829616964643,0.5423895736578107,False
10792,4971071.0,-0.31315566291373265,0.18922122664154675,0.6530990191395835,False
10793,4971419.0,-0.345741745304497,0.1497414861231423,0.6083247873752656,False
10794,4971492.0,-0.017604002675775117,0.9467234941505871,0.9838550078187603,False
10795,4971509.0,0.38677895257455397,0.17851426118452027,0.6407977199596454,False
10796,4972030.0,0.39786983844746937,0.39454718677537637,0.7991807636586509,False
10797,4972376.0,0.07671469744734602,0.8581611391357571,0.9669817197107029,False
10798,4972440.0,-0.01863183827364682,0.9007925884371565,0.975226134949514,False
10799,4973078.0,0.006047979903539016,0.9679089461758414,0.9893268936665498,False
10800,4973895.0,0.36497997073513183,0.23964782720901867,0.6948711496078992,False
10801,4974287.0,0.03673683354333249,0.9567056373104048,0.9870755507649989,False
10802,4974446.0,0.06413346798229008,0.9244635274406485,0.9801769476819926,False
10803,4974883.0,0.08299973051024992,0.8590074744678444,0.9672718489584977,False
10804,4975141.0,0.06729403942078616,0.9207529462123779,0.9794956126161665,False
10805,4975902.0,0.3027323436266446,0.2062225222874672,0.6697153128306306,False
10806,4975987.0,-0.07033796920535139,0.8816636515552231,0.9715554662941385,False
10807,4976356.0,-0.3287001016204691,0.11856942148305419,0.5727133212603978,False
10808,4976656.0,-0.26880797587654504,0.17213082379723962,0.6334101947359447,False
10809,4976676.0,0.4278947363225558,0.02635671730929436,0.34588921406663026,False
10810,4977136.0,-0.549798821399631,0.009561682911365919,0.24216297347177232,False
10811,4977215.0,0.42542178467592806,0.027050290454085385,0.3488786074460197,False
10812,4977389.0,-0.7576003988603126,0.2626474461437696,0.7138920269220983,False
10813,4978011.0,-0.77467363756467,0.252034486056596,0.7084776483854288,False
10814,4978118.0,0.37020415655485334,0.20687531858333363,0.6697153128306306,False
10815,4978380.0,0.39070422611209255,0.04065266223305862,0.40338265821120434,False
10816,4978401.0,0.425639918591045,0.028910105254062422,0.3582410873662644,False
10817,4978506.0,-0.11960674931578381,0.4403209340391128,0.8211086581010403,False
10818,4978623.0,0.4623009539242742,0.015942833238354936,0.2846372611880639,False
10819,4978661.0,-0.4523544170773872,0.018481610011177693,0.3047254834889633,False
10820,4979018.0,0.35523000970089263,0.2308325000735479,0.6887445254881807,False
10821,4979274.0,0.21662807927938027,0.2611067706487845,0.7124465012781267,False
10822,4979542.0,0.7384717464914929,0.028955726341300444,0.358397274156005,False
10823,4979712.0,-0.2729802625167409,0.1621043770297205,0.6229694806320021,False
10824,4980294.0,-0.12773268950298983,0.7918956131419266,0.9514150539393013,False
10825,4980370.0,-0.21025891835126945,0.38055715728835826,0.7938024485713161,False
10826,4980372.0,-0.23554123499680452,0.33193081141437786,0.7618284082437468,False
10827,4980969.0,0.09071750124059688,0.5447743229709013,0.8604720268018781,False
10828,4981308.0,-0.1155669128493608,0.6008355805136841,0.8783313246582224,False
10829,4981412.0,0.18213315075791106,0.6780390744891573,0.9095943785400711,False
10830,4984319.0,-0.3641306040831746,0.0722105572245327,0.48825653084730625,False
10831,4984595.0,0.1598265896822675,0.5704149305061303,0.8683622515454004,False
10832,4984899.0,-0.3678081493608577,0.06973342381767246,0.4829242073280673,False
10833,4985727.0,-0.0943191986120823,0.5728059599705917,0.8684576349724981,False
10834,4986198.0,-0.4061061921733147,0.4673938642756661,0.8318516335130318,False
10835,4986218.0,0.37590961744928086,0.026114061608840174,0.34527178899386124,False
10836,4986654.0,0.5859507291804432,0.3493280682772271,0.7738855824304457,False
10837,4987047.0,-0.12766590636946148,0.4040085356550336,0.8044501915434594,False
10838,4989046.0,-0.1864022065712586,0.6296645444159142,0.8934651803444116,False
10839,4990420.0,0.6830473229865771,0.04396460946539262,0.41532943959633417,False
10840,4990561.0,0.3070961602013566,0.14958839462100346,0.6083247873752656,False
10841,4990714.0,-0.12352856389398353,0.5718713322927355,0.8684576349724981,False
10842,4990751.0,-0.5763668385959815,0.25841554958884044,0.7122316278740778,False
10843,4991134.0,-0.1190717979121444,0.5397872422957856,0.8588858678675815,False
10844,4992409.0,-0.5717961623591782,0.2623073022642232,0.7134416853114866,False
10845,4992582.0,-0.13037113516923346,0.4981867110517054,0.8463587634741259,False
10846,4994890.0,0.027892072619995954,0.8600672911898981,0.9673232388078283,False
10847,4994906.0,0.05177522561133971,0.7446434387405171,0.9355350047944941,False
10848,4997043.0,0.7268953905530707,0.07591538214389221,0.49315468173067023,False
10849,4997407.0,0.15129432518417107,0.3510931233093682,0.7739033942340068,False
10850,4998465.0,0.08033034927974542,0.8921281859852619,0.972099122552702,False
10851,4998750.0,0.09076809316192375,0.5558295685243946,0.8630424783768135,False
10852,4999187.0,-0.03452527236614991,0.8048669295791809,0.9551580322053141,False
10853,4999335.0,0.16698044932329575,0.2670917948856282,0.7174663285037104,False
10854,4999541.0,-0.12852396859873327,0.7906823515623366,0.9510546488491097,False
